Workbook

Sheet 期望
B1: 最小攻击 | C1: 最大攻击 | D1: 穿透 | E1: 伤害加成 | F1: 武学属性 | G1: 破竹 | H1: 怪物属性 | K1: 真气比列 | L1: 期望 | M1: 会心期望 | N1: 会意期望 | O1: 普通期望 | P1: 擦伤期望 | Q1: 次数 | R1: 技能 | S1: 增益1 | T1: 增益2 | U1: 增益3 | V1: 增益4 | W1: 增益5 | X1: 增益6 | Y1: 增益7 | Z1: 增益8 | AA1: 增益9 | AB1: 增益10 | AC1: 增益11 | AD1: 增益12 | AE1: 增益13 | AF1: 增益14 | AG1: 增益15 | AH1: 增益16 | AI1: 增益17 | AJ1: 增益18 | AK1: 增益19 | AL1: 增益20 | AM1: 类型 | AN1: 外功倍率 | AO1: 外攻固伤 | AP1: 属性倍率 | AQ1: 属性固伤 | AR1: 通用增伤 | AS1: 外攻加成 | AT1: 即时小外 | AU1: 即时大外 | AV1: 外穿加成 | AW1: 外伤加成 | AX1: 属攻加成 | AY1: 即时小鸣 | AZ1: 即时大鸣 | BA1: 鸣金穿透 | BB1: 鸣金加成 | BC1: 即时小裂 | BD1: 即时大裂 | BE1: 裂石穿透 | BF1: 裂石加成 | BG1: 即时小牵 | BH1: 即时大牵 | BI1: 牵丝穿透 | BJ1: 牵丝加成 | BK1: 即时小破 | BL1: 即时大破 | BM1: 破竹穿透 | BN1: 破竹加成 | BO1: 生效精准 | BP1: 生效会心 | BQ1: 生效会心伤害 | BR1: 生效会意 | BS1: 生效会意伤害 | BT1: 会心占比 | BU1: 普攻占比 | BV1: 擦伤占比 | BW1: 特殊增伤 | BX1: 结算增伤
A2: 外功 | B2: 4512 | C2: 3417.6 | D2: 58.7 | E2: =IF($E$22="燕别云岫",2.5%,0) -> 0.025 | F2: 套装 | G2: 倾觞 | H2: 防御 | I2: =687*(1-IF(F17="√",0.06,0)-IF(D20="√",0.04,0)) -> 618.3 | K2: =$L2*VLOOKUP($R2,武学奇术!$A:$ZZ,31,FALSE) -> 25803.675 | L2: =($M2*$BT2+$N2*$BR2+$O2*$BU2+$P2*$BV2) -> 25803.675 | M2: =((($AT2+($AU2-$AT2)*IF(VLOOKUP($R2,武学奇术!$A:$ZZ,31,FALSE)=1,$F$18,0.5))*$AN2+$AO2)*(1+$AV2)*(1+$AW2)+(($AY2+($AZ2-$AY2)*IF(VLOOKUP($R2,武学奇术!$A:$ZZ,31,FALSE)=1,$F$18,0.5))*IF($G$1="鸣金",$AP2,$AN2)+IF($G$1="鸣金",$AQ2*1.5,0))*(1+$BA2)*(1+$BB2)+(($BC2+($BD2-$BC2)*IF(VLOOKUP($R2,武学奇术!$A:$ZZ,31,FALSE)=1,$F$18,0.5))*IF($G$1="裂石",$AP2,$AN2)+IF($G$1="裂石",$AQ2*1.5,0))*(1+$BE2)*(1+$BF2)+(($BG2+($BH2-$BG2)*IF(VLOOKUP($R2,武学奇术!$A:$ZZ,31,FALSE)=1,$F$18,0.5))*IF($G$1="牵丝",$AP2,$AN2)+IF($G$1="牵丝",$AQ2*1.5,0))*(1+$BI2)*(1+$BJ2)+(($BK2+($BL2-$BK2)*IF(VLOOKUP($R2,武学奇术!$A:$ZZ,31,FALSE)=1,$F$18,0.5))*IF($G$1="破竹",$AP2,$AN2)+IF($G$1="破竹",$AQ2*1.5,0))*(1+$BM2)*(1+$BN2))*(1+$AR2)*$BQ2*$Q2*(1+IF(VLOOKUP($R2,武学奇术!$A:$ZZ,30,FALSE)="酩酊技",$B$21,0))*(1+$BW2) -> 26315.145 | N2: =(($AU2*$AN2+$AO2)*(1+$AV2)*(1+$AW2)+($AZ2*IF($G$1="鸣金",$AP2,$AN2)+IF($G$1="鸣金",$AQ2*1.5,0))*(1+$BA2)*(1+$BB2)+($BD2*IF($G$1="裂石",$AP2,$AN2)+IF($G$1="裂石",$AQ2*1.5,0))*(1+$BE2)*(1+$BF2)+($BH2*IF($G$1="牵丝",$AP2,$AN2)+IF($G$1="牵丝",$AQ2*1.5,0))*(1+$BI2)*(1+$BJ2)+($BL2*IF($G$1="破竹",$AP2,$AN2)+IF($G$1="破竹",$AQ2*1.5,0))*(1+$BM2)*(1+$BN2))*(1+$AR2)*$BS2*$Q2*(1+IF(VLOOKUP($R2,武学奇术!$A:$ZZ,30,FALSE)="酩酊技",$B$21,0))*(1+$BW2) -> 25542.606 | O2: =((($AT2+($AU2-$AT2)*IF(VLOOKUP($R2,武学奇术!$A:$ZZ,31,FALSE)=1,$F$18,0.5))*$AN2+$AO2)*(1+$AV2)*(1+$AW2)+(($AY2+($AZ2-$AY2)*IF(VLOOKUP($R2,武学奇术!$A:$ZZ,31,FALSE)=1,$F$18,0.5))*IF($G$1="鸣金",$AP2,$AN2)+IF($G$1="鸣金",$AQ2*1.5,0))*(1+$BA2)*(1+$BB2)+(($BC2+($BD2-$BC2)*IF(VLOOKUP($R2,武学奇术!$A:$ZZ,31,FALSE)=1,$F$18,0.5))*IF($G$1="裂石",$AP2,$AN2)+IF($G$1="裂石",$AQ2*1.5,0))*(1+$BE2)*(1+$BF2)+(($BG2+($BH2-$BG2)*IF(VLOOKUP($R2,武学奇术!$A:$ZZ,31,FALSE)=1,$F$18,0.5))*IF($G$1="牵丝",$AP2,$AN2)+IF($G$1="牵丝",$AQ2*1.5,0))*(1+$BI2)*(1+$BJ2)+(($BK2+($BL2-$BK2)*IF(VLOOKUP($R2,武学奇术!$A:$ZZ,31,FALSE)=1,$F$18,0.5))*IF($G$1="破竹",$AP2,$AN2)+IF($G$1="破竹",$AQ2*1.5,0))*(1+$BM2)*(1+$BN2))*(1+$AR2)*$Q2*(1+IF(VLOOKUP($R2,武学奇术!$A:$ZZ,30,FALSE)="酩酊技",$B$21,0))*(1+$BW2) -> 16977.513 | P2: =((($AT2*$AN2+$AO2)*(1+$AV2)*(1+$AW2)+($AY2*IF($G$1="鸣金",$AP2,$AN2)+IF($G$1="鸣金",$AQ2*1.5,0))*(1+$BA2)*(1+$BB2)+($BC2*IF($G$1="裂石",$AP2,$AN2)+IF($G$1="裂石",$AQ2*1.5,0))*(1+$BE2)*(1+$BF2)+($BG2*IF($G$1="牵丝",$AP2,$AN2)+IF($G$1="牵丝",$AQ2*1.5,0))*(1+$BI2)*(1+$BJ2)+($BK2*IF($G$1="破竹",$AP2,$AN2)+IF($G$1="破竹",$AQ2*1.5,0))*(1+$BM2)*(1+$BN2))*(1+$AR2))*$Q2*(1+IF(VLOOKUP($R2,武学奇术!$A:$ZZ,30,FALSE)="酩酊技",$B$21,0))*(1+$BW2) -> 15034.577 | Q2: 1 | R2: 萧呤千浪流星 | S2: 易水歌1层 | T2: 沧海帖1层 | U2: N/a | V2: N/a | W2: N/a | X2: 近战笛 | Y2: N/a | Z2: N/a | AA2: N/a | AB2: 燕别(0%) | AC2: N/a | AD2: N/a | AE2: 裁云(拐) | AF2: 无惧 | AG2: N/a | AH2: N/a | AI2: N/a | AJ2: N/a | AK2: N/a | AL2: N/a | AM2: =VLOOKUP($R2,武学奇术!$A:$ZZ,25,FALSE) -> 群体奇术 | AN2: =VLOOKUP($R2,武学奇术!$A:$ZZ,26,FALSE) -> 1.4904 | AO2: =VLOOKUP($R2,武学奇术!$A:$ZZ,27,FALSE)*(1+IF(OR($AM2=$F$4,$AM2=$F$5),$B$22,0)) -> 378 | AP2: =VLOOKUP($R2,武学奇术!$A:$ZZ,28,FALSE) -> 2.2356 | AQ2: =VLOOKUP($R2,武学奇术!$A:$ZZ,29,FALSE)*(1+IF(OR($AM2=$F$4,$AM2=$F$5),$B$22,0)) -> 0 | AR2: {=$G$3+IFERROR(VLOOKUP($AM2,$F$4:$G$7,2,FALSE),0)+VLOOKUP($R2,武学奇术!$A:$ZZ,2,FALSE)+SUM(_xlfn.XLOOKUP($S2:$AL2,增益!$A:$A,增益!$B:$B,0))} -> 0.2142 | AS2: {=VLOOKUP($R2,武学奇术!$A:$ZZ,5,FALSE)+SUM(_xlfn.XLOOKUP($S2:$AL2,增益!$A:$A,增益!$E:$E,0))} -> 0 | AT2: {=$D$10*(1+$AS2)+VLOOKUP($R2,武学奇术!$A:$ZZ,3,FALSE)+SUM(_xlfn.XLOOKUP($S2:$AL2,增益!$A:$A,增益!$C:$C,0))-$I$2} -> 4371.3 | AU2: {=$E$10*(1+$AS2)+VLOOKUP($R2,武学奇术!$A:$ZZ,4,FALSE)+SUM(_xlfn.XLOOKUP($S2:$AL2,增益!$A:$A,增益!$D:$D,0))-$I$2} -> 4371.3 | AV2: {=IF($F$10-$I$3+VLOOKUP($R2,武学奇术!$A:$ZZ,6,FALSE)+SUM(_xlfn.XLOOKUP($S2:$AL2,增益!$A:$A,增益!$F:$F,0))>0,($F$10-$I$3+VLOOKUP($R2,武学奇术!$A:$ZZ,6,FALSE)+SUM(_xlfn.XLOOKUP($S2:$AL2,增益!$A:$A,增益!$F:$F,0)))/200,($F$10-$I$3+VLOOKUP($R2,武学奇术!$A:$ZZ,6,FALSE)+SUM(_xlfn.XLOOKUP($S2:$AL2,增益!$A:$A,增益!$F:$F,0)))/100)} -> 0.3285 | AW2: {=$G$10+VLOOKUP($R2,武学奇术!$A:$ZZ,7,FALSE)+SUM(_xlfn.XLOOKUP($S2:$AL2,增益!$A:$A,增益!$G:$G,0))} -> 0.025 | AX2: {=VLOOKUP($R2,武学奇术!$A:$ZZ,8,FALSE)+SUM(_xlfn.XLOOKUP($S2:$AL2,增益!$A:$A,增益!$H:$H,0))} -> 0 | AY2: =$D$11*(1+$AX2) -> 0 | AZ2: =$E$11*(1+$AX2) -> 0 | BA2: {=IF($F$11-$I$4+VLOOKUP($R2,武学奇术!$A:$ZZ,9,FALSE)+SUM(_xlfn.XLOOKUP($S2:$AL2,增益!$A:$A,增益!$I:$I,0))>0,($F$11-$I$4+VLOOKUP($R2,武学奇术!$A:$ZZ,9,FALSE)+SUM(_xlfn.XLOOKUP($S2:$AL2,增益!$A:$A,增益!$I:$I,0)))/200,($F$11-$I$4+VLOOKUP($R2,武学奇术!$A:$ZZ,9,FALSE)+SUM(_xlfn.XLOOKUP($S2:$AL2,增益!$A:$A,增益!$I:$I,0)))/100)} -> -0.18 | BB2: {=$G$11+VLOOKUP($R2,武学奇术!$A:$ZZ,10,FALSE)+SUM(_xlfn.XLOOKUP($S2:$AL2,增益!$A:$A,增益!$J:$J,0))} -> 0 | BC2: =$D$12*(1+$AX2) -> 0 | BD2: =$E$12*(1+$AX2) -> 0 | BE2: {=IF($F$12-$I$4+VLOOKUP($R2,武学奇术!$A:$ZZ,11,FALSE)+SUM(_xlfn.XLOOKUP($S2:$AL2,增益!$A:$A,增益!$K:$K,0))>0,($F$12-$I$4+VLOOKUP($R2,武学奇术!$A:$ZZ,11,FALSE)+SUM(_xlfn.XLOOKUP($S2:$AL2,增益!$A:$A,增益!$K:$K,0)))/200,($F$12-$I$4+VLOOKUP($R2,武学奇术!$A:$ZZ,11,FALSE)+SUM(_xlfn.XLOOKUP($S2:$AL2,增益!$A:$A,增益!$K:$K,0)))/100)} -> -0.18 | BF2: {=$G$12+VLOOKUP($R2,武学奇术!$A:$ZZ,12,FALSE)+SUM(_xlfn.XLOOKUP($S2:$AL2,增益!$A:$A,增益!$L:$L,0))} -> 0 | BG2: =$D$13*(1+$AX2) -> 0 | BH2: =$E$13*(1+$AX2) -> 0 | BI2: {=IF($F$13-$I$4+VLOOKUP($R2,武学奇术!$A:$ZZ,13,FALSE)+SUM(_xlfn.XLOOKUP($S2:$AL2,增益!$A:$A,增益!$M:$M,0))>0,($F$13-$I$4+VLOOKUP($R2,武学奇术!$A:$ZZ,13,FALSE)+SUM(_xlfn.XLOOKUP($S2:$AL2,增益!$A:$A,增益!$K:$K,0)))/200,($F$13-$I$4+VLOOKUP($R2,武学奇术!$A:$ZZ,13,FALSE)+SUM(_xlfn.XLOOKUP($S2:$AL2,增益!$A:$A,增益!$M:$M,0)))/100)} -> -0.18 | BJ2: {=$G$13+VLOOKUP($R2,武学奇术!$A:$ZZ,14,FALSE)+SUM(_xlfn.XLOOKUP($S2:$AL2,增益!$A:$A,增益!$N:$N,0))} -> 0 | BK2: =$D$14*(1+$AX2) -> 649.11 | BL2: =$E$14*(1+$AX2) -> 1707.09 | BM2: {=IF($F$14-$I$4+VLOOKUP($R2,武学奇术!$A:$ZZ,15,FALSE)+SUM(_xlfn.XLOOKUP($S2:$AL2,增益!$A:$A,增益!$O:$O,0))>0,($F$14-$I$4+VLOOKUP($R2,武学奇术!$A:$ZZ,15,FALSE)+SUM(_xlfn.XLOOKUP($S2:$AL2,增益!$A:$A,增益!$O:$O,0)))/200,($F$14-$I$4+VLOOKUP($R2,武学奇术!$A:$ZZ,15,FALSE)+SUM(_xlfn.XLOOKUP($S2:$AL2,增益!$A:$A,增益!$O:$O,0)))/100)} -> 0.06 | BN2: {=$G$14+VLOOKUP($R2,武学奇术!$A:$ZZ,16,FALSE)+SUM(_xlfn.XLOOKUP($S2:$AL2,增益!$A:$A,增益!$P:$P,0))} -> 0.15 | BO2: =MIN(IF(VLOOKUP($R2,武学奇术!$A:$ZZ,23,FALSE)=1,100%,$B$8),100%) -> 0.9771 | BP2: {=IF(VLOOKUP($R2,武学奇术!$A:$ZZ,23,FALSE)=1,100%,MIN(80%,$B$9+VLOOKUP($R2,武学奇术!$A:$ZZ,17,FALSE)+SUM(_xlfn.XLOOKUP($S2:$AL2,增益!$A:$A,增益!$Q:$Q,0)))+$B$11+SUM(_xlfn.XLOOKUP($S2:$AL2,增益!$A:$A,增益!$U:$U,0)))*IF(VLOOKUP($R2,武学奇术!$A:$ZZ,24,FALSE)=1,0,1)+MIN(IF(VLOOKUP($R2,武学奇术!$A:$ZZ,32,FALSE)=1,IF(VLOOKUP($R2,武学奇术!$A:$ZZ,24,FALSE)=1,100%,MIN(40%,$B$10+VLOOKUP($R2,武学奇术!$A:$ZZ,19,FALSE)+SUM(_xlfn.XLOOKUP($S2:$AL2,增益!$A:$A,增益!$S:$S,0)))+$B$12+SUM(_xlfn.XLOOKUP($S2:$AL2,增益!$A:$A,增益!$V:$V,0))),0),12%)} -> 0.8861 | BQ2: {=1+$B$13+VLOOKUP($R2,武学奇术!$A:$ZZ,18,FALSE)+SUM(_xlfn.XLOOKUP($S2:$AL2,增益!$A:$A,增益!$R:$R,0))} -> 1.55 | BR2: {=MAX(IF(VLOOKUP($R2,武学奇术!$A:$ZZ,24,FALSE)=1,100%,MIN(40%,$B$10+VLOOKUP($R2,武学奇术!$A:$ZZ,19,FALSE)+SUM(_xlfn.XLOOKUP($S2:$AL2,增益!$A:$A,增益!$S:$S,0)))+$B$12+SUM(_xlfn.XLOOKUP($S2:$AL2,增益!$A:$A,增益!$V:$V,0)))*IF(VLOOKUP($R2,武学奇术!$A:$ZZ,23,FALSE)=1,0,1)-IF(VLOOKUP($R2,武学奇术!$A:$ZZ,32,FALSE)=1,12%,0),0)} -> 0.0913 | BS2: {=1+$B$14+VLOOKUP($R2,武学奇术!$A:$ZZ,20,FALSE)+SUM(_xlfn.XLOOKUP($S2:$AL2,增益!$A:$A,增益!$T:$T,0))} -> 1.35 | BT2: =MIN((1-BR2)*BO2,BO2*BP2) -> 0.86580831 | BU2: =1-BR2-BT2-BV2 -> 0.02208246 | BV2: =IF(VLOOKUP($R2,武学奇术!$A:$ZZ,22,FALSE)=1,0,(1-$BO2))*(1-$BR2) -> 0.02080923 | BW2: {=SUM(_xlfn.XLOOKUP($S2:$AL2,增益!$A:$A,增益!$W:$W,0))+$I$5} -> 0.11 | BX2: {=SUM(_xlfn.XLOOKUP($S2:$AL2,增益!$A:$A,增益!$X:$X,0))} -> 0
A3: 鸣金 | F3: 通用增伤 | G3: =B16+1.5%+IF($D$16="√",8%,0)+IF($E$22="征人归",8%,0) -> 0.1842 | H3: 外抗 | I3: =25-IF(D17="√",8,0)-IF(F17="√",10,0) -> 7 | K3: =$L3*VLOOKUP($R3,武学奇术!$A:$ZZ,31,FALSE) -> 30456.349 | L3: =($M3*$BT3+$N3*$BR3+$O3*$BU3+$P3*$BV3) -> 30456.349 | M3: =((($AT3+($AU3-$AT3)*IF(VLOOKUP($R3,武学奇术!$A:$ZZ,31,FALSE)=1,$F$18,0.5))*$AN3+$AO3)*(1+$AV3)*(1+$AW3)+(($AY3+($AZ3-$AY3)*IF(VLOOKUP($R3,武学奇术!$A:$ZZ,31,FALSE)=1,$F$18,0.5))*IF($G$1="鸣金",$AP3,$AN3)+IF($G$1="鸣金",$AQ3*1.5,0))*(1+$BA3)*(1+$BB3)+(($BC3+($BD3-$BC3)*IF(VLOOKUP($R3,武学奇术!$A:$ZZ,31,FALSE)=1,$F$18,0.5))*IF($G$1="裂石",$AP3,$AN3)+IF($G$1="裂石",$AQ3*1.5,0))*(1+$BE3)*(1+$BF3)+(($BG3+($BH3-$BG3)*IF(VLOOKUP($R3,武学奇术!$A:$ZZ,31,FALSE)=1,$F$18,0.5))*IF($G$1="牵丝",$AP3,$AN3)+IF($G$1="牵丝",$AQ3*1.5,0))*(1+$BI3)*(1+$BJ3)+(($BK3+($BL3-$BK3)*IF(VLOOKUP($R3,武学奇术!$A:$ZZ,31,FALSE)=1,$F$18,0.5))*IF($G$1="破竹",$AP3,$AN3)+IF($G$1="破竹",$AQ3*1.5,0))*(1+$BM3)*(1+$BN3))*(1+$AR3)*$BQ3*$Q3*(1+IF(VLOOKUP($R3,武学奇术!$A:$ZZ,30,FALSE)="酩酊技",$B$21,0))*(1+$BW3) -> 31186.498 | N3: =(($AU3*$AN3+$AO3)*(1+$AV3)*(1+$AW3)+($AZ3*IF($G$1="鸣金",$AP3,$AN3)+IF($G$1="鸣金",$AQ3*1.5,0))*(1+$BA3)*(1+$BB3)+($BD3*IF($G$1="裂石",$AP3,$AN3)+IF($G$1="裂石",$AQ3*1.5,0))*(1+$BE3)*(1+$BF3)+($BH3*IF($G$1="牵丝",$AP3,$AN3)+IF($G$1="牵丝",$AQ3*1.5,0))*(1+$BI3)*(1+$BJ3)+($BL3*IF($G$1="破竹",$AP3,$AN3)+IF($G$1="破竹",$AQ3*1.5,0))*(1+$BM3)*(1+$BN3))*(1+$AR3)*$BS3*$Q3*(1+IF(VLOOKUP($R3,武学奇术!$A:$ZZ,30,FALSE)="酩酊技",$B$21,0))*(1+$BW3) -> 29266.375 | O3: =((($AT3+($AU3-$AT3)*IF(VLOOKUP($R3,武学奇术!$A:$ZZ,31,FALSE)=1,$F$18,0.5))*$AN3+$AO3)*(1+$AV3)*(1+$AW3)+(($AY3+($AZ3-$AY3)*IF(VLOOKUP($R3,武学奇术!$A:$ZZ,31,FALSE)=1,$F$18,0.5))*IF($G$1="鸣金",$AP3,$AN3)+IF($G$1="鸣金",$AQ3*1.5,0))*(1+$BA3)*(1+$BB3)+(($BC3+($BD3-$BC3)*IF(VLOOKUP($R3,武学奇术!$A:$ZZ,31,FALSE)=1,$F$18,0.5))*IF($G$1="裂石",$AP3,$AN3)+IF($G$1="裂石",$AQ3*1.5,0))*(1+$BE3)*(1+$BF3)+(($BG3+($BH3-$BG3)*IF(VLOOKUP($R3,武学奇术!$A:$ZZ,31,FALSE)=1,$F$18,0.5))*IF($G$1="牵丝",$AP3,$AN3)+IF($G$1="牵丝",$AQ3*1.5,0))*(1+$BI3)*(1+$BJ3)+(($BK3+($BL3-$BK3)*IF(VLOOKUP($R3,武学奇术!$A:$ZZ,31,FALSE)=1,$F$18,0.5))*IF($G$1="破竹",$AP3,$AN3)+IF($G$1="破竹",$AQ3*1.5,0))*(1+$BM3)*(1+$BN3))*(1+$AR3)*$Q3*(1+IF(VLOOKUP($R3,武学奇术!$A:$ZZ,30,FALSE)="酩酊技",$B$21,0))*(1+$BW3) -> 19370.496 | P3: =((($AT3*$AN3+$AO3)*(1+$AV3)*(1+$AW3)+($AY3*IF($G$1="鸣金",$AP3,$AN3)+IF($G$1="鸣金",$AQ3*1.5,0))*(1+$BA3)*(1+$BB3)+($BC3*IF($G$1="裂石",$AP3,$AN3)+IF($G$1="裂石",$AQ3*1.5,0))*(1+$BE3)*(1+$BF3)+($BG3*IF($G$1="牵丝",$AP3,$AN3)+IF($G$1="牵丝",$AQ3*1.5,0))*(1+$BI3)*(1+$BJ3)+($BK3*IF($G$1="破竹",$AP3,$AN3)+IF($G$1="破竹",$AQ3*1.5,0))*(1+$BM3)*(1+$BN3))*(1+$AR3))*$Q3*(1+IF(VLOOKUP($R3,武学奇术!$A:$ZZ,30,FALSE)="酩酊技",$B$21,0))*(1+$BW3) -> 17062.196 | Q3: 1 | R3: 萧呤千浪流星 | S3: 易水歌2层 | T3: 沧海帖2层 | U3: 离猎 | V3: 浅醉 | W3: 醉意增伤 | X3: 近战笛 | Y3: 惧刃(拐) | Z3: N/a | AA3: N/a | AB3: 燕别(0%) | AC3: 扶风(拐) | AD3: N/a | AE3: 裁云(拐) | AF3: 无惧 | AG3: N/a | AH3: N/a | AI3: N/a | AJ3: N/a | AK3: N/a | AL3: N/a | AM3: =VLOOKUP($R3,武学奇术!$A:$ZZ,25,FALSE) -> 群体奇术 | AN3: =VLOOKUP($R3,武学奇术!$A:$ZZ,26,FALSE) -> 1.4904 | AO3: =VLOOKUP($R3,武学奇术!$A:$ZZ,27,FALSE)*(1+IF(OR($AM3=$F$4,$AM3=$F$5),$B$22,0)) -> 378 | AP3: =VLOOKUP($R3,武学奇术!$A:$ZZ,28,FALSE) -> 2.2356 | AQ3: =VLOOKUP($R3,武学奇术!$A:$ZZ,29,FALSE)*(1+IF(OR($AM3=$F$4,$AM3=$F$5),$B$22,0)) -> 0 | AR3: {=$G$3+IFERROR(VLOOKUP($AM3,$F$4:$G$7,2,FALSE),0)+VLOOKUP($R3,武学奇术!$A:$ZZ,2,FALSE)+SUM(_xlfn.XLOOKUP($S3:$AL3,增益!$A:$A,增益!$B:$B,0))} -> 0.2242 | AS3: {=VLOOKUP($R3,武学奇术!$A:$ZZ,5,FALSE)+SUM(_xlfn.XLOOKUP($S3:$AL3,增益!$A:$A,增益!$E:$E,0))} -> 0 | AT3: {=$D$10*(1+$AS3)+VLOOKUP($R3,武学奇术!$A:$ZZ,3,FALSE)+SUM(_xlfn.XLOOKUP($S3:$AL3,增益!$A:$A,增益!$C:$C,0))-$I$2} -> 4371.3 | AU3: {=$E$10*(1+$AS3)+VLOOKUP($R3,武学奇术!$A:$ZZ,4,FALSE)+SUM(_xlfn.XLOOKUP($S3:$AL3,增益!$A:$A,增益!$D:$D,0))-$I$2} -> 4371.3 | AV3: {=IF($F$10-$I$3+VLOOKUP($R3,武学奇术!$A:$ZZ,6,FALSE)+SUM(_xlfn.XLOOKUP($S3:$AL3,增益!$A:$A,增益!$F:$F,0))>0,($F$10-$I$3+VLOOKUP($R3,武学奇术!$A:$ZZ,6,FALSE)+SUM(_xlfn.XLOOKUP($S3:$AL3,增益!$A:$A,增益!$F:$F,0)))/200,($F$10-$I$3+VLOOKUP($R3,武学奇术!$A:$ZZ,6,FALSE)+SUM(_xlfn.XLOOKUP($S3:$AL3,增益!$A:$A,增益!$F:$F,0)))/100)} -> 0.3385 | AW3: {=$G$10+VLOOKUP($R3,武学奇术!$A:$ZZ,7,FALSE)+SUM(_xlfn.XLOOKUP($S3:$AL3,增益!$A:$A,增益!$G:$G,0))} -> 0.135 | AX3: {=VLOOKUP($R3,武学奇术!$A:$ZZ,8,FALSE)+SUM(_xlfn.XLOOKUP($S3:$AL3,增益!$A:$A,增益!$H:$H,0))} -> 0 | AY3: =$D$11*(1+$AX3) -> 0 | AZ3: =$E$11*(1+$AX3) -> 0 | BA3: {=IF($F$11-$I$4+VLOOKUP($R3,武学奇术!$A:$ZZ,9,FALSE)+SUM(_xlfn.XLOOKUP($S3:$AL3,增益!$A:$A,增益!$I:$I,0))>0,($F$11-$I$4+VLOOKUP($R3,武学奇术!$A:$ZZ,9,FALSE)+SUM(_xlfn.XLOOKUP($S3:$AL3,增益!$A:$A,增益!$I:$I,0)))/200,($F$11-$I$4+VLOOKUP($R3,武学奇术!$A:$ZZ,9,FALSE)+SUM(_xlfn.XLOOKUP($S3:$AL3,增益!$A:$A,增益!$I:$I,0)))/100)} -> -0.02 | BB3: {=$G$11+VLOOKUP($R3,武学奇术!$A:$ZZ,10,FALSE)+SUM(_xlfn.XLOOKUP($S3:$AL3,增益!$A:$A,增益!$J:$J,0))} -> 0.02 | BC3: =$D$12*(1+$AX3) -> 0 | BD3: =$E$12*(1+$AX3) -> 0 | BE3: {=IF($F$12-$I$4+VLOOKUP($R3,武学奇术!$A:$ZZ,11,FALSE)+SUM(_xlfn.XLOOKUP($S3:$AL3,增益!$A:$A,增益!$K:$K,0))>0,($F$12-$I$4+VLOOKUP($R3,武学奇术!$A:$ZZ,11,FALSE)+SUM(_xlfn.XLOOKUP($S3:$AL3,增益!$A:$A,增益!$K:$K,0)))/200,($F$12-$I$4+VLOOKUP($R3,武学奇术!$A:$ZZ,11,FALSE)+SUM(_xlfn.XLOOKUP($S3:$AL3,增益!$A:$A,增益!$K:$K,0)))/100)} -> -0.02 | BF3: {=$G$12+VLOOKUP($R3,武学奇术!$A:$ZZ,12,FALSE)+SUM(_xlfn.XLOOKUP($S3:$AL3,增益!$A:$A,增益!$L:$L,0))} -> 0.02 | BG3: =$D$13*(1+$AX3) -> 0 | BH3: =$E$13*(1+$AX3) -> 0 | BI3: {=IF($F$13-$I$4+VLOOKUP($R3,武学奇术!$A:$ZZ,13,FALSE)+SUM(_xlfn.XLOOKUP($S3:$AL3,增益!$A:$A,增益!$M:$M,0))>0,($F$13-$I$4+VLOOKUP($R3,武学奇术!$A:$ZZ,13,FALSE)+SUM(_xlfn.XLOOKUP($S3:$AL3,增益!$A:$A,增益!$K:$K,0)))/200,($F$13-$I$4+VLOOKUP($R3,武学奇术!$A:$ZZ,13,FALSE)+SUM(_xlfn.XLOOKUP($S3:$AL3,增益!$A:$A,增益!$M:$M,0)))/100)} -> -0.02 | BJ3: {=$G$13+VLOOKUP($R3,武学奇术!$A:$ZZ,14,FALSE)+SUM(_xlfn.XLOOKUP($S3:$AL3,增益!$A:$A,增益!$N:$N,0))} -> 0.02 | BK3: =$D$14*(1+$AX3) -> 649.11 | BL3: =$E$14*(1+$AX3) -> 1707.09 | BM3: {=IF($F$14-$I$4+VLOOKUP($R3,武学奇术!$A:$ZZ,15,FALSE)+SUM(_xlfn.XLOOKUP($S3:$AL3,增益!$A:$A,增益!$O:$O,0))>0,($F$14-$I$4+VLOOKUP($R3,武学奇术!$A:$ZZ,15,FALSE)+SUM(_xlfn.XLOOKUP($S3:$AL3,增益!$A:$A,增益!$O:$O,0)))/200,($F$14-$I$4+VLOOKUP($R3,武学奇术!$A:$ZZ,15,FALSE)+SUM(_xlfn.XLOOKUP($S3:$AL3,增益!$A:$A,增益!$O:$O,0)))/100)} -> 0.14 | BN3: {=$G$14+VLOOKUP($R3,武学奇术!$A:$ZZ,16,FALSE)+SUM(_xlfn.XLOOKUP($S3:$AL3,增益!$A:$A,增益!$P:$P,0))} -> 0.26 | BO3: =MIN(IF(VLOOKUP($R3,武学奇术!$A:$ZZ,23,FALSE)=1,100%,$B$8),100%) -> 0.9771 | BP3: {=IF(VLOOKUP($R3,武学奇术!$A:$ZZ,23,FALSE)=1,100%,MIN(80%,$B$9+VLOOKUP($R3,武学奇术!$A:$ZZ,17,FALSE)+SUM(_xlfn.XLOOKUP($S3:$AL3,增益!$A:$A,增益!$Q:$Q,0)))+$B$11+SUM(_xlfn.XLOOKUP($S3:$AL3,增益!$A:$A,增益!$U:$U,0)))*IF(VLOOKUP($R3,武学奇术!$A:$ZZ,24,FALSE)=1,0,1)+MIN(IF(VLOOKUP($R3,武学奇术!$A:$ZZ,32,FALSE)=1,IF(VLOOKUP($R3,武学奇术!$A:$ZZ,24,FALSE)=1,100%,MIN(40%,$B$10+VLOOKUP($R3,武学奇术!$A:$ZZ,19,FALSE)+SUM(_xlfn.XLOOKUP($S3:$AL3,增益!$A:$A,增益!$S:$S,0)))+$B$12+SUM(_xlfn.XLOOKUP($S3:$AL3,增益!$A:$A,增益!$V:$V,0))),0),12%)} -> 0.8861 | BQ3: {=1+$B$13+VLOOKUP($R3,武学奇术!$A:$ZZ,18,FALSE)+SUM(_xlfn.XLOOKUP($S3:$AL3,增益!$A:$A,增益!$R:$R,0))} -> 1.61 | BR3: {=MAX(IF(VLOOKUP($R3,武学奇术!$A:$ZZ,24,FALSE)=1,100%,MIN(40%,$B$10+VLOOKUP($R3,武学奇术!$A:$ZZ,19,FALSE)+SUM(_xlfn.XLOOKUP($S3:$AL3,增益!$A:$A,增益!$S:$S,0)))+$B$12+SUM(_xlfn.XLOOKUP($S3:$AL3,增益!$A:$A,增益!$V:$V,0)))*IF(VLOOKUP($R3,武学奇术!$A:$ZZ,23,FALSE)=1,0,1)-IF(VLOOKUP($R3,武学奇术!$A:$ZZ,32,FALSE)=1,12%,0),0)} -> 0.0913 | BS3: {=1+$B$14+VLOOKUP($R3,武学奇术!$A:$ZZ,20,FALSE)+SUM(_xlfn.XLOOKUP($S3:$AL3,增益!$A:$A,增益!$T:$T,0))} -> 1.35 | BT3: =MIN((1-BR3)*BO3,BO3*BP3) -> 0.86580831 | BU3: =1-BR3-BT3-BV3 -> 0.02208246 | BV3: =IF(VLOOKUP($R3,武学奇术!$A:$ZZ,22,FALSE)=1,0,(1-$BO3))*(1-$BR3) -> 0.02080923 | BW3: {=SUM(_xlfn.XLOOKUP($S3:$AL3,增益!$A:$A,增益!$W:$W,0))+$I$5} -> 0.11 | BX3: {=SUM(_xlfn.XLOOKUP($S3:$AL3,增益!$A:$A,增益!$X:$X,0))} -> 0
A4: 裂石 | F4: 拳甲 | G4: =B15+B17 -> 0.1701 | H4: 属抗 | I4: =30 -> 30 | K4: =$L4*VLOOKUP($R4,武学奇术!$A:$ZZ,31,FALSE) -> 31042.354 | L4: =($M4*$BT4+$N4*$BR4+$O4*$BU4+$P4*$BV4) -> 31042.354 | M4: =((($AT4+($AU4-$AT4)*IF(VLOOKUP($R4,武学奇术!$A:$ZZ,31,FALSE)=1,$F$18,0.5))*$AN4+$AO4)*(1+$AV4)*(1+$AW4)+(($AY4+($AZ4-$AY4)*IF(VLOOKUP($R4,武学奇术!$A:$ZZ,31,FALSE)=1,$F$18,0.5))*IF($G$1="鸣金",$AP4,$AN4)+IF($G$1="鸣金",$AQ4*1.5,0))*(1+$BA4)*(1+$BB4)+(($BC4+($BD4-$BC4)*IF(VLOOKUP($R4,武学奇术!$A:$ZZ,31,FALSE)=1,$F$18,0.5))*IF($G$1="裂石",$AP4,$AN4)+IF($G$1="裂石",$AQ4*1.5,0))*(1+$BE4)*(1+$BF4)+(($BG4+($BH4-$BG4)*IF(VLOOKUP($R4,武学奇术!$A:$ZZ,31,FALSE)=1,$F$18,0.5))*IF($G$1="牵丝",$AP4,$AN4)+IF($G$1="牵丝",$AQ4*1.5,0))*(1+$BI4)*(1+$BJ4)+(($BK4+($BL4-$BK4)*IF(VLOOKUP($R4,武学奇术!$A:$ZZ,31,FALSE)=1,$F$18,0.5))*IF($G$1="破竹",$AP4,$AN4)+IF($G$1="破竹",$AQ4*1.5,0))*(1+$BM4)*(1+$BN4))*(1+$AR4)*$BQ4*$Q4*(1+IF(VLOOKUP($R4,武学奇术!$A:$ZZ,30,FALSE)="酩酊技",$B$21,0))*(1+$BW4) -> 31810.167 | N4: =(($AU4*$AN4+$AO4)*(1+$AV4)*(1+$AW4)+($AZ4*IF($G$1="鸣金",$AP4,$AN4)+IF($G$1="鸣金",$AQ4*1.5,0))*(1+$BA4)*(1+$BB4)+($BD4*IF($G$1="裂石",$AP4,$AN4)+IF($G$1="裂石",$AQ4*1.5,0))*(1+$BE4)*(1+$BF4)+($BH4*IF($G$1="牵丝",$AP4,$AN4)+IF($G$1="牵丝",$AQ4*1.5,0))*(1+$BI4)*(1+$BJ4)+($BL4*IF($G$1="破竹",$AP4,$AN4)+IF($G$1="破竹",$AQ4*1.5,0))*(1+$BM4)*(1+$BN4))*(1+$AR4)*$BS4*$Q4*(1+IF(VLOOKUP($R4,武学奇术!$A:$ZZ,30,FALSE)="酩酊技",$B$21,0))*(1+$BW4) -> 29650.133 | O4: =((($AT4+($AU4-$AT4)*IF(VLOOKUP($R4,武学奇术!$A:$ZZ,31,FALSE)=1,$F$18,0.5))*$AN4+$AO4)*(1+$AV4)*(1+$AW4)+(($AY4+($AZ4-$AY4)*IF(VLOOKUP($R4,武学奇术!$A:$ZZ,31,FALSE)=1,$F$18,0.5))*IF($G$1="鸣金",$AP4,$AN4)+IF($G$1="鸣金",$AQ4*1.5,0))*(1+$BA4)*(1+$BB4)+(($BC4+($BD4-$BC4)*IF(VLOOKUP($R4,武学奇术!$A:$ZZ,31,FALSE)=1,$F$18,0.5))*IF($G$1="裂石",$AP4,$AN4)+IF($G$1="裂石",$AQ4*1.5,0))*(1+$BE4)*(1+$BF4)+(($BG4+($BH4-$BG4)*IF(VLOOKUP($R4,武学奇术!$A:$ZZ,31,FALSE)=1,$F$18,0.5))*IF($G$1="牵丝",$AP4,$AN4)+IF($G$1="牵丝",$AQ4*1.5,0))*(1+$BI4)*(1+$BJ4)+(($BK4+($BL4-$BK4)*IF(VLOOKUP($R4,武学奇术!$A:$ZZ,31,FALSE)=1,$F$18,0.5))*IF($G$1="破竹",$AP4,$AN4)+IF($G$1="破竹",$AQ4*1.5,0))*(1+$BM4)*(1+$BN4))*(1+$AR4)*$Q4*(1+IF(VLOOKUP($R4,武学奇术!$A:$ZZ,30,FALSE)="酩酊技",$B$21,0))*(1+$BW4) -> 19635.905 | P4: =((($AT4*$AN4+$AO4)*(1+$AV4)*(1+$AW4)+($AY4*IF($G$1="鸣金",$AP4,$AN4)+IF($G$1="鸣金",$AQ4*1.5,0))*(1+$BA4)*(1+$BB4)+($BC4*IF($G$1="裂石",$AP4,$AN4)+IF($G$1="裂石",$AQ4*1.5,0))*(1+$BE4)*(1+$BF4)+($BG4*IF($G$1="牵丝",$AP4,$AN4)+IF($G$1="牵丝",$AQ4*1.5,0))*(1+$BI4)*(1+$BJ4)+($BK4*IF($G$1="破竹",$AP4,$AN4)+IF($G$1="破竹",$AQ4*1.5,0))*(1+$BM4)*(1+$BN4))*(1+$AR4))*$Q4*(1+IF(VLOOKUP($R4,武学奇术!$A:$ZZ,30,FALSE)="酩酊技",$B$21,0))*(1+$BW4) -> 17308.749 | Q4: 1 | R4: 萧呤千浪流星 | S4: 易水歌3层 | T4: 沧海帖3层 | U4: 离猎 | V4: 浅醉 | W4: 醉意增伤 | X4: 近战笛 | Y4: 惧刃(拐) | Z4: N/a | AA4: N/a | AB4: 燕别(0%) | AC4: 烁鼓(拐) | AD4: N/a | AE4: 裁云(拐) | AF4: 无惧 | AG4: N/a | AH4: N/a | AI4: N/a | AJ4: N/a | AK4: N/a | AL4: N/a | AM4: =VLOOKUP($R4,武学奇术!$A:$ZZ,25,FALSE) -> 群体奇术 | AN4: =VLOOKUP($R4,武学奇术!$A:$ZZ,26,FALSE) -> 1.4904 | AO4: =VLOOKUP($R4,武学奇术!$A:$ZZ,27,FALSE)*(1+IF(OR($AM4=$F$4,$AM4=$F$5),$B$22,0)) -> 378 | AP4: =VLOOKUP($R4,武学奇术!$A:$ZZ,28,FALSE) -> 2.2356 | AQ4: =VLOOKUP($R4,武学奇术!$A:$ZZ,29,FALSE)*(1+IF(OR($AM4=$F$4,$AM4=$F$5),$B$22,0)) -> 0 | AR4: {=$G$3+IFERROR(VLOOKUP($AM4,$F$4:$G$7,2,FALSE),0)+VLOOKUP($R4,武学奇术!$A:$ZZ,2,FALSE)+SUM(_xlfn.XLOOKUP($S4:$AL4,增益!$A:$A,增益!$B:$B,0))} -> 0.2342 | AS4: {=VLOOKUP($R4,武学奇术!$A:$ZZ,5,FALSE)+SUM(_xlfn.XLOOKUP($S4:$AL4,增益!$A:$A,增益!$E:$E,0))} -> 0 | AT4: {=$D$10*(1+$AS4)+VLOOKUP($R4,武学奇术!$A:$ZZ,3,FALSE)+SUM(_xlfn.XLOOKUP($S4:$AL4,增益!$A:$A,增益!$C:$C,0))-$I$2} -> 4371.3 | AU4: {=$E$10*(1+$AS4)+VLOOKUP($R4,武学奇术!$A:$ZZ,4,FALSE)+SUM(_xlfn.XLOOKUP($S4:$AL4,增益!$A:$A,增益!$D:$D,0))-$I$2} -> 4371.3 | AV4: {=IF($F$10-$I$3+VLOOKUP($R4,武学奇术!$A:$ZZ,6,FALSE)+SUM(_xlfn.XLOOKUP($S4:$AL4,增益!$A:$A,增益!$F:$F,0))>0,($F$10-$I$3+VLOOKUP($R4,武学奇术!$A:$ZZ,6,FALSE)+SUM(_xlfn.XLOOKUP($S4:$AL4,增益!$A:$A,增益!$F:$F,0)))/200,($F$10-$I$3+VLOOKUP($R4,武学奇术!$A:$ZZ,6,FALSE)+SUM(_xlfn.XLOOKUP($S4:$AL4,增益!$A:$A,增益!$F:$F,0)))/100)} -> 0.3485 | AW4: {=$G$10+VLOOKUP($R4,武学奇术!$A:$ZZ,7,FALSE)+SUM(_xlfn.XLOOKUP($S4:$AL4,增益!$A:$A,增益!$G:$G,0))} -> 0.135 | AX4: {=VLOOKUP($R4,武学奇术!$A:$ZZ,8,FALSE)+SUM(_xlfn.XLOOKUP($S4:$AL4,增益!$A:$A,增益!$H:$H,0))} -> 0 | AY4: =$D$11*(1+$AX4) -> 0 | AZ4: =$E$11*(1+$AX4) -> 0 | BA4: {=IF($F$11-$I$4+VLOOKUP($R4,武学奇术!$A:$ZZ,9,FALSE)+SUM(_xlfn.XLOOKUP($S4:$AL4,增益!$A:$A,增益!$I:$I,0))>0,($F$11-$I$4+VLOOKUP($R4,武学奇术!$A:$ZZ,9,FALSE)+SUM(_xlfn.XLOOKUP($S4:$AL4,增益!$A:$A,增益!$I:$I,0)))/200,($F$11-$I$4+VLOOKUP($R4,武学奇术!$A:$ZZ,9,FALSE)+SUM(_xlfn.XLOOKUP($S4:$AL4,增益!$A:$A,增益!$I:$I,0)))/100)} -> -0.02 | BB4: {=$G$11+VLOOKUP($R4,武学奇术!$A:$ZZ,10,FALSE)+SUM(_xlfn.XLOOKUP($S4:$AL4,增益!$A:$A,增益!$J:$J,0))} -> 0.02 | BC4: =$D$12*(1+$AX4) -> 0 | BD4: =$E$12*(1+$AX4) -> 0 | BE4: {=IF($F$12-$I$4+VLOOKUP($R4,武学奇术!$A:$ZZ,11,FALSE)+SUM(_xlfn.XLOOKUP($S4:$AL4,增益!$A:$A,增益!$K:$K,0))>0,($F$12-$I$4+VLOOKUP($R4,武学奇术!$A:$ZZ,11,FALSE)+SUM(_xlfn.XLOOKUP($S4:$AL4,增益!$A:$A,增益!$K:$K,0)))/200,($F$12-$I$4+VLOOKUP($R4,武学奇术!$A:$ZZ,11,FALSE)+SUM(_xlfn.XLOOKUP($S4:$AL4,增益!$A:$A,增益!$K:$K,0)))/100)} -> -0.02 | BF4: {=$G$12+VLOOKUP($R4,武学奇术!$A:$ZZ,12,FALSE)+SUM(_xlfn.XLOOKUP($S4:$AL4,增益!$A:$A,增益!$L:$L,0))} -> 0.02 | BG4: =$D$13*(1+$AX4) -> 0 | BH4: =$E$13*(1+$AX4) -> 0 | BI4: {=IF($F$13-$I$4+VLOOKUP($R4,武学奇术!$A:$ZZ,13,FALSE)+SUM(_xlfn.XLOOKUP($S4:$AL4,增益!$A:$A,增益!$M:$M,0))>0,($F$13-$I$4+VLOOKUP($R4,武学奇术!$A:$ZZ,13,FALSE)+SUM(_xlfn.XLOOKUP($S4:$AL4,增益!$A:$A,增益!$K:$K,0)))/200,($F$13-$I$4+VLOOKUP($R4,武学奇术!$A:$ZZ,13,FALSE)+SUM(_xlfn.XLOOKUP($S4:$AL4,增益!$A:$A,增益!$M:$M,0)))/100)} -> -0.02 | BJ4: {=$G$13+VLOOKUP($R4,武学奇术!$A:$ZZ,14,FALSE)+SUM(_xlfn.XLOOKUP($S4:$AL4,增益!$A:$A,增益!$N:$N,0))} -> 0.02 | BK4: =$D$14*(1+$AX4) -> 649.11 | BL4: =$E$14*(1+$AX4) -> 1707.09 | BM4: {=IF($F$14-$I$4+VLOOKUP($R4,武学奇术!$A:$ZZ,15,FALSE)+SUM(_xlfn.XLOOKUP($S4:$AL4,增益!$A:$A,增益!$O:$O,0))>0,($F$14-$I$4+VLOOKUP($R4,武学奇术!$A:$ZZ,15,FALSE)+SUM(_xlfn.XLOOKUP($S4:$AL4,增益!$A:$A,增益!$O:$O,0)))/200,($F$14-$I$4+VLOOKUP($R4,武学奇术!$A:$ZZ,15,FALSE)+SUM(_xlfn.XLOOKUP($S4:$AL4,增益!$A:$A,增益!$O:$O,0)))/100)} -> 0.14 | BN4: {=$G$14+VLOOKUP($R4,武学奇术!$A:$ZZ,16,FALSE)+SUM(_xlfn.XLOOKUP($S4:$AL4,增益!$A:$A,增益!$P:$P,0))} -> 0.26 | BO4: =MIN(IF(VLOOKUP($R4,武学奇术!$A:$ZZ,23,FALSE)=1,100%,$B$8),100%) -> 0.9771 | BP4: {=IF(VLOOKUP($R4,武学奇术!$A:$ZZ,23,FALSE)=1,100%,MIN(80%,$B$9+VLOOKUP($R4,武学奇术!$A:$ZZ,17,FALSE)+SUM(_xlfn.XLOOKUP($S4:$AL4,增益!$A:$A,增益!$Q:$Q,0)))+$B$11+SUM(_xlfn.XLOOKUP($S4:$AL4,增益!$A:$A,增益!$U:$U,0)))*IF(VLOOKUP($R4,武学奇术!$A:$ZZ,24,FALSE)=1,0,1)+MIN(IF(VLOOKUP($R4,武学奇术!$A:$ZZ,32,FALSE)=1,IF(VLOOKUP($R4,武学奇术!$A:$ZZ,24,FALSE)=1,100%,MIN(40%,$B$10+VLOOKUP($R4,武学奇术!$A:$ZZ,19,FALSE)+SUM(_xlfn.XLOOKUP($S4:$AL4,增益!$A:$A,增益!$S:$S,0)))+$B$12+SUM(_xlfn.XLOOKUP($S4:$AL4,增益!$A:$A,增益!$V:$V,0))),0),12%)} -> 0.8861 | BQ4: {=1+$B$13+VLOOKUP($R4,武学奇术!$A:$ZZ,18,FALSE)+SUM(_xlfn.XLOOKUP($S4:$AL4,增益!$A:$A,增益!$R:$R,0))} -> 1.62 | BR4: {=MAX(IF(VLOOKUP($R4,武学奇术!$A:$ZZ,24,FALSE)=1,100%,MIN(40%,$B$10+VLOOKUP($R4,武学奇术!$A:$ZZ,19,FALSE)+SUM(_xlfn.XLOOKUP($S4:$AL4,增益!$A:$A,增益!$S:$S,0)))+$B$12+SUM(_xlfn.XLOOKUP($S4:$AL4,增益!$A:$A,增益!$V:$V,0)))*IF(VLOOKUP($R4,武学奇术!$A:$ZZ,23,FALSE)=1,0,1)-IF(VLOOKUP($R4,武学奇术!$A:$ZZ,32,FALSE)=1,12%,0),0)} -> 0.0913 | BS4: {=1+$B$14+VLOOKUP($R4,武学奇术!$A:$ZZ,20,FALSE)+SUM(_xlfn.XLOOKUP($S4:$AL4,增益!$A:$A,增益!$T:$T,0))} -> 1.35 | BT4: =MIN((1-BR4)*BO4,BO4*BP4) -> 0.86580831 | BU4: =1-BR4-BT4-BV4 -> 0.02208246 | BV4: =IF(VLOOKUP($R4,武学奇术!$A:$ZZ,22,FALSE)=1,0,(1-$BO4))*(1-$BR4) -> 0.02080923 | BW4: {=SUM(_xlfn.XLOOKUP($S4:$AL4,增益!$A:$A,增益!$W:$W,0))+$I$5} -> 0.11 | BX4: {=SUM(_xlfn.XLOOKUP($S4:$AL4,增益!$A:$A,增益!$X:$X,0))} -> 0
A5: 牵丝 | F5: 双刀 | G5: =B15+B18 -> 0.1701 | H5: 副本天赋 | I5: 0.06 | K5: =$L5*VLOOKUP($R5,武学奇术!$A:$ZZ,31,FALSE) -> 31635.696 | L5: =($M5*$BT5+$N5*$BR5+$O5*$BU5+$P5*$BV5) -> 31635.696 | M5: =((($AT5+($AU5-$AT5)*IF(VLOOKUP($R5,武学奇术!$A:$ZZ,31,FALSE)=1,$F$18,0.5))*$AN5+$AO5)*(1+$AV5)*(1+$AW5)+(($AY5+($AZ5-$AY5)*IF(VLOOKUP($R5,武学奇术!$A:$ZZ,31,FALSE)=1,$F$18,0.5))*IF($G$1="鸣金",$AP5,$AN5)+IF($G$1="鸣金",$AQ5*1.5,0))*(1+$BA5)*(1+$BB5)+(($BC5+($BD5-$BC5)*IF(VLOOKUP($R5,武学奇术!$A:$ZZ,31,FALSE)=1,$F$18,0.5))*IF($G$1="裂石",$AP5,$AN5)+IF($G$1="裂石",$AQ5*1.5,0))*(1+$BE5)*(1+$BF5)+(($BG5+($BH5-$BG5)*IF(VLOOKUP($R5,武学奇术!$A:$ZZ,31,FALSE)=1,$F$18,0.5))*IF($G$1="牵丝",$AP5,$AN5)+IF($G$1="牵丝",$AQ5*1.5,0))*(1+$BI5)*(1+$BJ5)+(($BK5+($BL5-$BK5)*IF(VLOOKUP($R5,武学奇术!$A:$ZZ,31,FALSE)=1,$F$18,0.5))*IF($G$1="破竹",$AP5,$AN5)+IF($G$1="破竹",$AQ5*1.5,0))*(1+$BM5)*(1+$BN5))*(1+$AR5)*$BQ5*$Q5*(1+IF(VLOOKUP($R5,武学奇术!$A:$ZZ,30,FALSE)="酩酊技",$B$21,0))*(1+$BW5) -> 32441.974 | N5: =(($AU5*$AN5+$AO5)*(1+$AV5)*(1+$AW5)+($AZ5*IF($G$1="鸣金",$AP5,$AN5)+IF($G$1="鸣金",$AQ5*1.5,0))*(1+$BA5)*(1+$BB5)+($BD5*IF($G$1="裂石",$AP5,$AN5)+IF($G$1="裂石",$AQ5*1.5,0))*(1+$BE5)*(1+$BF5)+($BH5*IF($G$1="牵丝",$AP5,$AN5)+IF($G$1="牵丝",$AQ5*1.5,0))*(1+$BI5)*(1+$BJ5)+($BL5*IF($G$1="破竹",$AP5,$AN5)+IF($G$1="破竹",$AQ5*1.5,0))*(1+$BM5)*(1+$BN5))*(1+$AR5)*$BS5*$Q5*(1+IF(VLOOKUP($R5,武学奇术!$A:$ZZ,30,FALSE)="酩酊技",$B$21,0))*(1+$BW5) -> 30036.235 | O5: =((($AT5+($AU5-$AT5)*IF(VLOOKUP($R5,武学奇术!$A:$ZZ,31,FALSE)=1,$F$18,0.5))*$AN5+$AO5)*(1+$AV5)*(1+$AW5)+(($AY5+($AZ5-$AY5)*IF(VLOOKUP($R5,武学奇术!$A:$ZZ,31,FALSE)=1,$F$18,0.5))*IF($G$1="鸣金",$AP5,$AN5)+IF($G$1="鸣金",$AQ5*1.5,0))*(1+$BA5)*(1+$BB5)+(($BC5+($BD5-$BC5)*IF(VLOOKUP($R5,武学奇术!$A:$ZZ,31,FALSE)=1,$F$18,0.5))*IF($G$1="裂石",$AP5,$AN5)+IF($G$1="裂石",$AQ5*1.5,0))*(1+$BE5)*(1+$BF5)+(($BG5+($BH5-$BG5)*IF(VLOOKUP($R5,武学奇术!$A:$ZZ,31,FALSE)=1,$F$18,0.5))*IF($G$1="牵丝",$AP5,$AN5)+IF($G$1="牵丝",$AQ5*1.5,0))*(1+$BI5)*(1+$BJ5)+(($BK5+($BL5-$BK5)*IF(VLOOKUP($R5,武学奇术!$A:$ZZ,31,FALSE)=1,$F$18,0.5))*IF($G$1="破竹",$AP5,$AN5)+IF($G$1="破竹",$AQ5*1.5,0))*(1+$BM5)*(1+$BN5))*(1+$AR5)*$Q5*(1+IF(VLOOKUP($R5,武学奇术!$A:$ZZ,30,FALSE)="酩酊技",$B$21,0))*(1+$BW5) -> 19903.051 | P5: =((($AT5*$AN5+$AO5)*(1+$AV5)*(1+$AW5)+($AY5*IF($G$1="鸣金",$AP5,$AN5)+IF($G$1="鸣金",$AQ5*1.5,0))*(1+$BA5)*(1+$BB5)+($BC5*IF($G$1="裂石",$AP5,$AN5)+IF($G$1="裂石",$AQ5*1.5,0))*(1+$BE5)*(1+$BF5)+($BG5*IF($G$1="牵丝",$AP5,$AN5)+IF($G$1="牵丝",$AQ5*1.5,0))*(1+$BI5)*(1+$BJ5)+($BK5*IF($G$1="破竹",$AP5,$AN5)+IF($G$1="破竹",$AQ5*1.5,0))*(1+$BM5)*(1+$BN5))*(1+$AR5))*$Q5*(1+IF(VLOOKUP($R5,武学奇术!$A:$ZZ,30,FALSE)="酩酊技",$B$21,0))*(1+$BW5) -> 17557.04 | Q5: 1 | R5: 萧呤千浪流星 | S5: 易水歌4层 | T5: 沧海帖4层 | U5: 离猎 | V5: 浅醉 | W5: 醉意增伤 | X5: 近战笛 | Y5: 惧刃(拐) | Z5: N/a | AA5: N/a | AB5: 燕别(0%) | AC5: 烁鼓(拐) | AD5: N/a | AE5: 裁云(拐) | AF5: 无惧 | AG5: N/a | AH5: N/a | AI5: N/a | AJ5: N/a | AK5: N/a | AL5: N/a | AM5: =VLOOKUP($R5,武学奇术!$A:$ZZ,25,FALSE) -> 群体奇术 | AN5: =VLOOKUP($R5,武学奇术!$A:$ZZ,26,FALSE) -> 1.4904 | AO5: =VLOOKUP($R5,武学奇术!$A:$ZZ,27,FALSE)*(1+IF(OR($AM5=$F$4,$AM5=$F$5),$B$22,0)) -> 378 | AP5: =VLOOKUP($R5,武学奇术!$A:$ZZ,28,FALSE) -> 2.2356 | AQ5: =VLOOKUP($R5,武学奇术!$A:$ZZ,29,FALSE)*(1+IF(OR($AM5=$F$4,$AM5=$F$5),$B$22,0)) -> 0 | AR5: {=$G$3+IFERROR(VLOOKUP($AM5,$F$4:$G$7,2,FALSE),0)+VLOOKUP($R5,武学奇术!$A:$ZZ,2,FALSE)+SUM(_xlfn.XLOOKUP($S5:$AL5,增益!$A:$A,增益!$B:$B,0))} -> 0.2442 | AS5: {=VLOOKUP($R5,武学奇术!$A:$ZZ,5,FALSE)+SUM(_xlfn.XLOOKUP($S5:$AL5,增益!$A:$A,增益!$E:$E,0))} -> 0 | AT5: {=$D$10*(1+$AS5)+VLOOKUP($R5,武学奇术!$A:$ZZ,3,FALSE)+SUM(_xlfn.XLOOKUP($S5:$AL5,增益!$A:$A,增益!$C:$C,0))-$I$2} -> 4371.3 | AU5: {=$E$10*(1+$AS5)+VLOOKUP($R5,武学奇术!$A:$ZZ,4,FALSE)+SUM(_xlfn.XLOOKUP($S5:$AL5,增益!$A:$A,增益!$D:$D,0))-$I$2} -> 4371.3 | AV5: {=IF($F$10-$I$3+VLOOKUP($R5,武学奇术!$A:$ZZ,6,FALSE)+SUM(_xlfn.XLOOKUP($S5:$AL5,增益!$A:$A,增益!$F:$F,0))>0,($F$10-$I$3+VLOOKUP($R5,武学奇术!$A:$ZZ,6,FALSE)+SUM(_xlfn.XLOOKUP($S5:$AL5,增益!$A:$A,增益!$F:$F,0)))/200,($F$10-$I$3+VLOOKUP($R5,武学奇术!$A:$ZZ,6,FALSE)+SUM(_xlfn.XLOOKUP($S5:$AL5,增益!$A:$A,增益!$F:$F,0)))/100)} -> 0.3585 | AW5: {=$G$10+VLOOKUP($R5,武学奇术!$A:$ZZ,7,FALSE)+SUM(_xlfn.XLOOKUP($S5:$AL5,增益!$A:$A,增益!$G:$G,0))} -> 0.135 | AX5: {=VLOOKUP($R5,武学奇术!$A:$ZZ,8,FALSE)+SUM(_xlfn.XLOOKUP($S5:$AL5,增益!$A:$A,增益!$H:$H,0))} -> 0 | AY5: =$D$11*(1+$AX5) -> 0 | AZ5: =$E$11*(1+$AX5) -> 0 | BA5: {=IF($F$11-$I$4+VLOOKUP($R5,武学奇术!$A:$ZZ,9,FALSE)+SUM(_xlfn.XLOOKUP($S5:$AL5,增益!$A:$A,增益!$I:$I,0))>0,($F$11-$I$4+VLOOKUP($R5,武学奇术!$A:$ZZ,9,FALSE)+SUM(_xlfn.XLOOKUP($S5:$AL5,增益!$A:$A,增益!$I:$I,0)))/200,($F$11-$I$4+VLOOKUP($R5,武学奇术!$A:$ZZ,9,FALSE)+SUM(_xlfn.XLOOKUP($S5:$AL5,增益!$A:$A,增益!$I:$I,0)))/100)} -> -0.02 | BB5: {=$G$11+VLOOKUP($R5,武学奇术!$A:$ZZ,10,FALSE)+SUM(_xlfn.XLOOKUP($S5:$AL5,增益!$A:$A,增益!$J:$J,0))} -> 0.02 | BC5: =$D$12*(1+$AX5) -> 0 | BD5: =$E$12*(1+$AX5) -> 0 | BE5: {=IF($F$12-$I$4+VLOOKUP($R5,武学奇术!$A:$ZZ,11,FALSE)+SUM(_xlfn.XLOOKUP($S5:$AL5,增益!$A:$A,增益!$K:$K,0))>0,($F$12-$I$4+VLOOKUP($R5,武学奇术!$A:$ZZ,11,FALSE)+SUM(_xlfn.XLOOKUP($S5:$AL5,增益!$A:$A,增益!$K:$K,0)))/200,($F$12-$I$4+VLOOKUP($R5,武学奇术!$A:$ZZ,11,FALSE)+SUM(_xlfn.XLOOKUP($S5:$AL5,增益!$A:$A,增益!$K:$K,0)))/100)} -> -0.02 | BF5: {=$G$12+VLOOKUP($R5,武学奇术!$A:$ZZ,12,FALSE)+SUM(_xlfn.XLOOKUP($S5:$AL5,增益!$A:$A,增益!$L:$L,0))} -> 0.02 | BG5: =$D$13*(1+$AX5) -> 0 | BH5: =$E$13*(1+$AX5) -> 0 | BI5: {=IF($F$13-$I$4+VLOOKUP($R5,武学奇术!$A:$ZZ,13,FALSE)+SUM(_xlfn.XLOOKUP($S5:$AL5,增益!$A:$A,增益!$M:$M,0))>0,($F$13-$I$4+VLOOKUP($R5,武学奇术!$A:$ZZ,13,FALSE)+SUM(_xlfn.XLOOKUP($S5:$AL5,增益!$A:$A,增益!$K:$K,0)))/200,($F$13-$I$4+VLOOKUP($R5,武学奇术!$A:$ZZ,13,FALSE)+SUM(_xlfn.XLOOKUP($S5:$AL5,增益!$A:$A,增益!$M:$M,0)))/100)} -> -0.02 | BJ5: {=$G$13+VLOOKUP($R5,武学奇术!$A:$ZZ,14,FALSE)+SUM(_xlfn.XLOOKUP($S5:$AL5,增益!$A:$A,增益!$N:$N,0))} -> 0.02 | BK5: =$D$14*(1+$AX5) -> 649.11 | BL5: =$E$14*(1+$AX5) -> 1707.09 | BM5: {=IF($F$14-$I$4+VLOOKUP($R5,武学奇术!$A:$ZZ,15,FALSE)+SUM(_xlfn.XLOOKUP($S5:$AL5,增益!$A:$A,增益!$O:$O,0))>0,($F$14-$I$4+VLOOKUP($R5,武学奇术!$A:$ZZ,15,FALSE)+SUM(_xlfn.XLOOKUP($S5:$AL5,增益!$A:$A,增益!$O:$O,0)))/200,($F$14-$I$4+VLOOKUP($R5,武学奇术!$A:$ZZ,15,FALSE)+SUM(_xlfn.XLOOKUP($S5:$AL5,增益!$A:$A,增益!$O:$O,0)))/100)} -> 0.14 | BN5: {=$G$14+VLOOKUP($R5,武学奇术!$A:$ZZ,16,FALSE)+SUM(_xlfn.XLOOKUP($S5:$AL5,增益!$A:$A,增益!$P:$P,0))} -> 0.26 | BO5: =MIN(IF(VLOOKUP($R5,武学奇术!$A:$ZZ,23,FALSE)=1,100%,$B$8),100%) -> 0.9771 | BP5: {=IF(VLOOKUP($R5,武学奇术!$A:$ZZ,23,FALSE)=1,100%,MIN(80%,$B$9+VLOOKUP($R5,武学奇术!$A:$ZZ,17,FALSE)+SUM(_xlfn.XLOOKUP($S5:$AL5,增益!$A:$A,增益!$Q:$Q,0)))+$B$11+SUM(_xlfn.XLOOKUP($S5:$AL5,增益!$A:$A,增益!$U:$U,0)))*IF(VLOOKUP($R5,武学奇术!$A:$ZZ,24,FALSE)=1,0,1)+MIN(IF(VLOOKUP($R5,武学奇术!$A:$ZZ,32,FALSE)=1,IF(VLOOKUP($R5,武学奇术!$A:$ZZ,24,FALSE)=1,100%,MIN(40%,$B$10+VLOOKUP($R5,武学奇术!$A:$ZZ,19,FALSE)+SUM(_xlfn.XLOOKUP($S5:$AL5,增益!$A:$A,增益!$S:$S,0)))+$B$12+SUM(_xlfn.XLOOKUP($S5:$AL5,增益!$A:$A,增益!$V:$V,0))),0),12%)} -> 0.8861 | BQ5: {=1+$B$13+VLOOKUP($R5,武学奇术!$A:$ZZ,18,FALSE)+SUM(_xlfn.XLOOKUP($S5:$AL5,增益!$A:$A,增益!$R:$R,0))} -> 1.63 | BR5: {=MAX(IF(VLOOKUP($R5,武学奇术!$A:$ZZ,24,FALSE)=1,100%,MIN(40%,$B$10+VLOOKUP($R5,武学奇术!$A:$ZZ,19,FALSE)+SUM(_xlfn.XLOOKUP($S5:$AL5,增益!$A:$A,增益!$S:$S,0)))+$B$12+SUM(_xlfn.XLOOKUP($S5:$AL5,增益!$A:$A,增益!$V:$V,0)))*IF(VLOOKUP($R5,武学奇术!$A:$ZZ,23,FALSE)=1,0,1)-IF(VLOOKUP($R5,武学奇术!$A:$ZZ,32,FALSE)=1,12%,0),0)} -> 0.0913 | BS5: {=1+$B$14+VLOOKUP($R5,武学奇术!$A:$ZZ,20,FALSE)+SUM(_xlfn.XLOOKUP($S5:$AL5,增益!$A:$A,增益!$T:$T,0))} -> 1.35 | BT5: =MIN((1-BR5)*BO5,BO5*BP5) -> 0.86580831 | BU5: =1-BR5-BT5-BV5 -> 0.02208246 | BV5: =IF(VLOOKUP($R5,武学奇术!$A:$ZZ,22,FALSE)=1,0,(1-$BO5))*(1-$BR5) -> 0.02080923 | BW5: {=SUM(_xlfn.XLOOKUP($S5:$AL5,增益!$A:$A,增益!$W:$W,0))+$I$5} -> 0.11 | BX5: {=SUM(_xlfn.XLOOKUP($S5:$AL5,增益!$A:$A,增益!$X:$X,0))} -> 0
A6: 破竹 | B6: 539 | C6: 1395.8 | D6: 30 | E6: 0.15 | F6: 单体奇术 | G6: =B19 -> 0 | K6: =$L6*VLOOKUP($R6,武学奇术!$A:$ZZ,31,FALSE) -> 32308.574 | L6: =($M6*$BT6+$N6*$BR6+$O6*$BU6+$P6*$BV6) -> 32308.574 | M6: =((($AT6+($AU6-$AT6)*IF(VLOOKUP($R6,武学奇术!$A:$ZZ,31,FALSE)=1,$F$18,0.5))*$AN6+$AO6)*(1+$AV6)*(1+$AW6)+(($AY6+($AZ6-$AY6)*IF(VLOOKUP($R6,武学奇术!$A:$ZZ,31,FALSE)=1,$F$18,0.5))*IF($G$1="鸣金",$AP6,$AN6)+IF($G$1="鸣金",$AQ6*1.5,0))*(1+$BA6)*(1+$BB6)+(($BC6+($BD6-$BC6)*IF(VLOOKUP($R6,武学奇术!$A:$ZZ,31,FALSE)=1,$F$18,0.5))*IF($G$1="裂石",$AP6,$AN6)+IF($G$1="裂石",$AQ6*1.5,0))*(1+$BE6)*(1+$BF6)+(($BG6+($BH6-$BG6)*IF(VLOOKUP($R6,武学奇术!$A:$ZZ,31,FALSE)=1,$F$18,0.5))*IF($G$1="牵丝",$AP6,$AN6)+IF($G$1="牵丝",$AQ6*1.5,0))*(1+$BI6)*(1+$BJ6)+(($BK6+($BL6-$BK6)*IF(VLOOKUP($R6,武学奇术!$A:$ZZ,31,FALSE)=1,$F$18,0.5))*IF($G$1="破竹",$AP6,$AN6)+IF($G$1="破竹",$AQ6*1.5,0))*(1+$BM6)*(1+$BN6))*(1+$AR6)*$BQ6*$Q6*(1+IF(VLOOKUP($R6,武学奇术!$A:$ZZ,30,FALSE)="酩酊技",$B$21,0))*(1+$BW6) -> 33133.092 | N6: =(($AU6*$AN6+$AO6)*(1+$AV6)*(1+$AW6)+($AZ6*IF($G$1="鸣金",$AP6,$AN6)+IF($G$1="鸣金",$AQ6*1.5,0))*(1+$BA6)*(1+$BB6)+($BD6*IF($G$1="裂石",$AP6,$AN6)+IF($G$1="裂石",$AQ6*1.5,0))*(1+$BE6)*(1+$BF6)+($BH6*IF($G$1="牵丝",$AP6,$AN6)+IF($G$1="牵丝",$AQ6*1.5,0))*(1+$BI6)*(1+$BJ6)+($BL6*IF($G$1="破竹",$AP6,$AN6)+IF($G$1="破竹",$AQ6*1.5,0))*(1+$BM6)*(1+$BN6))*(1+$AR6)*$BS6*$Q6*(1+IF(VLOOKUP($R6,武学奇术!$A:$ZZ,30,FALSE)="酩酊技",$B$21,0))*(1+$BW6) -> 30662.093 | O6: =((($AT6+($AU6-$AT6)*IF(VLOOKUP($R6,武学奇术!$A:$ZZ,31,FALSE)=1,$F$18,0.5))*$AN6+$AO6)*(1+$AV6)*(1+$AW6)+(($AY6+($AZ6-$AY6)*IF(VLOOKUP($R6,武学奇术!$A:$ZZ,31,FALSE)=1,$F$18,0.5))*IF($G$1="鸣金",$AP6,$AN6)+IF($G$1="鸣金",$AQ6*1.5,0))*(1+$BA6)*(1+$BB6)+(($BC6+($BD6-$BC6)*IF(VLOOKUP($R6,武学奇术!$A:$ZZ,31,FALSE)=1,$F$18,0.5))*IF($G$1="裂石",$AP6,$AN6)+IF($G$1="裂石",$AQ6*1.5,0))*(1+$BE6)*(1+$BF6)+(($BG6+($BH6-$BG6)*IF(VLOOKUP($R6,武学奇术!$A:$ZZ,31,FALSE)=1,$F$18,0.5))*IF($G$1="牵丝",$AP6,$AN6)+IF($G$1="牵丝",$AQ6*1.5,0))*(1+$BI6)*(1+$BJ6)+(($BK6+($BL6-$BK6)*IF(VLOOKUP($R6,武学奇术!$A:$ZZ,31,FALSE)=1,$F$18,0.5))*IF($G$1="破竹",$AP6,$AN6)+IF($G$1="破竹",$AQ6*1.5,0))*(1+$BM6)*(1+$BN6))*(1+$AR6)*$Q6*(1+IF(VLOOKUP($R6,武学奇术!$A:$ZZ,30,FALSE)="酩酊技",$B$21,0))*(1+$BW6) -> 20327.05 | P6: =((($AT6*$AN6+$AO6)*(1+$AV6)*(1+$AW6)+($AY6*IF($G$1="鸣金",$AP6,$AN6)+IF($G$1="鸣金",$AQ6*1.5,0))*(1+$BA6)*(1+$BB6)+($BC6*IF($G$1="裂石",$AP6,$AN6)+IF($G$1="裂石",$AQ6*1.5,0))*(1+$BE6)*(1+$BF6)+($BG6*IF($G$1="牵丝",$AP6,$AN6)+IF($G$1="牵丝",$AQ6*1.5,0))*(1+$BI6)*(1+$BJ6)+($BK6*IF($G$1="破竹",$AP6,$AN6)+IF($G$1="破竹",$AQ6*1.5,0))*(1+$BM6)*(1+$BN6))*(1+$AR6))*$Q6*(1+IF(VLOOKUP($R6,武学奇术!$A:$ZZ,30,FALSE)="酩酊技",$B$21,0))*(1+$BW6) -> 17941.439 | Q6: 1 | R6: 萧呤千浪流星 | S6: 易水歌5层 | T6: 沧海帖4层 | U6: 离猎 | V6: 浅醉 | W6: 醉意增伤 | X6: 近战笛 | Y6: 惧刃(拐) | Z6: N/a | AA6: N/a | AB6: 燕别(10%) | AC6: 扶风(拐) | AD6: N/a | AE6: 裁云(拐) | AF6: 无惧 | AG6: N/a | AH6: N/a | AI6: N/a | AJ6: N/a | AK6: N/a | AL6: N/a | AM6: =VLOOKUP($R6,武学奇术!$A:$ZZ,25,FALSE) -> 群体奇术 | AN6: =VLOOKUP($R6,武学奇术!$A:$ZZ,26,FALSE) -> 1.4904 | AO6: =VLOOKUP($R6,武学奇术!$A:$ZZ,27,FALSE)*(1+IF(OR($AM6=$F$4,$AM6=$F$5),$B$22,0)) -> 378 | AP6: =VLOOKUP($R6,武学奇术!$A:$ZZ,28,FALSE) -> 2.2356 | AQ6: =VLOOKUP($R6,武学奇术!$A:$ZZ,29,FALSE)*(1+IF(OR($AM6=$F$4,$AM6=$F$5),$B$22,0)) -> 0 | AR6: {=$G$3+IFERROR(VLOOKUP($AM6,$F$4:$G$7,2,FALSE),0)+VLOOKUP($R6,武学奇术!$A:$ZZ,2,FALSE)+SUM(_xlfn.XLOOKUP($S6:$AL6,增益!$A:$A,增益!$B:$B,0))} -> 0.2542 | AS6: {=VLOOKUP($R6,武学奇术!$A:$ZZ,5,FALSE)+SUM(_xlfn.XLOOKUP($S6:$AL6,增益!$A:$A,增益!$E:$E,0))} -> 0 | AT6: {=$D$10*(1+$AS6)+VLOOKUP($R6,武学奇术!$A:$ZZ,3,FALSE)+SUM(_xlfn.XLOOKUP($S6:$AL6,增益!$A:$A,增益!$C:$C,0))-$I$2} -> 4371.3 | AU6: {=$E$10*(1+$AS6)+VLOOKUP($R6,武学奇术!$A:$ZZ,4,FALSE)+SUM(_xlfn.XLOOKUP($S6:$AL6,增益!$A:$A,增益!$D:$D,0))-$I$2} -> 4371.3 | AV6: {=IF($F$10-$I$3+VLOOKUP($R6,武学奇术!$A:$ZZ,6,FALSE)+SUM(_xlfn.XLOOKUP($S6:$AL6,增益!$A:$A,增益!$F:$F,0))>0,($F$10-$I$3+VLOOKUP($R6,武学奇术!$A:$ZZ,6,FALSE)+SUM(_xlfn.XLOOKUP($S6:$AL6,增益!$A:$A,增益!$F:$F,0)))/200,($F$10-$I$3+VLOOKUP($R6,武学奇术!$A:$ZZ,6,FALSE)+SUM(_xlfn.XLOOKUP($S6:$AL6,增益!$A:$A,增益!$F:$F,0)))/100)} -> 0.3785 | AW6: {=$G$10+VLOOKUP($R6,武学奇术!$A:$ZZ,7,FALSE)+SUM(_xlfn.XLOOKUP($S6:$AL6,增益!$A:$A,增益!$G:$G,0))} -> 0.135 | AX6: {=VLOOKUP($R6,武学奇术!$A:$ZZ,8,FALSE)+SUM(_xlfn.XLOOKUP($S6:$AL6,增益!$A:$A,增益!$H:$H,0))} -> 0 | AY6: =$D$11*(1+$AX6) -> 0 | AZ6: =$E$11*(1+$AX6) -> 0 | BA6: {=IF($F$11-$I$4+VLOOKUP($R6,武学奇术!$A:$ZZ,9,FALSE)+SUM(_xlfn.XLOOKUP($S6:$AL6,增益!$A:$A,增益!$I:$I,0))>0,($F$11-$I$4+VLOOKUP($R6,武学奇术!$A:$ZZ,9,FALSE)+SUM(_xlfn.XLOOKUP($S6:$AL6,增益!$A:$A,增益!$I:$I,0)))/200,($F$11-$I$4+VLOOKUP($R6,武学奇术!$A:$ZZ,9,FALSE)+SUM(_xlfn.XLOOKUP($S6:$AL6,增益!$A:$A,增益!$I:$I,0)))/100)} -> 0 | BB6: {=$G$11+VLOOKUP($R6,武学奇术!$A:$ZZ,10,FALSE)+SUM(_xlfn.XLOOKUP($S6:$AL6,增益!$A:$A,增益!$J:$J,0))} -> 0.02 | BC6: =$D$12*(1+$AX6) -> 0 | BD6: =$E$12*(1+$AX6) -> 0 | BE6: {=IF($F$12-$I$4+VLOOKUP($R6,武学奇术!$A:$ZZ,11,FALSE)+SUM(_xlfn.XLOOKUP($S6:$AL6,增益!$A:$A,增益!$K:$K,0))>0,($F$12-$I$4+VLOOKUP($R6,武学奇术!$A:$ZZ,11,FALSE)+SUM(_xlfn.XLOOKUP($S6:$AL6,增益!$A:$A,增益!$K:$K,0)))/200,($F$12-$I$4+VLOOKUP($R6,武学奇术!$A:$ZZ,11,FALSE)+SUM(_xlfn.XLOOKUP($S6:$AL6,增益!$A:$A,增益!$K:$K,0)))/100)} -> 0 | BF6: {=$G$12+VLOOKUP($R6,武学奇术!$A:$ZZ,12,FALSE)+SUM(_xlfn.XLOOKUP($S6:$AL6,增益!$A:$A,增益!$L:$L,0))} -> 0.02 | BG6: =$D$13*(1+$AX6) -> 0 | BH6: =$E$13*(1+$AX6) -> 0 | BI6: {=IF($F$13-$I$4+VLOOKUP($R6,武学奇术!$A:$ZZ,13,FALSE)+SUM(_xlfn.XLOOKUP($S6:$AL6,增益!$A:$A,增益!$M:$M,0))>0,($F$13-$I$4+VLOOKUP($R6,武学奇术!$A:$ZZ,13,FALSE)+SUM(_xlfn.XLOOKUP($S6:$AL6,增益!$A:$A,增益!$K:$K,0)))/200,($F$13-$I$4+VLOOKUP($R6,武学奇术!$A:$ZZ,13,FALSE)+SUM(_xlfn.XLOOKUP($S6:$AL6,增益!$A:$A,增益!$M:$M,0)))/100)} -> 0 | BJ6: {=$G$13+VLOOKUP($R6,武学奇术!$A:$ZZ,14,FALSE)+SUM(_xlfn.XLOOKUP($S6:$AL6,增益!$A:$A,增益!$N:$N,0))} -> 0.02 | BK6: =$D$14*(1+$AX6) -> 649.11 | BL6: =$E$14*(1+$AX6) -> 1707.09 | BM6: {=IF($F$14-$I$4+VLOOKUP($R6,武学奇术!$A:$ZZ,15,FALSE)+SUM(_xlfn.XLOOKUP($S6:$AL6,增益!$A:$A,增益!$O:$O,0))>0,($F$14-$I$4+VLOOKUP($R6,武学奇术!$A:$ZZ,15,FALSE)+SUM(_xlfn.XLOOKUP($S6:$AL6,增益!$A:$A,增益!$O:$O,0)))/200,($F$14-$I$4+VLOOKUP($R6,武学奇术!$A:$ZZ,15,FALSE)+SUM(_xlfn.XLOOKUP($S6:$AL6,增益!$A:$A,增益!$O:$O,0)))/100)} -> 0.15 | BN6: {=$G$14+VLOOKUP($R6,武学奇术!$A:$ZZ,16,FALSE)+SUM(_xlfn.XLOOKUP($S6:$AL6,增益!$A:$A,增益!$P:$P,0))} -> 0.26 | BO6: =MIN(IF(VLOOKUP($R6,武学奇术!$A:$ZZ,23,FALSE)=1,100%,$B$8),100%) -> 0.9771 | BP6: {=IF(VLOOKUP($R6,武学奇术!$A:$ZZ,23,FALSE)=1,100%,MIN(80%,$B$9+VLOOKUP($R6,武学奇术!$A:$ZZ,17,FALSE)+SUM(_xlfn.XLOOKUP($S6:$AL6,增益!$A:$A,增益!$Q:$Q,0)))+$B$11+SUM(_xlfn.XLOOKUP($S6:$AL6,增益!$A:$A,增益!$U:$U,0)))*IF(VLOOKUP($R6,武学奇术!$A:$ZZ,24,FALSE)=1,0,1)+MIN(IF(VLOOKUP($R6,武学奇术!$A:$ZZ,32,FALSE)=1,IF(VLOOKUP($R6,武学奇术!$A:$ZZ,24,FALSE)=1,100%,MIN(40%,$B$10+VLOOKUP($R6,武学奇术!$A:$ZZ,19,FALSE)+SUM(_xlfn.XLOOKUP($S6:$AL6,增益!$A:$A,增益!$S:$S,0)))+$B$12+SUM(_xlfn.XLOOKUP($S6:$AL6,增益!$A:$A,增益!$V:$V,0))),0),12%)} -> 0.8861 | BQ6: {=1+$B$13+VLOOKUP($R6,武学奇术!$A:$ZZ,18,FALSE)+SUM(_xlfn.XLOOKUP($S6:$AL6,增益!$A:$A,增益!$R:$R,0))} -> 1.63 | BR6: {=MAX(IF(VLOOKUP($R6,武学奇术!$A:$ZZ,24,FALSE)=1,100%,MIN(40%,$B$10+VLOOKUP($R6,武学奇术!$A:$ZZ,19,FALSE)+SUM(_xlfn.XLOOKUP($S6:$AL6,增益!$A:$A,增益!$S:$S,0)))+$B$12+SUM(_xlfn.XLOOKUP($S6:$AL6,增益!$A:$A,增益!$V:$V,0)))*IF(VLOOKUP($R6,武学奇术!$A:$ZZ,23,FALSE)=1,0,1)-IF(VLOOKUP($R6,武学奇术!$A:$ZZ,32,FALSE)=1,12%,0),0)} -> 0.0913 | BS6: {=1+$B$14+VLOOKUP($R6,武学奇术!$A:$ZZ,20,FALSE)+SUM(_xlfn.XLOOKUP($S6:$AL6,增益!$A:$A,增益!$T:$T,0))} -> 1.35 | BT6: =MIN((1-BR6)*BO6,BO6*BP6) -> 0.86580831 | BU6: =1-BR6-BT6-BV6 -> 0.02208246 | BV6: =IF(VLOOKUP($R6,武学奇术!$A:$ZZ,22,FALSE)=1,0,(1-$BO6))*(1-$BR6) -> 0.02080923 | BW6: {=SUM(_xlfn.XLOOKUP($S6:$AL6,增益!$A:$A,增益!$W:$W,0))+$I$5} -> 0.11 | BX6: {=SUM(_xlfn.XLOOKUP($S6:$AL6,增益!$A:$A,增益!$X:$X,0))} -> 0
A7: 无相 | B7: 79.2 | C7: =92.4+68.8*2 -> 230 | F7: 群体奇术 | G7: =B20 -> 0 | K7: =$L7*VLOOKUP($R7,武学奇术!$A:$ZZ,31,FALSE) -> 13288.105 | L7: =($M7*$BT7+$N7*$BR7+$O7*$BU7+$P7*$BV7) -> 13288.105 | M7: =((($AT7+($AU7-$AT7)*IF(VLOOKUP($R7,武学奇术!$A:$ZZ,31,FALSE)=1,$F$18,0.5))*$AN7+$AO7)*(1+$AV7)*(1+$AW7)+(($AY7+($AZ7-$AY7)*IF(VLOOKUP($R7,武学奇术!$A:$ZZ,31,FALSE)=1,$F$18,0.5))*IF($G$1="鸣金",$AP7,$AN7)+IF($G$1="鸣金",$AQ7*1.5,0))*(1+$BA7)*(1+$BB7)+(($BC7+($BD7-$BC7)*IF(VLOOKUP($R7,武学奇术!$A:$ZZ,31,FALSE)=1,$F$18,0.5))*IF($G$1="裂石",$AP7,$AN7)+IF($G$1="裂石",$AQ7*1.5,0))*(1+$BE7)*(1+$BF7)+(($BG7+($BH7-$BG7)*IF(VLOOKUP($R7,武学奇术!$A:$ZZ,31,FALSE)=1,$F$18,0.5))*IF($G$1="牵丝",$AP7,$AN7)+IF($G$1="牵丝",$AQ7*1.5,0))*(1+$BI7)*(1+$BJ7)+(($BK7+($BL7-$BK7)*IF(VLOOKUP($R7,武学奇术!$A:$ZZ,31,FALSE)=1,$F$18,0.5))*IF($G$1="破竹",$AP7,$AN7)+IF($G$1="破竹",$AQ7*1.5,0))*(1+$BM7)*(1+$BN7))*(1+$AR7)*$BQ7*$Q7*(1+IF(VLOOKUP($R7,武学奇术!$A:$ZZ,30,FALSE)="酩酊技",$B$21,0))*(1+$BW7) -> 13549.156 | N7: =(($AU7*$AN7+$AO7)*(1+$AV7)*(1+$AW7)+($AZ7*IF($G$1="鸣金",$AP7,$AN7)+IF($G$1="鸣金",$AQ7*1.5,0))*(1+$BA7)*(1+$BB7)+($BD7*IF($G$1="裂石",$AP7,$AN7)+IF($G$1="裂石",$AQ7*1.5,0))*(1+$BE7)*(1+$BF7)+($BH7*IF($G$1="牵丝",$AP7,$AN7)+IF($G$1="牵丝",$AQ7*1.5,0))*(1+$BI7)*(1+$BJ7)+($BL7*IF($G$1="破竹",$AP7,$AN7)+IF($G$1="破竹",$AQ7*1.5,0))*(1+$BM7)*(1+$BN7))*(1+$AR7)*$BS7*$Q7*(1+IF(VLOOKUP($R7,武学奇术!$A:$ZZ,30,FALSE)="酩酊技",$B$21,0))*(1+$BW7) -> 13133.986 | O7: =((($AT7+($AU7-$AT7)*IF(VLOOKUP($R7,武学奇术!$A:$ZZ,31,FALSE)=1,$F$18,0.5))*$AN7+$AO7)*(1+$AV7)*(1+$AW7)+(($AY7+($AZ7-$AY7)*IF(VLOOKUP($R7,武学奇术!$A:$ZZ,31,FALSE)=1,$F$18,0.5))*IF($G$1="鸣金",$AP7,$AN7)+IF($G$1="鸣金",$AQ7*1.5,0))*(1+$BA7)*(1+$BB7)+(($BC7+($BD7-$BC7)*IF(VLOOKUP($R7,武学奇术!$A:$ZZ,31,FALSE)=1,$F$18,0.5))*IF($G$1="裂石",$AP7,$AN7)+IF($G$1="裂石",$AQ7*1.5,0))*(1+$BE7)*(1+$BF7)+(($BG7+($BH7-$BG7)*IF(VLOOKUP($R7,武学奇术!$A:$ZZ,31,FALSE)=1,$F$18,0.5))*IF($G$1="牵丝",$AP7,$AN7)+IF($G$1="牵丝",$AQ7*1.5,0))*(1+$BI7)*(1+$BJ7)+(($BK7+($BL7-$BK7)*IF(VLOOKUP($R7,武学奇术!$A:$ZZ,31,FALSE)=1,$F$18,0.5))*IF($G$1="破竹",$AP7,$AN7)+IF($G$1="破竹",$AQ7*1.5,0))*(1+$BM7)*(1+$BN7))*(1+$AR7)*$Q7*(1+IF(VLOOKUP($R7,武学奇术!$A:$ZZ,30,FALSE)="酩酊技",$B$21,0))*(1+$BW7) -> 8798.1534 | P7: =((($AT7*$AN7+$AO7)*(1+$AV7)*(1+$AW7)+($AY7*IF($G$1="鸣金",$AP7,$AN7)+IF($G$1="鸣金",$AQ7*1.5,0))*(1+$BA7)*(1+$BB7)+($BC7*IF($G$1="裂石",$AP7,$AN7)+IF($G$1="裂石",$AQ7*1.5,0))*(1+$BE7)*(1+$BF7)+($BG7*IF($G$1="牵丝",$AP7,$AN7)+IF($G$1="牵丝",$AQ7*1.5,0))*(1+$BI7)*(1+$BJ7)+($BK7*IF($G$1="破竹",$AP7,$AN7)+IF($G$1="破竹",$AQ7*1.5,0))*(1+$BM7)*(1+$BN7))*(1+$AR7))*$Q7*(1+IF(VLOOKUP($R7,武学奇术!$A:$ZZ,30,FALSE)="酩酊技",$B$21,0))*(1+$BW7) -> 7867.4286 | Q7: 1 | R7: 碧血为迎 | S7: N/a | T7: N/a | U7: N/a | V7: N/a | W7: N/a | X7: N/a | Y7: N/a | Z7: N/a | AA7: N/a | AB7: 小燕别(0%) | AC7: N/a | AD7: N/a | AE7: 裁云(拐) | AF7: 无惧 | AG7: N/a | AH7: N/a | AI7: N/a | AJ7: N/a | AK7: N/a | AL7: N/a | AM7: =VLOOKUP($R7,武学奇术!$A:$ZZ,25,FALSE) -> 双刀 | AN7: =VLOOKUP($R7,武学奇术!$A:$ZZ,26,FALSE) -> 0.6587 | AO7: =VLOOKUP($R7,武学奇术!$A:$ZZ,27,FALSE)*(1+IF(OR($AM7=$F$4,$AM7=$F$5),$B$22,0)) -> 292.8 | AP7: =VLOOKUP($R7,武学奇术!$A:$ZZ,28,FALSE) -> 0.9881 | AQ7: =VLOOKUP($R7,武学奇术!$A:$ZZ,29,FALSE)*(1+IF(OR($AM7=$F$4,$AM7=$F$5),$B$22,0)) -> 160 | AR7: {=$G$3+IFERROR(VLOOKUP($AM7,$F$4:$G$7,2,FALSE),0)+VLOOKUP($R7,武学奇术!$A:$ZZ,2,FALSE)+SUM(_xlfn.XLOOKUP($S7:$AL7,增益!$A:$A,增益!$B:$B,0))} -> 0.3543 | AS7: {=VLOOKUP($R7,武学奇术!$A:$ZZ,5,FALSE)+SUM(_xlfn.XLOOKUP($S7:$AL7,增益!$A:$A,增益!$E:$E,0))} -> 0 | AT7: {=$D$10*(1+$AS7)+VLOOKUP($R7,武学奇术!$A:$ZZ,3,FALSE)+SUM(_xlfn.XLOOKUP($S7:$AL7,增益!$A:$A,增益!$C:$C,0))-$I$2} -> 4371.3 | AU7: {=$E$10*(1+$AS7)+VLOOKUP($R7,武学奇术!$A:$ZZ,4,FALSE)+SUM(_xlfn.XLOOKUP($S7:$AL7,增益!$A:$A,增益!$D:$D,0))-$I$2} -> 4371.3 | AV7: {=IF($F$10-$I$3+VLOOKUP($R7,武学奇术!$A:$ZZ,6,FALSE)+SUM(_xlfn.XLOOKUP($S7:$AL7,增益!$A:$A,增益!$F:$F,0))>0,($F$10-$I$3+VLOOKUP($R7,武学奇术!$A:$ZZ,6,FALSE)+SUM(_xlfn.XLOOKUP($S7:$AL7,增益!$A:$A,增益!$F:$F,0)))/200,($F$10-$I$3+VLOOKUP($R7,武学奇术!$A:$ZZ,6,FALSE)+SUM(_xlfn.XLOOKUP($S7:$AL7,增益!$A:$A,增益!$F:$F,0)))/100)} -> 0.2885 | AW7: {=$G$10+VLOOKUP($R7,武学奇术!$A:$ZZ,7,FALSE)+SUM(_xlfn.XLOOKUP($S7:$AL7,增益!$A:$A,增益!$G:$G,0))} -> 0.025 | AX7: {=VLOOKUP($R7,武学奇术!$A:$ZZ,8,FALSE)+SUM(_xlfn.XLOOKUP($S7:$AL7,增益!$A:$A,增益!$H:$H,0))} -> 0 | AY7: =$D$11*(1+$AX7) -> 0 | AZ7: =$E$11*(1+$AX7) -> 0 | BA7: {=IF($F$11-$I$4+VLOOKUP($R7,武学奇术!$A:$ZZ,9,FALSE)+SUM(_xlfn.XLOOKUP($S7:$AL7,增益!$A:$A,增益!$I:$I,0))>0,($F$11-$I$4+VLOOKUP($R7,武学奇术!$A:$ZZ,9,FALSE)+SUM(_xlfn.XLOOKUP($S7:$AL7,增益!$A:$A,增益!$I:$I,0)))/200,($F$11-$I$4+VLOOKUP($R7,武学奇术!$A:$ZZ,9,FALSE)+SUM(_xlfn.XLOOKUP($S7:$AL7,增益!$A:$A,增益!$I:$I,0)))/100)} -> -0.24 | BB7: {=$G$11+VLOOKUP($R7,武学奇术!$A:$ZZ,10,FALSE)+SUM(_xlfn.XLOOKUP($S7:$AL7,增益!$A:$A,增益!$J:$J,0))} -> 0 | BC7: =$D$12*(1+$AX7) -> 0 | BD7: =$E$12*(1+$AX7) -> 0 | BE7: {=IF($F$12-$I$4+VLOOKUP($R7,武学奇术!$A:$ZZ,11,FALSE)+SUM(_xlfn.XLOOKUP($S7:$AL7,增益!$A:$A,增益!$K:$K,0))>0,($F$12-$I$4+VLOOKUP($R7,武学奇术!$A:$ZZ,11,FALSE)+SUM(_xlfn.XLOOKUP($S7:$AL7,增益!$A:$A,增益!$K:$K,0)))/200,($F$12-$I$4+VLOOKUP($R7,武学奇术!$A:$ZZ,11,FALSE)+SUM(_xlfn.XLOOKUP($S7:$AL7,增益!$A:$A,增益!$K:$K,0)))/100)} -> -0.24 | BF7: {=$G$12+VLOOKUP($R7,武学奇术!$A:$ZZ,12,FALSE)+SUM(_xlfn.XLOOKUP($S7:$AL7,增益!$A:$A,增益!$L:$L,0))} -> 0 | BG7: =$D$13*(1+$AX7) -> 0 | BH7: =$E$13*(1+$AX7) -> 0 | BI7: {=IF($F$13-$I$4+VLOOKUP($R7,武学奇术!$A:$ZZ,13,FALSE)+SUM(_xlfn.XLOOKUP($S7:$AL7,增益!$A:$A,增益!$M:$M,0))>0,($F$13-$I$4+VLOOKUP($R7,武学奇术!$A:$ZZ,13,FALSE)+SUM(_xlfn.XLOOKUP($S7:$AL7,增益!$A:$A,增益!$K:$K,0)))/200,($F$13-$I$4+VLOOKUP($R7,武学奇术!$A:$ZZ,13,FALSE)+SUM(_xlfn.XLOOKUP($S7:$AL7,增益!$A:$A,增益!$M:$M,0)))/100)} -> -0.24 | BJ7: {=$G$13+VLOOKUP($R7,武学奇术!$A:$ZZ,14,FALSE)+SUM(_xlfn.XLOOKUP($S7:$AL7,增益!$A:$A,增益!$N:$N,0))} -> 0 | BK7: =$D$14*(1+$AX7) -> 649.11 | BL7: =$E$14*(1+$AX7) -> 1707.09 | BM7: {=IF($F$14-$I$4+VLOOKUP($R7,武学奇术!$A:$ZZ,15,FALSE)+SUM(_xlfn.XLOOKUP($S7:$AL7,增益!$A:$A,增益!$O:$O,0))>0,($F$14-$I$4+VLOOKUP($R7,武学奇术!$A:$ZZ,15,FALSE)+SUM(_xlfn.XLOOKUP($S7:$AL7,增益!$A:$A,增益!$O:$O,0)))/200,($F$14-$I$4+VLOOKUP($R7,武学奇术!$A:$ZZ,15,FALSE)+SUM(_xlfn.XLOOKUP($S7:$AL7,增益!$A:$A,增益!$O:$O,0)))/100)} -> 0.03 | BN7: {=$G$14+VLOOKUP($R7,武学奇术!$A:$ZZ,16,FALSE)+SUM(_xlfn.XLOOKUP($S7:$AL7,增益!$A:$A,增益!$P:$P,0))} -> 0.15 | BO7: =MIN(IF(VLOOKUP($R7,武学奇术!$A:$ZZ,23,FALSE)=1,100%,$B$8),100%) -> 0.9771 | BP7: {=IF(VLOOKUP($R7,武学奇术!$A:$ZZ,23,FALSE)=1,100%,MIN(80%,$B$9+VLOOKUP($R7,武学奇术!$A:$ZZ,17,FALSE)+SUM(_xlfn.XLOOKUP($S7:$AL7,增益!$A:$A,增益!$Q:$Q,0)))+$B$11+SUM(_xlfn.XLOOKUP($S7:$AL7,增益!$A:$A,增益!$U:$U,0)))*IF(VLOOKUP($R7,武学奇术!$A:$ZZ,24,FALSE)=1,0,1)+MIN(IF(VLOOKUP($R7,武学奇术!$A:$ZZ,32,FALSE)=1,IF(VLOOKUP($R7,武学奇术!$A:$ZZ,24,FALSE)=1,100%,MIN(40%,$B$10+VLOOKUP($R7,武学奇术!$A:$ZZ,19,FALSE)+SUM(_xlfn.XLOOKUP($S7:$AL7,增益!$A:$A,增益!$S:$S,0)))+$B$12+SUM(_xlfn.XLOOKUP($S7:$AL7,增益!$A:$A,增益!$V:$V,0))),0),12%)} -> 0.8861 | BQ7: {=1+$B$13+VLOOKUP($R7,武学奇术!$A:$ZZ,18,FALSE)+SUM(_xlfn.XLOOKUP($S7:$AL7,增益!$A:$A,增益!$R:$R,0))} -> 1.54 | BR7: {=MAX(IF(VLOOKUP($R7,武学奇术!$A:$ZZ,24,FALSE)=1,100%,MIN(40%,$B$10+VLOOKUP($R7,武学奇术!$A:$ZZ,19,FALSE)+SUM(_xlfn.XLOOKUP($S7:$AL7,增益!$A:$A,增益!$S:$S,0)))+$B$12+SUM(_xlfn.XLOOKUP($S7:$AL7,增益!$A:$A,增益!$V:$V,0)))*IF(VLOOKUP($R7,武学奇术!$A:$ZZ,23,FALSE)=1,0,1)-IF(VLOOKUP($R7,武学奇术!$A:$ZZ,32,FALSE)=1,12%,0),0)} -> 0.0913 | BS7: {=1+$B$14+VLOOKUP($R7,武学奇术!$A:$ZZ,20,FALSE)+SUM(_xlfn.XLOOKUP($S7:$AL7,增益!$A:$A,增益!$T:$T,0))} -> 1.35 | BT7: =MIN((1-BR7)*BO7,BO7*BP7) -> 0.86580831 | BU7: =1-BR7-BT7-BV7 -> 0.02208246 | BV7: =IF(VLOOKUP($R7,武学奇术!$A:$ZZ,22,FALSE)=1,0,(1-$BO7))*(1-$BR7) -> 0.02080923 | BW7: {=SUM(_xlfn.XLOOKUP($S7:$AL7,增益!$A:$A,增益!$W:$W,0))+$I$5} -> 0.11 | BX7: {=SUM(_xlfn.XLOOKUP($S7:$AL7,增益!$A:$A,增益!$X:$X,0))} -> 0
A8: 精准率 | B8: 0.9771 | C8: 实际属性 | H8: 战斗时间 | I8: 100.5 | K8: =$L8*VLOOKUP($R8,武学奇术!$A:$ZZ,31,FALSE) -> 30953.515 | L8: =($M8*$BT8+$N8*$BR8+$O8*$BU8+$P8*$BV8) -> 30953.515 | M8: =((($AT8+($AU8-$AT8)*IF(VLOOKUP($R8,武学奇术!$A:$ZZ,31,FALSE)=1,$F$18,0.5))*$AN8+$AO8)*(1+$AV8)*(1+$AW8)+(($AY8+($AZ8-$AY8)*IF(VLOOKUP($R8,武学奇术!$A:$ZZ,31,FALSE)=1,$F$18,0.5))*IF($G$1="鸣金",$AP8,$AN8)+IF($G$1="鸣金",$AQ8*1.5,0))*(1+$BA8)*(1+$BB8)+(($BC8+($BD8-$BC8)*IF(VLOOKUP($R8,武学奇术!$A:$ZZ,31,FALSE)=1,$F$18,0.5))*IF($G$1="裂石",$AP8,$AN8)+IF($G$1="裂石",$AQ8*1.5,0))*(1+$BE8)*(1+$BF8)+(($BG8+($BH8-$BG8)*IF(VLOOKUP($R8,武学奇术!$A:$ZZ,31,FALSE)=1,$F$18,0.5))*IF($G$1="牵丝",$AP8,$AN8)+IF($G$1="牵丝",$AQ8*1.5,0))*(1+$BI8)*(1+$BJ8)+(($BK8+($BL8-$BK8)*IF(VLOOKUP($R8,武学奇术!$A:$ZZ,31,FALSE)=1,$F$18,0.5))*IF($G$1="破竹",$AP8,$AN8)+IF($G$1="破竹",$AQ8*1.5,0))*(1+$BM8)*(1+$BN8))*(1+$AR8)*$BQ8*$Q8*(1+IF(VLOOKUP($R8,武学奇术!$A:$ZZ,30,FALSE)="酩酊技",$B$21,0))*(1+$BW8) -> 31691.259 | N8: =(($AU8*$AN8+$AO8)*(1+$AV8)*(1+$AW8)+($AZ8*IF($G$1="鸣金",$AP8,$AN8)+IF($G$1="鸣金",$AQ8*1.5,0))*(1+$BA8)*(1+$BB8)+($BD8*IF($G$1="裂石",$AP8,$AN8)+IF($G$1="裂石",$AQ8*1.5,0))*(1+$BE8)*(1+$BF8)+($BH8*IF($G$1="牵丝",$AP8,$AN8)+IF($G$1="牵丝",$AQ8*1.5,0))*(1+$BI8)*(1+$BJ8)+($BL8*IF($G$1="破竹",$AP8,$AN8)+IF($G$1="破竹",$AQ8*1.5,0))*(1+$BM8)*(1+$BN8))*(1+$AR8)*$BS8*$Q8*(1+IF(VLOOKUP($R8,武学奇术!$A:$ZZ,30,FALSE)="酩酊技",$B$21,0))*(1+$BW8) -> 29692.431 | O8: =((($AT8+($AU8-$AT8)*IF(VLOOKUP($R8,武学奇术!$A:$ZZ,31,FALSE)=1,$F$18,0.5))*$AN8+$AO8)*(1+$AV8)*(1+$AW8)+(($AY8+($AZ8-$AY8)*IF(VLOOKUP($R8,武学奇术!$A:$ZZ,31,FALSE)=1,$F$18,0.5))*IF($G$1="鸣金",$AP8,$AN8)+IF($G$1="鸣金",$AQ8*1.5,0))*(1+$BA8)*(1+$BB8)+(($BC8+($BD8-$BC8)*IF(VLOOKUP($R8,武学奇术!$A:$ZZ,31,FALSE)=1,$F$18,0.5))*IF($G$1="裂石",$AP8,$AN8)+IF($G$1="裂石",$AQ8*1.5,0))*(1+$BE8)*(1+$BF8)+(($BG8+($BH8-$BG8)*IF(VLOOKUP($R8,武学奇术!$A:$ZZ,31,FALSE)=1,$F$18,0.5))*IF($G$1="牵丝",$AP8,$AN8)+IF($G$1="牵丝",$AQ8*1.5,0))*(1+$BI8)*(1+$BJ8)+(($BK8+($BL8-$BK8)*IF(VLOOKUP($R8,武学奇术!$A:$ZZ,31,FALSE)=1,$F$18,0.5))*IF($G$1="破竹",$AP8,$AN8)+IF($G$1="破竹",$AQ8*1.5,0))*(1+$BM8)*(1+$BN8))*(1+$AR8)*$Q8*(1+IF(VLOOKUP($R8,武学奇术!$A:$ZZ,30,FALSE)="酩酊技",$B$21,0))*(1+$BW8) -> 19807.037 | P8: =((($AT8*$AN8+$AO8)*(1+$AV8)*(1+$AW8)+($AY8*IF($G$1="鸣金",$AP8,$AN8)+IF($G$1="鸣金",$AQ8*1.5,0))*(1+$BA8)*(1+$BB8)+($BC8*IF($G$1="裂石",$AP8,$AN8)+IF($G$1="裂石",$AQ8*1.5,0))*(1+$BE8)*(1+$BF8)+($BG8*IF($G$1="牵丝",$AP8,$AN8)+IF($G$1="牵丝",$AQ8*1.5,0))*(1+$BI8)*(1+$BJ8)+($BK8*IF($G$1="破竹",$AP8,$AN8)+IF($G$1="破竹",$AQ8*1.5,0))*(1+$BM8)*(1+$BN8))*(1+$AR8))*$Q8*(1+IF(VLOOKUP($R8,武学奇术!$A:$ZZ,30,FALSE)="酩酊技",$B$21,0))*(1+$BW8) -> 17619.681 | Q8: 1 | R8: 双刀Q1 | S8: 易水歌1层 | T8: 沧海帖1层 | U8: 离猎 | V8: 浅醉 | W8: 醉意增伤 | X8: N/a | Y8: 惧刃(拐) | Z8: N/a | AA8: N/a | AB8: 燕别(0%) | AC8: 扶风(拐) | AD8: N/a | AE8: 裁云(拐) | AF8: 无惧 | AG8: N/a | AH8: N/a | AI8: N/a | AJ8: N/a | AK8: N/a | AL8: N/a | AM8: =VLOOKUP($R8,武学奇术!$A:$ZZ,25,FALSE) -> 双刀 | AN8: =VLOOKUP($R8,武学奇术!$A:$ZZ,26,FALSE) -> 1.2672 | AO8: =VLOOKUP($R8,武学奇术!$A:$ZZ,27,FALSE)*(1+IF(OR($AM8=$F$4,$AM8=$F$5),$B$22,0)) -> 562.56 | AP8: =VLOOKUP($R8,武学奇术!$A:$ZZ,28,FALSE) -> 1.90092 | AQ8: =VLOOKUP($R8,武学奇术!$A:$ZZ,29,FALSE)*(1+IF(OR($AM8=$F$4,$AM8=$F$5),$B$22,0)) -> 307.2 | AR8: {=$G$3+IFERROR(VLOOKUP($AM8,$F$4:$G$7,2,FALSE),0)+VLOOKUP($R8,武学奇术!$A:$ZZ,2,FALSE)+SUM(_xlfn.XLOOKUP($S8:$AL8,增益!$A:$A,增益!$B:$B,0))} -> 0.3643 | AS8: {=VLOOKUP($R8,武学奇术!$A:$ZZ,5,FALSE)+SUM(_xlfn.XLOOKUP($S8:$AL8,增益!$A:$A,增益!$E:$E,0))} -> 0 | AT8: {=$D$10*(1+$AS8)+VLOOKUP($R8,武学奇术!$A:$ZZ,3,FALSE)+SUM(_xlfn.XLOOKUP($S8:$AL8,增益!$A:$A,增益!$C:$C,0))-$I$2} -> 4371.3 | AU8: {=$E$10*(1+$AS8)+VLOOKUP($R8,武学奇术!$A:$ZZ,4,FALSE)+SUM(_xlfn.XLOOKUP($S8:$AL8,增益!$A:$A,增益!$D:$D,0))-$I$2} -> 4371.3 | AV8: {=IF($F$10-$I$3+VLOOKUP($R8,武学奇术!$A:$ZZ,6,FALSE)+SUM(_xlfn.XLOOKUP($S8:$AL8,增益!$A:$A,增益!$F:$F,0))>0,($F$10-$I$3+VLOOKUP($R8,武学奇术!$A:$ZZ,6,FALSE)+SUM(_xlfn.XLOOKUP($S8:$AL8,增益!$A:$A,增益!$F:$F,0)))/200,($F$10-$I$3+VLOOKUP($R8,武学奇术!$A:$ZZ,6,FALSE)+SUM(_xlfn.XLOOKUP($S8:$AL8,增益!$A:$A,增益!$F:$F,0)))/100)} -> 0.3285 | AW8: {=$G$10+VLOOKUP($R8,武学奇术!$A:$ZZ,7,FALSE)+SUM(_xlfn.XLOOKUP($S8:$AL8,增益!$A:$A,增益!$G:$G,0))} -> 0.135 | AX8: {=VLOOKUP($R8,武学奇术!$A:$ZZ,8,FALSE)+SUM(_xlfn.XLOOKUP($S8:$AL8,增益!$A:$A,增益!$H:$H,0))} -> 0 | AY8: =$D$11*(1+$AX8) -> 0 | AZ8: =$E$11*(1+$AX8) -> 0 | BA8: {=IF($F$11-$I$4+VLOOKUP($R8,武学奇术!$A:$ZZ,9,FALSE)+SUM(_xlfn.XLOOKUP($S8:$AL8,增益!$A:$A,增益!$I:$I,0))>0,($F$11-$I$4+VLOOKUP($R8,武学奇术!$A:$ZZ,9,FALSE)+SUM(_xlfn.XLOOKUP($S8:$AL8,增益!$A:$A,增益!$I:$I,0)))/200,($F$11-$I$4+VLOOKUP($R8,武学奇术!$A:$ZZ,9,FALSE)+SUM(_xlfn.XLOOKUP($S8:$AL8,增益!$A:$A,增益!$I:$I,0)))/100)} -> -0.02 | BB8: {=$G$11+VLOOKUP($R8,武学奇术!$A:$ZZ,10,FALSE)+SUM(_xlfn.XLOOKUP($S8:$AL8,增益!$A:$A,增益!$J:$J,0))} -> 0.02 | BC8: =$D$12*(1+$AX8) -> 0 | BD8: =$E$12*(1+$AX8) -> 0 | BE8: {=IF($F$12-$I$4+VLOOKUP($R8,武学奇术!$A:$ZZ,11,FALSE)+SUM(_xlfn.XLOOKUP($S8:$AL8,增益!$A:$A,增益!$K:$K,0))>0,($F$12-$I$4+VLOOKUP($R8,武学奇术!$A:$ZZ,11,FALSE)+SUM(_xlfn.XLOOKUP($S8:$AL8,增益!$A:$A,增益!$K:$K,0)))/200,($F$12-$I$4+VLOOKUP($R8,武学奇术!$A:$ZZ,11,FALSE)+SUM(_xlfn.XLOOKUP($S8:$AL8,增益!$A:$A,增益!$K:$K,0)))/100)} -> -0.02 | BF8: {=$G$12+VLOOKUP($R8,武学奇术!$A:$ZZ,12,FALSE)+SUM(_xlfn.XLOOKUP($S8:$AL8,增益!$A:$A,增益!$L:$L,0))} -> 0.02 | BG8: =$D$13*(1+$AX8) -> 0 | BH8: =$E$13*(1+$AX8) -> 0 | BI8: {=IF($F$13-$I$4+VLOOKUP($R8,武学奇术!$A:$ZZ,13,FALSE)+SUM(_xlfn.XLOOKUP($S8:$AL8,增益!$A:$A,增益!$M:$M,0))>0,($F$13-$I$4+VLOOKUP($R8,武学奇术!$A:$ZZ,13,FALSE)+SUM(_xlfn.XLOOKUP($S8:$AL8,增益!$A:$A,增益!$K:$K,0)))/200,($F$13-$I$4+VLOOKUP($R8,武学奇术!$A:$ZZ,13,FALSE)+SUM(_xlfn.XLOOKUP($S8:$AL8,增益!$A:$A,增益!$M:$M,0)))/100)} -> -0.02 | BJ8: {=$G$13+VLOOKUP($R8,武学奇术!$A:$ZZ,14,FALSE)+SUM(_xlfn.XLOOKUP($S8:$AL8,增益!$A:$A,增益!$N:$N,0))} -> 0.02 | BK8: =$D$14*(1+$AX8) -> 649.11 | BL8: =$E$14*(1+$AX8) -> 1707.09 | BM8: {=IF($F$14-$I$4+VLOOKUP($R8,武学奇术!$A:$ZZ,15,FALSE)+SUM(_xlfn.XLOOKUP($S8:$AL8,增益!$A:$A,增益!$O:$O,0))>0,($F$14-$I$4+VLOOKUP($R8,武学奇术!$A:$ZZ,15,FALSE)+SUM(_xlfn.XLOOKUP($S8:$AL8,增益!$A:$A,增益!$O:$O,0)))/200,($F$14-$I$4+VLOOKUP($R8,武学奇术!$A:$ZZ,15,FALSE)+SUM(_xlfn.XLOOKUP($S8:$AL8,增益!$A:$A,增益!$O:$O,0)))/100)} -> 0.14 | BN8: {=$G$14+VLOOKUP($R8,武学奇术!$A:$ZZ,16,FALSE)+SUM(_xlfn.XLOOKUP($S8:$AL8,增益!$A:$A,增益!$P:$P,0))} -> 0.26 | BO8: =MIN(IF(VLOOKUP($R8,武学奇术!$A:$ZZ,23,FALSE)=1,100%,$B$8),100%) -> 0.9771 | BP8: {=IF(VLOOKUP($R8,武学奇术!$A:$ZZ,23,FALSE)=1,100%,MIN(80%,$B$9+VLOOKUP($R8,武学奇术!$A:$ZZ,17,FALSE)+SUM(_xlfn.XLOOKUP($S8:$AL8,增益!$A:$A,增益!$Q:$Q,0)))+$B$11+SUM(_xlfn.XLOOKUP($S8:$AL8,增益!$A:$A,增益!$U:$U,0)))*IF(VLOOKUP($R8,武学奇术!$A:$ZZ,24,FALSE)=1,0,1)+MIN(IF(VLOOKUP($R8,武学奇术!$A:$ZZ,32,FALSE)=1,IF(VLOOKUP($R8,武学奇术!$A:$ZZ,24,FALSE)=1,100%,MIN(40%,$B$10+VLOOKUP($R8,武学奇术!$A:$ZZ,19,FALSE)+SUM(_xlfn.XLOOKUP($S8:$AL8,增益!$A:$A,增益!$S:$S,0)))+$B$12+SUM(_xlfn.XLOOKUP($S8:$AL8,增益!$A:$A,增益!$V:$V,0))),0),12%)} -> 0.8861 | BQ8: {=1+$B$13+VLOOKUP($R8,武学奇术!$A:$ZZ,18,FALSE)+SUM(_xlfn.XLOOKUP($S8:$AL8,增益!$A:$A,增益!$R:$R,0))} -> 1.6 | BR8: {=MAX(IF(VLOOKUP($R8,武学奇术!$A:$ZZ,24,FALSE)=1,100%,MIN(40%,$B$10+VLOOKUP($R8,武学奇术!$A:$ZZ,19,FALSE)+SUM(_xlfn.XLOOKUP($S8:$AL8,增益!$A:$A,增益!$S:$S,0)))+$B$12+SUM(_xlfn.XLOOKUP($S8:$AL8,增益!$A:$A,增益!$V:$V,0)))*IF(VLOOKUP($R8,武学奇术!$A:$ZZ,23,FALSE)=1,0,1)-IF(VLOOKUP($R8,武学奇术!$A:$ZZ,32,FALSE)=1,12%,0),0)} -> 0.0913 | BS8: {=1+$B$14+VLOOKUP($R8,武学奇术!$A:$ZZ,20,FALSE)+SUM(_xlfn.XLOOKUP($S8:$AL8,增益!$A:$A,增益!$T:$T,0))} -> 1.35 | BT8: =MIN((1-BR8)*BO8,BO8*BP8) -> 0.86580831 | BU8: =1-BR8-BT8-BV8 -> 0.02208246 | BV8: =IF(VLOOKUP($R8,武学奇术!$A:$ZZ,22,FALSE)=1,0,(1-$BO8))*(1-$BR8) -> 0.02080923 | BW8: {=SUM(_xlfn.XLOOKUP($S8:$AL8,增益!$A:$A,增益!$W:$W,0))+$I$5} -> 0.11 | BX8: {=SUM(_xlfn.XLOOKUP($S8:$AL8,增益!$A:$A,增益!$X:$X,0))} -> 0
A9: 会心率 | B9: 0.7941 | D9: 最小攻击 | E9: 最大攻击 | F9: 穿透 | G9: 伤害加成 | K9: =$L9*VLOOKUP($R9,武学奇术!$A:$ZZ,31,FALSE) -> 129322.92 | L9: =($M9*$BT9+$N9*$BR9+$O9*$BU9+$P9*$BV9) -> 129322.92 | M9: =((($AT9+($AU9-$AT9)*IF(VLOOKUP($R9,武学奇术!$A:$ZZ,31,FALSE)=1,$F$18,0.5))*$AN9+$AO9)*(1+$AV9)*(1+$AW9)+(($AY9+($AZ9-$AY9)*IF(VLOOKUP($R9,武学奇术!$A:$ZZ,31,FALSE)=1,$F$18,0.5))*IF($G$1="鸣金",$AP9,$AN9)+IF($G$1="鸣金",$AQ9*1.5,0))*(1+$BA9)*(1+$BB9)+(($BC9+($BD9-$BC9)*IF(VLOOKUP($R9,武学奇术!$A:$ZZ,31,FALSE)=1,$F$18,0.5))*IF($G$1="裂石",$AP9,$AN9)+IF($G$1="裂石",$AQ9*1.5,0))*(1+$BE9)*(1+$BF9)+(($BG9+($BH9-$BG9)*IF(VLOOKUP($R9,武学奇术!$A:$ZZ,31,FALSE)=1,$F$18,0.5))*IF($G$1="牵丝",$AP9,$AN9)+IF($G$1="牵丝",$AQ9*1.5,0))*(1+$BI9)*(1+$BJ9)+(($BK9+($BL9-$BK9)*IF(VLOOKUP($R9,武学奇术!$A:$ZZ,31,FALSE)=1,$F$18,0.5))*IF($G$1="破竹",$AP9,$AN9)+IF($G$1="破竹",$AQ9*1.5,0))*(1+$BM9)*(1+$BN9))*(1+$AR9)*$BQ9*$Q9*(1+IF(VLOOKUP($R9,武学奇术!$A:$ZZ,30,FALSE)="酩酊技",$B$21,0))*(1+$BW9) -> 134826.31 | N9: =(($AU9*$AN9+$AO9)*(1+$AV9)*(1+$AW9)+($AZ9*IF($G$1="鸣金",$AP9,$AN9)+IF($G$1="鸣金",$AQ9*1.5,0))*(1+$BA9)*(1+$BB9)+($BD9*IF($G$1="裂石",$AP9,$AN9)+IF($G$1="裂石",$AQ9*1.5,0))*(1+$BE9)*(1+$BF9)+($BH9*IF($G$1="牵丝",$AP9,$AN9)+IF($G$1="牵丝",$AQ9*1.5,0))*(1+$BI9)*(1+$BJ9)+($BL9*IF($G$1="破竹",$AP9,$AN9)+IF($G$1="破竹",$AQ9*1.5,0))*(1+$BM9)*(1+$BN9))*(1+$AR9)*$BS9*$Q9*(1+IF(VLOOKUP($R9,武学奇术!$A:$ZZ,30,FALSE)="酩酊技",$B$21,0))*(1+$BW9) -> 106329.36 | O9: =((($AT9+($AU9-$AT9)*IF(VLOOKUP($R9,武学奇术!$A:$ZZ,31,FALSE)=1,$F$18,0.5))*$AN9+$AO9)*(1+$AV9)*(1+$AW9)+(($AY9+($AZ9-$AY9)*IF(VLOOKUP($R9,武学奇术!$A:$ZZ,31,FALSE)=1,$F$18,0.5))*IF($G$1="鸣金",$AP9,$AN9)+IF($G$1="鸣金",$AQ9*1.5,0))*(1+$BA9)*(1+$BB9)+(($BC9+($BD9-$BC9)*IF(VLOOKUP($R9,武学奇术!$A:$ZZ,31,FALSE)=1,$F$18,0.5))*IF($G$1="裂石",$AP9,$AN9)+IF($G$1="裂石",$AQ9*1.5,0))*(1+$BE9)*(1+$BF9)+(($BG9+($BH9-$BG9)*IF(VLOOKUP($R9,武学奇术!$A:$ZZ,31,FALSE)=1,$F$18,0.5))*IF($G$1="牵丝",$AP9,$AN9)+IF($G$1="牵丝",$AQ9*1.5,0))*(1+$BI9)*(1+$BJ9)+(($BK9+($BL9-$BK9)*IF(VLOOKUP($R9,武学奇术!$A:$ZZ,31,FALSE)=1,$F$18,0.5))*IF($G$1="破竹",$AP9,$AN9)+IF($G$1="破竹",$AQ9*1.5,0))*(1+$BM9)*(1+$BN9))*(1+$AR9)*$Q9*(1+IF(VLOOKUP($R9,武学奇术!$A:$ZZ,30,FALSE)="酩酊技",$B$21,0))*(1+$BW9) -> 70961.218 | P9: =((($AT9*$AN9+$AO9)*(1+$AV9)*(1+$AW9)+($AY9*IF($G$1="鸣金",$AP9,$AN9)+IF($G$1="鸣金",$AQ9*1.5,0))*(1+$BA9)*(1+$BB9)+($BC9*IF($G$1="裂石",$AP9,$AN9)+IF($G$1="裂石",$AQ9*1.5,0))*(1+$BE9)*(1+$BF9)+($BG9*IF($G$1="牵丝",$AP9,$AN9)+IF($G$1="牵丝",$AQ9*1.5,0))*(1+$BI9)*(1+$BJ9)+($BK9*IF($G$1="破竹",$AP9,$AN9)+IF($G$1="破竹",$AQ9*1.5,0))*(1+$BM9)*(1+$BN9))*(1+$AR9))*$Q9*(1+IF(VLOOKUP($R9,武学奇术!$A:$ZZ,30,FALSE)="酩酊技",$B$21,0))*(1+$BW9) -> 63159.946 | Q9: 1 | R9: 拳甲Q2 | S9: 易水歌2层 | T9: 沧海帖1层 | U9: 离猎 | V9: 浅醉 | W9: 醉意增伤 | X9: 近战笛 | Y9: 惧刃(拐) | Z9: N/a | AA9: N/a | AB9: 燕别(0%) | AC9: 扶风(拐) | AD9: N/a | AE9: 裁云(拐) | AF9: 无惧 | AG9: N/a | AH9: N/a | AI9: N/a | AJ9: N/a | AK9: N/a | AL9: N/a | AM9: =VLOOKUP($R9,武学奇术!$A:$ZZ,25,FALSE) -> 拳甲 | AN9: =VLOOKUP($R9,武学奇术!$A:$ZZ,26,FALSE) -> 4.26944 | AO9: =VLOOKUP($R9,武学奇术!$A:$ZZ,27,FALSE)*(1+IF(OR($AM9=$F$4,$AM9=$F$5),$B$22,0)) -> 1890.56 | AP9: =VLOOKUP($R9,武学奇术!$A:$ZZ,28,FALSE) -> 6.40416 | AQ9: =VLOOKUP($R9,武学奇术!$A:$ZZ,29,FALSE)*(1+IF(OR($AM9=$F$4,$AM9=$F$5),$B$22,0)) -> 1021.44 | AR9: {=$G$3+IFERROR(VLOOKUP($AM9,$F$4:$G$7,2,FALSE),0)+VLOOKUP($R9,武学奇术!$A:$ZZ,2,FALSE)+SUM(_xlfn.XLOOKUP($S9:$AL9,增益!$A:$A,增益!$B:$B,0))} -> 0.4443 | AS9: {=VLOOKUP($R9,武学奇术!$A:$ZZ,5,FALSE)+SUM(_xlfn.XLOOKUP($S9:$AL9,增益!$A:$A,增益!$E:$E,0))} -> 0 | AT9: {=$D$10*(1+$AS9)+VLOOKUP($R9,武学奇术!$A:$ZZ,3,FALSE)+SUM(_xlfn.XLOOKUP($S9:$AL9,增益!$A:$A,增益!$C:$C,0))-$I$2} -> 4371.3 | AU9: {=$E$10*(1+$AS9)+VLOOKUP($R9,武学奇术!$A:$ZZ,4,FALSE)+SUM(_xlfn.XLOOKUP($S9:$AL9,增益!$A:$A,增益!$D:$D,0))-$I$2} -> 4371.3 | AV9: {=IF($F$10-$I$3+VLOOKUP($R9,武学奇术!$A:$ZZ,6,FALSE)+SUM(_xlfn.XLOOKUP($S9:$AL9,增益!$A:$A,增益!$F:$F,0))>0,($F$10-$I$3+VLOOKUP($R9,武学奇术!$A:$ZZ,6,FALSE)+SUM(_xlfn.XLOOKUP($S9:$AL9,增益!$A:$A,增益!$F:$F,0)))/200,($F$10-$I$3+VLOOKUP($R9,武学奇术!$A:$ZZ,6,FALSE)+SUM(_xlfn.XLOOKUP($S9:$AL9,增益!$A:$A,增益!$F:$F,0)))/100)} -> 0.3385 | AW9: {=$G$10+VLOOKUP($R9,武学奇术!$A:$ZZ,7,FALSE)+SUM(_xlfn.XLOOKUP($S9:$AL9,增益!$A:$A,增益!$G:$G,0))} -> 0.135 | AX9: {=VLOOKUP($R9,武学奇术!$A:$ZZ,8,FALSE)+SUM(_xlfn.XLOOKUP($S9:$AL9,增益!$A:$A,增益!$H:$H,0))} -> 0 | AY9: =$D$11*(1+$AX9) -> 0 | AZ9: =$E$11*(1+$AX9) -> 0 | BA9: {=IF($F$11-$I$4+VLOOKUP($R9,武学奇术!$A:$ZZ,9,FALSE)+SUM(_xlfn.XLOOKUP($S9:$AL9,增益!$A:$A,增益!$I:$I,0))>0,($F$11-$I$4+VLOOKUP($R9,武学奇术!$A:$ZZ,9,FALSE)+SUM(_xlfn.XLOOKUP($S9:$AL9,增益!$A:$A,增益!$I:$I,0)))/200,($F$11-$I$4+VLOOKUP($R9,武学奇术!$A:$ZZ,9,FALSE)+SUM(_xlfn.XLOOKUP($S9:$AL9,增益!$A:$A,增益!$I:$I,0)))/100)} -> -0.02 | BB9: {=$G$11+VLOOKUP($R9,武学奇术!$A:$ZZ,10,FALSE)+SUM(_xlfn.XLOOKUP($S9:$AL9,增益!$A:$A,增益!$J:$J,0))} -> 0.02 | BC9: =$D$12*(1+$AX9) -> 0 | BD9: =$E$12*(1+$AX9) -> 0 | BE9: {=IF($F$12-$I$4+VLOOKUP($R9,武学奇术!$A:$ZZ,11,FALSE)+SUM(_xlfn.XLOOKUP($S9:$AL9,增益!$A:$A,增益!$K:$K,0))>0,($F$12-$I$4+VLOOKUP($R9,武学奇术!$A:$ZZ,11,FALSE)+SUM(_xlfn.XLOOKUP($S9:$AL9,增益!$A:$A,增益!$K:$K,0)))/200,($F$12-$I$4+VLOOKUP($R9,武学奇术!$A:$ZZ,11,FALSE)+SUM(_xlfn.XLOOKUP($S9:$AL9,增益!$A:$A,增益!$K:$K,0)))/100)} -> -0.02 | BF9: {=$G$12+VLOOKUP($R9,武学奇术!$A:$ZZ,12,FALSE)+SUM(_xlfn.XLOOKUP($S9:$AL9,增益!$A:$A,增益!$L:$L,0))} -> 0.02 | BG9: =$D$13*(1+$AX9) -> 0 | BH9: =$E$13*(1+$AX9) -> 0 | BI9: {=IF($F$13-$I$4+VLOOKUP($R9,武学奇术!$A:$ZZ,13,FALSE)+SUM(_xlfn.XLOOKUP($S9:$AL9,增益!$A:$A,增益!$M:$M,0))>0,($F$13-$I$4+VLOOKUP($R9,武学奇术!$A:$ZZ,13,FALSE)+SUM(_xlfn.XLOOKUP($S9:$AL9,增益!$A:$A,增益!$K:$K,0)))/200,($F$13-$I$4+VLOOKUP($R9,武学奇术!$A:$ZZ,13,FALSE)+SUM(_xlfn.XLOOKUP($S9:$AL9,增益!$A:$A,增益!$M:$M,0)))/100)} -> -0.02 | BJ9: {=$G$13+VLOOKUP($R9,武学奇术!$A:$ZZ,14,FALSE)+SUM(_xlfn.XLOOKUP($S9:$AL9,增益!$A:$A,增益!$N:$N,0))} -> 0.02 | BK9: =$D$14*(1+$AX9) -> 649.11 | BL9: =$E$14*(1+$AX9) -> 1707.09 | BM9: {=IF($F$14-$I$4+VLOOKUP($R9,武学奇术!$A:$ZZ,15,FALSE)+SUM(_xlfn.XLOOKUP($S9:$AL9,增益!$A:$A,增益!$O:$O,0))>0,($F$14-$I$4+VLOOKUP($R9,武学奇术!$A:$ZZ,15,FALSE)+SUM(_xlfn.XLOOKUP($S9:$AL9,增益!$A:$A,增益!$O:$O,0)))/200,($F$14-$I$4+VLOOKUP($R9,武学奇术!$A:$ZZ,15,FALSE)+SUM(_xlfn.XLOOKUP($S9:$AL9,增益!$A:$A,增益!$O:$O,0)))/100)} -> 0.14 | BN9: {=$G$14+VLOOKUP($R9,武学奇术!$A:$ZZ,16,FALSE)+SUM(_xlfn.XLOOKUP($S9:$AL9,增益!$A:$A,增益!$P:$P,0))} -> 0.26 | BO9: =MIN(IF(VLOOKUP($R9,武学奇术!$A:$ZZ,23,FALSE)=1,100%,$B$8),100%) -> 0.9771 | BP9: {=IF(VLOOKUP($R9,武学奇术!$A:$ZZ,23,FALSE)=1,100%,MIN(80%,$B$9+VLOOKUP($R9,武学奇术!$A:$ZZ,17,FALSE)+SUM(_xlfn.XLOOKUP($S9:$AL9,增益!$A:$A,增益!$Q:$Q,0)))+$B$11+SUM(_xlfn.XLOOKUP($S9:$AL9,增益!$A:$A,增益!$U:$U,0)))*IF(VLOOKUP($R9,武学奇术!$A:$ZZ,24,FALSE)=1,0,1)+MIN(IF(VLOOKUP($R9,武学奇术!$A:$ZZ,32,FALSE)=1,IF(VLOOKUP($R9,武学奇术!$A:$ZZ,24,FALSE)=1,100%,MIN(40%,$B$10+VLOOKUP($R9,武学奇术!$A:$ZZ,19,FALSE)+SUM(_xlfn.XLOOKUP($S9:$AL9,增益!$A:$A,增益!$S:$S,0)))+$B$12+SUM(_xlfn.XLOOKUP($S9:$AL9,增益!$A:$A,增益!$V:$V,0))),0),12%)} -> 0.8861 | BQ9: {=1+$B$13+VLOOKUP($R9,武学奇术!$A:$ZZ,18,FALSE)+SUM(_xlfn.XLOOKUP($S9:$AL9,增益!$A:$A,增益!$R:$R,0))} -> 1.9 | BR9: {=MAX(IF(VLOOKUP($R9,武学奇术!$A:$ZZ,24,FALSE)=1,100%,MIN(40%,$B$10+VLOOKUP($R9,武学奇术!$A:$ZZ,19,FALSE)+SUM(_xlfn.XLOOKUP($S9:$AL9,增益!$A:$A,增益!$S:$S,0)))+$B$12+SUM(_xlfn.XLOOKUP($S9:$AL9,增益!$A:$A,增益!$V:$V,0)))*IF(VLOOKUP($R9,武学奇术!$A:$ZZ,23,FALSE)=1,0,1)-IF(VLOOKUP($R9,武学奇术!$A:$ZZ,32,FALSE)=1,12%,0),0)} -> 0.0913 | BS9: {=1+$B$14+VLOOKUP($R9,武学奇术!$A:$ZZ,20,FALSE)+SUM(_xlfn.XLOOKUP($S9:$AL9,增益!$A:$A,增益!$T:$T,0))} -> 1.35 | BT9: =MIN((1-BR9)*BO9,BO9*BP9) -> 0.86580831 | BU9: =1-BR9-BT9-BV9 -> 0.02208246 | BV9: =IF(VLOOKUP($R9,武学奇术!$A:$ZZ,22,FALSE)=1,0,(1-$BO9))*(1-$BR9) -> 0.02080923 | BW9: {=SUM(_xlfn.XLOOKUP($S9:$AL9,增益!$A:$A,增益!$W:$W,0))+$I$5} -> 0.11 | BX9: {=SUM(_xlfn.XLOOKUP($S9:$AL9,增益!$A:$A,增益!$X:$X,0))} -> 0
A10: 会意率 | B10: 0.0913 | C10: 外功 | D10: =(B2+B23)*IF($G$2="倾觞",1.05,1) -> 4989.6 | E10: =MAX(B2+B23,C2+B24)*IF($G$2="倾觞",1.05,1) -> 4989.6 | F10: =D2 -> 58.7 | G10: =E2 -> 0.025 | H10: 总伤 | I10: =SUM(L:L) -> 17181722 | K10: =$L10*VLOOKUP($R10,武学奇术!$A:$ZZ,31,FALSE) -> 66595.556 | L10: =($M10*$BT10+$N10*$BR10+$O10*$BU10+$P10*$BV10) -> 41622.222 | M10: =((($AT10+($AU10-$AT10)*IF(VLOOKUP($R10,武学奇术!$A:$ZZ,31,FALSE)=1,$F$18,0.5))*$AN10+$AO10)*(1+$AV10)*(1+$AW10)+(($AY10+($AZ10-$AY10)*IF(VLOOKUP($R10,武学奇术!$A:$ZZ,31,FALSE)=1,$F$18,0.5))*IF($G$1="鸣金",$AP10,$AN10)+IF($G$1="鸣金",$AQ10*1.5,0))*(1+$BA10)*(1+$BB10)+(($BC10+($BD10-$BC10)*IF(VLOOKUP($R10,武学奇术!$A:$ZZ,31,FALSE)=1,$F$18,0.5))*IF($G$1="裂石",$AP10,$AN10)+IF($G$1="裂石",$AQ10*1.5,0))*(1+$BE10)*(1+$BF10)+(($BG10+($BH10-$BG10)*IF(VLOOKUP($R10,武学奇术!$A:$ZZ,31,FALSE)=1,$F$18,0.5))*IF($G$1="牵丝",$AP10,$AN10)+IF($G$1="牵丝",$AQ10*1.5,0))*(1+$BI10)*(1+$BJ10)+(($BK10+($BL10-$BK10)*IF(VLOOKUP($R10,武学奇术!$A:$ZZ,31,FALSE)=1,$F$18,0.5))*IF($G$1="破竹",$AP10,$AN10)+IF($G$1="破竹",$AQ10*1.5,0))*(1+$BM10)*(1+$BN10))*(1+$AR10)*$BQ10*$Q10*(1+IF(VLOOKUP($R10,武学奇术!$A:$ZZ,30,FALSE)="酩酊技",$B$21,0))*(1+$BW10) -> 42606.173 | N10: =(($AU10*$AN10+$AO10)*(1+$AV10)*(1+$AW10)+($AZ10*IF($G$1="鸣金",$AP10,$AN10)+IF($G$1="鸣金",$AQ10*1.5,0))*(1+$BA10)*(1+$BB10)+($BD10*IF($G$1="裂石",$AP10,$AN10)+IF($G$1="裂石",$AQ10*1.5,0))*(1+$BE10)*(1+$BF10)+($BH10*IF($G$1="牵丝",$AP10,$AN10)+IF($G$1="牵丝",$AQ10*1.5,0))*(1+$BI10)*(1+$BJ10)+($BL10*IF($G$1="破竹",$AP10,$AN10)+IF($G$1="破竹",$AQ10*1.5,0))*(1+$BM10)*(1+$BN10))*(1+$AR10)*$BS10*$Q10*(1+IF(VLOOKUP($R10,武学奇术!$A:$ZZ,30,FALSE)="酩酊技",$B$21,0))*(1+$BW10) -> 40161.653 | O10: =((($AT10+($AU10-$AT10)*IF(VLOOKUP($R10,武学奇术!$A:$ZZ,31,FALSE)=1,$F$18,0.5))*$AN10+$AO10)*(1+$AV10)*(1+$AW10)+(($AY10+($AZ10-$AY10)*IF(VLOOKUP($R10,武学奇术!$A:$ZZ,31,FALSE)=1,$F$18,0.5))*IF($G$1="鸣金",$AP10,$AN10)+IF($G$1="鸣金",$AQ10*1.5,0))*(1+$BA10)*(1+$BB10)+(($BC10+($BD10-$BC10)*IF(VLOOKUP($R10,武学奇术!$A:$ZZ,31,FALSE)=1,$F$18,0.5))*IF($G$1="裂石",$AP10,$AN10)+IF($G$1="裂石",$AQ10*1.5,0))*(1+$BE10)*(1+$BF10)+(($BG10+($BH10-$BG10)*IF(VLOOKUP($R10,武学奇术!$A:$ZZ,31,FALSE)=1,$F$18,0.5))*IF($G$1="牵丝",$AP10,$AN10)+IF($G$1="牵丝",$AQ10*1.5,0))*(1+$BI10)*(1+$BJ10)+(($BK10+($BL10-$BK10)*IF(VLOOKUP($R10,武学奇术!$A:$ZZ,31,FALSE)=1,$F$18,0.5))*IF($G$1="破竹",$AP10,$AN10)+IF($G$1="破竹",$AQ10*1.5,0))*(1+$BM10)*(1+$BN10))*(1+$AR10)*$Q10*(1+IF(VLOOKUP($R10,武学奇术!$A:$ZZ,30,FALSE)="酩酊技",$B$21,0))*(1+$BW10) -> 26463.461 | P10: =((($AT10*$AN10+$AO10)*(1+$AV10)*(1+$AW10)+($AY10*IF($G$1="鸣金",$AP10,$AN10)+IF($G$1="鸣金",$AQ10*1.5,0))*(1+$BA10)*(1+$BB10)+($BC10*IF($G$1="裂石",$AP10,$AN10)+IF($G$1="裂石",$AQ10*1.5,0))*(1+$BE10)*(1+$BF10)+($BG10*IF($G$1="牵丝",$AP10,$AN10)+IF($G$1="牵丝",$AQ10*1.5,0))*(1+$BI10)*(1+$BJ10)+($BK10*IF($G$1="破竹",$AP10,$AN10)+IF($G$1="破竹",$AQ10*1.5,0))*(1+$BM10)*(1+$BN10))*(1+$AR10))*$Q10*(1+IF(VLOOKUP($R10,武学奇术!$A:$ZZ,30,FALSE)="酩酊技",$B$21,0))*(1+$BW10) -> 23177.55 | Q10: 1 | R10: 长鲸吸川(拳甲+浅醉) | S10: 易水歌2层 | T10: 沧海帖2层 | U10: 离猎 | V10: 浅醉 | W10: 醉意增伤 | X10: 近战笛 | Y10: 惧刃(拐) | Z10: N/a | AA10: N/a | AB10: 燕别(0%) | AC10: 烁鼓(拐) | AD10: 断石5层 | AE10: 裁云(拐) | AF10: 无惧 | AG10: N/a | AH10: N/a | AI10: N/a | AJ10: N/a | AK10: N/a | AL10: N/a | AM10: =VLOOKUP($R10,武学奇术!$A:$ZZ,25,FALSE) -> 拳甲 | AN10: =VLOOKUP($R10,武学奇术!$A:$ZZ,26,FALSE) -> 1.862784 | AO10: =VLOOKUP($R10,武学奇术!$A:$ZZ,27,FALSE)*(1+IF(OR($AM10=$F$4,$AM10=$F$5),$B$22,0)) -> 0 | AP10: =VLOOKUP($R10,武学奇术!$A:$ZZ,28,FALSE) -> 2.794176 | AQ10: =VLOOKUP($R10,武学奇术!$A:$ZZ,29,FALSE)*(1+IF(OR($AM10=$F$4,$AM10=$F$5),$B$22,0)) -> 0 | AR10: {=$G$3+IFERROR(VLOOKUP($AM10,$F$4:$G$7,2,FALSE),0)+VLOOKUP($R10,武学奇术!$A:$ZZ,2,FALSE)+SUM(_xlfn.XLOOKUP($S10:$AL10,增益!$A:$A,增益!$B:$B,0))} -> 0.3943 | AS10: {=VLOOKUP($R10,武学奇术!$A:$ZZ,5,FALSE)+SUM(_xlfn.XLOOKUP($S10:$AL10,增益!$A:$A,增益!$E:$E,0))} -> 0 | AT10: {=$D$10*(1+$AS10)+VLOOKUP($R10,武学奇术!$A:$ZZ,3,FALSE)+SUM(_xlfn.XLOOKUP($S10:$AL10,增益!$A:$A,增益!$C:$C,0))-$I$2} -> 4371.3 | AU10: {=$E$10*(1+$AS10)+VLOOKUP($R10,武学奇术!$A:$ZZ,4,FALSE)+SUM(_xlfn.XLOOKUP($S10:$AL10,增益!$A:$A,增益!$D:$D,0))-$I$2} -> 4371.3 | AV10: {=IF($F$10-$I$3+VLOOKUP($R10,武学奇术!$A:$ZZ,6,FALSE)+SUM(_xlfn.XLOOKUP($S10:$AL10,增益!$A:$A,增益!$F:$F,0))>0,($F$10-$I$3+VLOOKUP($R10,武学奇术!$A:$ZZ,6,FALSE)+SUM(_xlfn.XLOOKUP($S10:$AL10,增益!$A:$A,增益!$F:$F,0)))/200,($F$10-$I$3+VLOOKUP($R10,武学奇术!$A:$ZZ,6,FALSE)+SUM(_xlfn.XLOOKUP($S10:$AL10,增益!$A:$A,增益!$F:$F,0)))/100)} -> 0.3385 | AW10: {=$G$10+VLOOKUP($R10,武学奇术!$A:$ZZ,7,FALSE)+SUM(_xlfn.XLOOKUP($S10:$AL10,增益!$A:$A,增益!$G:$G,0))} -> 0.135 | AX10: {=VLOOKUP($R10,武学奇术!$A:$ZZ,8,FALSE)+SUM(_xlfn.XLOOKUP($S10:$AL10,增益!$A:$A,增益!$H:$H,0))} -> 0 | AY10: =$D$11*(1+$AX10) -> 0 | AZ10: =$E$11*(1+$AX10) -> 0 | BA10: {=IF($F$11-$I$4+VLOOKUP($R10,武学奇术!$A:$ZZ,9,FALSE)+SUM(_xlfn.XLOOKUP($S10:$AL10,增益!$A:$A,增益!$I:$I,0))>0,($F$11-$I$4+VLOOKUP($R10,武学奇术!$A:$ZZ,9,FALSE)+SUM(_xlfn.XLOOKUP($S10:$AL10,增益!$A:$A,增益!$I:$I,0)))/200,($F$11-$I$4+VLOOKUP($R10,武学奇术!$A:$ZZ,9,FALSE)+SUM(_xlfn.XLOOKUP($S10:$AL10,增益!$A:$A,增益!$I:$I,0)))/100)} -> -0.02 | BB10: {=$G$11+VLOOKUP($R10,武学奇术!$A:$ZZ,10,FALSE)+SUM(_xlfn.XLOOKUP($S10:$AL10,增益!$A:$A,增益!$J:$J,0))} -> 0.02 | BC10: =$D$12*(1+$AX10) -> 0 | BD10: =$E$12*(1+$AX10) -> 0 | BE10: {=IF($F$12-$I$4+VLOOKUP($R10,武学奇术!$A:$ZZ,11,FALSE)+SUM(_xlfn.XLOOKUP($S10:$AL10,增益!$A:$A,增益!$K:$K,0))>0,($F$12-$I$4+VLOOKUP($R10,武学奇术!$A:$ZZ,11,FALSE)+SUM(_xlfn.XLOOKUP($S10:$AL10,增益!$A:$A,增益!$K:$K,0)))/200,($F$12-$I$4+VLOOKUP($R10,武学奇术!$A:$ZZ,11,FALSE)+SUM(_xlfn.XLOOKUP($S10:$AL10,增益!$A:$A,增益!$K:$K,0)))/100)} -> -0.02 | BF10: {=$G$12+VLOOKUP($R10,武学奇术!$A:$ZZ,12,FALSE)+SUM(_xlfn.XLOOKUP($S10:$AL10,增益!$A:$A,增益!$L:$L,0))} -> 0.02 | BG10: =$D$13*(1+$AX10) -> 0 | BH10: =$E$13*(1+$AX10) -> 0 | BI10: {=IF($F$13-$I$4+VLOOKUP($R10,武学奇术!$A:$ZZ,13,FALSE)+SUM(_xlfn.XLOOKUP($S10:$AL10,增益!$A:$A,增益!$M:$M,0))>0,($F$13-$I$4+VLOOKUP($R10,武学奇术!$A:$ZZ,13,FALSE)+SUM(_xlfn.XLOOKUP($S10:$AL10,增益!$A:$A,增益!$K:$K,0)))/200,($F$13-$I$4+VLOOKUP($R10,武学奇术!$A:$ZZ,13,FALSE)+SUM(_xlfn.XLOOKUP($S10:$AL10,增益!$A:$A,增益!$M:$M,0)))/100)} -> -0.02 | BJ10: {=$G$13+VLOOKUP($R10,武学奇术!$A:$ZZ,14,FALSE)+SUM(_xlfn.XLOOKUP($S10:$AL10,增益!$A:$A,增益!$N:$N,0))} -> 0.02 | BK10: =$D$14*(1+$AX10) -> 649.11 | BL10: =$E$14*(1+$AX10) -> 1707.09 | BM10: {=IF($F$14-$I$4+VLOOKUP($R10,武学奇术!$A:$ZZ,15,FALSE)+SUM(_xlfn.XLOOKUP($S10:$AL10,增益!$A:$A,增益!$O:$O,0))>0,($F$14-$I$4+VLOOKUP($R10,武学奇术!$A:$ZZ,15,FALSE)+SUM(_xlfn.XLOOKUP($S10:$AL10,增益!$A:$A,增益!$O:$O,0)))/200,($F$14-$I$4+VLOOKUP($R10,武学奇术!$A:$ZZ,15,FALSE)+SUM(_xlfn.XLOOKUP($S10:$AL10,增益!$A:$A,增益!$O:$O,0)))/100)} -> 0.14 | BN10: {=$G$14+VLOOKUP($R10,武学奇术!$A:$ZZ,16,FALSE)+SUM(_xlfn.XLOOKUP($S10:$AL10,增益!$A:$A,增益!$P:$P,0))} -> 0.26 | BO10: =MIN(IF(VLOOKUP($R10,武学奇术!$A:$ZZ,23,FALSE)=1,100%,$B$8),100%) -> 0.9771 | BP10: {=IF(VLOOKUP($R10,武学奇术!$A:$ZZ,23,FALSE)=1,100%,MIN(80%,$B$9+VLOOKUP($R10,武学奇术!$A:$ZZ,17,FALSE)+SUM(_xlfn.XLOOKUP($S10:$AL10,增益!$A:$A,增益!$Q:$Q,0)))+$B$11+SUM(_xlfn.XLOOKUP($S10:$AL10,增益!$A:$A,增益!$U:$U,0)))*IF(VLOOKUP($R10,武学奇术!$A:$ZZ,24,FALSE)=1,0,1)+MIN(IF(VLOOKUP($R10,武学奇术!$A:$ZZ,32,FALSE)=1,IF(VLOOKUP($R10,武学奇术!$A:$ZZ,24,FALSE)=1,100%,MIN(40%,$B$10+VLOOKUP($R10,武学奇术!$A:$ZZ,19,FALSE)+SUM(_xlfn.XLOOKUP($S10:$AL10,增益!$A:$A,增益!$S:$S,0)))+$B$12+SUM(_xlfn.XLOOKUP($S10:$AL10,增益!$A:$A,增益!$V:$V,0))),0),12%)} -> 0.8861 | BQ10: {=1+$B$13+VLOOKUP($R10,武学奇术!$A:$ZZ,18,FALSE)+SUM(_xlfn.XLOOKUP($S10:$AL10,增益!$A:$A,增益!$R:$R,0))} -> 1.61 | BR10: {=MAX(IF(VLOOKUP($R10,武学奇术!$A:$ZZ,24,FALSE)=1,100%,MIN(40%,$B$10+VLOOKUP($R10,武学奇术!$A:$ZZ,19,FALSE)+SUM(_xlfn.XLOOKUP($S10:$AL10,增益!$A:$A,增益!$S:$S,0)))+$B$12+SUM(_xlfn.XLOOKUP($S10:$AL10,增益!$A:$A,增益!$V:$V,0)))*IF(VLOOKUP($R10,武学奇术!$A:$ZZ,23,FALSE)=1,0,1)-IF(VLOOKUP($R10,武学奇术!$A:$ZZ,32,FALSE)=1,12%,0),0)} -> 0.0913 | BS10: {=1+$B$14+VLOOKUP($R10,武学奇术!$A:$ZZ,20,FALSE)+SUM(_xlfn.XLOOKUP($S10:$AL10,增益!$A:$A,增益!$T:$T,0))} -> 1.35 | BT10: =MIN((1-BR10)*BO10,BO10*BP10) -> 0.86580831 | BU10: =1-BR10-BT10-BV10 -> 0.02208246 | BV10: =IF(VLOOKUP($R10,武学奇术!$A:$ZZ,22,FALSE)=1,0,(1-$BO10))*(1-$BR10) -> 0.02080923 | BW10: {=SUM(_xlfn.XLOOKUP($S10:$AL10,增益!$A:$A,增益!$W:$W,0))+$I$5} -> 0.11 | BX10: {=SUM(_xlfn.XLOOKUP($S10:$AL10,增益!$A:$A,增益!$X:$X,0))} -> 0
A11: 直接会心率 | B11: =4.6%+IF($E$24="易水歌",4.6%,0)+IF($E$22="断石之构",4.1%,0) -> 0.092 | C11: 鸣金 | D11: =(B3+IF($G$1=$C11,$B$7,0))*IF($G$2="倾觞",1.05,1) -> 0 | E11: =(MAX(B3,C3)+IF($G$1=$C11,$C$7,0))*IF($G$2="倾觞",1.05,1) -> 0 | F11: =D3 -> 0 | G11: =E3 -> 0 | K11: =$L11*VLOOKUP($R11,武学奇术!$A:$ZZ,31,FALSE) -> 48312.442 | L11: =($M11*$BT11+$N11*$BR11+$O11*$BU11+$P11*$BV11) -> 48312.442 | M11: =((($AT11+($AU11-$AT11)*IF(VLOOKUP($R11,武学奇术!$A:$ZZ,31,FALSE)=1,$F$18,0.5))*$AN11+$AO11)*(1+$AV11)*(1+$AW11)+(($AY11+($AZ11-$AY11)*IF(VLOOKUP($R11,武学奇术!$A:$ZZ,31,FALSE)=1,$F$18,0.5))*IF($G$1="鸣金",$AP11,$AN11)+IF($G$1="鸣金",$AQ11*1.5,0))*(1+$BA11)*(1+$BB11)+(($BC11+($BD11-$BC11)*IF(VLOOKUP($R11,武学奇术!$A:$ZZ,31,FALSE)=1,$F$18,0.5))*IF($G$1="裂石",$AP11,$AN11)+IF($G$1="裂石",$AQ11*1.5,0))*(1+$BE11)*(1+$BF11)+(($BG11+($BH11-$BG11)*IF(VLOOKUP($R11,武学奇术!$A:$ZZ,31,FALSE)=1,$F$18,0.5))*IF($G$1="牵丝",$AP11,$AN11)+IF($G$1="牵丝",$AQ11*1.5,0))*(1+$BI11)*(1+$BJ11)+(($BK11+($BL11-$BK11)*IF(VLOOKUP($R11,武学奇术!$A:$ZZ,31,FALSE)=1,$F$18,0.5))*IF($G$1="破竹",$AP11,$AN11)+IF($G$1="破竹",$AQ11*1.5,0))*(1+$BM11)*(1+$BN11))*(1+$AR11)*$BQ11*$Q11*(1+IF(VLOOKUP($R11,武学奇术!$A:$ZZ,30,FALSE)="酩酊技",$B$21,0))*(1+$BW11) -> 50394.252 | N11: =(($AU11*$AN11+$AO11)*(1+$AV11)*(1+$AW11)+($AZ11*IF($G$1="鸣金",$AP11,$AN11)+IF($G$1="鸣金",$AQ11*1.5,0))*(1+$BA11)*(1+$BB11)+($BD11*IF($G$1="裂石",$AP11,$AN11)+IF($G$1="裂石",$AQ11*1.5,0))*(1+$BE11)*(1+$BF11)+($BH11*IF($G$1="牵丝",$AP11,$AN11)+IF($G$1="牵丝",$AQ11*1.5,0))*(1+$BI11)*(1+$BJ11)+($BL11*IF($G$1="破竹",$AP11,$AN11)+IF($G$1="破竹",$AQ11*1.5,0))*(1+$BM11)*(1+$BN11))*(1+$AR11)*$BS11*$Q11*(1+IF(VLOOKUP($R11,武学奇术!$A:$ZZ,30,FALSE)="酩酊技",$B$21,0))*(1+$BW11) -> 39532.682 | O11: =((($AT11+($AU11-$AT11)*IF(VLOOKUP($R11,武学奇术!$A:$ZZ,31,FALSE)=1,$F$18,0.5))*$AN11+$AO11)*(1+$AV11)*(1+$AW11)+(($AY11+($AZ11-$AY11)*IF(VLOOKUP($R11,武学奇术!$A:$ZZ,31,FALSE)=1,$F$18,0.5))*IF($G$1="鸣金",$AP11,$AN11)+IF($G$1="鸣金",$AQ11*1.5,0))*(1+$BA11)*(1+$BB11)+(($BC11+($BD11-$BC11)*IF(VLOOKUP($R11,武学奇术!$A:$ZZ,31,FALSE)=1,$F$18,0.5))*IF($G$1="裂石",$AP11,$AN11)+IF($G$1="裂石",$AQ11*1.5,0))*(1+$BE11)*(1+$BF11)+(($BG11+($BH11-$BG11)*IF(VLOOKUP($R11,武学奇术!$A:$ZZ,31,FALSE)=1,$F$18,0.5))*IF($G$1="牵丝",$AP11,$AN11)+IF($G$1="牵丝",$AQ11*1.5,0))*(1+$BI11)*(1+$BJ11)+(($BK11+($BL11-$BK11)*IF(VLOOKUP($R11,武学奇术!$A:$ZZ,31,FALSE)=1,$F$18,0.5))*IF($G$1="破竹",$AP11,$AN11)+IF($G$1="破竹",$AQ11*1.5,0))*(1+$BM11)*(1+$BN11))*(1+$AR11)*$Q11*(1+IF(VLOOKUP($R11,武学奇术!$A:$ZZ,30,FALSE)="酩酊技",$B$21,0))*(1+$BW11) -> 26384.425 | P11: =((($AT11*$AN11+$AO11)*(1+$AV11)*(1+$AW11)+($AY11*IF($G$1="鸣金",$AP11,$AN11)+IF($G$1="鸣金",$AQ11*1.5,0))*(1+$BA11)*(1+$BB11)+($BC11*IF($G$1="裂石",$AP11,$AN11)+IF($G$1="裂石",$AQ11*1.5,0))*(1+$BE11)*(1+$BF11)+($BG11*IF($G$1="牵丝",$AP11,$AN11)+IF($G$1="牵丝",$AQ11*1.5,0))*(1+$BI11)*(1+$BJ11)+($BK11*IF($G$1="破竹",$AP11,$AN11)+IF($G$1="破竹",$AQ11*1.5,0))*(1+$BM11)*(1+$BN11))*(1+$AR11))*$Q11*(1+IF(VLOOKUP($R11,武学奇术!$A:$ZZ,30,FALSE)="酩酊技",$B$21,0))*(1+$BW11) -> 23485.382 | Q11: 1 | R11: 拳甲～(浅醉) | S11: 易水歌2层 | T11: 沧海帖2层 | U11: 离猎 | V11: 浅醉 | W11: 醉意增伤 | X11: 近战笛 | Y11: 惧刃(拐) | Z11: N/a | AA11: N/a | AB11: 燕别(0%) | AC11: 烁鼓(拐) | AD11: 断石5层 | AE11: 裁云(拐) | AF11: 无惧 | AG11: N/a | AH11: N/a | AI11: N/a | AJ11: N/a | AK11: N/a | AL11: N/a | AM11: =VLOOKUP($R11,武学奇术!$A:$ZZ,25,FALSE) -> 拳甲 | AN11: =VLOOKUP($R11,武学奇术!$A:$ZZ,26,FALSE) -> 1.58662 | AO11: =VLOOKUP($R11,武学奇术!$A:$ZZ,27,FALSE)*(1+IF(OR($AM11=$F$4,$AM11=$F$5),$B$22,0)) -> 703.36 | AP11: =VLOOKUP($R11,武学奇术!$A:$ZZ,28,FALSE) -> 2.37986 | AQ11: =VLOOKUP($R11,武学奇术!$A:$ZZ,29,FALSE)*(1+IF(OR($AM11=$F$4,$AM11=$F$5),$B$22,0)) -> 383.04 | AR11: {=$G$3+IFERROR(VLOOKUP($AM11,$F$4:$G$7,2,FALSE),0)+VLOOKUP($R11,武学奇术!$A:$ZZ,2,FALSE)+SUM(_xlfn.XLOOKUP($S11:$AL11,增益!$A:$A,增益!$B:$B,0))} -> 0.4443 | AS11: {=VLOOKUP($R11,武学奇术!$A:$ZZ,5,FALSE)+SUM(_xlfn.XLOOKUP($S11:$AL11,增益!$A:$A,增益!$E:$E,0))} -> 0 | AT11: {=$D$10*(1+$AS11)+VLOOKUP($R11,武学奇术!$A:$ZZ,3,FALSE)+SUM(_xlfn.XLOOKUP($S11:$AL11,增益!$A:$A,增益!$C:$C,0))-$I$2} -> 4371.3 | AU11: {=$E$10*(1+$AS11)+VLOOKUP($R11,武学奇术!$A:$ZZ,4,FALSE)+SUM(_xlfn.XLOOKUP($S11:$AL11,增益!$A:$A,增益!$D:$D,0))-$I$2} -> 4371.3 | AV11: {=IF($F$10-$I$3+VLOOKUP($R11,武学奇术!$A:$ZZ,6,FALSE)+SUM(_xlfn.XLOOKUP($S11:$AL11,增益!$A:$A,增益!$F:$F,0))>0,($F$10-$I$3+VLOOKUP($R11,武学奇术!$A:$ZZ,6,FALSE)+SUM(_xlfn.XLOOKUP($S11:$AL11,增益!$A:$A,增益!$F:$F,0)))/200,($F$10-$I$3+VLOOKUP($R11,武学奇术!$A:$ZZ,6,FALSE)+SUM(_xlfn.XLOOKUP($S11:$AL11,增益!$A:$A,增益!$F:$F,0)))/100)} -> 0.3385 | AW11: {=$G$10+VLOOKUP($R11,武学奇术!$A:$ZZ,7,FALSE)+SUM(_xlfn.XLOOKUP($S11:$AL11,增益!$A:$A,增益!$G:$G,0))} -> 0.135 | AX11: {=VLOOKUP($R11,武学奇术!$A:$ZZ,8,FALSE)+SUM(_xlfn.XLOOKUP($S11:$AL11,增益!$A:$A,增益!$H:$H,0))} -> 0 | AY11: =$D$11*(1+$AX11) -> 0 | AZ11: =$E$11*(1+$AX11) -> 0 | BA11: {=IF($F$11-$I$4+VLOOKUP($R11,武学奇术!$A:$ZZ,9,FALSE)+SUM(_xlfn.XLOOKUP($S11:$AL11,增益!$A:$A,增益!$I:$I,0))>0,($F$11-$I$4+VLOOKUP($R11,武学奇术!$A:$ZZ,9,FALSE)+SUM(_xlfn.XLOOKUP($S11:$AL11,增益!$A:$A,增益!$I:$I,0)))/200,($F$11-$I$4+VLOOKUP($R11,武学奇术!$A:$ZZ,9,FALSE)+SUM(_xlfn.XLOOKUP($S11:$AL11,增益!$A:$A,增益!$I:$I,0)))/100)} -> -0.02 | BB11: {=$G$11+VLOOKUP($R11,武学奇术!$A:$ZZ,10,FALSE)+SUM(_xlfn.XLOOKUP($S11:$AL11,增益!$A:$A,增益!$J:$J,0))} -> 0.02 | BC11: =$D$12*(1+$AX11) -> 0 | BD11: =$E$12*(1+$AX11) -> 0 | BE11: {=IF($F$12-$I$4+VLOOKUP($R11,武学奇术!$A:$ZZ,11,FALSE)+SUM(_xlfn.XLOOKUP($S11:$AL11,增益!$A:$A,增益!$K:$K,0))>0,($F$12-$I$4+VLOOKUP($R11,武学奇术!$A:$ZZ,11,FALSE)+SUM(_xlfn.XLOOKUP($S11:$AL11,增益!$A:$A,增益!$K:$K,0)))/200,($F$12-$I$4+VLOOKUP($R11,武学奇术!$A:$ZZ,11,FALSE)+SUM(_xlfn.XLOOKUP($S11:$AL11,增益!$A:$A,增益!$K:$K,0)))/100)} -> -0.02 | BF11: {=$G$12+VLOOKUP($R11,武学奇术!$A:$ZZ,12,FALSE)+SUM(_xlfn.XLOOKUP($S11:$AL11,增益!$A:$A,增益!$L:$L,0))} -> 0.02 | BG11: =$D$13*(1+$AX11) -> 0 | BH11: =$E$13*(1+$AX11) -> 0 | BI11: {=IF($F$13-$I$4+VLOOKUP($R11,武学奇术!$A:$ZZ,13,FALSE)+SUM(_xlfn.XLOOKUP($S11:$AL11,增益!$A:$A,增益!$M:$M,0))>0,($F$13-$I$4+VLOOKUP($R11,武学奇术!$A:$ZZ,13,FALSE)+SUM(_xlfn.XLOOKUP($S11:$AL11,增益!$A:$A,增益!$K:$K,0)))/200,($F$13-$I$4+VLOOKUP($R11,武学奇术!$A:$ZZ,13,FALSE)+SUM(_xlfn.XLOOKUP($S11:$AL11,增益!$A:$A,增益!$M:$M,0)))/100)} -> -0.02 | BJ11: {=$G$13+VLOOKUP($R11,武学奇术!$A:$ZZ,14,FALSE)+SUM(_xlfn.XLOOKUP($S11:$AL11,增益!$A:$A,增益!$N:$N,0))} -> 0.02 | BK11: =$D$14*(1+$AX11) -> 649.11 | BL11: =$E$14*(1+$AX11) -> 1707.09 | BM11: {=IF($F$14-$I$4+VLOOKUP($R11,武学奇术!$A:$ZZ,15,FALSE)+SUM(_xlfn.XLOOKUP($S11:$AL11,增益!$A:$A,增益!$O:$O,0))>0,($F$14-$I$4+VLOOKUP($R11,武学奇术!$A:$ZZ,15,FALSE)+SUM(_xlfn.XLOOKUP($S11:$AL11,增益!$A:$A,增益!$O:$O,0)))/200,($F$14-$I$4+VLOOKUP($R11,武学奇术!$A:$ZZ,15,FALSE)+SUM(_xlfn.XLOOKUP($S11:$AL11,增益!$A:$A,增益!$O:$O,0)))/100)} -> 0.14 | BN11: {=$G$14+VLOOKUP($R11,武学奇术!$A:$ZZ,16,FALSE)+SUM(_xlfn.XLOOKUP($S11:$AL11,增益!$A:$A,增益!$P:$P,0))} -> 0.26 | BO11: =MIN(IF(VLOOKUP($R11,武学奇术!$A:$ZZ,23,FALSE)=1,100%,$B$8),100%) -> 0.9771 | BP11: {=IF(VLOOKUP($R11,武学奇术!$A:$ZZ,23,FALSE)=1,100%,MIN(80%,$B$9+VLOOKUP($R11,武学奇术!$A:$ZZ,17,FALSE)+SUM(_xlfn.XLOOKUP($S11:$AL11,增益!$A:$A,增益!$Q:$Q,0)))+$B$11+SUM(_xlfn.XLOOKUP($S11:$AL11,增益!$A:$A,增益!$U:$U,0)))*IF(VLOOKUP($R11,武学奇术!$A:$ZZ,24,FALSE)=1,0,1)+MIN(IF(VLOOKUP($R11,武学奇术!$A:$ZZ,32,FALSE)=1,IF(VLOOKUP($R11,武学奇术!$A:$ZZ,24,FALSE)=1,100%,MIN(40%,$B$10+VLOOKUP($R11,武学奇术!$A:$ZZ,19,FALSE)+SUM(_xlfn.XLOOKUP($S11:$AL11,增益!$A:$A,增益!$S:$S,0)))+$B$12+SUM(_xlfn.XLOOKUP($S11:$AL11,增益!$A:$A,增益!$V:$V,0))),0),12%)} -> 0.8861 | BQ11: {=1+$B$13+VLOOKUP($R11,武学奇术!$A:$ZZ,18,FALSE)+SUM(_xlfn.XLOOKUP($S11:$AL11,增益!$A:$A,增益!$R:$R,0))} -> 1.91 | BR11: {=MAX(IF(VLOOKUP($R11,武学奇术!$A:$ZZ,24,FALSE)=1,100%,MIN(40%,$B$10+VLOOKUP($R11,武学奇术!$A:$ZZ,19,FALSE)+SUM(_xlfn.XLOOKUP($S11:$AL11,增益!$A:$A,增益!$S:$S,0)))+$B$12+SUM(_xlfn.XLOOKUP($S11:$AL11,增益!$A:$A,增益!$V:$V,0)))*IF(VLOOKUP($R11,武学奇术!$A:$ZZ,23,FALSE)=1,0,1)-IF(VLOOKUP($R11,武学奇术!$A:$ZZ,32,FALSE)=1,12%,0),0)} -> 0.0913 | BS11: {=1+$B$14+VLOOKUP($R11,武学奇术!$A:$ZZ,20,FALSE)+SUM(_xlfn.XLOOKUP($S11:$AL11,增益!$A:$A,增益!$T:$T,0))} -> 1.35 | BT11: =MIN((1-BR11)*BO11,BO11*BP11) -> 0.86580831 | BU11: =1-BR11-BT11-BV11 -> 0.02208246 | BV11: =IF(VLOOKUP($R11,武学奇术!$A:$ZZ,22,FALSE)=1,0,(1-$BO11))*(1-$BR11) -> 0.02080923 | BW11: {=SUM(_xlfn.XLOOKUP($S11:$AL11,增益!$A:$A,增益!$W:$W,0))+$I$5} -> 0.11 | BX11: {=SUM(_xlfn.XLOOKUP($S11:$AL11,增益!$A:$A,增益!$X:$X,0))} -> 0
A12: 直接会意率 | B12: 0 | C12: 裂石 | D12: =(B4+IF($G$1=$C12,$B$7,0))*IF($G$2="倾觞",1.05,1) -> 0 | E12: =(MAX(B4,C4)+IF($G$1=$C12,$C$7,0))*IF($G$2="倾觞",1.05,1) -> 0 | F12: =D4 -> 0 | G12: =E4 -> 0 | H12: ADPS | I12: =I10/I8 -> 170962.41 | K12: =$L12*VLOOKUP($R12,武学奇术!$A:$ZZ,31,FALSE) -> 33447.396 | L12: =($M12*$BT12+$N12*$BR12+$O12*$BU12+$P12*$BV12) -> 33447.396 | M12: =((($AT12+($AU12-$AT12)*IF(VLOOKUP($R12,武学奇术!$A:$ZZ,31,FALSE)=1,$F$18,0.5))*$AN12+$AO12)*(1+$AV12)*(1+$AW12)+(($AY12+($AZ12-$AY12)*IF(VLOOKUP($R12,武学奇术!$A:$ZZ,31,FALSE)=1,$F$18,0.5))*IF($G$1="鸣金",$AP12,$AN12)+IF($G$1="鸣金",$AQ12*1.5,0))*(1+$BA12)*(1+$BB12)+(($BC12+($BD12-$BC12)*IF(VLOOKUP($R12,武学奇术!$A:$ZZ,31,FALSE)=1,$F$18,0.5))*IF($G$1="裂石",$AP12,$AN12)+IF($G$1="裂石",$AQ12*1.5,0))*(1+$BE12)*(1+$BF12)+(($BG12+($BH12-$BG12)*IF(VLOOKUP($R12,武学奇术!$A:$ZZ,31,FALSE)=1,$F$18,0.5))*IF($G$1="牵丝",$AP12,$AN12)+IF($G$1="牵丝",$AQ12*1.5,0))*(1+$BI12)*(1+$BJ12)+(($BK12+($BL12-$BK12)*IF(VLOOKUP($R12,武学奇术!$A:$ZZ,31,FALSE)=1,$F$18,0.5))*IF($G$1="破竹",$AP12,$AN12)+IF($G$1="破竹",$AQ12*1.5,0))*(1+$BM12)*(1+$BN12))*(1+$AR12)*$BQ12*$Q12*(1+IF(VLOOKUP($R12,武学奇术!$A:$ZZ,30,FALSE)="酩酊技",$B$21,0))*(1+$BW12) -> 34889.877 | N12: =(($AU12*$AN12+$AO12)*(1+$AV12)*(1+$AW12)+($AZ12*IF($G$1="鸣金",$AP12,$AN12)+IF($G$1="鸣金",$AQ12*1.5,0))*(1+$BA12)*(1+$BB12)+($BD12*IF($G$1="裂石",$AP12,$AN12)+IF($G$1="裂石",$AQ12*1.5,0))*(1+$BE12)*(1+$BF12)+($BH12*IF($G$1="牵丝",$AP12,$AN12)+IF($G$1="牵丝",$AQ12*1.5,0))*(1+$BI12)*(1+$BJ12)+($BL12*IF($G$1="破竹",$AP12,$AN12)+IF($G$1="破竹",$AQ12*1.5,0))*(1+$BM12)*(1+$BN12))*(1+$AR12)*$BS12*$Q12*(1+IF(VLOOKUP($R12,武学奇术!$A:$ZZ,30,FALSE)="酩酊技",$B$21,0))*(1+$BW12) -> 27354.663 | O12: =((($AT12+($AU12-$AT12)*IF(VLOOKUP($R12,武学奇术!$A:$ZZ,31,FALSE)=1,$F$18,0.5))*$AN12+$AO12)*(1+$AV12)*(1+$AW12)+(($AY12+($AZ12-$AY12)*IF(VLOOKUP($R12,武学奇术!$A:$ZZ,31,FALSE)=1,$F$18,0.5))*IF($G$1="鸣金",$AP12,$AN12)+IF($G$1="鸣金",$AQ12*1.5,0))*(1+$BA12)*(1+$BB12)+(($BC12+($BD12-$BC12)*IF(VLOOKUP($R12,武学奇术!$A:$ZZ,31,FALSE)=1,$F$18,0.5))*IF($G$1="裂石",$AP12,$AN12)+IF($G$1="裂石",$AQ12*1.5,0))*(1+$BE12)*(1+$BF12)+(($BG12+($BH12-$BG12)*IF(VLOOKUP($R12,武学奇术!$A:$ZZ,31,FALSE)=1,$F$18,0.5))*IF($G$1="牵丝",$AP12,$AN12)+IF($G$1="牵丝",$AQ12*1.5,0))*(1+$BI12)*(1+$BJ12)+(($BK12+($BL12-$BK12)*IF(VLOOKUP($R12,武学奇术!$A:$ZZ,31,FALSE)=1,$F$18,0.5))*IF($G$1="破竹",$AP12,$AN12)+IF($G$1="破竹",$AQ12*1.5,0))*(1+$BM12)*(1+$BN12))*(1+$AR12)*$Q12*(1+IF(VLOOKUP($R12,武学奇术!$A:$ZZ,30,FALSE)="酩酊技",$B$21,0))*(1+$BW12) -> 18266.951 | P12: =((($AT12*$AN12+$AO12)*(1+$AV12)*(1+$AW12)+($AY12*IF($G$1="鸣金",$AP12,$AN12)+IF($G$1="鸣金",$AQ12*1.5,0))*(1+$BA12)*(1+$BB12)+($BC12*IF($G$1="裂石",$AP12,$AN12)+IF($G$1="裂石",$AQ12*1.5,0))*(1+$BE12)*(1+$BF12)+($BG12*IF($G$1="牵丝",$AP12,$AN12)+IF($G$1="牵丝",$AQ12*1.5,0))*(1+$BI12)*(1+$BJ12)+($BK12*IF($G$1="破竹",$AP12,$AN12)+IF($G$1="破竹",$AQ12*1.5,0))*(1+$BM12)*(1+$BN12))*(1+$AR12))*$Q12*(1+IF(VLOOKUP($R12,武学奇术!$A:$ZZ,30,FALSE)="酩酊技",$B$21,0))*(1+$BW12) -> 16271.189 | Q12: 1 | R12: 拳甲～破防(浅醉) | S12: 易水歌3层 | T12: 沧海帖2层 | U12: 离猎 | V12: 浅醉 | W12: 醉意增伤 | X12: 近战笛 | Y12: 惧刃(拐) | Z12: N/a | AA12: N/a | AB12: 燕别(0%) | AC12: 烁鼓(拐) | AD12: 断石5层 | AE12: 裁云(拐) | AF12: 无惧 | AG12: N/a | AH12: N/a | AI12: N/a | AJ12: N/a | AK12: N/a | AL12: N/a | AM12: =VLOOKUP($R12,武学奇术!$A:$ZZ,25,FALSE) -> 拳甲 | AN12: =VLOOKUP($R12,武学奇术!$A:$ZZ,26,FALSE) -> 1.08472 | AO12: =VLOOKUP($R12,武学奇术!$A:$ZZ,27,FALSE)*(1+IF(OR($AM12=$F$4,$AM12=$F$5),$B$22,0)) -> 483.84 | AP12: =VLOOKUP($R12,武学奇术!$A:$ZZ,28,FALSE) -> 1.62708 | AQ12: =VLOOKUP($R12,武学奇术!$A:$ZZ,29,FALSE)*(1+IF(OR($AM12=$F$4,$AM12=$F$5),$B$22,0)) -> 262.08 | AR12: {=$G$3+IFERROR(VLOOKUP($AM12,$F$4:$G$7,2,FALSE),0)+VLOOKUP($R12,武学奇术!$A:$ZZ,2,FALSE)+SUM(_xlfn.XLOOKUP($S12:$AL12,增益!$A:$A,增益!$B:$B,0))} -> 0.4543 | AS12: {=VLOOKUP($R12,武学奇术!$A:$ZZ,5,FALSE)+SUM(_xlfn.XLOOKUP($S12:$AL12,增益!$A:$A,增益!$E:$E,0))} -> 0 | AT12: {=$D$10*(1+$AS12)+VLOOKUP($R12,武学奇术!$A:$ZZ,3,FALSE)+SUM(_xlfn.XLOOKUP($S12:$AL12,增益!$A:$A,增益!$C:$C,0))-$I$2} -> 4371.3 | AU12: {=$E$10*(1+$AS12)+VLOOKUP($R12,武学奇术!$A:$ZZ,4,FALSE)+SUM(_xlfn.XLOOKUP($S12:$AL12,增益!$A:$A,增益!$D:$D,0))-$I$2} -> 4371.3 | AV12: {=IF($F$10-$I$3+VLOOKUP($R12,武学奇术!$A:$ZZ,6,FALSE)+SUM(_xlfn.XLOOKUP($S12:$AL12,增益!$A:$A,增益!$F:$F,0))>0,($F$10-$I$3+VLOOKUP($R12,武学奇术!$A:$ZZ,6,FALSE)+SUM(_xlfn.XLOOKUP($S12:$AL12,增益!$A:$A,增益!$F:$F,0)))/200,($F$10-$I$3+VLOOKUP($R12,武学奇术!$A:$ZZ,6,FALSE)+SUM(_xlfn.XLOOKUP($S12:$AL12,增益!$A:$A,增益!$F:$F,0)))/100)} -> 0.3485 | AW12: {=$G$10+VLOOKUP($R12,武学奇术!$A:$ZZ,7,FALSE)+SUM(_xlfn.XLOOKUP($S12:$AL12,增益!$A:$A,增益!$G:$G,0))} -> 0.135 | AX12: {=VLOOKUP($R12,武学奇术!$A:$ZZ,8,FALSE)+SUM(_xlfn.XLOOKUP($S12:$AL12,增益!$A:$A,增益!$H:$H,0))} -> 0 | AY12: =$D$11*(1+$AX12) -> 0 | AZ12: =$E$11*(1+$AX12) -> 0 | BA12: {=IF($F$11-$I$4+VLOOKUP($R12,武学奇术!$A:$ZZ,9,FALSE)+SUM(_xlfn.XLOOKUP($S12:$AL12,增益!$A:$A,增益!$I:$I,0))>0,($F$11-$I$4+VLOOKUP($R12,武学奇术!$A:$ZZ,9,FALSE)+SUM(_xlfn.XLOOKUP($S12:$AL12,增益!$A:$A,增益!$I:$I,0)))/200,($F$11-$I$4+VLOOKUP($R12,武学奇术!$A:$ZZ,9,FALSE)+SUM(_xlfn.XLOOKUP($S12:$AL12,增益!$A:$A,增益!$I:$I,0)))/100)} -> -0.02 | BB12: {=$G$11+VLOOKUP($R12,武学奇术!$A:$ZZ,10,FALSE)+SUM(_xlfn.XLOOKUP($S12:$AL12,增益!$A:$A,增益!$J:$J,0))} -> 0.02 | BC12: =$D$12*(1+$AX12) -> 0 | BD12: =$E$12*(1+$AX12) -> 0 | BE12: {=IF($F$12-$I$4+VLOOKUP($R12,武学奇术!$A:$ZZ,11,FALSE)+SUM(_xlfn.XLOOKUP($S12:$AL12,增益!$A:$A,增益!$K:$K,0))>0,($F$12-$I$4+VLOOKUP($R12,武学奇术!$A:$ZZ,11,FALSE)+SUM(_xlfn.XLOOKUP($S12:$AL12,增益!$A:$A,增益!$K:$K,0)))/200,($F$12-$I$4+VLOOKUP($R12,武学奇术!$A:$ZZ,11,FALSE)+SUM(_xlfn.XLOOKUP($S12:$AL12,增益!$A:$A,增益!$K:$K,0)))/100)} -> -0.02 | BF12: {=$G$12+VLOOKUP($R12,武学奇术!$A:$ZZ,12,FALSE)+SUM(_xlfn.XLOOKUP($S12:$AL12,增益!$A:$A,增益!$L:$L,0))} -> 0.02 | BG12: =$D$13*(1+$AX12) -> 0 | BH12: =$E$13*(1+$AX12) -> 0 | BI12: {=IF($F$13-$I$4+VLOOKUP($R12,武学奇术!$A:$ZZ,13,FALSE)+SUM(_xlfn.XLOOKUP($S12:$AL12,增益!$A:$A,增益!$M:$M,0))>0,($F$13-$I$4+VLOOKUP($R12,武学奇术!$A:$ZZ,13,FALSE)+SUM(_xlfn.XLOOKUP($S12:$AL12,增益!$A:$A,增益!$K:$K,0)))/200,($F$13-$I$4+VLOOKUP($R12,武学奇术!$A:$ZZ,13,FALSE)+SUM(_xlfn.XLOOKUP($S12:$AL12,增益!$A:$A,增益!$M:$M,0)))/100)} -> -0.02 | BJ12: {=$G$13+VLOOKUP($R12,武学奇术!$A:$ZZ,14,FALSE)+SUM(_xlfn.XLOOKUP($S12:$AL12,增益!$A:$A,增益!$N:$N,0))} -> 0.02 | BK12: =$D$14*(1+$AX12) -> 649.11 | BL12: =$E$14*(1+$AX12) -> 1707.09 | BM12: {=IF($F$14-$I$4+VLOOKUP($R12,武学奇术!$A:$ZZ,15,FALSE)+SUM(_xlfn.XLOOKUP($S12:$AL12,增益!$A:$A,增益!$O:$O,0))>0,($F$14-$I$4+VLOOKUP($R12,武学奇术!$A:$ZZ,15,FALSE)+SUM(_xlfn.XLOOKUP($S12:$AL12,增益!$A:$A,增益!$O:$O,0)))/200,($F$14-$I$4+VLOOKUP($R12,武学奇术!$A:$ZZ,15,FALSE)+SUM(_xlfn.XLOOKUP($S12:$AL12,增益!$A:$A,增益!$O:$O,0)))/100)} -> 0.14 | BN12: {=$G$14+VLOOKUP($R12,武学奇术!$A:$ZZ,16,FALSE)+SUM(_xlfn.XLOOKUP($S12:$AL12,增益!$A:$A,增益!$P:$P,0))} -> 0.26 | BO12: =MIN(IF(VLOOKUP($R12,武学奇术!$A:$ZZ,23,FALSE)=1,100%,$B$8),100%) -> 0.9771 | BP12: {=IF(VLOOKUP($R12,武学奇术!$A:$ZZ,23,FALSE)=1,100%,MIN(80%,$B$9+VLOOKUP($R12,武学奇术!$A:$ZZ,17,FALSE)+SUM(_xlfn.XLOOKUP($S12:$AL12,增益!$A:$A,增益!$Q:$Q,0)))+$B$11+SUM(_xlfn.XLOOKUP($S12:$AL12,增益!$A:$A,增益!$U:$U,0)))*IF(VLOOKUP($R12,武学奇术!$A:$ZZ,24,FALSE)=1,0,1)+MIN(IF(VLOOKUP($R12,武学奇术!$A:$ZZ,32,FALSE)=1,IF(VLOOKUP($R12,武学奇术!$A:$ZZ,24,FALSE)=1,100%,MIN(40%,$B$10+VLOOKUP($R12,武学奇术!$A:$ZZ,19,FALSE)+SUM(_xlfn.XLOOKUP($S12:$AL12,增益!$A:$A,增益!$S:$S,0)))+$B$12+SUM(_xlfn.XLOOKUP($S12:$AL12,增益!$A:$A,增益!$V:$V,0))),0),12%)} -> 0.8861 | BQ12: {=1+$B$13+VLOOKUP($R12,武学奇术!$A:$ZZ,18,FALSE)+SUM(_xlfn.XLOOKUP($S12:$AL12,增益!$A:$A,增益!$R:$R,0))} -> 1.91 | BR12: {=MAX(IF(VLOOKUP($R12,武学奇术!$A:$ZZ,24,FALSE)=1,100%,MIN(40%,$B$10+VLOOKUP($R12,武学奇术!$A:$ZZ,19,FALSE)+SUM(_xlfn.XLOOKUP($S12:$AL12,增益!$A:$A,增益!$S:$S,0)))+$B$12+SUM(_xlfn.XLOOKUP($S12:$AL12,增益!$A:$A,增益!$V:$V,0)))*IF(VLOOKUP($R12,武学奇术!$A:$ZZ,23,FALSE)=1,0,1)-IF(VLOOKUP($R12,武学奇术!$A:$ZZ,32,FALSE)=1,12%,0),0)} -> 0.0913 | BS12: {=1+$B$14+VLOOKUP($R12,武学奇术!$A:$ZZ,20,FALSE)+SUM(_xlfn.XLOOKUP($S12:$AL12,增益!$A:$A,增益!$T:$T,0))} -> 1.35 | BT12: =MIN((1-BR12)*BO12,BO12*BP12) -> 0.86580831 | BU12: =1-BR12-BT12-BV12 -> 0.02208246 | BV12: =IF(VLOOKUP($R12,武学奇术!$A:$ZZ,22,FALSE)=1,0,(1-$BO12))*(1-$BR12) -> 0.02080923 | BW12: {=SUM(_xlfn.XLOOKUP($S12:$AL12,增益!$A:$A,增益!$W:$W,0))+$I$5} -> 0.11 | BX12: {=SUM(_xlfn.XLOOKUP($S12:$AL12,增益!$A:$A,增益!$X:$X,0))} -> 0
A13: 会心伤害加成 | B13: 0.54 | C13: 牵丝 | D13: =(B5+IF($G$1=$C13,$B$7,0))*IF($G$2="倾觞",1.05,1) -> 0 | E13: =(MAX(B5,C5)+IF($G$1=$C13,$C$7,0))*IF($G$2="倾觞",1.05,1) -> 0 | F13: =D5 -> 0 | G13: =E5 -> 0 | K13: =$L13*VLOOKUP($R13,武学奇术!$A:$ZZ,31,FALSE) -> 81846.932 | L13: =($M13*$BT13+$N13*$BR13+$O13*$BU13+$P13*$BV13) -> 51154.332 | M13: =((($AT13+($AU13-$AT13)*IF(VLOOKUP($R13,武学奇术!$A:$ZZ,31,FALSE)=1,$F$18,0.5))*$AN13+$AO13)*(1+$AV13)*(1+$AW13)+(($AY13+($AZ13-$AY13)*IF(VLOOKUP($R13,武学奇术!$A:$ZZ,31,FALSE)=1,$F$18,0.5))*IF($G$1="鸣金",$AP13,$AN13)+IF($G$1="鸣金",$AQ13*1.5,0))*(1+$BA13)*(1+$BB13)+(($BC13+($BD13-$BC13)*IF(VLOOKUP($R13,武学奇术!$A:$ZZ,31,FALSE)=1,$F$18,0.5))*IF($G$1="裂石",$AP13,$AN13)+IF($G$1="裂石",$AQ13*1.5,0))*(1+$BE13)*(1+$BF13)+(($BG13+($BH13-$BG13)*IF(VLOOKUP($R13,武学奇术!$A:$ZZ,31,FALSE)=1,$F$18,0.5))*IF($G$1="牵丝",$AP13,$AN13)+IF($G$1="牵丝",$AQ13*1.5,0))*(1+$BI13)*(1+$BJ13)+(($BK13+($BL13-$BK13)*IF(VLOOKUP($R13,武学奇术!$A:$ZZ,31,FALSE)=1,$F$18,0.5))*IF($G$1="破竹",$AP13,$AN13)+IF($G$1="破竹",$AQ13*1.5,0))*(1+$BM13)*(1+$BN13))*(1+$AR13)*$BQ13*$Q13*(1+IF(VLOOKUP($R13,武学奇术!$A:$ZZ,30,FALSE)="酩酊技",$B$21,0))*(1+$BW13) -> 52548.029 | N13: =(($AU13*$AN13+$AO13)*(1+$AV13)*(1+$AW13)+($AZ13*IF($G$1="鸣金",$AP13,$AN13)+IF($G$1="鸣金",$AQ13*1.5,0))*(1+$BA13)*(1+$BB13)+($BD13*IF($G$1="裂石",$AP13,$AN13)+IF($G$1="裂石",$AQ13*1.5,0))*(1+$BE13)*(1+$BF13)+($BH13*IF($G$1="牵丝",$AP13,$AN13)+IF($G$1="牵丝",$AQ13*1.5,0))*(1+$BI13)*(1+$BJ13)+($BL13*IF($G$1="破竹",$AP13,$AN13)+IF($G$1="破竹",$AQ13*1.5,0))*(1+$BM13)*(1+$BN13))*(1+$AR13)*$BS13*$Q13*(1+IF(VLOOKUP($R13,武学奇术!$A:$ZZ,30,FALSE)="酩酊技",$B$21,0))*(1+$BW13) -> 47984.388 | O13: =((($AT13+($AU13-$AT13)*IF(VLOOKUP($R13,武学奇术!$A:$ZZ,31,FALSE)=1,$F$18,0.5))*$AN13+$AO13)*(1+$AV13)*(1+$AW13)+(($AY13+($AZ13-$AY13)*IF(VLOOKUP($R13,武学奇术!$A:$ZZ,31,FALSE)=1,$F$18,0.5))*IF($G$1="鸣金",$AP13,$AN13)+IF($G$1="鸣金",$AQ13*1.5,0))*(1+$BA13)*(1+$BB13)+(($BC13+($BD13-$BC13)*IF(VLOOKUP($R13,武学奇术!$A:$ZZ,31,FALSE)=1,$F$18,0.5))*IF($G$1="裂石",$AP13,$AN13)+IF($G$1="裂石",$AQ13*1.5,0))*(1+$BE13)*(1+$BF13)+(($BG13+($BH13-$BG13)*IF(VLOOKUP($R13,武学奇术!$A:$ZZ,31,FALSE)=1,$F$18,0.5))*IF($G$1="牵丝",$AP13,$AN13)+IF($G$1="牵丝",$AQ13*1.5,0))*(1+$BI13)*(1+$BJ13)+(($BK13+($BL13-$BK13)*IF(VLOOKUP($R13,武学奇术!$A:$ZZ,31,FALSE)=1,$F$18,0.5))*IF($G$1="破竹",$AP13,$AN13)+IF($G$1="破竹",$AQ13*1.5,0))*(1+$BM13)*(1+$BN13))*(1+$AR13)*$Q13*(1+IF(VLOOKUP($R13,武学奇术!$A:$ZZ,30,FALSE)="酩酊技",$B$21,0))*(1+$BW13) -> 31655.439 | P13: =((($AT13*$AN13+$AO13)*(1+$AV13)*(1+$AW13)+($AY13*IF($G$1="鸣金",$AP13,$AN13)+IF($G$1="鸣金",$AQ13*1.5,0))*(1+$BA13)*(1+$BB13)+($BC13*IF($G$1="裂石",$AP13,$AN13)+IF($G$1="裂石",$AQ13*1.5,0))*(1+$BE13)*(1+$BF13)+($BG13*IF($G$1="牵丝",$AP13,$AN13)+IF($G$1="牵丝",$AQ13*1.5,0))*(1+$BI13)*(1+$BJ13)+($BK13*IF($G$1="破竹",$AP13,$AN13)+IF($G$1="破竹",$AQ13*1.5,0))*(1+$BM13)*(1+$BN13))*(1+$AR13))*$Q13*(1+IF(VLOOKUP($R13,武学奇术!$A:$ZZ,30,FALSE)="酩酊技",$B$21,0))*(1+$BW13) -> 27766.887 | Q13: 1 | R13: 长鲸吸川(拳甲+浓醺) | S13: 易水歌4层 | T13: 沧海帖2层 | U13: 离猎 | V13: 浓醺 | W13: 醉意增伤 | X13: 近战笛 | Y13: 惧刃(拐) | Z13: N/a | AA13: N/a | AB13: 燕别(0%) | AC13: 烁鼓(拐) | AD13: 断石5层 | AE13: 裁云(拐) | AF13: 无惧 | AG13: N/a | AH13: N/a | AI13: N/a | AJ13: N/a | AK13: N/a | AL13: N/a | AM13: =VLOOKUP($R13,武学奇术!$A:$ZZ,25,FALSE) -> 拳甲 | AN13: =VLOOKUP($R13,武学奇术!$A:$ZZ,26,FALSE) -> 2.173248 | AO13: =VLOOKUP($R13,武学奇术!$A:$ZZ,27,FALSE)*(1+IF(OR($AM13=$F$4,$AM13=$F$5),$B$22,0)) -> 0 | AP13: =VLOOKUP($R13,武学奇术!$A:$ZZ,28,FALSE) -> 3.259872 | AQ13: =VLOOKUP($R13,武学奇术!$A:$ZZ,29,FALSE)*(1+IF(OR($AM13=$F$4,$AM13=$F$5),$B$22,0)) -> 0 | AR13: {=$G$3+IFERROR(VLOOKUP($AM13,$F$4:$G$7,2,FALSE),0)+VLOOKUP($R13,武学奇术!$A:$ZZ,2,FALSE)+SUM(_xlfn.XLOOKUP($S13:$AL13,增益!$A:$A,增益!$B:$B,0))} -> 0.4143 | AS13: {=VLOOKUP($R13,武学奇术!$A:$ZZ,5,FALSE)+SUM(_xlfn.XLOOKUP($S13:$AL13,增益!$A:$A,增益!$E:$E,0))} -> 0 | AT13: {=$D$10*(1+$AS13)+VLOOKUP($R13,武学奇术!$A:$ZZ,3,FALSE)+SUM(_xlfn.XLOOKUP($S13:$AL13,增益!$A:$A,增益!$C:$C,0))-$I$2} -> 4371.3 | AU13: {=$E$10*(1+$AS13)+VLOOKUP($R13,武学奇术!$A:$ZZ,4,FALSE)+SUM(_xlfn.XLOOKUP($S13:$AL13,增益!$A:$A,增益!$D:$D,0))-$I$2} -> 4371.3 | AV13: {=IF($F$10-$I$3+VLOOKUP($R13,武学奇术!$A:$ZZ,6,FALSE)+SUM(_xlfn.XLOOKUP($S13:$AL13,增益!$A:$A,增益!$F:$F,0))>0,($F$10-$I$3+VLOOKUP($R13,武学奇术!$A:$ZZ,6,FALSE)+SUM(_xlfn.XLOOKUP($S13:$AL13,增益!$A:$A,增益!$F:$F,0)))/200,($F$10-$I$3+VLOOKUP($R13,武学奇术!$A:$ZZ,6,FALSE)+SUM(_xlfn.XLOOKUP($S13:$AL13,增益!$A:$A,增益!$F:$F,0)))/100)} -> 0.3585 | AW13: {=$G$10+VLOOKUP($R13,武学奇术!$A:$ZZ,7,FALSE)+SUM(_xlfn.XLOOKUP($S13:$AL13,增益!$A:$A,增益!$G:$G,0))} -> 0.135 | AX13: {=VLOOKUP($R13,武学奇术!$A:$ZZ,8,FALSE)+SUM(_xlfn.XLOOKUP($S13:$AL13,增益!$A:$A,增益!$H:$H,0))} -> 0 | AY13: =$D$11*(1+$AX13) -> 0 | AZ13: =$E$11*(1+$AX13) -> 0 | BA13: {=IF($F$11-$I$4+VLOOKUP($R13,武学奇术!$A:$ZZ,9,FALSE)+SUM(_xlfn.XLOOKUP($S13:$AL13,增益!$A:$A,增益!$I:$I,0))>0,($F$11-$I$4+VLOOKUP($R13,武学奇术!$A:$ZZ,9,FALSE)+SUM(_xlfn.XLOOKUP($S13:$AL13,增益!$A:$A,增益!$I:$I,0)))/200,($F$11-$I$4+VLOOKUP($R13,武学奇术!$A:$ZZ,9,FALSE)+SUM(_xlfn.XLOOKUP($S13:$AL13,增益!$A:$A,增益!$I:$I,0)))/100)} -> -0.02 | BB13: {=$G$11+VLOOKUP($R13,武学奇术!$A:$ZZ,10,FALSE)+SUM(_xlfn.XLOOKUP($S13:$AL13,增益!$A:$A,增益!$J:$J,0))} -> 0.02 | BC13: =$D$12*(1+$AX13) -> 0 | BD13: =$E$12*(1+$AX13) -> 0 | BE13: {=IF($F$12-$I$4+VLOOKUP($R13,武学奇术!$A:$ZZ,11,FALSE)+SUM(_xlfn.XLOOKUP($S13:$AL13,增益!$A:$A,增益!$K:$K,0))>0,($F$12-$I$4+VLOOKUP($R13,武学奇术!$A:$ZZ,11,FALSE)+SUM(_xlfn.XLOOKUP($S13:$AL13,增益!$A:$A,增益!$K:$K,0)))/200,($F$12-$I$4+VLOOKUP($R13,武学奇术!$A:$ZZ,11,FALSE)+SUM(_xlfn.XLOOKUP($S13:$AL13,增益!$A:$A,增益!$K:$K,0)))/100)} -> -0.02 | BF13: {=$G$12+VLOOKUP($R13,武学奇术!$A:$ZZ,12,FALSE)+SUM(_xlfn.XLOOKUP($S13:$AL13,增益!$A:$A,增益!$L:$L,0))} -> 0.02 | BG13: =$D$13*(1+$AX13) -> 0 | BH13: =$E$13*(1+$AX13) -> 0 | BI13: {=IF($F$13-$I$4+VLOOKUP($R13,武学奇术!$A:$ZZ,13,FALSE)+SUM(_xlfn.XLOOKUP($S13:$AL13,增益!$A:$A,增益!$M:$M,0))>0,($F$13-$I$4+VLOOKUP($R13,武学奇术!$A:$ZZ,13,FALSE)+SUM(_xlfn.XLOOKUP($S13:$AL13,增益!$A:$A,增益!$K:$K,0)))/200,($F$13-$I$4+VLOOKUP($R13,武学奇术!$A:$ZZ,13,FALSE)+SUM(_xlfn.XLOOKUP($S13:$AL13,增益!$A:$A,增益!$M:$M,0)))/100)} -> -0.02 | BJ13: {=$G$13+VLOOKUP($R13,武学奇术!$A:$ZZ,14,FALSE)+SUM(_xlfn.XLOOKUP($S13:$AL13,增益!$A:$A,增益!$N:$N,0))} -> 0.02 | BK13: =$D$14*(1+$AX13) -> 649.11 | BL13: =$E$14*(1+$AX13) -> 1707.09 | BM13: {=IF($F$14-$I$4+VLOOKUP($R13,武学奇术!$A:$ZZ,15,FALSE)+SUM(_xlfn.XLOOKUP($S13:$AL13,增益!$A:$A,增益!$O:$O,0))>0,($F$14-$I$4+VLOOKUP($R13,武学奇术!$A:$ZZ,15,FALSE)+SUM(_xlfn.XLOOKUP($S13:$AL13,增益!$A:$A,增益!$O:$O,0)))/200,($F$14-$I$4+VLOOKUP($R13,武学奇术!$A:$ZZ,15,FALSE)+SUM(_xlfn.XLOOKUP($S13:$AL13,增益!$A:$A,增益!$O:$O,0)))/100)} -> 0.14 | BN13: {=$G$14+VLOOKUP($R13,武学奇术!$A:$ZZ,16,FALSE)+SUM(_xlfn.XLOOKUP($S13:$AL13,增益!$A:$A,增益!$P:$P,0))} -> 0.26 | BO13: =MIN(IF(VLOOKUP($R13,武学奇术!$A:$ZZ,23,FALSE)=1,100%,$B$8),100%) -> 0.9771 | BP13: {=IF(VLOOKUP($R13,武学奇术!$A:$ZZ,23,FALSE)=1,100%,MIN(80%,$B$9+VLOOKUP($R13,武学奇术!$A:$ZZ,17,FALSE)+SUM(_xlfn.XLOOKUP($S13:$AL13,增益!$A:$A,增益!$Q:$Q,0)))+$B$11+SUM(_xlfn.XLOOKUP($S13:$AL13,增益!$A:$A,增益!$U:$U,0)))*IF(VLOOKUP($R13,武学奇术!$A:$ZZ,24,FALSE)=1,0,1)+MIN(IF(VLOOKUP($R13,武学奇术!$A:$ZZ,32,FALSE)=1,IF(VLOOKUP($R13,武学奇术!$A:$ZZ,24,FALSE)=1,100%,MIN(40%,$B$10+VLOOKUP($R13,武学奇术!$A:$ZZ,19,FALSE)+SUM(_xlfn.XLOOKUP($S13:$AL13,增益!$A:$A,增益!$S:$S,0)))+$B$12+SUM(_xlfn.XLOOKUP($S13:$AL13,增益!$A:$A,增益!$V:$V,0))),0),12%)} -> 0.8861 | BQ13: {=1+$B$13+VLOOKUP($R13,武学奇术!$A:$ZZ,18,FALSE)+SUM(_xlfn.XLOOKUP($S13:$AL13,增益!$A:$A,增益!$R:$R,0))} -> 1.66 | BR13: {=MAX(IF(VLOOKUP($R13,武学奇术!$A:$ZZ,24,FALSE)=1,100%,MIN(40%,$B$10+VLOOKUP($R13,武学奇术!$A:$ZZ,19,FALSE)+SUM(_xlfn.XLOOKUP($S13:$AL13,增益!$A:$A,增益!$S:$S,0)))+$B$12+SUM(_xlfn.XLOOKUP($S13:$AL13,增益!$A:$A,增益!$V:$V,0)))*IF(VLOOKUP($R13,武学奇术!$A:$ZZ,23,FALSE)=1,0,1)-IF(VLOOKUP($R13,武学奇术!$A:$ZZ,32,FALSE)=1,12%,0),0)} -> 0.0913 | BS13: {=1+$B$14+VLOOKUP($R13,武学奇术!$A:$ZZ,20,FALSE)+SUM(_xlfn.XLOOKUP($S13:$AL13,增益!$A:$A,增益!$T:$T,0))} -> 1.35 | BT13: =MIN((1-BR13)*BO13,BO13*BP13) -> 0.86580831 | BU13: =1-BR13-BT13-BV13 -> 0.02208246 | BV13: =IF(VLOOKUP($R13,武学奇术!$A:$ZZ,22,FALSE)=1,0,(1-$BO13))*(1-$BR13) -> 0.02080923 | BW13: {=SUM(_xlfn.XLOOKUP($S13:$AL13,增益!$A:$A,增益!$W:$W,0))+$I$5} -> 0.11 | BX13: {=SUM(_xlfn.XLOOKUP($S13:$AL13,增益!$A:$A,增益!$X:$X,0))} -> 0
A14: 会意伤害加成 | B14: 0.35 | C14: 破竹 | D14: =(B6+IF($G$1=$C14,B7,0))*IF($G$2="倾觞",1.05,1) -> 649.11 | E14: =(MAX(B6,C6)+IF($G$1=$C14,$C$7,0))*IF($G$2="倾觞",1.05,1) -> 1707.09 | F14: =D6 -> 30 | G14: =E6 -> 0.15 | H14: RDPS | I14: =RD!I14 -> 156345.55 | K14: =$L14*VLOOKUP($R14,武学奇术!$A:$ZZ,31,FALSE) -> 330564.08 | L14: =($M14*$BT14+$N14*$BR14+$O14*$BU14+$P14*$BV14) -> 330564.08 | M14: =((($AT14+($AU14-$AT14)*IF(VLOOKUP($R14,武学奇术!$A:$ZZ,31,FALSE)=1,$F$18,0.5))*$AN14+$AO14)*(1+$AV14)*(1+$AW14)+(($AY14+($AZ14-$AY14)*IF(VLOOKUP($R14,武学奇术!$A:$ZZ,31,FALSE)=1,$F$18,0.5))*IF($G$1="鸣金",$AP14,$AN14)+IF($G$1="鸣金",$AQ14*1.5,0))*(1+$BA14)*(1+$BB14)+(($BC14+($BD14-$BC14)*IF(VLOOKUP($R14,武学奇术!$A:$ZZ,31,FALSE)=1,$F$18,0.5))*IF($G$1="裂石",$AP14,$AN14)+IF($G$1="裂石",$AQ14*1.5,0))*(1+$BE14)*(1+$BF14)+(($BG14+($BH14-$BG14)*IF(VLOOKUP($R14,武学奇术!$A:$ZZ,31,FALSE)=1,$F$18,0.5))*IF($G$1="牵丝",$AP14,$AN14)+IF($G$1="牵丝",$AQ14*1.5,0))*(1+$BI14)*(1+$BJ14)+(($BK14+($BL14-$BK14)*IF(VLOOKUP($R14,武学奇术!$A:$ZZ,31,FALSE)=1,$F$18,0.5))*IF($G$1="破竹",$AP14,$AN14)+IF($G$1="破竹",$AQ14*1.5,0))*(1+$BM14)*(1+$BN14))*(1+$AR14)*$BQ14*$Q14*(1+IF(VLOOKUP($R14,武学奇术!$A:$ZZ,30,FALSE)="酩酊技",$B$21,0))*(1+$BW14) -> 345435.19 | N14: =(($AU14*$AN14+$AO14)*(1+$AV14)*(1+$AW14)+($AZ14*IF($G$1="鸣金",$AP14,$AN14)+IF($G$1="鸣金",$AQ14*1.5,0))*(1+$BA14)*(1+$BB14)+($BD14*IF($G$1="裂石",$AP14,$AN14)+IF($G$1="裂石",$AQ14*1.5,0))*(1+$BE14)*(1+$BF14)+($BH14*IF($G$1="牵丝",$AP14,$AN14)+IF($G$1="牵丝",$AQ14*1.5,0))*(1+$BI14)*(1+$BJ14)+($BL14*IF($G$1="破竹",$AP14,$AN14)+IF($G$1="破竹",$AQ14*1.5,0))*(1+$BM14)*(1+$BN14))*(1+$AR14)*$BS14*$Q14*(1+IF(VLOOKUP($R14,武学奇术!$A:$ZZ,30,FALSE)="酩酊技",$B$21,0))*(1+$BW14) -> 262458.48 | O14: =((($AT14+($AU14-$AT14)*IF(VLOOKUP($R14,武学奇术!$A:$ZZ,31,FALSE)=1,$F$18,0.5))*$AN14+$AO14)*(1+$AV14)*(1+$AW14)+(($AY14+($AZ14-$AY14)*IF(VLOOKUP($R14,武学奇术!$A:$ZZ,31,FALSE)=1,$F$18,0.5))*IF($G$1="鸣金",$AP14,$AN14)+IF($G$1="鸣金",$AQ14*1.5,0))*(1+$BA14)*(1+$BB14)+(($BC14+($BD14-$BC14)*IF(VLOOKUP($R14,武学奇术!$A:$ZZ,31,FALSE)=1,$F$18,0.5))*IF($G$1="裂石",$AP14,$AN14)+IF($G$1="裂石",$AQ14*1.5,0))*(1+$BE14)*(1+$BF14)+(($BG14+($BH14-$BG14)*IF(VLOOKUP($R14,武学奇术!$A:$ZZ,31,FALSE)=1,$F$18,0.5))*IF($G$1="牵丝",$AP14,$AN14)+IF($G$1="牵丝",$AQ14*1.5,0))*(1+$BI14)*(1+$BJ14)+(($BK14+($BL14-$BK14)*IF(VLOOKUP($R14,武学奇术!$A:$ZZ,31,FALSE)=1,$F$18,0.5))*IF($G$1="破竹",$AP14,$AN14)+IF($G$1="破竹",$AQ14*1.5,0))*(1+$BM14)*(1+$BN14))*(1+$AR14)*$Q14*(1+IF(VLOOKUP($R14,武学奇术!$A:$ZZ,30,FALSE)="酩酊技",$B$21,0))*(1+$BW14) -> 175347.81 | P14: =((($AT14*$AN14+$AO14)*(1+$AV14)*(1+$AW14)+($AY14*IF($G$1="鸣金",$AP14,$AN14)+IF($G$1="鸣金",$AQ14*1.5,0))*(1+$BA14)*(1+$BB14)+($BC14*IF($G$1="裂石",$AP14,$AN14)+IF($G$1="裂石",$AQ14*1.5,0))*(1+$BE14)*(1+$BF14)+($BG14*IF($G$1="牵丝",$AP14,$AN14)+IF($G$1="牵丝",$AQ14*1.5,0))*(1+$BI14)*(1+$BJ14)+($BK14*IF($G$1="破竹",$AP14,$AN14)+IF($G$1="破竹",$AQ14*1.5,0))*(1+$BM14)*(1+$BN14))*(1+$AR14))*$Q14*(1+IF(VLOOKUP($R14,武学奇术!$A:$ZZ,30,FALSE)="酩酊技",$B$21,0))*(1+$BW14) -> 156281.94 | Q14: 1 | R14: 饮龙·酩酊 | S14: 易水歌4层 | T14: 沧海帖3层 | U14: 离猎 | V14: 浓醺 | W14: 醉意增伤 | X14: 近战笛 | Y14: 惧刃(拐) | Z14: N/a | AA14: N/a | AB14: 燕别(0%) | AC14: 烁鼓(拐) | AD14: 断石5层 | AE14: 裁云(拐) | AF14: 无惧 | AG14: N/a | AH14: N/a | AI14: N/a | AJ14: N/a | AK14: N/a | AL14: N/a | AM14: =VLOOKUP($R14,武学奇术!$A:$ZZ,25,FALSE) -> 拳甲 | AN14: =VLOOKUP($R14,武学奇术!$A:$ZZ,26,FALSE) -> 7.79674 | AO14: =VLOOKUP($R14,武学奇术!$A:$ZZ,27,FALSE)*(1+IF(OR($AM14=$F$4,$AM14=$F$5),$B$22,0)) -> 3458.56 | AP14: =VLOOKUP($R14,武学奇术!$A:$ZZ,28,FALSE) -> 11.69518 | AQ14: =VLOOKUP($R14,武学奇术!$A:$ZZ,29,FALSE)*(1+IF(OR($AM14=$F$4,$AM14=$F$5),$B$22,0)) -> 1881.6 | AR14: {=$G$3+IFERROR(VLOOKUP($AM14,$F$4:$G$7,2,FALSE),0)+VLOOKUP($R14,武学奇术!$A:$ZZ,2,FALSE)+SUM(_xlfn.XLOOKUP($S14:$AL14,增益!$A:$A,增益!$B:$B,0))} -> 0.4643 | AS14: {=VLOOKUP($R14,武学奇术!$A:$ZZ,5,FALSE)+SUM(_xlfn.XLOOKUP($S14:$AL14,增益!$A:$A,增益!$E:$E,0))} -> 0 | AT14: {=$D$10*(1+$AS14)+VLOOKUP($R14,武学奇术!$A:$ZZ,3,FALSE)+SUM(_xlfn.XLOOKUP($S14:$AL14,增益!$A:$A,增益!$C:$C,0))-$I$2} -> 4371.3 | AU14: {=$E$10*(1+$AS14)+VLOOKUP($R14,武学奇术!$A:$ZZ,4,FALSE)+SUM(_xlfn.XLOOKUP($S14:$AL14,增益!$A:$A,增益!$D:$D,0))-$I$2} -> 4371.3 | AV14: {=IF($F$10-$I$3+VLOOKUP($R14,武学奇术!$A:$ZZ,6,FALSE)+SUM(_xlfn.XLOOKUP($S14:$AL14,增益!$A:$A,增益!$F:$F,0))>0,($F$10-$I$3+VLOOKUP($R14,武学奇术!$A:$ZZ,6,FALSE)+SUM(_xlfn.XLOOKUP($S14:$AL14,增益!$A:$A,增益!$F:$F,0)))/200,($F$10-$I$3+VLOOKUP($R14,武学奇术!$A:$ZZ,6,FALSE)+SUM(_xlfn.XLOOKUP($S14:$AL14,增益!$A:$A,增益!$F:$F,0)))/100)} -> 0.3585 | AW14: {=$G$10+VLOOKUP($R14,武学奇术!$A:$ZZ,7,FALSE)+SUM(_xlfn.XLOOKUP($S14:$AL14,增益!$A:$A,增益!$G:$G,0))} -> 0.135 | AX14: {=VLOOKUP($R14,武学奇术!$A:$ZZ,8,FALSE)+SUM(_xlfn.XLOOKUP($S14:$AL14,增益!$A:$A,增益!$H:$H,0))} -> 0 | AY14: =$D$11*(1+$AX14) -> 0 | AZ14: =$E$11*(1+$AX14) -> 0 | BA14: {=IF($F$11-$I$4+VLOOKUP($R14,武学奇术!$A:$ZZ,9,FALSE)+SUM(_xlfn.XLOOKUP($S14:$AL14,增益!$A:$A,增益!$I:$I,0))>0,($F$11-$I$4+VLOOKUP($R14,武学奇术!$A:$ZZ,9,FALSE)+SUM(_xlfn.XLOOKUP($S14:$AL14,增益!$A:$A,增益!$I:$I,0)))/200,($F$11-$I$4+VLOOKUP($R14,武学奇术!$A:$ZZ,9,FALSE)+SUM(_xlfn.XLOOKUP($S14:$AL14,增益!$A:$A,增益!$I:$I,0)))/100)} -> -0.02 | BB14: {=$G$11+VLOOKUP($R14,武学奇术!$A:$ZZ,10,FALSE)+SUM(_xlfn.XLOOKUP($S14:$AL14,增益!$A:$A,增益!$J:$J,0))} -> 0.02 | BC14: =$D$12*(1+$AX14) -> 0 | BD14: =$E$12*(1+$AX14) -> 0 | BE14: {=IF($F$12-$I$4+VLOOKUP($R14,武学奇术!$A:$ZZ,11,FALSE)+SUM(_xlfn.XLOOKUP($S14:$AL14,增益!$A:$A,增益!$K:$K,0))>0,($F$12-$I$4+VLOOKUP($R14,武学奇术!$A:$ZZ,11,FALSE)+SUM(_xlfn.XLOOKUP($S14:$AL14,增益!$A:$A,增益!$K:$K,0)))/200,($F$12-$I$4+VLOOKUP($R14,武学奇术!$A:$ZZ,11,FALSE)+SUM(_xlfn.XLOOKUP($S14:$AL14,增益!$A:$A,增益!$K:$K,0)))/100)} -> -0.02 | BF14: {=$G$12+VLOOKUP($R14,武学奇术!$A:$ZZ,12,FALSE)+SUM(_xlfn.XLOOKUP($S14:$AL14,增益!$A:$A,增益!$L:$L,0))} -> 0.02 | BG14: =$D$13*(1+$AX14) -> 0 | BH14: =$E$13*(1+$AX14) -> 0 | BI14: {=IF($F$13-$I$4+VLOOKUP($R14,武学奇术!$A:$ZZ,13,FALSE)+SUM(_xlfn.XLOOKUP($S14:$AL14,增益!$A:$A,增益!$M:$M,0))>0,($F$13-$I$4+VLOOKUP($R14,武学奇术!$A:$ZZ,13,FALSE)+SUM(_xlfn.XLOOKUP($S14:$AL14,增益!$A:$A,增益!$K:$K,0)))/200,($F$13-$I$4+VLOOKUP($R14,武学奇术!$A:$ZZ,13,FALSE)+SUM(_xlfn.XLOOKUP($S14:$AL14,增益!$A:$A,增益!$M:$M,0)))/100)} -> -0.02 | BJ14: {=$G$13+VLOOKUP($R14,武学奇术!$A:$ZZ,14,FALSE)+SUM(_xlfn.XLOOKUP($S14:$AL14,增益!$A:$A,增益!$N:$N,0))} -> 0.02 | BK14: =$D$14*(1+$AX14) -> 649.11 | BL14: =$E$14*(1+$AX14) -> 1707.09 | BM14: {=IF($F$14-$I$4+VLOOKUP($R14,武学奇术!$A:$ZZ,15,FALSE)+SUM(_xlfn.XLOOKUP($S14:$AL14,增益!$A:$A,增益!$O:$O,0))>0,($F$14-$I$4+VLOOKUP($R14,武学奇术!$A:$ZZ,15,FALSE)+SUM(_xlfn.XLOOKUP($S14:$AL14,增益!$A:$A,增益!$O:$O,0)))/200,($F$14-$I$4+VLOOKUP($R14,武学奇术!$A:$ZZ,15,FALSE)+SUM(_xlfn.XLOOKUP($S14:$AL14,增益!$A:$A,增益!$O:$O,0)))/100)} -> 0.14 | BN14: {=$G$14+VLOOKUP($R14,武学奇术!$A:$ZZ,16,FALSE)+SUM(_xlfn.XLOOKUP($S14:$AL14,增益!$A:$A,增益!$P:$P,0))} -> 0.26 | BO14: =MIN(IF(VLOOKUP($R14,武学奇术!$A:$ZZ,23,FALSE)=1,100%,$B$8),100%) -> 0.9771 | BP14: {=IF(VLOOKUP($R14,武学奇术!$A:$ZZ,23,FALSE)=1,100%,MIN(80%,$B$9+VLOOKUP($R14,武学奇术!$A:$ZZ,17,FALSE)+SUM(_xlfn.XLOOKUP($S14:$AL14,增益!$A:$A,增益!$Q:$Q,0)))+$B$11+SUM(_xlfn.XLOOKUP($S14:$AL14,增益!$A:$A,增益!$U:$U,0)))*IF(VLOOKUP($R14,武学奇术!$A:$ZZ,24,FALSE)=1,0,1)+MIN(IF(VLOOKUP($R14,武学奇术!$A:$ZZ,32,FALSE)=1,IF(VLOOKUP($R14,武学奇术!$A:$ZZ,24,FALSE)=1,100%,MIN(40%,$B$10+VLOOKUP($R14,武学奇术!$A:$ZZ,19,FALSE)+SUM(_xlfn.XLOOKUP($S14:$AL14,增益!$A:$A,增益!$S:$S,0)))+$B$12+SUM(_xlfn.XLOOKUP($S14:$AL14,增益!$A:$A,增益!$V:$V,0))),0),12%)} -> 0.8861 | BQ14: {=1+$B$13+VLOOKUP($R14,武学奇术!$A:$ZZ,18,FALSE)+SUM(_xlfn.XLOOKUP($S14:$AL14,增益!$A:$A,增益!$R:$R,0))} -> 1.97 | BR14: {=MAX(IF(VLOOKUP($R14,武学奇术!$A:$ZZ,24,FALSE)=1,100%,MIN(40%,$B$10+VLOOKUP($R14,武学奇术!$A:$ZZ,19,FALSE)+SUM(_xlfn.XLOOKUP($S14:$AL14,增益!$A:$A,增益!$S:$S,0)))+$B$12+SUM(_xlfn.XLOOKUP($S14:$AL14,增益!$A:$A,增益!$V:$V,0)))*IF(VLOOKUP($R14,武学奇术!$A:$ZZ,23,FALSE)=1,0,1)-IF(VLOOKUP($R14,武学奇术!$A:$ZZ,32,FALSE)=1,12%,0),0)} -> 0.0913 | BS14: {=1+$B$14+VLOOKUP($R14,武学奇术!$A:$ZZ,20,FALSE)+SUM(_xlfn.XLOOKUP($S14:$AL14,增益!$A:$A,增益!$T:$T,0))} -> 1.35 | BT14: =MIN((1-BR14)*BO14,BO14*BP14) -> 0.86580831 | BU14: =1-BR14-BT14-BV14 -> 0.04289169 | BV14: =IF(VLOOKUP($R14,武学奇术!$A:$ZZ,22,FALSE)=1,0,(1-$BO14))*(1-$BR14) -> 0 | BW14: {=SUM(_xlfn.XLOOKUP($S14:$AL14,增益!$A:$A,增益!$W:$W,0))+$I$5} -> 0.11 | BX14: {=SUM(_xlfn.XLOOKUP($S14:$AL14,增益!$A:$A,增益!$X:$X,0))} -> 0
A15: 全武增 | B15: 0.0847 | C15: 团队增益 | K15: =$L15*VLOOKUP($R15,武学奇术!$A:$ZZ,31,FALSE) -> 57865.38 | L15: =($M15*$BT15+$N15*$BR15+$O15*$BU15+$P15*$BV15) -> 57865.38 | M15: =((($AT15+($AU15-$AT15)*IF(VLOOKUP($R15,武学奇术!$A:$ZZ,31,FALSE)=1,$F$18,0.5))*$AN15+$AO15)*(1+$AV15)*(1+$AW15)+(($AY15+($AZ15-$AY15)*IF(VLOOKUP($R15,武学奇术!$A:$ZZ,31,FALSE)=1,$F$18,0.5))*IF($G$1="鸣金",$AP15,$AN15)+IF($G$1="鸣金",$AQ15*1.5,0))*(1+$BA15)*(1+$BB15)+(($BC15+($BD15-$BC15)*IF(VLOOKUP($R15,武学奇术!$A:$ZZ,31,FALSE)=1,$F$18,0.5))*IF($G$1="裂石",$AP15,$AN15)+IF($G$1="裂石",$AQ15*1.5,0))*(1+$BE15)*(1+$BF15)+(($BG15+($BH15-$BG15)*IF(VLOOKUP($R15,武学奇术!$A:$ZZ,31,FALSE)=1,$F$18,0.5))*IF($G$1="牵丝",$AP15,$AN15)+IF($G$1="牵丝",$AQ15*1.5,0))*(1+$BI15)*(1+$BJ15)+(($BK15+($BL15-$BK15)*IF(VLOOKUP($R15,武学奇术!$A:$ZZ,31,FALSE)=1,$F$18,0.5))*IF($G$1="破竹",$AP15,$AN15)+IF($G$1="破竹",$AQ15*1.5,0))*(1+$BM15)*(1+$BN15))*(1+$AR15)*$BQ15*$Q15*(1+IF(VLOOKUP($R15,武学奇术!$A:$ZZ,30,FALSE)="酩酊技",$B$21,0))*(1+$BW15) -> 60470.75 | N15: =(($AU15*$AN15+$AO15)*(1+$AV15)*(1+$AW15)+($AZ15*IF($G$1="鸣金",$AP15,$AN15)+IF($G$1="鸣金",$AQ15*1.5,0))*(1+$BA15)*(1+$BB15)+($BD15*IF($G$1="裂石",$AP15,$AN15)+IF($G$1="裂石",$AQ15*1.5,0))*(1+$BE15)*(1+$BF15)+($BH15*IF($G$1="牵丝",$AP15,$AN15)+IF($G$1="牵丝",$AQ15*1.5,0))*(1+$BI15)*(1+$BJ15)+($BL15*IF($G$1="破竹",$AP15,$AN15)+IF($G$1="破竹",$AQ15*1.5,0))*(1+$BM15)*(1+$BN15))*(1+$AR15)*$BS15*$Q15*(1+IF(VLOOKUP($R15,武学奇术!$A:$ZZ,30,FALSE)="酩酊技",$B$21,0))*(1+$BW15) -> 45922.311 | O15: =((($AT15+($AU15-$AT15)*IF(VLOOKUP($R15,武学奇术!$A:$ZZ,31,FALSE)=1,$F$18,0.5))*$AN15+$AO15)*(1+$AV15)*(1+$AW15)+(($AY15+($AZ15-$AY15)*IF(VLOOKUP($R15,武学奇术!$A:$ZZ,31,FALSE)=1,$F$18,0.5))*IF($G$1="鸣金",$AP15,$AN15)+IF($G$1="鸣金",$AQ15*1.5,0))*(1+$BA15)*(1+$BB15)+(($BC15+($BD15-$BC15)*IF(VLOOKUP($R15,武学奇术!$A:$ZZ,31,FALSE)=1,$F$18,0.5))*IF($G$1="裂石",$AP15,$AN15)+IF($G$1="裂石",$AQ15*1.5,0))*(1+$BE15)*(1+$BF15)+(($BG15+($BH15-$BG15)*IF(VLOOKUP($R15,武学奇术!$A:$ZZ,31,FALSE)=1,$F$18,0.5))*IF($G$1="牵丝",$AP15,$AN15)+IF($G$1="牵丝",$AQ15*1.5,0))*(1+$BI15)*(1+$BJ15)+(($BK15+($BL15-$BK15)*IF(VLOOKUP($R15,武学奇术!$A:$ZZ,31,FALSE)=1,$F$18,0.5))*IF($G$1="破竹",$AP15,$AN15)+IF($G$1="破竹",$AQ15*1.5,0))*(1+$BM15)*(1+$BN15))*(1+$AR15)*$Q15*(1+IF(VLOOKUP($R15,武学奇术!$A:$ZZ,30,FALSE)="酩酊技",$B$21,0))*(1+$BW15) -> 30695.812 | P15: =((($AT15*$AN15+$AO15)*(1+$AV15)*(1+$AW15)+($AY15*IF($G$1="鸣金",$AP15,$AN15)+IF($G$1="鸣金",$AQ15*1.5,0))*(1+$BA15)*(1+$BB15)+($BC15*IF($G$1="裂石",$AP15,$AN15)+IF($G$1="裂石",$AQ15*1.5,0))*(1+$BE15)*(1+$BF15)+($BG15*IF($G$1="牵丝",$AP15,$AN15)+IF($G$1="牵丝",$AQ15*1.5,0))*(1+$BI15)*(1+$BJ15)+($BK15*IF($G$1="破竹",$AP15,$AN15)+IF($G$1="破竹",$AQ15*1.5,0))*(1+$BM15)*(1+$BN15))*(1+$AR15))*$Q15*(1+IF(VLOOKUP($R15,武学奇术!$A:$ZZ,30,FALSE)="酩酊技",$B$21,0))*(1+$BW15) -> 27375.097 | Q15: 1 | R15: 饮龙·酩酊一段 | S15: 易水歌5层 | T15: 沧海帖3层 | U15: 离猎 | V15: 浓醺 | W15: 醉意增伤 | X15: 近战笛 | Y15: 惧刃(拐) | Z15: N/a | AA15: N/a | AB15: 燕别(0%) | AC15: 烁鼓(拐) | AD15: N/a | AE15: 裁云(拐) | AF15: 无惧 | AG15: N/a | AH15: N/a | AI15: N/a | AJ15: N/a | AK15: N/a | AL15: N/a | AM15: =VLOOKUP($R15,武学奇术!$A:$ZZ,25,FALSE) -> 拳甲 | AN15: =VLOOKUP($R15,武学奇术!$A:$ZZ,26,FALSE) -> 1.34876 | AO15: =VLOOKUP($R15,武学奇术!$A:$ZZ,27,FALSE)*(1+IF(OR($AM15=$F$4,$AM15=$F$5),$B$22,0)) -> 598.08 | AP15: =VLOOKUP($R15,武学奇术!$A:$ZZ,28,FALSE) -> 2.02314 | AQ15: =VLOOKUP($R15,武学奇术!$A:$ZZ,29,FALSE)*(1+IF(OR($AM15=$F$4,$AM15=$F$5),$B$22,0)) -> 324.8 | AR15: {=$G$3+IFERROR(VLOOKUP($AM15,$F$4:$G$7,2,FALSE),0)+VLOOKUP($R15,武学奇术!$A:$ZZ,2,FALSE)+SUM(_xlfn.XLOOKUP($S15:$AL15,增益!$A:$A,增益!$B:$B,0))} -> 0.4743 | AS15: {=VLOOKUP($R15,武学奇术!$A:$ZZ,5,FALSE)+SUM(_xlfn.XLOOKUP($S15:$AL15,增益!$A:$A,增益!$E:$E,0))} -> 0 | AT15: {=$D$10*(1+$AS15)+VLOOKUP($R15,武学奇术!$A:$ZZ,3,FALSE)+SUM(_xlfn.XLOOKUP($S15:$AL15,增益!$A:$A,增益!$C:$C,0))-$I$2} -> 4371.3 | AU15: {=$E$10*(1+$AS15)+VLOOKUP($R15,武学奇术!$A:$ZZ,4,FALSE)+SUM(_xlfn.XLOOKUP($S15:$AL15,增益!$A:$A,增益!$D:$D,0))-$I$2} -> 4371.3 | AV15: {=IF($F$10-$I$3+VLOOKUP($R15,武学奇术!$A:$ZZ,6,FALSE)+SUM(_xlfn.XLOOKUP($S15:$AL15,增益!$A:$A,增益!$F:$F,0))>0,($F$10-$I$3+VLOOKUP($R15,武学奇术!$A:$ZZ,6,FALSE)+SUM(_xlfn.XLOOKUP($S15:$AL15,增益!$A:$A,增益!$F:$F,0)))/200,($F$10-$I$3+VLOOKUP($R15,武学奇术!$A:$ZZ,6,FALSE)+SUM(_xlfn.XLOOKUP($S15:$AL15,增益!$A:$A,增益!$F:$F,0)))/100)} -> 0.3685 | AW15: {=$G$10+VLOOKUP($R15,武学奇术!$A:$ZZ,7,FALSE)+SUM(_xlfn.XLOOKUP($S15:$AL15,增益!$A:$A,增益!$G:$G,0))} -> 0.135 | AX15: {=VLOOKUP($R15,武学奇术!$A:$ZZ,8,FALSE)+SUM(_xlfn.XLOOKUP($S15:$AL15,增益!$A:$A,增益!$H:$H,0))} -> 0 | AY15: =$D$11*(1+$AX15) -> 0 | AZ15: =$E$11*(1+$AX15) -> 0 | BA15: {=IF($F$11-$I$4+VLOOKUP($R15,武学奇术!$A:$ZZ,9,FALSE)+SUM(_xlfn.XLOOKUP($S15:$AL15,增益!$A:$A,增益!$I:$I,0))>0,($F$11-$I$4+VLOOKUP($R15,武学奇术!$A:$ZZ,9,FALSE)+SUM(_xlfn.XLOOKUP($S15:$AL15,增益!$A:$A,增益!$I:$I,0)))/200,($F$11-$I$4+VLOOKUP($R15,武学奇术!$A:$ZZ,9,FALSE)+SUM(_xlfn.XLOOKUP($S15:$AL15,增益!$A:$A,增益!$I:$I,0)))/100)} -> -0.02 | BB15: {=$G$11+VLOOKUP($R15,武学奇术!$A:$ZZ,10,FALSE)+SUM(_xlfn.XLOOKUP($S15:$AL15,增益!$A:$A,增益!$J:$J,0))} -> 0.02 | BC15: =$D$12*(1+$AX15) -> 0 | BD15: =$E$12*(1+$AX15) -> 0 | BE15: {=IF($F$12-$I$4+VLOOKUP($R15,武学奇术!$A:$ZZ,11,FALSE)+SUM(_xlfn.XLOOKUP($S15:$AL15,增益!$A:$A,增益!$K:$K,0))>0,($F$12-$I$4+VLOOKUP($R15,武学奇术!$A:$ZZ,11,FALSE)+SUM(_xlfn.XLOOKUP($S15:$AL15,增益!$A:$A,增益!$K:$K,0)))/200,($F$12-$I$4+VLOOKUP($R15,武学奇术!$A:$ZZ,11,FALSE)+SUM(_xlfn.XLOOKUP($S15:$AL15,增益!$A:$A,增益!$K:$K,0)))/100)} -> -0.02 | BF15: {=$G$12+VLOOKUP($R15,武学奇术!$A:$ZZ,12,FALSE)+SUM(_xlfn.XLOOKUP($S15:$AL15,增益!$A:$A,增益!$L:$L,0))} -> 0.02 | BG15: =$D$13*(1+$AX15) -> 0 | BH15: =$E$13*(1+$AX15) -> 0 | BI15: {=IF($F$13-$I$4+VLOOKUP($R15,武学奇术!$A:$ZZ,13,FALSE)+SUM(_xlfn.XLOOKUP($S15:$AL15,增益!$A:$A,增益!$M:$M,0))>0,($F$13-$I$4+VLOOKUP($R15,武学奇术!$A:$ZZ,13,FALSE)+SUM(_xlfn.XLOOKUP($S15:$AL15,增益!$A:$A,增益!$K:$K,0)))/200,($F$13-$I$4+VLOOKUP($R15,武学奇术!$A:$ZZ,13,FALSE)+SUM(_xlfn.XLOOKUP($S15:$AL15,增益!$A:$A,增益!$M:$M,0)))/100)} -> -0.02 | BJ15: {=$G$13+VLOOKUP($R15,武学奇术!$A:$ZZ,14,FALSE)+SUM(_xlfn.XLOOKUP($S15:$AL15,增益!$A:$A,增益!$N:$N,0))} -> 0.02 | BK15: =$D$14*(1+$AX15) -> 649.11 | BL15: =$E$14*(1+$AX15) -> 1707.09 | BM15: {=IF($F$14-$I$4+VLOOKUP($R15,武学奇术!$A:$ZZ,15,FALSE)+SUM(_xlfn.XLOOKUP($S15:$AL15,增益!$A:$A,增益!$O:$O,0))>0,($F$14-$I$4+VLOOKUP($R15,武学奇术!$A:$ZZ,15,FALSE)+SUM(_xlfn.XLOOKUP($S15:$AL15,增益!$A:$A,增益!$O:$O,0)))/200,($F$14-$I$4+VLOOKUP($R15,武学奇术!$A:$ZZ,15,FALSE)+SUM(_xlfn.XLOOKUP($S15:$AL15,增益!$A:$A,增益!$O:$O,0)))/100)} -> 0.14 | BN15: {=$G$14+VLOOKUP($R15,武学奇术!$A:$ZZ,16,FALSE)+SUM(_xlfn.XLOOKUP($S15:$AL15,增益!$A:$A,增益!$P:$P,0))} -> 0.26 | BO15: =MIN(IF(VLOOKUP($R15,武学奇术!$A:$ZZ,23,FALSE)=1,100%,$B$8),100%) -> 0.9771 | BP15: {=IF(VLOOKUP($R15,武学奇术!$A:$ZZ,23,FALSE)=1,100%,MIN(80%,$B$9+VLOOKUP($R15,武学奇术!$A:$ZZ,17,FALSE)+SUM(_xlfn.XLOOKUP($S15:$AL15,增益!$A:$A,增益!$Q:$Q,0)))+$B$11+SUM(_xlfn.XLOOKUP($S15:$AL15,增益!$A:$A,增益!$U:$U,0)))*IF(VLOOKUP($R15,武学奇术!$A:$ZZ,24,FALSE)=1,0,1)+MIN(IF(VLOOKUP($R15,武学奇术!$A:$ZZ,32,FALSE)=1,IF(VLOOKUP($R15,武学奇术!$A:$ZZ,24,FALSE)=1,100%,MIN(40%,$B$10+VLOOKUP($R15,武学奇术!$A:$ZZ,19,FALSE)+SUM(_xlfn.XLOOKUP($S15:$AL15,增益!$A:$A,增益!$S:$S,0)))+$B$12+SUM(_xlfn.XLOOKUP($S15:$AL15,增益!$A:$A,增益!$V:$V,0))),0),12%)} -> 0.8861 | BQ15: {=1+$B$13+VLOOKUP($R15,武学奇术!$A:$ZZ,18,FALSE)+SUM(_xlfn.XLOOKUP($S15:$AL15,增益!$A:$A,增益!$R:$R,0))} -> 1.97 | BR15: {=MAX(IF(VLOOKUP($R15,武学奇术!$A:$ZZ,24,FALSE)=1,100%,MIN(40%,$B$10+VLOOKUP($R15,武学奇术!$A:$ZZ,19,FALSE)+SUM(_xlfn.XLOOKUP($S15:$AL15,增益!$A:$A,增益!$S:$S,0)))+$B$12+SUM(_xlfn.XLOOKUP($S15:$AL15,增益!$A:$A,增益!$V:$V,0)))*IF(VLOOKUP($R15,武学奇术!$A:$ZZ,23,FALSE)=1,0,1)-IF(VLOOKUP($R15,武学奇术!$A:$ZZ,32,FALSE)=1,12%,0),0)} -> 0.0913 | BS15: {=1+$B$14+VLOOKUP($R15,武学奇术!$A:$ZZ,20,FALSE)+SUM(_xlfn.XLOOKUP($S15:$AL15,增益!$A:$A,增益!$T:$T,0))} -> 1.35 | BT15: =MIN((1-BR15)*BO15,BO15*BP15) -> 0.86580831 | BU15: =1-BR15-BT15-BV15 -> 0.04289169 | BV15: =IF(VLOOKUP($R15,武学奇术!$A:$ZZ,22,FALSE)=1,0,(1-$BO15))*(1-$BR15) -> 0 | BW15: {=SUM(_xlfn.XLOOKUP($S15:$AL15,增益!$A:$A,增益!$W:$W,0))+$I$5} -> 0.11 | BX15: {=SUM(_xlfn.XLOOKUP($S15:$AL15,增益!$A:$A,增益!$X:$X,0))} -> 0
A16: 首领增 | B16: 0.0892 | C16: 威 | D16: √ | E16: 沧海帖 | F16: √ | H16: 毕业率 | I16: =I12/170962.41 -> 1 | K16: =$L16*VLOOKUP($R16,武学奇术!$A:$ZZ,31,FALSE) -> 55891.939 | L16: =($M16*$BT16+$N16*$BR16+$O16*$BU16+$P16*$BV16) -> 55891.939 | M16: =((($AT16+($AU16-$AT16)*IF(VLOOKUP($R16,武学奇术!$A:$ZZ,31,FALSE)=1,$F$18,0.5))*$AN16+$AO16)*(1+$AV16)*(1+$AW16)+(($AY16+($AZ16-$AY16)*IF(VLOOKUP($R16,武学奇术!$A:$ZZ,31,FALSE)=1,$F$18,0.5))*IF($G$1="鸣金",$AP16,$AN16)+IF($G$1="鸣金",$AQ16*1.5,0))*(1+$BA16)*(1+$BB16)+(($BC16+($BD16-$BC16)*IF(VLOOKUP($R16,武学奇术!$A:$ZZ,31,FALSE)=1,$F$18,0.5))*IF($G$1="裂石",$AP16,$AN16)+IF($G$1="裂石",$AQ16*1.5,0))*(1+$BE16)*(1+$BF16)+(($BG16+($BH16-$BG16)*IF(VLOOKUP($R16,武学奇术!$A:$ZZ,31,FALSE)=1,$F$18,0.5))*IF($G$1="牵丝",$AP16,$AN16)+IF($G$1="牵丝",$AQ16*1.5,0))*(1+$BI16)*(1+$BJ16)+(($BK16+($BL16-$BK16)*IF(VLOOKUP($R16,武学奇术!$A:$ZZ,31,FALSE)=1,$F$18,0.5))*IF($G$1="破竹",$AP16,$AN16)+IF($G$1="破竹",$AQ16*1.5,0))*(1+$BM16)*(1+$BN16))*(1+$AR16)*$BQ16*$Q16*(1+IF(VLOOKUP($R16,武学奇术!$A:$ZZ,30,FALSE)="酩酊技",$B$21,0))*(1+$BW16) -> 58436.685 | N16: =(($AU16*$AN16+$AO16)*(1+$AV16)*(1+$AW16)+($AZ16*IF($G$1="鸣金",$AP16,$AN16)+IF($G$1="鸣金",$AQ16*1.5,0))*(1+$BA16)*(1+$BB16)+($BD16*IF($G$1="裂石",$AP16,$AN16)+IF($G$1="裂石",$AQ16*1.5,0))*(1+$BE16)*(1+$BF16)+($BH16*IF($G$1="牵丝",$AP16,$AN16)+IF($G$1="牵丝",$AQ16*1.5,0))*(1+$BI16)*(1+$BJ16)+($BL16*IF($G$1="破竹",$AP16,$AN16)+IF($G$1="破竹",$AQ16*1.5,0))*(1+$BM16)*(1+$BN16))*(1+$AR16)*$BS16*$Q16*(1+IF(VLOOKUP($R16,武学奇术!$A:$ZZ,30,FALSE)="酩酊技",$B$21,0))*(1+$BW16) -> 44152.127 | O16: =((($AT16+($AU16-$AT16)*IF(VLOOKUP($R16,武学奇术!$A:$ZZ,31,FALSE)=1,$F$18,0.5))*$AN16+$AO16)*(1+$AV16)*(1+$AW16)+(($AY16+($AZ16-$AY16)*IF(VLOOKUP($R16,武学奇术!$A:$ZZ,31,FALSE)=1,$F$18,0.5))*IF($G$1="鸣金",$AP16,$AN16)+IF($G$1="鸣金",$AQ16*1.5,0))*(1+$BA16)*(1+$BB16)+(($BC16+($BD16-$BC16)*IF(VLOOKUP($R16,武学奇术!$A:$ZZ,31,FALSE)=1,$F$18,0.5))*IF($G$1="裂石",$AP16,$AN16)+IF($G$1="裂石",$AQ16*1.5,0))*(1+$BE16)*(1+$BF16)+(($BG16+($BH16-$BG16)*IF(VLOOKUP($R16,武学奇术!$A:$ZZ,31,FALSE)=1,$F$18,0.5))*IF($G$1="牵丝",$AP16,$AN16)+IF($G$1="牵丝",$AQ16*1.5,0))*(1+$BI16)*(1+$BJ16)+(($BK16+($BL16-$BK16)*IF(VLOOKUP($R16,武学奇术!$A:$ZZ,31,FALSE)=1,$F$18,0.5))*IF($G$1="破竹",$AP16,$AN16)+IF($G$1="破竹",$AQ16*1.5,0))*(1+$BM16)*(1+$BN16))*(1+$AR16)*$Q16*(1+IF(VLOOKUP($R16,武学奇术!$A:$ZZ,30,FALSE)="酩酊技",$B$21,0))*(1+$BW16) -> 29513.477 | P16: =((($AT16*$AN16+$AO16)*(1+$AV16)*(1+$AW16)+($AY16*IF($G$1="鸣金",$AP16,$AN16)+IF($G$1="鸣金",$AQ16*1.5,0))*(1+$BA16)*(1+$BB16)+($BC16*IF($G$1="裂石",$AP16,$AN16)+IF($G$1="裂石",$AQ16*1.5,0))*(1+$BE16)*(1+$BF16)+($BG16*IF($G$1="牵丝",$AP16,$AN16)+IF($G$1="牵丝",$AQ16*1.5,0))*(1+$BI16)*(1+$BJ16)+($BK16*IF($G$1="破竹",$AP16,$AN16)+IF($G$1="破竹",$AQ16*1.5,0))*(1+$BM16)*(1+$BN16))*(1+$AR16))*$Q16*(1+IF(VLOOKUP($R16,武学奇术!$A:$ZZ,30,FALSE)="酩酊技",$B$21,0))*(1+$BW16) -> 26321.675 | Q16: 1 | R16: 饮龙·酩酊二段 | S16: 易水歌5层 | T16: 沧海帖4层 | U16: 离猎 | V16: 浓醺 | W16: 醉意增伤 | X16: 近战笛 | Y16: 惧刃(拐) | Z16: N/a | AA16: N/a | AB16: 燕别(0%) | AC16: 烁鼓(拐) | AD16: N/a | AE16: 裁云(拐) | AF16: 无惧 | AG16: N/a | AH16: N/a | AI16: N/a | AJ16: N/a | AK16: N/a | AL16: N/a | AM16: =VLOOKUP($R16,武学奇术!$A:$ZZ,25,FALSE) -> 拳甲 | AN16: =VLOOKUP($R16,武学奇术!$A:$ZZ,26,FALSE) -> 1.2964 | AO16: =VLOOKUP($R16,武学奇术!$A:$ZZ,27,FALSE)*(1+IF(OR($AM16=$F$4,$AM16=$F$5),$B$22,0)) -> 575.68 | AP16: =VLOOKUP($R16,武学奇术!$A:$ZZ,28,FALSE) -> 1.9446 | AQ16: =VLOOKUP($R16,武学奇术!$A:$ZZ,29,FALSE)*(1+IF(OR($AM16=$F$4,$AM16=$F$5),$B$22,0)) -> 313.6 | AR16: {=$G$3+IFERROR(VLOOKUP($AM16,$F$4:$G$7,2,FALSE),0)+VLOOKUP($R16,武学奇术!$A:$ZZ,2,FALSE)+SUM(_xlfn.XLOOKUP($S16:$AL16,增益!$A:$A,增益!$B:$B,0))} -> 0.4743 | AS16: {=VLOOKUP($R16,武学奇术!$A:$ZZ,5,FALSE)+SUM(_xlfn.XLOOKUP($S16:$AL16,增益!$A:$A,增益!$E:$E,0))} -> 0 | AT16: {=$D$10*(1+$AS16)+VLOOKUP($R16,武学奇术!$A:$ZZ,3,FALSE)+SUM(_xlfn.XLOOKUP($S16:$AL16,增益!$A:$A,增益!$C:$C,0))-$I$2} -> 4371.3 | AU16: {=$E$10*(1+$AS16)+VLOOKUP($R16,武学奇术!$A:$ZZ,4,FALSE)+SUM(_xlfn.XLOOKUP($S16:$AL16,增益!$A:$A,增益!$D:$D,0))-$I$2} -> 4371.3 | AV16: {=IF($F$10-$I$3+VLOOKUP($R16,武学奇术!$A:$ZZ,6,FALSE)+SUM(_xlfn.XLOOKUP($S16:$AL16,增益!$A:$A,增益!$F:$F,0))>0,($F$10-$I$3+VLOOKUP($R16,武学奇术!$A:$ZZ,6,FALSE)+SUM(_xlfn.XLOOKUP($S16:$AL16,增益!$A:$A,增益!$F:$F,0)))/200,($F$10-$I$3+VLOOKUP($R16,武学奇术!$A:$ZZ,6,FALSE)+SUM(_xlfn.XLOOKUP($S16:$AL16,增益!$A:$A,增益!$F:$F,0)))/100)} -> 0.3685 | AW16: {=$G$10+VLOOKUP($R16,武学奇术!$A:$ZZ,7,FALSE)+SUM(_xlfn.XLOOKUP($S16:$AL16,增益!$A:$A,增益!$G:$G,0))} -> 0.135 | AX16: {=VLOOKUP($R16,武学奇术!$A:$ZZ,8,FALSE)+SUM(_xlfn.XLOOKUP($S16:$AL16,增益!$A:$A,增益!$H:$H,0))} -> 0 | AY16: =$D$11*(1+$AX16) -> 0 | AZ16: =$E$11*(1+$AX16) -> 0 | BA16: {=IF($F$11-$I$4+VLOOKUP($R16,武学奇术!$A:$ZZ,9,FALSE)+SUM(_xlfn.XLOOKUP($S16:$AL16,增益!$A:$A,增益!$I:$I,0))>0,($F$11-$I$4+VLOOKUP($R16,武学奇术!$A:$ZZ,9,FALSE)+SUM(_xlfn.XLOOKUP($S16:$AL16,增益!$A:$A,增益!$I:$I,0)))/200,($F$11-$I$4+VLOOKUP($R16,武学奇术!$A:$ZZ,9,FALSE)+SUM(_xlfn.XLOOKUP($S16:$AL16,增益!$A:$A,增益!$I:$I,0)))/100)} -> -0.02 | BB16: {=$G$11+VLOOKUP($R16,武学奇术!$A:$ZZ,10,FALSE)+SUM(_xlfn.XLOOKUP($S16:$AL16,增益!$A:$A,增益!$J:$J,0))} -> 0.02 | BC16: =$D$12*(1+$AX16) -> 0 | BD16: =$E$12*(1+$AX16) -> 0 | BE16: {=IF($F$12-$I$4+VLOOKUP($R16,武学奇术!$A:$ZZ,11,FALSE)+SUM(_xlfn.XLOOKUP($S16:$AL16,增益!$A:$A,增益!$K:$K,0))>0,($F$12-$I$4+VLOOKUP($R16,武学奇术!$A:$ZZ,11,FALSE)+SUM(_xlfn.XLOOKUP($S16:$AL16,增益!$A:$A,增益!$K:$K,0)))/200,($F$12-$I$4+VLOOKUP($R16,武学奇术!$A:$ZZ,11,FALSE)+SUM(_xlfn.XLOOKUP($S16:$AL16,增益!$A:$A,增益!$K:$K,0)))/100)} -> -0.02 | BF16: {=$G$12+VLOOKUP($R16,武学奇术!$A:$ZZ,12,FALSE)+SUM(_xlfn.XLOOKUP($S16:$AL16,增益!$A:$A,增益!$L:$L,0))} -> 0.02 | BG16: =$D$13*(1+$AX16) -> 0 | BH16: =$E$13*(1+$AX16) -> 0 | BI16: {=IF($F$13-$I$4+VLOOKUP($R16,武学奇术!$A:$ZZ,13,FALSE)+SUM(_xlfn.XLOOKUP($S16:$AL16,增益!$A:$A,增益!$M:$M,0))>0,($F$13-$I$4+VLOOKUP($R16,武学奇术!$A:$ZZ,13,FALSE)+SUM(_xlfn.XLOOKUP($S16:$AL16,增益!$A:$A,增益!$K:$K,0)))/200,($F$13-$I$4+VLOOKUP($R16,武学奇术!$A:$ZZ,13,FALSE)+SUM(_xlfn.XLOOKUP($S16:$AL16,增益!$A:$A,增益!$M:$M,0)))/100)} -> -0.02 | BJ16: {=$G$13+VLOOKUP($R16,武学奇术!$A:$ZZ,14,FALSE)+SUM(_xlfn.XLOOKUP($S16:$AL16,增益!$A:$A,增益!$N:$N,0))} -> 0.02 | BK16: =$D$14*(1+$AX16) -> 649.11 | BL16: =$E$14*(1+$AX16) -> 1707.09 | BM16: {=IF($F$14-$I$4+VLOOKUP($R16,武学奇术!$A:$ZZ,15,FALSE)+SUM(_xlfn.XLOOKUP($S16:$AL16,增益!$A:$A,增益!$O:$O,0))>0,($F$14-$I$4+VLOOKUP($R16,武学奇术!$A:$ZZ,15,FALSE)+SUM(_xlfn.XLOOKUP($S16:$AL16,增益!$A:$A,增益!$O:$O,0)))/200,($F$14-$I$4+VLOOKUP($R16,武学奇术!$A:$ZZ,15,FALSE)+SUM(_xlfn.XLOOKUP($S16:$AL16,增益!$A:$A,增益!$O:$O,0)))/100)} -> 0.14 | BN16: {=$G$14+VLOOKUP($R16,武学奇术!$A:$ZZ,16,FALSE)+SUM(_xlfn.XLOOKUP($S16:$AL16,增益!$A:$A,增益!$P:$P,0))} -> 0.26 | BO16: =MIN(IF(VLOOKUP($R16,武学奇术!$A:$ZZ,23,FALSE)=1,100%,$B$8),100%) -> 0.9771 | BP16: {=IF(VLOOKUP($R16,武学奇术!$A:$ZZ,23,FALSE)=1,100%,MIN(80%,$B$9+VLOOKUP($R16,武学奇术!$A:$ZZ,17,FALSE)+SUM(_xlfn.XLOOKUP($S16:$AL16,增益!$A:$A,增益!$Q:$Q,0)))+$B$11+SUM(_xlfn.XLOOKUP($S16:$AL16,增益!$A:$A,增益!$U:$U,0)))*IF(VLOOKUP($R16,武学奇术!$A:$ZZ,24,FALSE)=1,0,1)+MIN(IF(VLOOKUP($R16,武学奇术!$A:$ZZ,32,FALSE)=1,IF(VLOOKUP($R16,武学奇术!$A:$ZZ,24,FALSE)=1,100%,MIN(40%,$B$10+VLOOKUP($R16,武学奇术!$A:$ZZ,19,FALSE)+SUM(_xlfn.XLOOKUP($S16:$AL16,增益!$A:$A,增益!$S:$S,0)))+$B$12+SUM(_xlfn.XLOOKUP($S16:$AL16,增益!$A:$A,增益!$V:$V,0))),0),12%)} -> 0.8861 | BQ16: {=1+$B$13+VLOOKUP($R16,武学奇术!$A:$ZZ,18,FALSE)+SUM(_xlfn.XLOOKUP($S16:$AL16,增益!$A:$A,增益!$R:$R,0))} -> 1.98 | BR16: {=MAX(IF(VLOOKUP($R16,武学奇术!$A:$ZZ,24,FALSE)=1,100%,MIN(40%,$B$10+VLOOKUP($R16,武学奇术!$A:$ZZ,19,FALSE)+SUM(_xlfn.XLOOKUP($S16:$AL16,增益!$A:$A,增益!$S:$S,0)))+$B$12+SUM(_xlfn.XLOOKUP($S16:$AL16,增益!$A:$A,增益!$V:$V,0)))*IF(VLOOKUP($R16,武学奇术!$A:$ZZ,23,FALSE)=1,0,1)-IF(VLOOKUP($R16,武学奇术!$A:$ZZ,32,FALSE)=1,12%,0),0)} -> 0.0913 | BS16: {=1+$B$14+VLOOKUP($R16,武学奇术!$A:$ZZ,20,FALSE)+SUM(_xlfn.XLOOKUP($S16:$AL16,增益!$A:$A,增益!$T:$T,0))} -> 1.35 | BT16: =MIN((1-BR16)*BO16,BO16*BP16) -> 0.86580831 | BU16: =1-BR16-BT16-BV16 -> 0.04289169 | BV16: =IF(VLOOKUP($R16,武学奇术!$A:$ZZ,22,FALSE)=1,0,(1-$BO16))*(1-$BR16) -> 0 | BW16: {=SUM(_xlfn.XLOOKUP($S16:$AL16,增益!$A:$A,增益!$W:$W,0))+$I$5} -> 0.11 | BX16: {=SUM(_xlfn.XLOOKUP($S16:$AL16,增益!$A:$A,增益!$X:$X,0))} -> 0
A17: 拳甲增 | B17: 0.0854 | C17: 尘 | D17: √ | E17: 所恨年年 | F17: √ | K17: =$L17*VLOOKUP($R17,武学奇术!$A:$ZZ,31,FALSE) -> 68696.73 | L17: =($M17*$BT17+$N17*$BR17+$O17*$BU17+$P17*$BV17) -> 68696.73 | M17: =((($AT17+($AU17-$AT17)*IF(VLOOKUP($R17,武学奇术!$A:$ZZ,31,FALSE)=1,$F$18,0.5))*$AN17+$AO17)*(1+$AV17)*(1+$AW17)+(($AY17+($AZ17-$AY17)*IF(VLOOKUP($R17,武学奇术!$A:$ZZ,31,FALSE)=1,$F$18,0.5))*IF($G$1="鸣金",$AP17,$AN17)+IF($G$1="鸣金",$AQ17*1.5,0))*(1+$BA17)*(1+$BB17)+(($BC17+($BD17-$BC17)*IF(VLOOKUP($R17,武学奇术!$A:$ZZ,31,FALSE)=1,$F$18,0.5))*IF($G$1="裂石",$AP17,$AN17)+IF($G$1="裂石",$AQ17*1.5,0))*(1+$BE17)*(1+$BF17)+(($BG17+($BH17-$BG17)*IF(VLOOKUP($R17,武学奇术!$A:$ZZ,31,FALSE)=1,$F$18,0.5))*IF($G$1="牵丝",$AP17,$AN17)+IF($G$1="牵丝",$AQ17*1.5,0))*(1+$BI17)*(1+$BJ17)+(($BK17+($BL17-$BK17)*IF(VLOOKUP($R17,武学奇术!$A:$ZZ,31,FALSE)=1,$F$18,0.5))*IF($G$1="破竹",$AP17,$AN17)+IF($G$1="破竹",$AQ17*1.5,0))*(1+$BM17)*(1+$BN17))*(1+$AR17)*$BQ17*$Q17*(1+IF(VLOOKUP($R17,武学奇术!$A:$ZZ,30,FALSE)="酩酊技",$B$21,0))*(1+$BW17) -> 71823.774 | N17: =(($AU17*$AN17+$AO17)*(1+$AV17)*(1+$AW17)+($AZ17*IF($G$1="鸣金",$AP17,$AN17)+IF($G$1="鸣金",$AQ17*1.5,0))*(1+$BA17)*(1+$BB17)+($BD17*IF($G$1="裂石",$AP17,$AN17)+IF($G$1="裂石",$AQ17*1.5,0))*(1+$BE17)*(1+$BF17)+($BH17*IF($G$1="牵丝",$AP17,$AN17)+IF($G$1="牵丝",$AQ17*1.5,0))*(1+$BI17)*(1+$BJ17)+($BL17*IF($G$1="破竹",$AP17,$AN17)+IF($G$1="破竹",$AQ17*1.5,0))*(1+$BM17)*(1+$BN17))*(1+$AR17)*$BS17*$Q17*(1+IF(VLOOKUP($R17,武学奇术!$A:$ZZ,30,FALSE)="酩酊技",$B$21,0))*(1+$BW17) -> 54274.141 | O17: =((($AT17+($AU17-$AT17)*IF(VLOOKUP($R17,武学奇术!$A:$ZZ,31,FALSE)=1,$F$18,0.5))*$AN17+$AO17)*(1+$AV17)*(1+$AW17)+(($AY17+($AZ17-$AY17)*IF(VLOOKUP($R17,武学奇术!$A:$ZZ,31,FALSE)=1,$F$18,0.5))*IF($G$1="鸣金",$AP17,$AN17)+IF($G$1="鸣金",$AQ17*1.5,0))*(1+$BA17)*(1+$BB17)+(($BC17+($BD17-$BC17)*IF(VLOOKUP($R17,武学奇术!$A:$ZZ,31,FALSE)=1,$F$18,0.5))*IF($G$1="裂石",$AP17,$AN17)+IF($G$1="裂石",$AQ17*1.5,0))*(1+$BE17)*(1+$BF17)+(($BG17+($BH17-$BG17)*IF(VLOOKUP($R17,武学奇术!$A:$ZZ,31,FALSE)=1,$F$18,0.5))*IF($G$1="牵丝",$AP17,$AN17)+IF($G$1="牵丝",$AQ17*1.5,0))*(1+$BI17)*(1+$BJ17)+(($BK17+($BL17-$BK17)*IF(VLOOKUP($R17,武学奇术!$A:$ZZ,31,FALSE)=1,$F$18,0.5))*IF($G$1="破竹",$AP17,$AN17)+IF($G$1="破竹",$AQ17*1.5,0))*(1+$BM17)*(1+$BN17))*(1+$AR17)*$Q17*(1+IF(VLOOKUP($R17,武学奇术!$A:$ZZ,30,FALSE)="酩酊技",$B$21,0))*(1+$BW17) -> 36274.633 | P17: =((($AT17*$AN17+$AO17)*(1+$AV17)*(1+$AW17)+($AY17*IF($G$1="鸣金",$AP17,$AN17)+IF($G$1="鸣金",$AQ17*1.5,0))*(1+$BA17)*(1+$BB17)+($BC17*IF($G$1="裂石",$AP17,$AN17)+IF($G$1="裂石",$AQ17*1.5,0))*(1+$BE17)*(1+$BF17)+($BG17*IF($G$1="牵丝",$AP17,$AN17)+IF($G$1="牵丝",$AQ17*1.5,0))*(1+$BI17)*(1+$BJ17)+($BK17*IF($G$1="破竹",$AP17,$AN17)+IF($G$1="破竹",$AQ17*1.5,0))*(1+$BM17)*(1+$BN17))*(1+$AR17))*$Q17*(1+IF(VLOOKUP($R17,武学奇术!$A:$ZZ,30,FALSE)="酩酊技",$B$21,0))*(1+$BW17) -> 32346.199 | Q17: 1 | R17: 饮龙·酩酊三段 | S17: 易水歌5层 | T17: 沧海帖4层 | U17: 离猎 | V17: 浓醺 | W17: 醉意增伤 | X17: 近战笛 | Y17: 惧刃(拐) | Z17: N/a | AA17: N/a | AB17: 燕别(10%) | AC17: 扶风(拐) | AD17: N/a | AE17: 裁云(拐) | AF17: 无惧 | AG17: N/a | AH17: N/a | AI17: N/a | AJ17: N/a | AK17: N/a | AL17: N/a | AM17: =VLOOKUP($R17,武学奇术!$A:$ZZ,25,FALSE) -> 拳甲 | AN17: =VLOOKUP($R17,武学奇术!$A:$ZZ,26,FALSE) -> 1.58172 | AO17: =VLOOKUP($R17,武学奇术!$A:$ZZ,27,FALSE)*(1+IF(OR($AM17=$F$4,$AM17=$F$5),$B$22,0)) -> 701.12 | AP17: =VLOOKUP($R17,武学奇术!$A:$ZZ,28,FALSE) -> 2.37258 | AQ17: =VLOOKUP($R17,武学奇术!$A:$ZZ,29,FALSE)*(1+IF(OR($AM17=$F$4,$AM17=$F$5),$B$22,0)) -> 380.8 | AR17: {=$G$3+IFERROR(VLOOKUP($AM17,$F$4:$G$7,2,FALSE),0)+VLOOKUP($R17,武学奇术!$A:$ZZ,2,FALSE)+SUM(_xlfn.XLOOKUP($S17:$AL17,增益!$A:$A,增益!$B:$B,0))} -> 0.4743 | AS17: {=VLOOKUP($R17,武学奇术!$A:$ZZ,5,FALSE)+SUM(_xlfn.XLOOKUP($S17:$AL17,增益!$A:$A,增益!$E:$E,0))} -> 0 | AT17: {=$D$10*(1+$AS17)+VLOOKUP($R17,武学奇术!$A:$ZZ,3,FALSE)+SUM(_xlfn.XLOOKUP($S17:$AL17,增益!$A:$A,增益!$C:$C,0))-$I$2} -> 4371.3 | AU17: {=$E$10*(1+$AS17)+VLOOKUP($R17,武学奇术!$A:$ZZ,4,FALSE)+SUM(_xlfn.XLOOKUP($S17:$AL17,增益!$A:$A,增益!$D:$D,0))-$I$2} -> 4371.3 | AV17: {=IF($F$10-$I$3+VLOOKUP($R17,武学奇术!$A:$ZZ,6,FALSE)+SUM(_xlfn.XLOOKUP($S17:$AL17,增益!$A:$A,增益!$F:$F,0))>0,($F$10-$I$3+VLOOKUP($R17,武学奇术!$A:$ZZ,6,FALSE)+SUM(_xlfn.XLOOKUP($S17:$AL17,增益!$A:$A,增益!$F:$F,0)))/200,($F$10-$I$3+VLOOKUP($R17,武学奇术!$A:$ZZ,6,FALSE)+SUM(_xlfn.XLOOKUP($S17:$AL17,增益!$A:$A,增益!$F:$F,0)))/100)} -> 0.3785 | AW17: {=$G$10+VLOOKUP($R17,武学奇术!$A:$ZZ,7,FALSE)+SUM(_xlfn.XLOOKUP($S17:$AL17,增益!$A:$A,增益!$G:$G,0))} -> 0.135 | AX17: {=VLOOKUP($R17,武学奇术!$A:$ZZ,8,FALSE)+SUM(_xlfn.XLOOKUP($S17:$AL17,增益!$A:$A,增益!$H:$H,0))} -> 0 | AY17: =$D$11*(1+$AX17) -> 0 | AZ17: =$E$11*(1+$AX17) -> 0 | BA17: {=IF($F$11-$I$4+VLOOKUP($R17,武学奇术!$A:$ZZ,9,FALSE)+SUM(_xlfn.XLOOKUP($S17:$AL17,增益!$A:$A,增益!$I:$I,0))>0,($F$11-$I$4+VLOOKUP($R17,武学奇术!$A:$ZZ,9,FALSE)+SUM(_xlfn.XLOOKUP($S17:$AL17,增益!$A:$A,增益!$I:$I,0)))/200,($F$11-$I$4+VLOOKUP($R17,武学奇术!$A:$ZZ,9,FALSE)+SUM(_xlfn.XLOOKUP($S17:$AL17,增益!$A:$A,增益!$I:$I,0)))/100)} -> 0 | BB17: {=$G$11+VLOOKUP($R17,武学奇术!$A:$ZZ,10,FALSE)+SUM(_xlfn.XLOOKUP($S17:$AL17,增益!$A:$A,增益!$J:$J,0))} -> 0.02 | BC17: =$D$12*(1+$AX17) -> 0 | BD17: =$E$12*(1+$AX17) -> 0 | BE17: {=IF($F$12-$I$4+VLOOKUP($R17,武学奇术!$A:$ZZ,11,FALSE)+SUM(_xlfn.XLOOKUP($S17:$AL17,增益!$A:$A,增益!$K:$K,0))>0,($F$12-$I$4+VLOOKUP($R17,武学奇术!$A:$ZZ,11,FALSE)+SUM(_xlfn.XLOOKUP($S17:$AL17,增益!$A:$A,增益!$K:$K,0)))/200,($F$12-$I$4+VLOOKUP($R17,武学奇术!$A:$ZZ,11,FALSE)+SUM(_xlfn.XLOOKUP($S17:$AL17,增益!$A:$A,增益!$K:$K,0)))/100)} -> 0 | BF17: {=$G$12+VLOOKUP($R17,武学奇术!$A:$ZZ,12,FALSE)+SUM(_xlfn.XLOOKUP($S17:$AL17,增益!$A:$A,增益!$L:$L,0))} -> 0.02 | BG17: =$D$13*(1+$AX17) -> 0 | BH17: =$E$13*(1+$AX17) -> 0 | BI17: {=IF($F$13-$I$4+VLOOKUP($R17,武学奇术!$A:$ZZ,13,FALSE)+SUM(_xlfn.XLOOKUP($S17:$AL17,增益!$A:$A,增益!$M:$M,0))>0,($F$13-$I$4+VLOOKUP($R17,武学奇术!$A:$ZZ,13,FALSE)+SUM(_xlfn.XLOOKUP($S17:$AL17,增益!$A:$A,增益!$K:$K,0)))/200,($F$13-$I$4+VLOOKUP($R17,武学奇术!$A:$ZZ,13,FALSE)+SUM(_xlfn.XLOOKUP($S17:$AL17,增益!$A:$A,增益!$M:$M,0)))/100)} -> 0 | BJ17: {=$G$13+VLOOKUP($R17,武学奇术!$A:$ZZ,14,FALSE)+SUM(_xlfn.XLOOKUP($S17:$AL17,增益!$A:$A,增益!$N:$N,0))} -> 0.02 | BK17: =$D$14*(1+$AX17) -> 649.11 | BL17: =$E$14*(1+$AX17) -> 1707.09 | BM17: {=IF($F$14-$I$4+VLOOKUP($R17,武学奇术!$A:$ZZ,15,FALSE)+SUM(_xlfn.XLOOKUP($S17:$AL17,增益!$A:$A,增益!$O:$O,0))>0,($F$14-$I$4+VLOOKUP($R17,武学奇术!$A:$ZZ,15,FALSE)+SUM(_xlfn.XLOOKUP($S17:$AL17,增益!$A:$A,增益!$O:$O,0)))/200,($F$14-$I$4+VLOOKUP($R17,武学奇术!$A:$ZZ,15,FALSE)+SUM(_xlfn.XLOOKUP($S17:$AL17,增益!$A:$A,增益!$O:$O,0)))/100)} -> 0.15 | BN17: {=$G$14+VLOOKUP($R17,武学奇术!$A:$ZZ,16,FALSE)+SUM(_xlfn.XLOOKUP($S17:$AL17,增益!$A:$A,增益!$P:$P,0))} -> 0.26 | BO17: =MIN(IF(VLOOKUP($R17,武学奇术!$A:$ZZ,23,FALSE)=1,100%,$B$8),100%) -> 0.9771 | BP17: {=IF(VLOOKUP($R17,武学奇术!$A:$ZZ,23,FALSE)=1,100%,MIN(80%,$B$9+VLOOKUP($R17,武学奇术!$A:$ZZ,17,FALSE)+SUM(_xlfn.XLOOKUP($S17:$AL17,增益!$A:$A,增益!$Q:$Q,0)))+$B$11+SUM(_xlfn.XLOOKUP($S17:$AL17,增益!$A:$A,增益!$U:$U,0)))*IF(VLOOKUP($R17,武学奇术!$A:$ZZ,24,FALSE)=1,0,1)+MIN(IF(VLOOKUP($R17,武学奇术!$A:$ZZ,32,FALSE)=1,IF(VLOOKUP($R17,武学奇术!$A:$ZZ,24,FALSE)=1,100%,MIN(40%,$B$10+VLOOKUP($R17,武学奇术!$A:$ZZ,19,FALSE)+SUM(_xlfn.XLOOKUP($S17:$AL17,增益!$A:$A,增益!$S:$S,0)))+$B$12+SUM(_xlfn.XLOOKUP($S17:$AL17,增益!$A:$A,增益!$V:$V,0))),0),12%)} -> 0.8861 | BQ17: {=1+$B$13+VLOOKUP($R17,武学奇术!$A:$ZZ,18,FALSE)+SUM(_xlfn.XLOOKUP($S17:$AL17,增益!$A:$A,增益!$R:$R,0))} -> 1.98 | BR17: {=MAX(IF(VLOOKUP($R17,武学奇术!$A:$ZZ,24,FALSE)=1,100%,MIN(40%,$B$10+VLOOKUP($R17,武学奇术!$A:$ZZ,19,FALSE)+SUM(_xlfn.XLOOKUP($S17:$AL17,增益!$A:$A,增益!$S:$S,0)))+$B$12+SUM(_xlfn.XLOOKUP($S17:$AL17,增益!$A:$A,增益!$V:$V,0)))*IF(VLOOKUP($R17,武学奇术!$A:$ZZ,23,FALSE)=1,0,1)-IF(VLOOKUP($R17,武学奇术!$A:$ZZ,32,FALSE)=1,12%,0),0)} -> 0.0913 | BS17: {=1+$B$14+VLOOKUP($R17,武学奇术!$A:$ZZ,20,FALSE)+SUM(_xlfn.XLOOKUP($S17:$AL17,增益!$A:$A,增益!$T:$T,0))} -> 1.35 | BT17: =MIN((1-BR17)*BO17,BO17*BP17) -> 0.86580831 | BU17: =1-BR17-BT17-BV17 -> 0.04289169 | BV17: =IF(VLOOKUP($R17,武学奇术!$A:$ZZ,22,FALSE)=1,0,(1-$BO17))*(1-$BR17) -> 0 | BW17: {=SUM(_xlfn.XLOOKUP($S17:$AL17,增益!$A:$A,增益!$W:$W,0))+$I$5} -> 0.11 | BX17: {=SUM(_xlfn.XLOOKUP($S17:$AL17,增益!$A:$A,增益!$X:$X,0))} -> 0
A18: 双刀增 | B18: 0.0854 | C18: 虹 | D18: √ | E18: 高伤取值 | F18: 0.5 | H18: 机制时间 | I18: 50 | K18: =$L18*VLOOKUP($R18,武学奇术!$A:$ZZ,31,FALSE) -> 155079.73 | L18: =($M18*$BT18+$N18*$BR18+$O18*$BU18+$P18*$BV18) -> 155079.73 | M18: =((($AT18+($AU18-$AT18)*IF(VLOOKUP($R18,武学奇术!$A:$ZZ,31,FALSE)=1,$F$18,0.5))*$AN18+$AO18)*(1+$AV18)*(1+$AW18)+(($AY18+($AZ18-$AY18)*IF(VLOOKUP($R18,武学奇术!$A:$ZZ,31,FALSE)=1,$F$18,0.5))*IF($G$1="鸣金",$AP18,$AN18)+IF($G$1="鸣金",$AQ18*1.5,0))*(1+$BA18)*(1+$BB18)+(($BC18+($BD18-$BC18)*IF(VLOOKUP($R18,武学奇术!$A:$ZZ,31,FALSE)=1,$F$18,0.5))*IF($G$1="裂石",$AP18,$AN18)+IF($G$1="裂石",$AQ18*1.5,0))*(1+$BE18)*(1+$BF18)+(($BG18+($BH18-$BG18)*IF(VLOOKUP($R18,武学奇术!$A:$ZZ,31,FALSE)=1,$F$18,0.5))*IF($G$1="牵丝",$AP18,$AN18)+IF($G$1="牵丝",$AQ18*1.5,0))*(1+$BI18)*(1+$BJ18)+(($BK18+($BL18-$BK18)*IF(VLOOKUP($R18,武学奇术!$A:$ZZ,31,FALSE)=1,$F$18,0.5))*IF($G$1="破竹",$AP18,$AN18)+IF($G$1="破竹",$AQ18*1.5,0))*(1+$BM18)*(1+$BN18))*(1+$AR18)*$BQ18*$Q18*(1+IF(VLOOKUP($R18,武学奇术!$A:$ZZ,30,FALSE)="酩酊技",$B$21,0))*(1+$BW18) -> 162139.13 | N18: =(($AU18*$AN18+$AO18)*(1+$AV18)*(1+$AW18)+($AZ18*IF($G$1="鸣金",$AP18,$AN18)+IF($G$1="鸣金",$AQ18*1.5,0))*(1+$BA18)*(1+$BB18)+($BD18*IF($G$1="裂石",$AP18,$AN18)+IF($G$1="裂石",$AQ18*1.5,0))*(1+$BE18)*(1+$BF18)+($BH18*IF($G$1="牵丝",$AP18,$AN18)+IF($G$1="牵丝",$AQ18*1.5,0))*(1+$BI18)*(1+$BJ18)+($BL18*IF($G$1="破竹",$AP18,$AN18)+IF($G$1="破竹",$AQ18*1.5,0))*(1+$BM18)*(1+$BN18))*(1+$AR18)*$BS18*$Q18*(1+IF(VLOOKUP($R18,武学奇术!$A:$ZZ,30,FALSE)="酩酊技",$B$21,0))*(1+$BW18) -> 122519.03 | O18: =((($AT18+($AU18-$AT18)*IF(VLOOKUP($R18,武学奇术!$A:$ZZ,31,FALSE)=1,$F$18,0.5))*$AN18+$AO18)*(1+$AV18)*(1+$AW18)+(($AY18+($AZ18-$AY18)*IF(VLOOKUP($R18,武学奇术!$A:$ZZ,31,FALSE)=1,$F$18,0.5))*IF($G$1="鸣金",$AP18,$AN18)+IF($G$1="鸣金",$AQ18*1.5,0))*(1+$BA18)*(1+$BB18)+(($BC18+($BD18-$BC18)*IF(VLOOKUP($R18,武学奇术!$A:$ZZ,31,FALSE)=1,$F$18,0.5))*IF($G$1="裂石",$AP18,$AN18)+IF($G$1="裂石",$AQ18*1.5,0))*(1+$BE18)*(1+$BF18)+(($BG18+($BH18-$BG18)*IF(VLOOKUP($R18,武学奇术!$A:$ZZ,31,FALSE)=1,$F$18,0.5))*IF($G$1="牵丝",$AP18,$AN18)+IF($G$1="牵丝",$AQ18*1.5,0))*(1+$BI18)*(1+$BJ18)+(($BK18+($BL18-$BK18)*IF(VLOOKUP($R18,武学奇术!$A:$ZZ,31,FALSE)=1,$F$18,0.5))*IF($G$1="破竹",$AP18,$AN18)+IF($G$1="破竹",$AQ18*1.5,0))*(1+$BM18)*(1+$BN18))*(1+$AR18)*$Q18*(1+IF(VLOOKUP($R18,武学奇术!$A:$ZZ,30,FALSE)="酩酊技",$B$21,0))*(1+$BW18) -> 81888.449 | P18: =((($AT18*$AN18+$AO18)*(1+$AV18)*(1+$AW18)+($AY18*IF($G$1="鸣金",$AP18,$AN18)+IF($G$1="鸣金",$AQ18*1.5,0))*(1+$BA18)*(1+$BB18)+($BC18*IF($G$1="裂石",$AP18,$AN18)+IF($G$1="裂石",$AQ18*1.5,0))*(1+$BE18)*(1+$BF18)+($BG18*IF($G$1="牵丝",$AP18,$AN18)+IF($G$1="牵丝",$AQ18*1.5,0))*(1+$BI18)*(1+$BJ18)+($BK18*IF($G$1="破竹",$AP18,$AN18)+IF($G$1="破竹",$AQ18*1.5,0))*(1+$BM18)*(1+$BN18))*(1+$AR18))*$Q18*(1+IF(VLOOKUP($R18,武学奇术!$A:$ZZ,30,FALSE)="酩酊技",$B$21,0))*(1+$BW18) -> 73022.061 | Q18: 1 | R18: 饮龙·酩酊四段 | S18: 易水歌5层 | T18: 沧海帖4层 | U18: 离猎 | V18: 浓醺 | W18: 醉意增伤 | X18: 近战笛 | Y18: 惧刃(拐) | Z18: N/a | AA18: N/a | AB18: 燕别(10%) | AC18: 扶风(拐) | AD18: N/a | AE18: 裁云(拐) | AF18: 无惧 | AG18: N/a | AH18: N/a | AI18: N/a | AJ18: N/a | AK18: N/a | AL18: N/a | AM18: =VLOOKUP($R18,武学奇术!$A:$ZZ,25,FALSE) -> 拳甲 | AN18: =VLOOKUP($R18,武学奇术!$A:$ZZ,26,FALSE) -> 3.56986 | AO18: =VLOOKUP($R18,武学奇术!$A:$ZZ,27,FALSE)*(1+IF(OR($AM18=$F$4,$AM18=$F$5),$B$22,0)) -> 1583.68 | AP18: =VLOOKUP($R18,武学奇术!$A:$ZZ,28,FALSE) -> 5.35486 | AQ18: =VLOOKUP($R18,武学奇术!$A:$ZZ,29,FALSE)*(1+IF(OR($AM18=$F$4,$AM18=$F$5),$B$22,0)) -> 862.4 | AR18: {=$G$3+IFERROR(VLOOKUP($AM18,$F$4:$G$7,2,FALSE),0)+VLOOKUP($R18,武学奇术!$A:$ZZ,2,FALSE)+SUM(_xlfn.XLOOKUP($S18:$AL18,增益!$A:$A,增益!$B:$B,0))} -> 0.4743 | AS18: {=VLOOKUP($R18,武学奇术!$A:$ZZ,5,FALSE)+SUM(_xlfn.XLOOKUP($S18:$AL18,增益!$A:$A,增益!$E:$E,0))} -> 0 | AT18: {=$D$10*(1+$AS18)+VLOOKUP($R18,武学奇术!$A:$ZZ,3,FALSE)+SUM(_xlfn.XLOOKUP($S18:$AL18,增益!$A:$A,增益!$C:$C,0))-$I$2} -> 4371.3 | AU18: {=$E$10*(1+$AS18)+VLOOKUP($R18,武学奇术!$A:$ZZ,4,FALSE)+SUM(_xlfn.XLOOKUP($S18:$AL18,增益!$A:$A,增益!$D:$D,0))-$I$2} -> 4371.3 | AV18: {=IF($F$10-$I$3+VLOOKUP($R18,武学奇术!$A:$ZZ,6,FALSE)+SUM(_xlfn.XLOOKUP($S18:$AL18,增益!$A:$A,增益!$F:$F,0))>0,($F$10-$I$3+VLOOKUP($R18,武学奇术!$A:$ZZ,6,FALSE)+SUM(_xlfn.XLOOKUP($S18:$AL18,增益!$A:$A,增益!$F:$F,0)))/200,($F$10-$I$3+VLOOKUP($R18,武学奇术!$A:$ZZ,6,FALSE)+SUM(_xlfn.XLOOKUP($S18:$AL18,增益!$A:$A,增益!$F:$F,0)))/100)} -> 0.3785 | AW18: {=$G$10+VLOOKUP($R18,武学奇术!$A:$ZZ,7,FALSE)+SUM(_xlfn.XLOOKUP($S18:$AL18,增益!$A:$A,增益!$G:$G,0))} -> 0.135 | AX18: {=VLOOKUP($R18,武学奇术!$A:$ZZ,8,FALSE)+SUM(_xlfn.XLOOKUP($S18:$AL18,增益!$A:$A,增益!$H:$H,0))} -> 0 | AY18: =$D$11*(1+$AX18) -> 0 | AZ18: =$E$11*(1+$AX18) -> 0 | BA18: {=IF($F$11-$I$4+VLOOKUP($R18,武学奇术!$A:$ZZ,9,FALSE)+SUM(_xlfn.XLOOKUP($S18:$AL18,增益!$A:$A,增益!$I:$I,0))>0,($F$11-$I$4+VLOOKUP($R18,武学奇术!$A:$ZZ,9,FALSE)+SUM(_xlfn.XLOOKUP($S18:$AL18,增益!$A:$A,增益!$I:$I,0)))/200,($F$11-$I$4+VLOOKUP($R18,武学奇术!$A:$ZZ,9,FALSE)+SUM(_xlfn.XLOOKUP($S18:$AL18,增益!$A:$A,增益!$I:$I,0)))/100)} -> 0 | BB18: {=$G$11+VLOOKUP($R18,武学奇术!$A:$ZZ,10,FALSE)+SUM(_xlfn.XLOOKUP($S18:$AL18,增益!$A:$A,增益!$J:$J,0))} -> 0.02 | BC18: =$D$12*(1+$AX18) -> 0 | BD18: =$E$12*(1+$AX18) -> 0 | BE18: {=IF($F$12-$I$4+VLOOKUP($R18,武学奇术!$A:$ZZ,11,FALSE)+SUM(_xlfn.XLOOKUP($S18:$AL18,增益!$A:$A,增益!$K:$K,0))>0,($F$12-$I$4+VLOOKUP($R18,武学奇术!$A:$ZZ,11,FALSE)+SUM(_xlfn.XLOOKUP($S18:$AL18,增益!$A:$A,增益!$K:$K,0)))/200,($F$12-$I$4+VLOOKUP($R18,武学奇术!$A:$ZZ,11,FALSE)+SUM(_xlfn.XLOOKUP($S18:$AL18,增益!$A:$A,增益!$K:$K,0)))/100)} -> 0 | BF18: {=$G$12+VLOOKUP($R18,武学奇术!$A:$ZZ,12,FALSE)+SUM(_xlfn.XLOOKUP($S18:$AL18,增益!$A:$A,增益!$L:$L,0))} -> 0.02 | BG18: =$D$13*(1+$AX18) -> 0 | BH18: =$E$13*(1+$AX18) -> 0 | BI18: {=IF($F$13-$I$4+VLOOKUP($R18,武学奇术!$A:$ZZ,13,FALSE)+SUM(_xlfn.XLOOKUP($S18:$AL18,增益!$A:$A,增益!$M:$M,0))>0,($F$13-$I$4+VLOOKUP($R18,武学奇术!$A:$ZZ,13,FALSE)+SUM(_xlfn.XLOOKUP($S18:$AL18,增益!$A:$A,增益!$K:$K,0)))/200,($F$13-$I$4+VLOOKUP($R18,武学奇术!$A:$ZZ,13,FALSE)+SUM(_xlfn.XLOOKUP($S18:$AL18,增益!$A:$A,增益!$M:$M,0)))/100)} -> 0 | BJ18: {=$G$13+VLOOKUP($R18,武学奇术!$A:$ZZ,14,FALSE)+SUM(_xlfn.XLOOKUP($S18:$AL18,增益!$A:$A,增益!$N:$N,0))} -> 0.02 | BK18: =$D$14*(1+$AX18) -> 649.11 | BL18: =$E$14*(1+$AX18) -> 1707.09 | BM18: {=IF($F$14-$I$4+VLOOKUP($R18,武学奇术!$A:$ZZ,15,FALSE)+SUM(_xlfn.XLOOKUP($S18:$AL18,增益!$A:$A,增益!$O:$O,0))>0,($F$14-$I$4+VLOOKUP($R18,武学奇术!$A:$ZZ,15,FALSE)+SUM(_xlfn.XLOOKUP($S18:$AL18,增益!$A:$A,增益!$O:$O,0)))/200,($F$14-$I$4+VLOOKUP($R18,武学奇术!$A:$ZZ,15,FALSE)+SUM(_xlfn.XLOOKUP($S18:$AL18,增益!$A:$A,增益!$O:$O,0)))/100)} -> 0.15 | BN18: {=$G$14+VLOOKUP($R18,武学奇术!$A:$ZZ,16,FALSE)+SUM(_xlfn.XLOOKUP($S18:$AL18,增益!$A:$A,增益!$P:$P,0))} -> 0.26 | BO18: =MIN(IF(VLOOKUP($R18,武学奇术!$A:$ZZ,23,FALSE)=1,100%,$B$8),100%) -> 0.9771 | BP18: {=IF(VLOOKUP($R18,武学奇术!$A:$ZZ,23,FALSE)=1,100%,MIN(80%,$B$9+VLOOKUP($R18,武学奇术!$A:$ZZ,17,FALSE)+SUM(_xlfn.XLOOKUP($S18:$AL18,增益!$A:$A,增益!$Q:$Q,0)))+$B$11+SUM(_xlfn.XLOOKUP($S18:$AL18,增益!$A:$A,增益!$U:$U,0)))*IF(VLOOKUP($R18,武学奇术!$A:$ZZ,24,FALSE)=1,0,1)+MIN(IF(VLOOKUP($R18,武学奇术!$A:$ZZ,32,FALSE)=1,IF(VLOOKUP($R18,武学奇术!$A:$ZZ,24,FALSE)=1,100%,MIN(40%,$B$10+VLOOKUP($R18,武学奇术!$A:$ZZ,19,FALSE)+SUM(_xlfn.XLOOKUP($S18:$AL18,增益!$A:$A,增益!$S:$S,0)))+$B$12+SUM(_xlfn.XLOOKUP($S18:$AL18,增益!$A:$A,增益!$V:$V,0))),0),12%)} -> 0.8861 | BQ18: {=1+$B$13+VLOOKUP($R18,武学奇术!$A:$ZZ,18,FALSE)+SUM(_xlfn.XLOOKUP($S18:$AL18,增益!$A:$A,增益!$R:$R,0))} -> 1.98 | BR18: {=MAX(IF(VLOOKUP($R18,武学奇术!$A:$ZZ,24,FALSE)=1,100%,MIN(40%,$B$10+VLOOKUP($R18,武学奇术!$A:$ZZ,19,FALSE)+SUM(_xlfn.XLOOKUP($S18:$AL18,增益!$A:$A,增益!$S:$S,0)))+$B$12+SUM(_xlfn.XLOOKUP($S18:$AL18,增益!$A:$A,增益!$V:$V,0)))*IF(VLOOKUP($R18,武学奇术!$A:$ZZ,23,FALSE)=1,0,1)-IF(VLOOKUP($R18,武学奇术!$A:$ZZ,32,FALSE)=1,12%,0),0)} -> 0.0913 | BS18: {=1+$B$14+VLOOKUP($R18,武学奇术!$A:$ZZ,20,FALSE)+SUM(_xlfn.XLOOKUP($S18:$AL18,增益!$A:$A,增益!$T:$T,0))} -> 1.35 | BT18: =MIN((1-BR18)*BO18,BO18*BP18) -> 0.86580831 | BU18: =1-BR18-BT18-BV18 -> 0.04289169 | BV18: =IF(VLOOKUP($R18,武学奇术!$A:$ZZ,22,FALSE)=1,0,(1-$BO18))*(1-$BR18) -> 0 | BW18: {=SUM(_xlfn.XLOOKUP($S18:$AL18,增益!$A:$A,增益!$W:$W,0))+$I$5} -> 0.11 | BX18: {=SUM(_xlfn.XLOOKUP($S18:$AL18,增益!$A:$A,增益!$X:$X,0))} -> 0
A19: 单体奇术增 | B19: 0 | C19: 钧 | D19: √ | K19: =$L19*VLOOKUP($R19,武学奇术!$A:$ZZ,31,FALSE) -> 338682.05 | L19: =($M19*$BT19+$N19*$BR19+$O19*$BU19+$P19*$BV19) -> 338682.05 | M19: =((($AT19+($AU19-$AT19)*IF(VLOOKUP($R19,武学奇术!$A:$ZZ,31,FALSE)=1,$F$18,0.5))*$AN19+$AO19)*(1+$AV19)*(1+$AW19)+(($AY19+($AZ19-$AY19)*IF(VLOOKUP($R19,武学奇术!$A:$ZZ,31,FALSE)=1,$F$18,0.5))*IF($G$1="鸣金",$AP19,$AN19)+IF($G$1="鸣金",$AQ19*1.5,0))*(1+$BA19)*(1+$BB19)+(($BC19+($BD19-$BC19)*IF(VLOOKUP($R19,武学奇术!$A:$ZZ,31,FALSE)=1,$F$18,0.5))*IF($G$1="裂石",$AP19,$AN19)+IF($G$1="裂石",$AQ19*1.5,0))*(1+$BE19)*(1+$BF19)+(($BG19+($BH19-$BG19)*IF(VLOOKUP($R19,武学奇术!$A:$ZZ,31,FALSE)=1,$F$18,0.5))*IF($G$1="牵丝",$AP19,$AN19)+IF($G$1="牵丝",$AQ19*1.5,0))*(1+$BI19)*(1+$BJ19)+(($BK19+($BL19-$BK19)*IF(VLOOKUP($R19,武学奇术!$A:$ZZ,31,FALSE)=1,$F$18,0.5))*IF($G$1="破竹",$AP19,$AN19)+IF($G$1="破竹",$AQ19*1.5,0))*(1+$BM19)*(1+$BN19))*(1+$AR19)*$BQ19*$Q19*(1+IF(VLOOKUP($R19,武学奇术!$A:$ZZ,30,FALSE)="酩酊技",$B$21,0))*(1+$BW19) -> 354099.11 | N19: =(($AU19*$AN19+$AO19)*(1+$AV19)*(1+$AW19)+($AZ19*IF($G$1="鸣金",$AP19,$AN19)+IF($G$1="鸣金",$AQ19*1.5,0))*(1+$BA19)*(1+$BB19)+($BD19*IF($G$1="裂石",$AP19,$AN19)+IF($G$1="裂石",$AQ19*1.5,0))*(1+$BE19)*(1+$BF19)+($BH19*IF($G$1="牵丝",$AP19,$AN19)+IF($G$1="牵丝",$AQ19*1.5,0))*(1+$BI19)*(1+$BJ19)+($BL19*IF($G$1="破竹",$AP19,$AN19)+IF($G$1="破竹",$AQ19*1.5,0))*(1+$BM19)*(1+$BN19))*(1+$AR19)*$BS19*$Q19*(1+IF(VLOOKUP($R19,武学奇术!$A:$ZZ,30,FALSE)="酩酊技",$B$21,0))*(1+$BW19) -> 267573.24 | O19: =((($AT19+($AU19-$AT19)*IF(VLOOKUP($R19,武学奇术!$A:$ZZ,31,FALSE)=1,$F$18,0.5))*$AN19+$AO19)*(1+$AV19)*(1+$AW19)+(($AY19+($AZ19-$AY19)*IF(VLOOKUP($R19,武学奇术!$A:$ZZ,31,FALSE)=1,$F$18,0.5))*IF($G$1="鸣金",$AP19,$AN19)+IF($G$1="鸣金",$AQ19*1.5,0))*(1+$BA19)*(1+$BB19)+(($BC19+($BD19-$BC19)*IF(VLOOKUP($R19,武学奇术!$A:$ZZ,31,FALSE)=1,$F$18,0.5))*IF($G$1="裂石",$AP19,$AN19)+IF($G$1="裂石",$AQ19*1.5,0))*(1+$BE19)*(1+$BF19)+(($BG19+($BH19-$BG19)*IF(VLOOKUP($R19,武学奇术!$A:$ZZ,31,FALSE)=1,$F$18,0.5))*IF($G$1="牵丝",$AP19,$AN19)+IF($G$1="牵丝",$AQ19*1.5,0))*(1+$BI19)*(1+$BJ19)+(($BK19+($BL19-$BK19)*IF(VLOOKUP($R19,武学奇术!$A:$ZZ,31,FALSE)=1,$F$18,0.5))*IF($G$1="破竹",$AP19,$AN19)+IF($G$1="破竹",$AQ19*1.5,0))*(1+$BM19)*(1+$BN19))*(1+$AR19)*$Q19*(1+IF(VLOOKUP($R19,武学奇术!$A:$ZZ,30,FALSE)="酩酊技",$B$21,0))*(1+$BW19) -> 178837.93 | P19: =((($AT19*$AN19+$AO19)*(1+$AV19)*(1+$AW19)+($AY19*IF($G$1="鸣金",$AP19,$AN19)+IF($G$1="鸣金",$AQ19*1.5,0))*(1+$BA19)*(1+$BB19)+($BC19*IF($G$1="裂石",$AP19,$AN19)+IF($G$1="裂石",$AQ19*1.5,0))*(1+$BE19)*(1+$BF19)+($BG19*IF($G$1="牵丝",$AP19,$AN19)+IF($G$1="牵丝",$AQ19*1.5,0))*(1+$BI19)*(1+$BJ19)+($BK19*IF($G$1="破竹",$AP19,$AN19)+IF($G$1="破竹",$AQ19*1.5,0))*(1+$BM19)*(1+$BN19))*(1+$AR19))*$Q19*(1+IF(VLOOKUP($R19,武学奇术!$A:$ZZ,30,FALSE)="酩酊技",$B$21,0))*(1+$BW19) -> 159473.47 | Q19: 1 | R19: 饮龙·酩酊 | S19: 易水歌5层 | T19: 沧海帖4层 | U19: 离猎 | V19: 浓醺 | W19: 醉意增伤 | X19: 近战笛 | Y19: 惧刃(拐) | Z19: N/a | AA19: N/a | AB19: 燕别(10%) | AC19: 扶风(拐) | AD19: N/a | AE19: 裁云(拐) | AF19: 无惧 | AG19: N/a | AH19: N/a | AI19: N/a | AJ19: N/a | AK19: N/a | AL19: N/a | AM19: =VLOOKUP($R19,武学奇术!$A:$ZZ,25,FALSE) -> 拳甲 | AN19: =VLOOKUP($R19,武学奇术!$A:$ZZ,26,FALSE) -> 7.79674 | AO19: =VLOOKUP($R19,武学奇术!$A:$ZZ,27,FALSE)*(1+IF(OR($AM19=$F$4,$AM19=$F$5),$B$22,0)) -> 3458.56 | AP19: =VLOOKUP($R19,武学奇术!$A:$ZZ,28,FALSE) -> 11.69518 | AQ19: =VLOOKUP($R19,武学奇术!$A:$ZZ,29,FALSE)*(1+IF(OR($AM19=$F$4,$AM19=$F$5),$B$22,0)) -> 1881.6 | AR19: {=$G$3+IFERROR(VLOOKUP($AM19,$F$4:$G$7,2,FALSE),0)+VLOOKUP($R19,武学奇术!$A:$ZZ,2,FALSE)+SUM(_xlfn.XLOOKUP($S19:$AL19,增益!$A:$A,增益!$B:$B,0))} -> 0.4743 | AS19: {=VLOOKUP($R19,武学奇术!$A:$ZZ,5,FALSE)+SUM(_xlfn.XLOOKUP($S19:$AL19,增益!$A:$A,增益!$E:$E,0))} -> 0 | AT19: {=$D$10*(1+$AS19)+VLOOKUP($R19,武学奇术!$A:$ZZ,3,FALSE)+SUM(_xlfn.XLOOKUP($S19:$AL19,增益!$A:$A,增益!$C:$C,0))-$I$2} -> 4371.3 | AU19: {=$E$10*(1+$AS19)+VLOOKUP($R19,武学奇术!$A:$ZZ,4,FALSE)+SUM(_xlfn.XLOOKUP($S19:$AL19,增益!$A:$A,增益!$D:$D,0))-$I$2} -> 4371.3 | AV19: {=IF($F$10-$I$3+VLOOKUP($R19,武学奇术!$A:$ZZ,6,FALSE)+SUM(_xlfn.XLOOKUP($S19:$AL19,增益!$A:$A,增益!$F:$F,0))>0,($F$10-$I$3+VLOOKUP($R19,武学奇术!$A:$ZZ,6,FALSE)+SUM(_xlfn.XLOOKUP($S19:$AL19,增益!$A:$A,增益!$F:$F,0)))/200,($F$10-$I$3+VLOOKUP($R19,武学奇术!$A:$ZZ,6,FALSE)+SUM(_xlfn.XLOOKUP($S19:$AL19,增益!$A:$A,增益!$F:$F,0)))/100)} -> 0.3785 | AW19: {=$G$10+VLOOKUP($R19,武学奇术!$A:$ZZ,7,FALSE)+SUM(_xlfn.XLOOKUP($S19:$AL19,增益!$A:$A,增益!$G:$G,0))} -> 0.135 | AX19: {=VLOOKUP($R19,武学奇术!$A:$ZZ,8,FALSE)+SUM(_xlfn.XLOOKUP($S19:$AL19,增益!$A:$A,增益!$H:$H,0))} -> 0 | AY19: =$D$11*(1+$AX19) -> 0 | AZ19: =$E$11*(1+$AX19) -> 0 | BA19: {=IF($F$11-$I$4+VLOOKUP($R19,武学奇术!$A:$ZZ,9,FALSE)+SUM(_xlfn.XLOOKUP($S19:$AL19,增益!$A:$A,增益!$I:$I,0))>0,($F$11-$I$4+VLOOKUP($R19,武学奇术!$A:$ZZ,9,FALSE)+SUM(_xlfn.XLOOKUP($S19:$AL19,增益!$A:$A,增益!$I:$I,0)))/200,($F$11-$I$4+VLOOKUP($R19,武学奇术!$A:$ZZ,9,FALSE)+SUM(_xlfn.XLOOKUP($S19:$AL19,增益!$A:$A,增益!$I:$I,0)))/100)} -> 0 | BB19: {=$G$11+VLOOKUP($R19,武学奇术!$A:$ZZ,10,FALSE)+SUM(_xlfn.XLOOKUP($S19:$AL19,增益!$A:$A,增益!$J:$J,0))} -> 0.02 | BC19: =$D$12*(1+$AX19) -> 0 | BD19: =$E$12*(1+$AX19) -> 0 | BE19: {=IF($F$12-$I$4+VLOOKUP($R19,武学奇术!$A:$ZZ,11,FALSE)+SUM(_xlfn.XLOOKUP($S19:$AL19,增益!$A:$A,增益!$K:$K,0))>0,($F$12-$I$4+VLOOKUP($R19,武学奇术!$A:$ZZ,11,FALSE)+SUM(_xlfn.XLOOKUP($S19:$AL19,增益!$A:$A,增益!$K:$K,0)))/200,($F$12-$I$4+VLOOKUP($R19,武学奇术!$A:$ZZ,11,FALSE)+SUM(_xlfn.XLOOKUP($S19:$AL19,增益!$A:$A,增益!$K:$K,0)))/100)} -> 0 | BF19: {=$G$12+VLOOKUP($R19,武学奇术!$A:$ZZ,12,FALSE)+SUM(_xlfn.XLOOKUP($S19:$AL19,增益!$A:$A,增益!$L:$L,0))} -> 0.02 | BG19: =$D$13*(1+$AX19) -> 0 | BH19: =$E$13*(1+$AX19) -> 0 | BI19: {=IF($F$13-$I$4+VLOOKUP($R19,武学奇术!$A:$ZZ,13,FALSE)+SUM(_xlfn.XLOOKUP($S19:$AL19,增益!$A:$A,增益!$M:$M,0))>0,($F$13-$I$4+VLOOKUP($R19,武学奇术!$A:$ZZ,13,FALSE)+SUM(_xlfn.XLOOKUP($S19:$AL19,增益!$A:$A,增益!$K:$K,0)))/200,($F$13-$I$4+VLOOKUP($R19,武学奇术!$A:$ZZ,13,FALSE)+SUM(_xlfn.XLOOKUP($S19:$AL19,增益!$A:$A,增益!$M:$M,0)))/100)} -> 0 | BJ19: {=$G$13+VLOOKUP($R19,武学奇术!$A:$ZZ,14,FALSE)+SUM(_xlfn.XLOOKUP($S19:$AL19,增益!$A:$A,增益!$N:$N,0))} -> 0.02 | BK19: =$D$14*(1+$AX19) -> 649.11 | BL19: =$E$14*(1+$AX19) -> 1707.09 | BM19: {=IF($F$14-$I$4+VLOOKUP($R19,武学奇术!$A:$ZZ,15,FALSE)+SUM(_xlfn.XLOOKUP($S19:$AL19,增益!$A:$A,增益!$O:$O,0))>0,($F$14-$I$4+VLOOKUP($R19,武学奇术!$A:$ZZ,15,FALSE)+SUM(_xlfn.XLOOKUP($S19:$AL19,增益!$A:$A,增益!$O:$O,0)))/200,($F$14-$I$4+VLOOKUP($R19,武学奇术!$A:$ZZ,15,FALSE)+SUM(_xlfn.XLOOKUP($S19:$AL19,增益!$A:$A,增益!$O:$O,0)))/100)} -> 0.15 | BN19: {=$G$14+VLOOKUP($R19,武学奇术!$A:$ZZ,16,FALSE)+SUM(_xlfn.XLOOKUP($S19:$AL19,增益!$A:$A,增益!$P:$P,0))} -> 0.26 | BO19: =MIN(IF(VLOOKUP($R19,武学奇术!$A:$ZZ,23,FALSE)=1,100%,$B$8),100%) -> 0.9771 | BP19: {=IF(VLOOKUP($R19,武学奇术!$A:$ZZ,23,FALSE)=1,100%,MIN(80%,$B$9+VLOOKUP($R19,武学奇术!$A:$ZZ,17,FALSE)+SUM(_xlfn.XLOOKUP($S19:$AL19,增益!$A:$A,增益!$Q:$Q,0)))+$B$11+SUM(_xlfn.XLOOKUP($S19:$AL19,增益!$A:$A,增益!$U:$U,0)))*IF(VLOOKUP($R19,武学奇术!$A:$ZZ,24,FALSE)=1,0,1)+MIN(IF(VLOOKUP($R19,武学奇术!$A:$ZZ,32,FALSE)=1,IF(VLOOKUP($R19,武学奇术!$A:$ZZ,24,FALSE)=1,100%,MIN(40%,$B$10+VLOOKUP($R19,武学奇术!$A:$ZZ,19,FALSE)+SUM(_xlfn.XLOOKUP($S19:$AL19,增益!$A:$A,增益!$S:$S,0)))+$B$12+SUM(_xlfn.XLOOKUP($S19:$AL19,增益!$A:$A,增益!$V:$V,0))),0),12%)} -> 0.8861 | BQ19: {=1+$B$13+VLOOKUP($R19,武学奇术!$A:$ZZ,18,FALSE)+SUM(_xlfn.XLOOKUP($S19:$AL19,增益!$A:$A,增益!$R:$R,0))} -> 1.98 | BR19: {=MAX(IF(VLOOKUP($R19,武学奇术!$A:$ZZ,24,FALSE)=1,100%,MIN(40%,$B$10+VLOOKUP($R19,武学奇术!$A:$ZZ,19,FALSE)+SUM(_xlfn.XLOOKUP($S19:$AL19,增益!$A:$A,增益!$S:$S,0)))+$B$12+SUM(_xlfn.XLOOKUP($S19:$AL19,增益!$A:$A,增益!$V:$V,0)))*IF(VLOOKUP($R19,武学奇术!$A:$ZZ,23,FALSE)=1,0,1)-IF(VLOOKUP($R19,武学奇术!$A:$ZZ,32,FALSE)=1,12%,0),0)} -> 0.0913 | BS19: {=1+$B$14+VLOOKUP($R19,武学奇术!$A:$ZZ,20,FALSE)+SUM(_xlfn.XLOOKUP($S19:$AL19,增益!$A:$A,增益!$T:$T,0))} -> 1.35 | BT19: =MIN((1-BR19)*BO19,BO19*BP19) -> 0.86580831 | BU19: =1-BR19-BT19-BV19 -> 0.04289169 | BV19: =IF(VLOOKUP($R19,武学奇术!$A:$ZZ,22,FALSE)=1,0,(1-$BO19))*(1-$BR19) -> 0 | BW19: {=SUM(_xlfn.XLOOKUP($S19:$AL19,增益!$A:$A,增益!$W:$W,0))+$I$5} -> 0.11 | BX19: {=SUM(_xlfn.XLOOKUP($S19:$AL19,增益!$A:$A,增益!$X:$X,0))} -> 0
A20: 群体奇术增 | B20: 0 | C20: 影 | D20: √ | H20: 真气比例 | I20: =SUM(K:K)/SUM(L:L) -> 0.92939298 | K20: =$L20*VLOOKUP($R20,武学奇术!$A:$ZZ,31,FALSE) -> 186839.52 | L20: =($M20*$BT20+$N20*$BR20+$O20*$BU20+$P20*$BV20) -> 186839.52 | M20: =((($AT20+($AU20-$AT20)*IF(VLOOKUP($R20,武学奇术!$A:$ZZ,31,FALSE)=1,$F$18,0.5))*$AN20+$AO20)*(1+$AV20)*(1+$AW20)+(($AY20+($AZ20-$AY20)*IF(VLOOKUP($R20,武学奇术!$A:$ZZ,31,FALSE)=1,$F$18,0.5))*IF($G$1="鸣金",$AP20,$AN20)+IF($G$1="鸣金",$AQ20*1.5,0))*(1+$BA20)*(1+$BB20)+(($BC20+($BD20-$BC20)*IF(VLOOKUP($R20,武学奇术!$A:$ZZ,31,FALSE)=1,$F$18,0.5))*IF($G$1="裂石",$AP20,$AN20)+IF($G$1="裂石",$AQ20*1.5,0))*(1+$BE20)*(1+$BF20)+(($BG20+($BH20-$BG20)*IF(VLOOKUP($R20,武学奇术!$A:$ZZ,31,FALSE)=1,$F$18,0.5))*IF($G$1="牵丝",$AP20,$AN20)+IF($G$1="牵丝",$AQ20*1.5,0))*(1+$BI20)*(1+$BJ20)+(($BK20+($BL20-$BK20)*IF(VLOOKUP($R20,武学奇术!$A:$ZZ,31,FALSE)=1,$F$18,0.5))*IF($G$1="破竹",$AP20,$AN20)+IF($G$1="破竹",$AQ20*1.5,0))*(1+$BM20)*(1+$BN20))*(1+$AR20)*$BQ20*$Q20*(1+IF(VLOOKUP($R20,武学奇术!$A:$ZZ,30,FALSE)="酩酊技",$B$21,0))*(1+$BW20) -> 195437.32 | N20: =(($AU20*$AN20+$AO20)*(1+$AV20)*(1+$AW20)+($AZ20*IF($G$1="鸣金",$AP20,$AN20)+IF($G$1="鸣金",$AQ20*1.5,0))*(1+$BA20)*(1+$BB20)+($BD20*IF($G$1="裂石",$AP20,$AN20)+IF($G$1="裂石",$AQ20*1.5,0))*(1+$BE20)*(1+$BF20)+($BH20*IF($G$1="牵丝",$AP20,$AN20)+IF($G$1="牵丝",$AQ20*1.5,0))*(1+$BI20)*(1+$BJ20)+($BL20*IF($G$1="破竹",$AP20,$AN20)+IF($G$1="破竹",$AQ20*1.5,0))*(1+$BM20)*(1+$BN20))*(1+$AR20)*$BS20*$Q20*(1+IF(VLOOKUP($R20,武学奇术!$A:$ZZ,30,FALSE)="酩酊技",$B$21,0))*(1+$BW20) -> 146942.81 | O20: =((($AT20+($AU20-$AT20)*IF(VLOOKUP($R20,武学奇术!$A:$ZZ,31,FALSE)=1,$F$18,0.5))*$AN20+$AO20)*(1+$AV20)*(1+$AW20)+(($AY20+($AZ20-$AY20)*IF(VLOOKUP($R20,武学奇术!$A:$ZZ,31,FALSE)=1,$F$18,0.5))*IF($G$1="鸣金",$AP20,$AN20)+IF($G$1="鸣金",$AQ20*1.5,0))*(1+$BA20)*(1+$BB20)+(($BC20+($BD20-$BC20)*IF(VLOOKUP($R20,武学奇术!$A:$ZZ,31,FALSE)=1,$F$18,0.5))*IF($G$1="裂石",$AP20,$AN20)+IF($G$1="裂石",$AQ20*1.5,0))*(1+$BE20)*(1+$BF20)+(($BG20+($BH20-$BG20)*IF(VLOOKUP($R20,武学奇术!$A:$ZZ,31,FALSE)=1,$F$18,0.5))*IF($G$1="牵丝",$AP20,$AN20)+IF($G$1="牵丝",$AQ20*1.5,0))*(1+$BI20)*(1+$BJ20)+(($BK20+($BL20-$BK20)*IF(VLOOKUP($R20,武学奇术!$A:$ZZ,31,FALSE)=1,$F$18,0.5))*IF($G$1="破竹",$AP20,$AN20)+IF($G$1="破竹",$AQ20*1.5,0))*(1+$BM20)*(1+$BN20))*(1+$AR20)*$Q20*(1+IF(VLOOKUP($R20,武学奇术!$A:$ZZ,30,FALSE)="酩酊技",$B$21,0))*(1+$BW20) -> 98209.711 | P20: =((($AT20*$AN20+$AO20)*(1+$AV20)*(1+$AW20)+($AY20*IF($G$1="鸣金",$AP20,$AN20)+IF($G$1="鸣金",$AQ20*1.5,0))*(1+$BA20)*(1+$BB20)+($BC20*IF($G$1="裂石",$AP20,$AN20)+IF($G$1="裂石",$AQ20*1.5,0))*(1+$BE20)*(1+$BF20)+($BG20*IF($G$1="牵丝",$AP20,$AN20)+IF($G$1="牵丝",$AQ20*1.5,0))*(1+$BI20)*(1+$BJ20)+($BK20*IF($G$1="破竹",$AP20,$AN20)+IF($G$1="破竹",$AQ20*1.5,0))*(1+$BM20)*(1+$BN20))*(1+$AR20))*$Q20*(1+IF(VLOOKUP($R20,武学奇术!$A:$ZZ,30,FALSE)="酩酊技",$B$21,0))*(1+$BW20) -> 87572.896 | Q20: 1 | R20: 碧血为迎·酩酊一段 | S20: 易水歌5层 | T20: 沧海帖5层 | U20: 离猎 | V20: 浓醺 | W20: 醉意增伤 | X20: 近战笛 | Y20: 惧刃(拐) | Z20: N/a | AA20: N/a | AB20: 燕别(10%) | AC20: 扶风(拐) | AD20: N/a | AE20: 裁云(拐) | AF20: 无惧 | AG20: N/a | AH20: N/a | AI20: N/a | AJ20: N/a | AK20: N/a | AL20: N/a | AM20: =VLOOKUP($R20,武学奇术!$A:$ZZ,25,FALSE) -> 双刀 | AN20: =VLOOKUP($R20,武学奇术!$A:$ZZ,26,FALSE) -> 4.28274 | AO20: =VLOOKUP($R20,武学奇术!$A:$ZZ,27,FALSE)*(1+IF(OR($AM20=$F$4,$AM20=$F$5),$B$22,0)) -> 1895.04 | AP20: =VLOOKUP($R20,武学奇术!$A:$ZZ,28,FALSE) -> 6.42411 | AQ20: =VLOOKUP($R20,武学奇术!$A:$ZZ,29,FALSE)*(1+IF(OR($AM20=$F$4,$AM20=$F$5),$B$22,0)) -> 1031.52 | AR20: {=$G$3+IFERROR(VLOOKUP($AM20,$F$4:$G$7,2,FALSE),0)+VLOOKUP($R20,武学奇术!$A:$ZZ,2,FALSE)+SUM(_xlfn.XLOOKUP($S20:$AL20,增益!$A:$A,增益!$B:$B,0))} -> 0.4743 | AS20: {=VLOOKUP($R20,武学奇术!$A:$ZZ,5,FALSE)+SUM(_xlfn.XLOOKUP($S20:$AL20,增益!$A:$A,增益!$E:$E,0))} -> 0 | AT20: {=$D$10*(1+$AS20)+VLOOKUP($R20,武学奇术!$A:$ZZ,3,FALSE)+SUM(_xlfn.XLOOKUP($S20:$AL20,增益!$A:$A,增益!$C:$C,0))-$I$2} -> 4371.3 | AU20: {=$E$10*(1+$AS20)+VLOOKUP($R20,武学奇术!$A:$ZZ,4,FALSE)+SUM(_xlfn.XLOOKUP($S20:$AL20,增益!$A:$A,增益!$D:$D,0))-$I$2} -> 4371.3 | AV20: {=IF($F$10-$I$3+VLOOKUP($R20,武学奇术!$A:$ZZ,6,FALSE)+SUM(_xlfn.XLOOKUP($S20:$AL20,增益!$A:$A,增益!$F:$F,0))>0,($F$10-$I$3+VLOOKUP($R20,武学奇术!$A:$ZZ,6,FALSE)+SUM(_xlfn.XLOOKUP($S20:$AL20,增益!$A:$A,增益!$F:$F,0)))/200,($F$10-$I$3+VLOOKUP($R20,武学奇术!$A:$ZZ,6,FALSE)+SUM(_xlfn.XLOOKUP($S20:$AL20,增益!$A:$A,增益!$F:$F,0)))/100)} -> 0.3785 | AW20: {=$G$10+VLOOKUP($R20,武学奇术!$A:$ZZ,7,FALSE)+SUM(_xlfn.XLOOKUP($S20:$AL20,增益!$A:$A,增益!$G:$G,0))} -> 0.135 | AX20: {=VLOOKUP($R20,武学奇术!$A:$ZZ,8,FALSE)+SUM(_xlfn.XLOOKUP($S20:$AL20,增益!$A:$A,增益!$H:$H,0))} -> 0 | AY20: =$D$11*(1+$AX20) -> 0 | AZ20: =$E$11*(1+$AX20) -> 0 | BA20: {=IF($F$11-$I$4+VLOOKUP($R20,武学奇术!$A:$ZZ,9,FALSE)+SUM(_xlfn.XLOOKUP($S20:$AL20,增益!$A:$A,增益!$I:$I,0))>0,($F$11-$I$4+VLOOKUP($R20,武学奇术!$A:$ZZ,9,FALSE)+SUM(_xlfn.XLOOKUP($S20:$AL20,增益!$A:$A,增益!$I:$I,0)))/200,($F$11-$I$4+VLOOKUP($R20,武学奇术!$A:$ZZ,9,FALSE)+SUM(_xlfn.XLOOKUP($S20:$AL20,增益!$A:$A,增益!$I:$I,0)))/100)} -> 0 | BB20: {=$G$11+VLOOKUP($R20,武学奇术!$A:$ZZ,10,FALSE)+SUM(_xlfn.XLOOKUP($S20:$AL20,增益!$A:$A,增益!$J:$J,0))} -> 0.02 | BC20: =$D$12*(1+$AX20) -> 0 | BD20: =$E$12*(1+$AX20) -> 0 | BE20: {=IF($F$12-$I$4+VLOOKUP($R20,武学奇术!$A:$ZZ,11,FALSE)+SUM(_xlfn.XLOOKUP($S20:$AL20,增益!$A:$A,增益!$K:$K,0))>0,($F$12-$I$4+VLOOKUP($R20,武学奇术!$A:$ZZ,11,FALSE)+SUM(_xlfn.XLOOKUP($S20:$AL20,增益!$A:$A,增益!$K:$K,0)))/200,($F$12-$I$4+VLOOKUP($R20,武学奇术!$A:$ZZ,11,FALSE)+SUM(_xlfn.XLOOKUP($S20:$AL20,增益!$A:$A,增益!$K:$K,0)))/100)} -> 0 | BF20: {=$G$12+VLOOKUP($R20,武学奇术!$A:$ZZ,12,FALSE)+SUM(_xlfn.XLOOKUP($S20:$AL20,增益!$A:$A,增益!$L:$L,0))} -> 0.02 | BG20: =$D$13*(1+$AX20) -> 0 | BH20: =$E$13*(1+$AX20) -> 0 | BI20: {=IF($F$13-$I$4+VLOOKUP($R20,武学奇术!$A:$ZZ,13,FALSE)+SUM(_xlfn.XLOOKUP($S20:$AL20,增益!$A:$A,增益!$M:$M,0))>0,($F$13-$I$4+VLOOKUP($R20,武学奇术!$A:$ZZ,13,FALSE)+SUM(_xlfn.XLOOKUP($S20:$AL20,增益!$A:$A,增益!$K:$K,0)))/200,($F$13-$I$4+VLOOKUP($R20,武学奇术!$A:$ZZ,13,FALSE)+SUM(_xlfn.XLOOKUP($S20:$AL20,增益!$A:$A,增益!$M:$M,0)))/100)} -> 0 | BJ20: {=$G$13+VLOOKUP($R20,武学奇术!$A:$ZZ,14,FALSE)+SUM(_xlfn.XLOOKUP($S20:$AL20,增益!$A:$A,增益!$N:$N,0))} -> 0.02 | BK20: =$D$14*(1+$AX20) -> 649.11 | BL20: =$E$14*(1+$AX20) -> 1707.09 | BM20: {=IF($F$14-$I$4+VLOOKUP($R20,武学奇术!$A:$ZZ,15,FALSE)+SUM(_xlfn.XLOOKUP($S20:$AL20,增益!$A:$A,增益!$O:$O,0))>0,($F$14-$I$4+VLOOKUP($R20,武学奇术!$A:$ZZ,15,FALSE)+SUM(_xlfn.XLOOKUP($S20:$AL20,增益!$A:$A,增益!$O:$O,0)))/200,($F$14-$I$4+VLOOKUP($R20,武学奇术!$A:$ZZ,15,FALSE)+SUM(_xlfn.XLOOKUP($S20:$AL20,增益!$A:$A,增益!$O:$O,0)))/100)} -> 0.15 | BN20: {=$G$14+VLOOKUP($R20,武学奇术!$A:$ZZ,16,FALSE)+SUM(_xlfn.XLOOKUP($S20:$AL20,增益!$A:$A,增益!$P:$P,0))} -> 0.26 | BO20: =MIN(IF(VLOOKUP($R20,武学奇术!$A:$ZZ,23,FALSE)=1,100%,$B$8),100%) -> 0.9771 | BP20: {=IF(VLOOKUP($R20,武学奇术!$A:$ZZ,23,FALSE)=1,100%,MIN(80%,$B$9+VLOOKUP($R20,武学奇术!$A:$ZZ,17,FALSE)+SUM(_xlfn.XLOOKUP($S20:$AL20,增益!$A:$A,增益!$Q:$Q,0)))+$B$11+SUM(_xlfn.XLOOKUP($S20:$AL20,增益!$A:$A,增益!$U:$U,0)))*IF(VLOOKUP($R20,武学奇术!$A:$ZZ,24,FALSE)=1,0,1)+MIN(IF(VLOOKUP($R20,武学奇术!$A:$ZZ,32,FALSE)=1,IF(VLOOKUP($R20,武学奇术!$A:$ZZ,24,FALSE)=1,100%,MIN(40%,$B$10+VLOOKUP($R20,武学奇术!$A:$ZZ,19,FALSE)+SUM(_xlfn.XLOOKUP($S20:$AL20,增益!$A:$A,增益!$S:$S,0)))+$B$12+SUM(_xlfn.XLOOKUP($S20:$AL20,增益!$A:$A,增益!$V:$V,0))),0),12%)} -> 0.8861 | BQ20: {=1+$B$13+VLOOKUP($R20,武学奇术!$A:$ZZ,18,FALSE)+SUM(_xlfn.XLOOKUP($S20:$AL20,增益!$A:$A,增益!$R:$R,0))} -> 1.99 | BR20: {=MAX(IF(VLOOKUP($R20,武学奇术!$A:$ZZ,24,FALSE)=1,100%,MIN(40%,$B$10+VLOOKUP($R20,武学奇术!$A:$ZZ,19,FALSE)+SUM(_xlfn.XLOOKUP($S20:$AL20,增益!$A:$A,增益!$S:$S,0)))+$B$12+SUM(_xlfn.XLOOKUP($S20:$AL20,增益!$A:$A,增益!$V:$V,0)))*IF(VLOOKUP($R20,武学奇术!$A:$ZZ,23,FALSE)=1,0,1)-IF(VLOOKUP($R20,武学奇术!$A:$ZZ,32,FALSE)=1,12%,0),0)} -> 0.0913 | BS20: {=1+$B$14+VLOOKUP($R20,武学奇术!$A:$ZZ,20,FALSE)+SUM(_xlfn.XLOOKUP($S20:$AL20,增益!$A:$A,增益!$T:$T,0))} -> 1.35 | BT20: =MIN((1-BR20)*BO20,BO20*BP20) -> 0.86580831 | BU20: =1-BR20-BT20-BV20 -> 0.04289169 | BV20: =IF(VLOOKUP($R20,武学奇术!$A:$ZZ,22,FALSE)=1,0,(1-$BO20))*(1-$BR20) -> 0 | BW20: {=SUM(_xlfn.XLOOKUP($S20:$AL20,增益!$A:$A,增益!$W:$W,0))+$I$5} -> 0.11 | BX20: {=SUM(_xlfn.XLOOKUP($S20:$AL20,增益!$A:$A,增益!$X:$X,0))} -> 0
A21: 酩酊技定音 | B21: 0.32 | C21: 翊 | D21: × | E21: 第三心法 | K21: =$L21*VLOOKUP($R21,武学奇术!$A:$ZZ,31,FALSE) -> 245694.73 | L21: =($M21*$BT21+$N21*$BR21+$O21*$BU21+$P21*$BV21) -> 245694.73 | M21: =((($AT21+($AU21-$AT21)*IF(VLOOKUP($R21,武学奇术!$A:$ZZ,31,FALSE)=1,$F$18,0.5))*$AN21+$AO21)*(1+$AV21)*(1+$AW21)+(($AY21+($AZ21-$AY21)*IF(VLOOKUP($R21,武学奇术!$A:$ZZ,31,FALSE)=1,$F$18,0.5))*IF($G$1="鸣金",$AP21,$AN21)+IF($G$1="鸣金",$AQ21*1.5,0))*(1+$BA21)*(1+$BB21)+(($BC21+($BD21-$BC21)*IF(VLOOKUP($R21,武学奇术!$A:$ZZ,31,FALSE)=1,$F$18,0.5))*IF($G$1="裂石",$AP21,$AN21)+IF($G$1="裂石",$AQ21*1.5,0))*(1+$BE21)*(1+$BF21)+(($BG21+($BH21-$BG21)*IF(VLOOKUP($R21,武学奇术!$A:$ZZ,31,FALSE)=1,$F$18,0.5))*IF($G$1="牵丝",$AP21,$AN21)+IF($G$1="牵丝",$AQ21*1.5,0))*(1+$BI21)*(1+$BJ21)+(($BK21+($BL21-$BK21)*IF(VLOOKUP($R21,武学奇术!$A:$ZZ,31,FALSE)=1,$F$18,0.5))*IF($G$1="破竹",$AP21,$AN21)+IF($G$1="破竹",$AQ21*1.5,0))*(1+$BM21)*(1+$BN21))*(1+$AR21)*$BQ21*$Q21*(1+IF(VLOOKUP($R21,武学奇术!$A:$ZZ,30,FALSE)="酩酊技",$B$21,0))*(1+$BW21) -> 257000.72 | N21: =(($AU21*$AN21+$AO21)*(1+$AV21)*(1+$AW21)+($AZ21*IF($G$1="鸣金",$AP21,$AN21)+IF($G$1="鸣金",$AQ21*1.5,0))*(1+$BA21)*(1+$BB21)+($BD21*IF($G$1="裂石",$AP21,$AN21)+IF($G$1="裂石",$AQ21*1.5,0))*(1+$BE21)*(1+$BF21)+($BH21*IF($G$1="牵丝",$AP21,$AN21)+IF($G$1="牵丝",$AQ21*1.5,0))*(1+$BI21)*(1+$BJ21)+($BL21*IF($G$1="破竹",$AP21,$AN21)+IF($G$1="破竹",$AQ21*1.5,0))*(1+$BM21)*(1+$BN21))*(1+$AR21)*$BS21*$Q21*(1+IF(VLOOKUP($R21,武学奇术!$A:$ZZ,30,FALSE)="酩酊技",$B$21,0))*(1+$BW21) -> 193231.9 | O21: =((($AT21+($AU21-$AT21)*IF(VLOOKUP($R21,武学奇术!$A:$ZZ,31,FALSE)=1,$F$18,0.5))*$AN21+$AO21)*(1+$AV21)*(1+$AW21)+(($AY21+($AZ21-$AY21)*IF(VLOOKUP($R21,武学奇术!$A:$ZZ,31,FALSE)=1,$F$18,0.5))*IF($G$1="鸣金",$AP21,$AN21)+IF($G$1="鸣金",$AQ21*1.5,0))*(1+$BA21)*(1+$BB21)+(($BC21+($BD21-$BC21)*IF(VLOOKUP($R21,武学奇术!$A:$ZZ,31,FALSE)=1,$F$18,0.5))*IF($G$1="裂石",$AP21,$AN21)+IF($G$1="裂石",$AQ21*1.5,0))*(1+$BE21)*(1+$BF21)+(($BG21+($BH21-$BG21)*IF(VLOOKUP($R21,武学奇术!$A:$ZZ,31,FALSE)=1,$F$18,0.5))*IF($G$1="牵丝",$AP21,$AN21)+IF($G$1="牵丝",$AQ21*1.5,0))*(1+$BI21)*(1+$BJ21)+(($BK21+($BL21-$BK21)*IF(VLOOKUP($R21,武学奇术!$A:$ZZ,31,FALSE)=1,$F$18,0.5))*IF($G$1="破竹",$AP21,$AN21)+IF($G$1="破竹",$AQ21*1.5,0))*(1+$BM21)*(1+$BN21))*(1+$AR21)*$Q21*(1+IF(VLOOKUP($R21,武学奇术!$A:$ZZ,30,FALSE)="酩酊技",$B$21,0))*(1+$BW21) -> 129146.09 | P21: =((($AT21*$AN21+$AO21)*(1+$AV21)*(1+$AW21)+($AY21*IF($G$1="鸣金",$AP21,$AN21)+IF($G$1="鸣金",$AQ21*1.5,0))*(1+$BA21)*(1+$BB21)+($BC21*IF($G$1="裂石",$AP21,$AN21)+IF($G$1="裂石",$AQ21*1.5,0))*(1+$BE21)*(1+$BF21)+($BG21*IF($G$1="牵丝",$AP21,$AN21)+IF($G$1="牵丝",$AQ21*1.5,0))*(1+$BI21)*(1+$BJ21)+($BK21*IF($G$1="破竹",$AP21,$AN21)+IF($G$1="破竹",$AQ21*1.5,0))*(1+$BM21)*(1+$BN21))*(1+$AR21))*$Q21*(1+IF(VLOOKUP($R21,武学奇术!$A:$ZZ,30,FALSE)="酩酊技",$B$21,0))*(1+$BW21) -> 115157.44 | Q21: 1 | R21: 碧血为迎·酩酊后续 | S21: 易水歌5层 | T21: 沧海帖5层 | U21: 离猎 | V21: 浓醺 | W21: 醉意增伤 | X21: N/a | Y21: 惧刃(拐) | Z21: N/a | AA21: N/a | AB21: 燕别(10%) | AC21: 扶风(拐) | AD21: N/a | AE21: 裁云(拐) | AF21: 无惧 | AG21: N/a | AH21: N/a | AI21: N/a | AJ21: N/a | AK21: N/a | AL21: N/a | AM21: =VLOOKUP($R21,武学奇术!$A:$ZZ,25,FALSE) -> 双刀 | AN21: =VLOOKUP($R21,武学奇术!$A:$ZZ,26,FALSE) -> 5.71032 | AO21: =VLOOKUP($R21,武学奇术!$A:$ZZ,27,FALSE)*(1+IF(OR($AM21=$F$4,$AM21=$F$5),$B$22,0)) -> 2526.72 | AP21: =VLOOKUP($R21,武学奇术!$A:$ZZ,28,FALSE) -> 8.56464 | AQ21: =VLOOKUP($R21,武学奇术!$A:$ZZ,29,FALSE)*(1+IF(OR($AM21=$F$4,$AM21=$F$5),$B$22,0)) -> 1370.88 | AR21: {=$G$3+IFERROR(VLOOKUP($AM21,$F$4:$G$7,2,FALSE),0)+VLOOKUP($R21,武学奇术!$A:$ZZ,2,FALSE)+SUM(_xlfn.XLOOKUP($S21:$AL21,增益!$A:$A,增益!$B:$B,0))} -> 0.4543 | AS21: {=VLOOKUP($R21,武学奇术!$A:$ZZ,5,FALSE)+SUM(_xlfn.XLOOKUP($S21:$AL21,增益!$A:$A,增益!$E:$E,0))} -> 0 | AT21: {=$D$10*(1+$AS21)+VLOOKUP($R21,武学奇术!$A:$ZZ,3,FALSE)+SUM(_xlfn.XLOOKUP($S21:$AL21,增益!$A:$A,增益!$C:$C,0))-$I$2} -> 4371.3 | AU21: {=$E$10*(1+$AS21)+VLOOKUP($R21,武学奇术!$A:$ZZ,4,FALSE)+SUM(_xlfn.XLOOKUP($S21:$AL21,增益!$A:$A,增益!$D:$D,0))-$I$2} -> 4371.3 | AV21: {=IF($F$10-$I$3+VLOOKUP($R21,武学奇术!$A:$ZZ,6,FALSE)+SUM(_xlfn.XLOOKUP($S21:$AL21,增益!$A:$A,增益!$F:$F,0))>0,($F$10-$I$3+VLOOKUP($R21,武学奇术!$A:$ZZ,6,FALSE)+SUM(_xlfn.XLOOKUP($S21:$AL21,增益!$A:$A,增益!$F:$F,0)))/200,($F$10-$I$3+VLOOKUP($R21,武学奇术!$A:$ZZ,6,FALSE)+SUM(_xlfn.XLOOKUP($S21:$AL21,增益!$A:$A,增益!$F:$F,0)))/100)} -> 0.3785 | AW21: {=$G$10+VLOOKUP($R21,武学奇术!$A:$ZZ,7,FALSE)+SUM(_xlfn.XLOOKUP($S21:$AL21,增益!$A:$A,增益!$G:$G,0))} -> 0.135 | AX21: {=VLOOKUP($R21,武学奇术!$A:$ZZ,8,FALSE)+SUM(_xlfn.XLOOKUP($S21:$AL21,增益!$A:$A,增益!$H:$H,0))} -> 0 | AY21: =$D$11*(1+$AX21) -> 0 | AZ21: =$E$11*(1+$AX21) -> 0 | BA21: {=IF($F$11-$I$4+VLOOKUP($R21,武学奇术!$A:$ZZ,9,FALSE)+SUM(_xlfn.XLOOKUP($S21:$AL21,增益!$A:$A,增益!$I:$I,0))>0,($F$11-$I$4+VLOOKUP($R21,武学奇术!$A:$ZZ,9,FALSE)+SUM(_xlfn.XLOOKUP($S21:$AL21,增益!$A:$A,增益!$I:$I,0)))/200,($F$11-$I$4+VLOOKUP($R21,武学奇术!$A:$ZZ,9,FALSE)+SUM(_xlfn.XLOOKUP($S21:$AL21,增益!$A:$A,增益!$I:$I,0)))/100)} -> 0 | BB21: {=$G$11+VLOOKUP($R21,武学奇术!$A:$ZZ,10,FALSE)+SUM(_xlfn.XLOOKUP($S21:$AL21,增益!$A:$A,增益!$J:$J,0))} -> 0.02 | BC21: =$D$12*(1+$AX21) -> 0 | BD21: =$E$12*(1+$AX21) -> 0 | BE21: {=IF($F$12-$I$4+VLOOKUP($R21,武学奇术!$A:$ZZ,11,FALSE)+SUM(_xlfn.XLOOKUP($S21:$AL21,增益!$A:$A,增益!$K:$K,0))>0,($F$12-$I$4+VLOOKUP($R21,武学奇术!$A:$ZZ,11,FALSE)+SUM(_xlfn.XLOOKUP($S21:$AL21,增益!$A:$A,增益!$K:$K,0)))/200,($F$12-$I$4+VLOOKUP($R21,武学奇术!$A:$ZZ,11,FALSE)+SUM(_xlfn.XLOOKUP($S21:$AL21,增益!$A:$A,增益!$K:$K,0)))/100)} -> 0 | BF21: {=$G$12+VLOOKUP($R21,武学奇术!$A:$ZZ,12,FALSE)+SUM(_xlfn.XLOOKUP($S21:$AL21,增益!$A:$A,增益!$L:$L,0))} -> 0.02 | BG21: =$D$13*(1+$AX21) -> 0 | BH21: =$E$13*(1+$AX21) -> 0 | BI21: {=IF($F$13-$I$4+VLOOKUP($R21,武学奇术!$A:$ZZ,13,FALSE)+SUM(_xlfn.XLOOKUP($S21:$AL21,增益!$A:$A,增益!$M:$M,0))>0,($F$13-$I$4+VLOOKUP($R21,武学奇术!$A:$ZZ,13,FALSE)+SUM(_xlfn.XLOOKUP($S21:$AL21,增益!$A:$A,增益!$K:$K,0)))/200,($F$13-$I$4+VLOOKUP($R21,武学奇术!$A:$ZZ,13,FALSE)+SUM(_xlfn.XLOOKUP($S21:$AL21,增益!$A:$A,增益!$M:$M,0)))/100)} -> 0 | BJ21: {=$G$13+VLOOKUP($R21,武学奇术!$A:$ZZ,14,FALSE)+SUM(_xlfn.XLOOKUP($S21:$AL21,增益!$A:$A,增益!$N:$N,0))} -> 0.02 | BK21: =$D$14*(1+$AX21) -> 649.11 | BL21: =$E$14*(1+$AX21) -> 1707.09 | BM21: {=IF($F$14-$I$4+VLOOKUP($R21,武学奇术!$A:$ZZ,15,FALSE)+SUM(_xlfn.XLOOKUP($S21:$AL21,增益!$A:$A,增益!$O:$O,0))>0,($F$14-$I$4+VLOOKUP($R21,武学奇术!$A:$ZZ,15,FALSE)+SUM(_xlfn.XLOOKUP($S21:$AL21,增益!$A:$A,增益!$O:$O,0)))/200,($F$14-$I$4+VLOOKUP($R21,武学奇术!$A:$ZZ,15,FALSE)+SUM(_xlfn.XLOOKUP($S21:$AL21,增益!$A:$A,增益!$O:$O,0)))/100)} -> 0.15 | BN21: {=$G$14+VLOOKUP($R21,武学奇术!$A:$ZZ,16,FALSE)+SUM(_xlfn.XLOOKUP($S21:$AL21,增益!$A:$A,增益!$P:$P,0))} -> 0.26 | BO21: =MIN(IF(VLOOKUP($R21,武学奇术!$A:$ZZ,23,FALSE)=1,100%,$B$8),100%) -> 0.9771 | BP21: {=IF(VLOOKUP($R21,武学奇术!$A:$ZZ,23,FALSE)=1,100%,MIN(80%,$B$9+VLOOKUP($R21,武学奇术!$A:$ZZ,17,FALSE)+SUM(_xlfn.XLOOKUP($S21:$AL21,增益!$A:$A,增益!$Q:$Q,0)))+$B$11+SUM(_xlfn.XLOOKUP($S21:$AL21,增益!$A:$A,增益!$U:$U,0)))*IF(VLOOKUP($R21,武学奇术!$A:$ZZ,24,FALSE)=1,0,1)+MIN(IF(VLOOKUP($R21,武学奇术!$A:$ZZ,32,FALSE)=1,IF(VLOOKUP($R21,武学奇术!$A:$ZZ,24,FALSE)=1,100%,MIN(40%,$B$10+VLOOKUP($R21,武学奇术!$A:$ZZ,19,FALSE)+SUM(_xlfn.XLOOKUP($S21:$AL21,增益!$A:$A,增益!$S:$S,0)))+$B$12+SUM(_xlfn.XLOOKUP($S21:$AL21,增益!$A:$A,增益!$V:$V,0))),0),12%)} -> 0.8861 | BQ21: {=1+$B$13+VLOOKUP($R21,武学奇术!$A:$ZZ,18,FALSE)+SUM(_xlfn.XLOOKUP($S21:$AL21,增益!$A:$A,增益!$R:$R,0))} -> 1.99 | BR21: {=MAX(IF(VLOOKUP($R21,武学奇术!$A:$ZZ,24,FALSE)=1,100%,MIN(40%,$B$10+VLOOKUP($R21,武学奇术!$A:$ZZ,19,FALSE)+SUM(_xlfn.XLOOKUP($S21:$AL21,增益!$A:$A,增益!$S:$S,0)))+$B$12+SUM(_xlfn.XLOOKUP($S21:$AL21,增益!$A:$A,增益!$V:$V,0)))*IF(VLOOKUP($R21,武学奇术!$A:$ZZ,23,FALSE)=1,0,1)-IF(VLOOKUP($R21,武学奇术!$A:$ZZ,32,FALSE)=1,12%,0),0)} -> 0.0913 | BS21: {=1+$B$14+VLOOKUP($R21,武学奇术!$A:$ZZ,20,FALSE)+SUM(_xlfn.XLOOKUP($S21:$AL21,增益!$A:$A,增益!$T:$T,0))} -> 1.35 | BT21: =MIN((1-BR21)*BO21,BO21*BP21) -> 0.86580831 | BU21: =1-BR21-BT21-BV21 -> 0.04289169 | BV21: =IF(VLOOKUP($R21,武学奇术!$A:$ZZ,22,FALSE)=1,0,(1-$BO21))*(1-$BR21) -> 0 | BW21: {=SUM(_xlfn.XLOOKUP($S21:$AL21,增益!$A:$A,增益!$W:$W,0))+$I$5} -> 0.11 | BX21: {=SUM(_xlfn.XLOOKUP($S21:$AL21,增益!$A:$A,增益!$X:$X,0))} -> 0
A22: 固伤加成 | B22: 0.6 | E22: 燕别云岫 | K22: =$L22*VLOOKUP($R22,武学奇术!$A:$ZZ,31,FALSE) -> 184304.9 | L22: =($M22*$BT22+$N22*$BR22+$O22*$BU22+$P22*$BV22) -> 184304.9 | M22: =((($AT22+($AU22-$AT22)*IF(VLOOKUP($R22,武学奇术!$A:$ZZ,31,FALSE)=1,$F$18,0.5))*$AN22+$AO22)*(1+$AV22)*(1+$AW22)+(($AY22+($AZ22-$AY22)*IF(VLOOKUP($R22,武学奇术!$A:$ZZ,31,FALSE)=1,$F$18,0.5))*IF($G$1="鸣金",$AP22,$AN22)+IF($G$1="鸣金",$AQ22*1.5,0))*(1+$BA22)*(1+$BB22)+(($BC22+($BD22-$BC22)*IF(VLOOKUP($R22,武学奇术!$A:$ZZ,31,FALSE)=1,$F$18,0.5))*IF($G$1="裂石",$AP22,$AN22)+IF($G$1="裂石",$AQ22*1.5,0))*(1+$BE22)*(1+$BF22)+(($BG22+($BH22-$BG22)*IF(VLOOKUP($R22,武学奇术!$A:$ZZ,31,FALSE)=1,$F$18,0.5))*IF($G$1="牵丝",$AP22,$AN22)+IF($G$1="牵丝",$AQ22*1.5,0))*(1+$BI22)*(1+$BJ22)+(($BK22+($BL22-$BK22)*IF(VLOOKUP($R22,武学奇术!$A:$ZZ,31,FALSE)=1,$F$18,0.5))*IF($G$1="破竹",$AP22,$AN22)+IF($G$1="破竹",$AQ22*1.5,0))*(1+$BM22)*(1+$BN22))*(1+$AR22)*$BQ22*$Q22*(1+IF(VLOOKUP($R22,武学奇术!$A:$ZZ,30,FALSE)="酩酊技",$B$21,0))*(1+$BW22) -> 192786.07 | N22: =(($AU22*$AN22+$AO22)*(1+$AV22)*(1+$AW22)+($AZ22*IF($G$1="鸣金",$AP22,$AN22)+IF($G$1="鸣金",$AQ22*1.5,0))*(1+$BA22)*(1+$BB22)+($BD22*IF($G$1="裂石",$AP22,$AN22)+IF($G$1="裂石",$AQ22*1.5,0))*(1+$BE22)*(1+$BF22)+($BH22*IF($G$1="牵丝",$AP22,$AN22)+IF($G$1="牵丝",$AQ22*1.5,0))*(1+$BI22)*(1+$BJ22)+($BL22*IF($G$1="破竹",$AP22,$AN22)+IF($G$1="破竹",$AQ22*1.5,0))*(1+$BM22)*(1+$BN22))*(1+$AR22)*$BS22*$Q22*(1+IF(VLOOKUP($R22,武学奇术!$A:$ZZ,30,FALSE)="酩酊技",$B$21,0))*(1+$BW22) -> 144949.42 | O22: =((($AT22+($AU22-$AT22)*IF(VLOOKUP($R22,武学奇术!$A:$ZZ,31,FALSE)=1,$F$18,0.5))*$AN22+$AO22)*(1+$AV22)*(1+$AW22)+(($AY22+($AZ22-$AY22)*IF(VLOOKUP($R22,武学奇术!$A:$ZZ,31,FALSE)=1,$F$18,0.5))*IF($G$1="鸣金",$AP22,$AN22)+IF($G$1="鸣金",$AQ22*1.5,0))*(1+$BA22)*(1+$BB22)+(($BC22+($BD22-$BC22)*IF(VLOOKUP($R22,武学奇术!$A:$ZZ,31,FALSE)=1,$F$18,0.5))*IF($G$1="裂石",$AP22,$AN22)+IF($G$1="裂石",$AQ22*1.5,0))*(1+$BE22)*(1+$BF22)+(($BG22+($BH22-$BG22)*IF(VLOOKUP($R22,武学奇术!$A:$ZZ,31,FALSE)=1,$F$18,0.5))*IF($G$1="牵丝",$AP22,$AN22)+IF($G$1="牵丝",$AQ22*1.5,0))*(1+$BI22)*(1+$BJ22)+(($BK22+($BL22-$BK22)*IF(VLOOKUP($R22,武学奇术!$A:$ZZ,31,FALSE)=1,$F$18,0.5))*IF($G$1="破竹",$AP22,$AN22)+IF($G$1="破竹",$AQ22*1.5,0))*(1+$BM22)*(1+$BN22))*(1+$AR22)*$Q22*(1+IF(VLOOKUP($R22,武学奇术!$A:$ZZ,30,FALSE)="酩酊技",$B$21,0))*(1+$BW22) -> 96877.421 | P22: =((($AT22*$AN22+$AO22)*(1+$AV22)*(1+$AW22)+($AY22*IF($G$1="鸣金",$AP22,$AN22)+IF($G$1="鸣金",$AQ22*1.5,0))*(1+$BA22)*(1+$BB22)+($BC22*IF($G$1="裂石",$AP22,$AN22)+IF($G$1="裂石",$AQ22*1.5,0))*(1+$BE22)*(1+$BF22)+($BG22*IF($G$1="牵丝",$AP22,$AN22)+IF($G$1="牵丝",$AQ22*1.5,0))*(1+$BI22)*(1+$BJ22)+($BK22*IF($G$1="破竹",$AP22,$AN22)+IF($G$1="破竹",$AQ22*1.5,0))*(1+$BM22)*(1+$BN22))*(1+$AR22))*$Q22*(1+IF(VLOOKUP($R22,武学奇术!$A:$ZZ,30,FALSE)="酩酊技",$B$21,0))*(1+$BW22) -> 86384.903 | Q22: 1 | R22: 碧血为迎·酩酊尾段 | S22: 易水歌5层 | T22: 沧海帖5层 | U22: 离猎 | V22: 浓醺 | W22: 醉意增伤 | X22: N/a | Y22: 惧刃(拐) | Z22: N/a | AA22: N/a | AB22: 燕别(10%) | AC22: 扶风(拐) | AD22: N/a | AE22: 裁云(拐) | AF22: 无惧 | AG22: N/a | AH22: N/a | AI22: N/a | AJ22: N/a | AK22: N/a | AL22: N/a | AM22: =VLOOKUP($R22,武学奇术!$A:$ZZ,25,FALSE) -> 双刀 | AN22: =VLOOKUP($R22,武学奇术!$A:$ZZ,26,FALSE) -> 4.28274 | AO22: =VLOOKUP($R22,武学奇术!$A:$ZZ,27,FALSE)*(1+IF(OR($AM22=$F$4,$AM22=$F$5),$B$22,0)) -> 1895.04 | AP22: =VLOOKUP($R22,武学奇术!$A:$ZZ,28,FALSE) -> 6.42411 | AQ22: =VLOOKUP($R22,武学奇术!$A:$ZZ,29,FALSE)*(1+IF(OR($AM22=$F$4,$AM22=$F$5),$B$22,0)) -> 1031.52 | AR22: {=$G$3+IFERROR(VLOOKUP($AM22,$F$4:$G$7,2,FALSE),0)+VLOOKUP($R22,武学奇术!$A:$ZZ,2,FALSE)+SUM(_xlfn.XLOOKUP($S22:$AL22,增益!$A:$A,增益!$B:$B,0))} -> 0.4543 | AS22: {=VLOOKUP($R22,武学奇术!$A:$ZZ,5,FALSE)+SUM(_xlfn.XLOOKUP($S22:$AL22,增益!$A:$A,增益!$E:$E,0))} -> 0 | AT22: {=$D$10*(1+$AS22)+VLOOKUP($R22,武学奇术!$A:$ZZ,3,FALSE)+SUM(_xlfn.XLOOKUP($S22:$AL22,增益!$A:$A,增益!$C:$C,0))-$I$2} -> 4371.3 | AU22: {=$E$10*(1+$AS22)+VLOOKUP($R22,武学奇术!$A:$ZZ,4,FALSE)+SUM(_xlfn.XLOOKUP($S22:$AL22,增益!$A:$A,增益!$D:$D,0))-$I$2} -> 4371.3 | AV22: {=IF($F$10-$I$3+VLOOKUP($R22,武学奇术!$A:$ZZ,6,FALSE)+SUM(_xlfn.XLOOKUP($S22:$AL22,增益!$A:$A,增益!$F:$F,0))>0,($F$10-$I$3+VLOOKUP($R22,武学奇术!$A:$ZZ,6,FALSE)+SUM(_xlfn.XLOOKUP($S22:$AL22,增益!$A:$A,增益!$F:$F,0)))/200,($F$10-$I$3+VLOOKUP($R22,武学奇术!$A:$ZZ,6,FALSE)+SUM(_xlfn.XLOOKUP($S22:$AL22,增益!$A:$A,增益!$F:$F,0)))/100)} -> 0.3785 | AW22: {=$G$10+VLOOKUP($R22,武学奇术!$A:$ZZ,7,FALSE)+SUM(_xlfn.XLOOKUP($S22:$AL22,增益!$A:$A,增益!$G:$G,0))} -> 0.135 | AX22: {=VLOOKUP($R22,武学奇术!$A:$ZZ,8,FALSE)+SUM(_xlfn.XLOOKUP($S22:$AL22,增益!$A:$A,增益!$H:$H,0))} -> 0 | AY22: =$D$11*(1+$AX22) -> 0 | AZ22: =$E$11*(1+$AX22) -> 0 | BA22: {=IF($F$11-$I$4+VLOOKUP($R22,武学奇术!$A:$ZZ,9,FALSE)+SUM(_xlfn.XLOOKUP($S22:$AL22,增益!$A:$A,增益!$I:$I,0))>0,($F$11-$I$4+VLOOKUP($R22,武学奇术!$A:$ZZ,9,FALSE)+SUM(_xlfn.XLOOKUP($S22:$AL22,增益!$A:$A,增益!$I:$I,0)))/200,($F$11-$I$4+VLOOKUP($R22,武学奇术!$A:$ZZ,9,FALSE)+SUM(_xlfn.XLOOKUP($S22:$AL22,增益!$A:$A,增益!$I:$I,0)))/100)} -> 0 | BB22: {=$G$11+VLOOKUP($R22,武学奇术!$A:$ZZ,10,FALSE)+SUM(_xlfn.XLOOKUP($S22:$AL22,增益!$A:$A,增益!$J:$J,0))} -> 0.02 | BC22: =$D$12*(1+$AX22) -> 0 | BD22: =$E$12*(1+$AX22) -> 0 | BE22: {=IF($F$12-$I$4+VLOOKUP($R22,武学奇术!$A:$ZZ,11,FALSE)+SUM(_xlfn.XLOOKUP($S22:$AL22,增益!$A:$A,增益!$K:$K,0))>0,($F$12-$I$4+VLOOKUP($R22,武学奇术!$A:$ZZ,11,FALSE)+SUM(_xlfn.XLOOKUP($S22:$AL22,增益!$A:$A,增益!$K:$K,0)))/200,($F$12-$I$4+VLOOKUP($R22,武学奇术!$A:$ZZ,11,FALSE)+SUM(_xlfn.XLOOKUP($S22:$AL22,增益!$A:$A,增益!$K:$K,0)))/100)} -> 0 | BF22: {=$G$12+VLOOKUP($R22,武学奇术!$A:$ZZ,12,FALSE)+SUM(_xlfn.XLOOKUP($S22:$AL22,增益!$A:$A,增益!$L:$L,0))} -> 0.02 | BG22: =$D$13*(1+$AX22) -> 0 | BH22: =$E$13*(1+$AX22) -> 0 | BI22: {=IF($F$13-$I$4+VLOOKUP($R22,武学奇术!$A:$ZZ,13,FALSE)+SUM(_xlfn.XLOOKUP($S22:$AL22,增益!$A:$A,增益!$M:$M,0))>0,($F$13-$I$4+VLOOKUP($R22,武学奇术!$A:$ZZ,13,FALSE)+SUM(_xlfn.XLOOKUP($S22:$AL22,增益!$A:$A,增益!$K:$K,0)))/200,($F$13-$I$4+VLOOKUP($R22,武学奇术!$A:$ZZ,13,FALSE)+SUM(_xlfn.XLOOKUP($S22:$AL22,增益!$A:$A,增益!$M:$M,0)))/100)} -> 0 | BJ22: {=$G$13+VLOOKUP($R22,武学奇术!$A:$ZZ,14,FALSE)+SUM(_xlfn.XLOOKUP($S22:$AL22,增益!$A:$A,增益!$N:$N,0))} -> 0.02 | BK22: =$D$14*(1+$AX22) -> 649.11 | BL22: =$E$14*(1+$AX22) -> 1707.09 | BM22: {=IF($F$14-$I$4+VLOOKUP($R22,武学奇术!$A:$ZZ,15,FALSE)+SUM(_xlfn.XLOOKUP($S22:$AL22,增益!$A:$A,增益!$O:$O,0))>0,($F$14-$I$4+VLOOKUP($R22,武学奇术!$A:$ZZ,15,FALSE)+SUM(_xlfn.XLOOKUP($S22:$AL22,增益!$A:$A,增益!$O:$O,0)))/200,($F$14-$I$4+VLOOKUP($R22,武学奇术!$A:$ZZ,15,FALSE)+SUM(_xlfn.XLOOKUP($S22:$AL22,增益!$A:$A,增益!$O:$O,0)))/100)} -> 0.15 | BN22: {=$G$14+VLOOKUP($R22,武学奇术!$A:$ZZ,16,FALSE)+SUM(_xlfn.XLOOKUP($S22:$AL22,增益!$A:$A,增益!$P:$P,0))} -> 0.26 | BO22: =MIN(IF(VLOOKUP($R22,武学奇术!$A:$ZZ,23,FALSE)=1,100%,$B$8),100%) -> 0.9771 | BP22: {=IF(VLOOKUP($R22,武学奇术!$A:$ZZ,23,FALSE)=1,100%,MIN(80%,$B$9+VLOOKUP($R22,武学奇术!$A:$ZZ,17,FALSE)+SUM(_xlfn.XLOOKUP($S22:$AL22,增益!$A:$A,增益!$Q:$Q,0)))+$B$11+SUM(_xlfn.XLOOKUP($S22:$AL22,增益!$A:$A,增益!$U:$U,0)))*IF(VLOOKUP($R22,武学奇术!$A:$ZZ,24,FALSE)=1,0,1)+MIN(IF(VLOOKUP($R22,武学奇术!$A:$ZZ,32,FALSE)=1,IF(VLOOKUP($R22,武学奇术!$A:$ZZ,24,FALSE)=1,100%,MIN(40%,$B$10+VLOOKUP($R22,武学奇术!$A:$ZZ,19,FALSE)+SUM(_xlfn.XLOOKUP($S22:$AL22,增益!$A:$A,增益!$S:$S,0)))+$B$12+SUM(_xlfn.XLOOKUP($S22:$AL22,增益!$A:$A,增益!$V:$V,0))),0),12%)} -> 0.8861 | BQ22: {=1+$B$13+VLOOKUP($R22,武学奇术!$A:$ZZ,18,FALSE)+SUM(_xlfn.XLOOKUP($S22:$AL22,增益!$A:$A,增益!$R:$R,0))} -> 1.99 | BR22: {=MAX(IF(VLOOKUP($R22,武学奇术!$A:$ZZ,24,FALSE)=1,100%,MIN(40%,$B$10+VLOOKUP($R22,武学奇术!$A:$ZZ,19,FALSE)+SUM(_xlfn.XLOOKUP($S22:$AL22,增益!$A:$A,增益!$S:$S,0)))+$B$12+SUM(_xlfn.XLOOKUP($S22:$AL22,增益!$A:$A,增益!$V:$V,0)))*IF(VLOOKUP($R22,武学奇术!$A:$ZZ,23,FALSE)=1,0,1)-IF(VLOOKUP($R22,武学奇术!$A:$ZZ,32,FALSE)=1,12%,0),0)} -> 0.0913 | BS22: {=1+$B$14+VLOOKUP($R22,武学奇术!$A:$ZZ,20,FALSE)+SUM(_xlfn.XLOOKUP($S22:$AL22,增益!$A:$A,增益!$T:$T,0))} -> 1.35 | BT22: =MIN((1-BR22)*BO22,BO22*BP22) -> 0.86580831 | BU22: =1-BR22-BT22-BV22 -> 0.04289169 | BV22: =IF(VLOOKUP($R22,武学奇术!$A:$ZZ,22,FALSE)=1,0,(1-$BO22))*(1-$BR22) -> 0 | BW22: {=SUM(_xlfn.XLOOKUP($S22:$AL22,增益!$A:$A,增益!$W:$W,0))+$I$5} -> 0.11 | BX22: {=SUM(_xlfn.XLOOKUP($S22:$AL22,增益!$A:$A,增益!$X:$X,0))} -> 0
A23: 食物加成 | B23: 240 | E23: 第四心法 | K23: =$L23*VLOOKUP($R23,武学奇术!$A:$ZZ,31,FALSE) -> 220164.22 | L23: =SUM(L9,L11,L12,L14:L22)*0.2*(1+BX23) -> 440328.43 | M23: =((($AT23+($AU23-$AT23)*IF(VLOOKUP($R23,武学奇术!$A:$ZZ,31,FALSE)=1,$F$18,0.5))*$AN23+$AO23)*(1+$AV23)*(1+$AW23)+(($AY23+($AZ23-$AY23)*IF(VLOOKUP($R23,武学奇术!$A:$ZZ,31,FALSE)=1,$F$18,0.5))*IF($G$1="鸣金",$AP23,$AN23)+IF($G$1="鸣金",$AQ23*1.5,0))*(1+$BA23)*(1+$BB23)+(($BC23+($BD23-$BC23)*IF(VLOOKUP($R23,武学奇术!$A:$ZZ,31,FALSE)=1,$F$18,0.5))*IF($G$1="裂石",$AP23,$AN23)+IF($G$1="裂石",$AQ23*1.5,0))*(1+$BE23)*(1+$BF23)+(($BG23+($BH23-$BG23)*IF(VLOOKUP($R23,武学奇术!$A:$ZZ,31,FALSE)=1,$F$18,0.5))*IF($G$1="牵丝",$AP23,$AN23)+IF($G$1="牵丝",$AQ23*1.5,0))*(1+$BI23)*(1+$BJ23)+(($BK23+($BL23-$BK23)*IF(VLOOKUP($R23,武学奇术!$A:$ZZ,31,FALSE)=1,$F$18,0.5))*IF($G$1="破竹",$AP23,$AN23)+IF($G$1="破竹",$AQ23*1.5,0))*(1+$BM23)*(1+$BN23))*(1+$AR23)*$BQ23*$Q23*(1+IF(VLOOKUP($R23,武学奇术!$A:$ZZ,30,FALSE)="酩酊技",$B$21,0))*(1+$BW23) -> 0 | N23: =(($AU23*$AN23+$AO23)*(1+$AV23)*(1+$AW23)+($AZ23*IF($G$1="鸣金",$AP23,$AN23)+IF($G$1="鸣金",$AQ23*1.5,0))*(1+$BA23)*(1+$BB23)+($BD23*IF($G$1="裂石",$AP23,$AN23)+IF($G$1="裂石",$AQ23*1.5,0))*(1+$BE23)*(1+$BF23)+($BH23*IF($G$1="牵丝",$AP23,$AN23)+IF($G$1="牵丝",$AQ23*1.5,0))*(1+$BI23)*(1+$BJ23)+($BL23*IF($G$1="破竹",$AP23,$AN23)+IF($G$1="破竹",$AQ23*1.5,0))*(1+$BM23)*(1+$BN23))*(1+$AR23)*$BS23*$Q23*(1+IF(VLOOKUP($R23,武学奇术!$A:$ZZ,30,FALSE)="酩酊技",$B$21,0))*(1+$BW23) -> 0 | O23: =((($AT23+($AU23-$AT23)*IF(VLOOKUP($R23,武学奇术!$A:$ZZ,31,FALSE)=1,$F$18,0.5))*$AN23+$AO23)*(1+$AV23)*(1+$AW23)+(($AY23+($AZ23-$AY23)*IF(VLOOKUP($R23,武学奇术!$A:$ZZ,31,FALSE)=1,$F$18,0.5))*IF($G$1="鸣金",$AP23,$AN23)+IF($G$1="鸣金",$AQ23*1.5,0))*(1+$BA23)*(1+$BB23)+(($BC23+($BD23-$BC23)*IF(VLOOKUP($R23,武学奇术!$A:$ZZ,31,FALSE)=1,$F$18,0.5))*IF($G$1="裂石",$AP23,$AN23)+IF($G$1="裂石",$AQ23*1.5,0))*(1+$BE23)*(1+$BF23)+(($BG23+($BH23-$BG23)*IF(VLOOKUP($R23,武学奇术!$A:$ZZ,31,FALSE)=1,$F$18,0.5))*IF($G$1="牵丝",$AP23,$AN23)+IF($G$1="牵丝",$AQ23*1.5,0))*(1+$BI23)*(1+$BJ23)+(($BK23+($BL23-$BK23)*IF(VLOOKUP($R23,武学奇术!$A:$ZZ,31,FALSE)=1,$F$18,0.5))*IF($G$1="破竹",$AP23,$AN23)+IF($G$1="破竹",$AQ23*1.5,0))*(1+$BM23)*(1+$BN23))*(1+$AR23)*$Q23*(1+IF(VLOOKUP($R23,武学奇术!$A:$ZZ,30,FALSE)="酩酊技",$B$21,0))*(1+$BW23) -> 0 | P23: =((($AT23*$AN23+$AO23)*(1+$AV23)*(1+$AW23)+($AY23*IF($G$1="鸣金",$AP23,$AN23)+IF($G$1="鸣金",$AQ23*1.5,0))*(1+$BA23)*(1+$BB23)+($BC23*IF($G$1="裂石",$AP23,$AN23)+IF($G$1="裂石",$AQ23*1.5,0))*(1+$BE23)*(1+$BF23)+($BG23*IF($G$1="牵丝",$AP23,$AN23)+IF($G$1="牵丝",$AQ23*1.5,0))*(1+$BI23)*(1+$BJ23)+($BK23*IF($G$1="破竹",$AP23,$AN23)+IF($G$1="破竹",$AQ23*1.5,0))*(1+$BM23)*(1+$BN23))*(1+$AR23))*$Q23*(1+IF(VLOOKUP($R23,武学奇术!$A:$ZZ,30,FALSE)="酩酊技",$B$21,0))*(1+$BW23) -> 0 | Q23: 1 | R23: 醉杀 | S23: 步乱 | T23: N/a | U23: N/a | V23: N/a | W23: N/a | X23: N/a | Y23: N/a | Z23: N/a | AA23: N/a | AB23: N/a | AC23: N/a | AD23: N/a | AE23: 裁云(拐) | AF23: 无惧 | AG23: N/a | AH23: N/a | AI23: N/a | AJ23: N/a | AK23: N/a | AL23: N/a | AM23: =VLOOKUP($R23,武学奇术!$A:$ZZ,25,FALSE) -> 心法 | AN23: =VLOOKUP($R23,武学奇术!$A:$ZZ,26,FALSE) -> 0 | AO23: =VLOOKUP($R23,武学奇术!$A:$ZZ,27,FALSE)*(1+IF(OR($AM23=$F$4,$AM23=$F$5),$B$22,0)) -> 0 | AP23: =VLOOKUP($R23,武学奇术!$A:$ZZ,28,FALSE) -> 0 | AQ23: =VLOOKUP($R23,武学奇术!$A:$ZZ,29,FALSE)*(1+IF(OR($AM23=$F$4,$AM23=$F$5),$B$22,0)) -> 0 | AR23: {=$G$3+IFERROR(VLOOKUP($AM23,$F$4:$G$7,2,FALSE),0)+VLOOKUP($R23,武学奇术!$A:$ZZ,2,FALSE)+SUM(_xlfn.XLOOKUP($S23:$AL23,增益!$A:$A,增益!$B:$B,0))} -> 0.1842 | AS23: {=VLOOKUP($R23,武学奇术!$A:$ZZ,5,FALSE)+SUM(_xlfn.XLOOKUP($S23:$AL23,增益!$A:$A,增益!$E:$E,0))} -> 0 | AT23: {=$D$10*(1+$AS23)+VLOOKUP($R23,武学奇术!$A:$ZZ,3,FALSE)+SUM(_xlfn.XLOOKUP($S23:$AL23,增益!$A:$A,增益!$C:$C,0))-$I$2} -> 4371.3 | AU23: {=$E$10*(1+$AS23)+VLOOKUP($R23,武学奇术!$A:$ZZ,4,FALSE)+SUM(_xlfn.XLOOKUP($S23:$AL23,增益!$A:$A,增益!$D:$D,0))-$I$2} -> 4371.3 | AV23: {=IF($F$10-$I$3+VLOOKUP($R23,武学奇术!$A:$ZZ,6,FALSE)+SUM(_xlfn.XLOOKUP($S23:$AL23,增益!$A:$A,增益!$F:$F,0))>0,($F$10-$I$3+VLOOKUP($R23,武学奇术!$A:$ZZ,6,FALSE)+SUM(_xlfn.XLOOKUP($S23:$AL23,增益!$A:$A,增益!$F:$F,0)))/200,($F$10-$I$3+VLOOKUP($R23,武学奇术!$A:$ZZ,6,FALSE)+SUM(_xlfn.XLOOKUP($S23:$AL23,增益!$A:$A,增益!$F:$F,0)))/100)} -> 0.2585 | AW23: {=$G$10+VLOOKUP($R23,武学奇术!$A:$ZZ,7,FALSE)+SUM(_xlfn.XLOOKUP($S23:$AL23,增益!$A:$A,增益!$G:$G,0))} -> 0.025 | AX23: {=VLOOKUP($R23,武学奇术!$A:$ZZ,8,FALSE)+SUM(_xlfn.XLOOKUP($S23:$AL23,增益!$A:$A,增益!$H:$H,0))} -> 0 | AY23: =$D$11*(1+$AX23) -> 0 | AZ23: =$E$11*(1+$AX23) -> 0 | BA23: {=IF($F$11-$I$4+VLOOKUP($R23,武学奇术!$A:$ZZ,9,FALSE)+SUM(_xlfn.XLOOKUP($S23:$AL23,增益!$A:$A,增益!$I:$I,0))>0,($F$11-$I$4+VLOOKUP($R23,武学奇术!$A:$ZZ,9,FALSE)+SUM(_xlfn.XLOOKUP($S23:$AL23,增益!$A:$A,增益!$I:$I,0)))/200,($F$11-$I$4+VLOOKUP($R23,武学奇术!$A:$ZZ,9,FALSE)+SUM(_xlfn.XLOOKUP($S23:$AL23,增益!$A:$A,增益!$I:$I,0)))/100)} -> -0.3 | BB23: {=$G$11+VLOOKUP($R23,武学奇术!$A:$ZZ,10,FALSE)+SUM(_xlfn.XLOOKUP($S23:$AL23,增益!$A:$A,增益!$J:$J,0))} -> 0 | BC23: =$D$12*(1+$AX23) -> 0 | BD23: =$E$12*(1+$AX23) -> 0 | BE23: {=IF($F$12-$I$4+VLOOKUP($R23,武学奇术!$A:$ZZ,11,FALSE)+SUM(_xlfn.XLOOKUP($S23:$AL23,增益!$A:$A,增益!$K:$K,0))>0,($F$12-$I$4+VLOOKUP($R23,武学奇术!$A:$ZZ,11,FALSE)+SUM(_xlfn.XLOOKUP($S23:$AL23,增益!$A:$A,增益!$K:$K,0)))/200,($F$12-$I$4+VLOOKUP($R23,武学奇术!$A:$ZZ,11,FALSE)+SUM(_xlfn.XLOOKUP($S23:$AL23,增益!$A:$A,增益!$K:$K,0)))/100)} -> -0.3 | BF23: {=$G$12+VLOOKUP($R23,武学奇术!$A:$ZZ,12,FALSE)+SUM(_xlfn.XLOOKUP($S23:$AL23,增益!$A:$A,增益!$L:$L,0))} -> 0 | BG23: =$D$13*(1+$AX23) -> 0 | BH23: =$E$13*(1+$AX23) -> 0 | BI23: {=IF($F$13-$I$4+VLOOKUP($R23,武学奇术!$A:$ZZ,13,FALSE)+SUM(_xlfn.XLOOKUP($S23:$AL23,增益!$A:$A,增益!$M:$M,0))>0,($F$13-$I$4+VLOOKUP($R23,武学奇术!$A:$ZZ,13,FALSE)+SUM(_xlfn.XLOOKUP($S23:$AL23,增益!$A:$A,增益!$K:$K,0)))/200,($F$13-$I$4+VLOOKUP($R23,武学奇术!$A:$ZZ,13,FALSE)+SUM(_xlfn.XLOOKUP($S23:$AL23,增益!$A:$A,增益!$M:$M,0)))/100)} -> -0.3 | BJ23: {=$G$13+VLOOKUP($R23,武学奇术!$A:$ZZ,14,FALSE)+SUM(_xlfn.XLOOKUP($S23:$AL23,增益!$A:$A,增益!$N:$N,0))} -> 0 | BK23: =$D$14*(1+$AX23) -> 649.11 | BL23: =$E$14*(1+$AX23) -> 1707.09 | BM23: {=IF($F$14-$I$4+VLOOKUP($R23,武学奇术!$A:$ZZ,15,FALSE)+SUM(_xlfn.XLOOKUP($S23:$AL23,增益!$A:$A,增益!$O:$O,0))>0,($F$14-$I$4+VLOOKUP($R23,武学奇术!$A:$ZZ,15,FALSE)+SUM(_xlfn.XLOOKUP($S23:$AL23,增益!$A:$A,增益!$O:$O,0)))/200,($F$14-$I$4+VLOOKUP($R23,武学奇术!$A:$ZZ,15,FALSE)+SUM(_xlfn.XLOOKUP($S23:$AL23,增益!$A:$A,增益!$O:$O,0)))/100)} -> 0 | BN23: {=$G$14+VLOOKUP($R23,武学奇术!$A:$ZZ,16,FALSE)+SUM(_xlfn.XLOOKUP($S23:$AL23,增益!$A:$A,增益!$P:$P,0))} -> 0.15 | BO23: =MIN(IF(VLOOKUP($R23,武学奇术!$A:$ZZ,23,FALSE)=1,100%,$B$8),100%) -> 0.9771 | BP23: {=IF(VLOOKUP($R23,武学奇术!$A:$ZZ,23,FALSE)=1,100%,MIN(80%,$B$9+VLOOKUP($R23,武学奇术!$A:$ZZ,17,FALSE)+SUM(_xlfn.XLOOKUP($S23:$AL23,增益!$A:$A,增益!$Q:$Q,0)))+$B$11+SUM(_xlfn.XLOOKUP($S23:$AL23,增益!$A:$A,增益!$U:$U,0)))*IF(VLOOKUP($R23,武学奇术!$A:$ZZ,24,FALSE)=1,0,1)+MIN(IF(VLOOKUP($R23,武学奇术!$A:$ZZ,32,FALSE)=1,IF(VLOOKUP($R23,武学奇术!$A:$ZZ,24,FALSE)=1,100%,MIN(40%,$B$10+VLOOKUP($R23,武学奇术!$A:$ZZ,19,FALSE)+SUM(_xlfn.XLOOKUP($S23:$AL23,增益!$A:$A,增益!$S:$S,0)))+$B$12+SUM(_xlfn.XLOOKUP($S23:$AL23,增益!$A:$A,增益!$V:$V,0))),0),12%)} -> 0.8861 | BQ23: {=1+$B$13+VLOOKUP($R23,武学奇术!$A:$ZZ,18,FALSE)+SUM(_xlfn.XLOOKUP($S23:$AL23,增益!$A:$A,增益!$R:$R,0))} -> 1.54 | BR23: {=MAX(IF(VLOOKUP($R23,武学奇术!$A:$ZZ,24,FALSE)=1,100%,MIN(40%,$B$10+VLOOKUP($R23,武学奇术!$A:$ZZ,19,FALSE)+SUM(_xlfn.XLOOKUP($S23:$AL23,增益!$A:$A,增益!$S:$S,0)))+$B$12+SUM(_xlfn.XLOOKUP($S23:$AL23,增益!$A:$A,增益!$V:$V,0)))*IF(VLOOKUP($R23,武学奇术!$A:$ZZ,23,FALSE)=1,0,1)-IF(VLOOKUP($R23,武学奇术!$A:$ZZ,32,FALSE)=1,12%,0),0)} -> 0.0913 | BS23: {=1+$B$14+VLOOKUP($R23,武学奇术!$A:$ZZ,20,FALSE)+SUM(_xlfn.XLOOKUP($S23:$AL23,增益!$A:$A,增益!$T:$T,0))} -> 1.35 | BT23: =MIN((1-BR23)*BO23,BO23*BP23) -> 0.86580831 | BU23: =1-BR23-BT23-BV23 -> 0.02208246 | BV23: =IF(VLOOKUP($R23,武学奇术!$A:$ZZ,22,FALSE)=1,0,(1-$BO23))*(1-$BR23) -> 0.02080923 | BW23: {=SUM(_xlfn.XLOOKUP($S23:$AL23,增益!$A:$A,增益!$W:$W,0))+$I$5} -> 0.11 | BX23: {=SUM(_xlfn.XLOOKUP($S23:$AL23,增益!$A:$A,增益!$X:$X,0))} -> 0.2
B24: 480 | E24: 易水歌 | K24: =$L24*VLOOKUP($R24,武学奇术!$A:$ZZ,31,FALSE) -> 14983.246 | L24: =($M24*$BT24+$N24*$BR24+$O24*$BU24+$P24*$BV24) -> 14983.246 | M24: =((($AT24+($AU24-$AT24)*IF(VLOOKUP($R24,武学奇术!$A:$ZZ,31,FALSE)=1,$F$18,0.5))*$AN24+$AO24)*(1+$AV24)*(1+$AW24)+(($AY24+($AZ24-$AY24)*IF(VLOOKUP($R24,武学奇术!$A:$ZZ,31,FALSE)=1,$F$18,0.5))*IF($G$1="鸣金",$AP24,$AN24)+IF($G$1="鸣金",$AQ24*1.5,0))*(1+$BA24)*(1+$BB24)+(($BC24+($BD24-$BC24)*IF(VLOOKUP($R24,武学奇术!$A:$ZZ,31,FALSE)=1,$F$18,0.5))*IF($G$1="裂石",$AP24,$AN24)+IF($G$1="裂石",$AQ24*1.5,0))*(1+$BE24)*(1+$BF24)+(($BG24+($BH24-$BG24)*IF(VLOOKUP($R24,武学奇术!$A:$ZZ,31,FALSE)=1,$F$18,0.5))*IF($G$1="牵丝",$AP24,$AN24)+IF($G$1="牵丝",$AQ24*1.5,0))*(1+$BI24)*(1+$BJ24)+(($BK24+($BL24-$BK24)*IF(VLOOKUP($R24,武学奇术!$A:$ZZ,31,FALSE)=1,$F$18,0.5))*IF($G$1="破竹",$AP24,$AN24)+IF($G$1="破竹",$AQ24*1.5,0))*(1+$BM24)*(1+$BN24))*(1+$AR24)*$BQ24*$Q24*(1+IF(VLOOKUP($R24,武学奇术!$A:$ZZ,30,FALSE)="酩酊技",$B$21,0))*(1+$BW24) -> 15347.98 | N24: =(($AU24*$AN24+$AO24)*(1+$AV24)*(1+$AW24)+($AZ24*IF($G$1="鸣金",$AP24,$AN24)+IF($G$1="鸣金",$AQ24*1.5,0))*(1+$BA24)*(1+$BB24)+($BD24*IF($G$1="裂石",$AP24,$AN24)+IF($G$1="裂石",$AQ24*1.5,0))*(1+$BE24)*(1+$BF24)+($BH24*IF($G$1="牵丝",$AP24,$AN24)+IF($G$1="牵丝",$AQ24*1.5,0))*(1+$BI24)*(1+$BJ24)+($BL24*IF($G$1="破竹",$AP24,$AN24)+IF($G$1="破竹",$AQ24*1.5,0))*(1+$BM24)*(1+$BN24))*(1+$AR24)*$BS24*$Q24*(1+IF(VLOOKUP($R24,武学奇术!$A:$ZZ,30,FALSE)="酩酊技",$B$21,0))*(1+$BW24) -> 14281.818 | O24: =((($AT24+($AU24-$AT24)*IF(VLOOKUP($R24,武学奇术!$A:$ZZ,31,FALSE)=1,$F$18,0.5))*$AN24+$AO24)*(1+$AV24)*(1+$AW24)+(($AY24+($AZ24-$AY24)*IF(VLOOKUP($R24,武学奇术!$A:$ZZ,31,FALSE)=1,$F$18,0.5))*IF($G$1="鸣金",$AP24,$AN24)+IF($G$1="鸣金",$AQ24*1.5,0))*(1+$BA24)*(1+$BB24)+(($BC24+($BD24-$BC24)*IF(VLOOKUP($R24,武学奇术!$A:$ZZ,31,FALSE)=1,$F$18,0.5))*IF($G$1="裂石",$AP24,$AN24)+IF($G$1="裂石",$AQ24*1.5,0))*(1+$BE24)*(1+$BF24)+(($BG24+($BH24-$BG24)*IF(VLOOKUP($R24,武学奇术!$A:$ZZ,31,FALSE)=1,$F$18,0.5))*IF($G$1="牵丝",$AP24,$AN24)+IF($G$1="牵丝",$AQ24*1.5,0))*(1+$BI24)*(1+$BJ24)+(($BK24+($BL24-$BK24)*IF(VLOOKUP($R24,武学奇术!$A:$ZZ,31,FALSE)=1,$F$18,0.5))*IF($G$1="破竹",$AP24,$AN24)+IF($G$1="破竹",$AQ24*1.5,0))*(1+$BM24)*(1+$BN24))*(1+$AR24)*$Q24*(1+IF(VLOOKUP($R24,武学奇术!$A:$ZZ,30,FALSE)="酩酊技",$B$21,0))*(1+$BW24) -> 9592.4875 | P24: =((($AT24*$AN24+$AO24)*(1+$AV24)*(1+$AW24)+($AY24*IF($G$1="鸣金",$AP24,$AN24)+IF($G$1="鸣金",$AQ24*1.5,0))*(1+$BA24)*(1+$BB24)+($BC24*IF($G$1="裂石",$AP24,$AN24)+IF($G$1="裂石",$AQ24*1.5,0))*(1+$BE24)*(1+$BF24)+($BG24*IF($G$1="牵丝",$AP24,$AN24)+IF($G$1="牵丝",$AQ24*1.5,0))*(1+$BI24)*(1+$BJ24)+($BK24*IF($G$1="破竹",$AP24,$AN24)+IF($G$1="破竹",$AQ24*1.5,0))*(1+$BM24)*(1+$BN24))*(1+$AR24))*$Q24*(1+IF(VLOOKUP($R24,武学奇术!$A:$ZZ,30,FALSE)="酩酊技",$B$21,0))*(1+$BW24) -> 8605.8504 | Q24: 1 | R24: 碧血为迎 | S24: 易水歌5层 | T24: 沧海帖6层 | U24: 离猎 | V24: N/a | W24: N/a | X24: N/a | Y24: N/a | Z24: N/a | AA24: N/a | AB24: 小燕别(10%) | AC24: 扶风(拐) | AD24: N/a | AE24: 裁云(拐) | AF24: 无惧 | AG24: N/a | AH24: N/a | AI24: N/a | AJ24: N/a | AK24: N/a | AL24: N/a | AM24: =VLOOKUP($R24,武学奇术!$A:$ZZ,25,FALSE) -> 双刀 | AN24: =VLOOKUP($R24,武学奇术!$A:$ZZ,26,FALSE) -> 0.6587 | AO24: =VLOOKUP($R24,武学奇术!$A:$ZZ,27,FALSE)*(1+IF(OR($AM24=$F$4,$AM24=$F$5),$B$22,0)) -> 292.8 | AP24: =VLOOKUP($R24,武学奇术!$A:$ZZ,28,FALSE) -> 0.9881 | AQ24: =VLOOKUP($R24,武学奇术!$A:$ZZ,29,FALSE)*(1+IF(OR($AM24=$F$4,$AM24=$F$5),$B$22,0)) -> 160 | AR24: {=$G$3+IFERROR(VLOOKUP($AM24,$F$4:$G$7,2,FALSE),0)+VLOOKUP($R24,武学奇术!$A:$ZZ,2,FALSE)+SUM(_xlfn.XLOOKUP($S24:$AL24,增益!$A:$A,增益!$B:$B,0))} -> 0.4043 | AS24: {=VLOOKUP($R24,武学奇术!$A:$ZZ,5,FALSE)+SUM(_xlfn.XLOOKUP($S24:$AL24,增益!$A:$A,增益!$E:$E,0))} -> 0 | AT24: {=$D$10*(1+$AS24)+VLOOKUP($R24,武学奇术!$A:$ZZ,3,FALSE)+SUM(_xlfn.XLOOKUP($S24:$AL24,增益!$A:$A,增益!$C:$C,0))-$I$2} -> 4371.3 | AU24: {=$E$10*(1+$AS24)+VLOOKUP($R24,武学奇术!$A:$ZZ,4,FALSE)+SUM(_xlfn.XLOOKUP($S24:$AL24,增益!$A:$A,增益!$D:$D,0))-$I$2} -> 4371.3 | AV24: {=IF($F$10-$I$3+VLOOKUP($R24,武学奇术!$A:$ZZ,6,FALSE)+SUM(_xlfn.XLOOKUP($S24:$AL24,增益!$A:$A,增益!$F:$F,0))>0,($F$10-$I$3+VLOOKUP($R24,武学奇术!$A:$ZZ,6,FALSE)+SUM(_xlfn.XLOOKUP($S24:$AL24,增益!$A:$A,增益!$F:$F,0)))/200,($F$10-$I$3+VLOOKUP($R24,武学奇术!$A:$ZZ,6,FALSE)+SUM(_xlfn.XLOOKUP($S24:$AL24,增益!$A:$A,增益!$F:$F,0)))/100)} -> 0.3435 | AW24: {=$G$10+VLOOKUP($R24,武学奇术!$A:$ZZ,7,FALSE)+SUM(_xlfn.XLOOKUP($S24:$AL24,增益!$A:$A,增益!$G:$G,0))} -> 0.045 | AX24: {=VLOOKUP($R24,武学奇术!$A:$ZZ,8,FALSE)+SUM(_xlfn.XLOOKUP($S24:$AL24,增益!$A:$A,增益!$H:$H,0))} -> 0 | AY24: =$D$11*(1+$AX24) -> 0 | AZ24: =$E$11*(1+$AX24) -> 0 | BA24: {=IF($F$11-$I$4+VLOOKUP($R24,武学奇术!$A:$ZZ,9,FALSE)+SUM(_xlfn.XLOOKUP($S24:$AL24,增益!$A:$A,增益!$I:$I,0))>0,($F$11-$I$4+VLOOKUP($R24,武学奇术!$A:$ZZ,9,FALSE)+SUM(_xlfn.XLOOKUP($S24:$AL24,增益!$A:$A,增益!$I:$I,0)))/200,($F$11-$I$4+VLOOKUP($R24,武学奇术!$A:$ZZ,9,FALSE)+SUM(_xlfn.XLOOKUP($S24:$AL24,增益!$A:$A,增益!$I:$I,0)))/100)} -> -0.23 | BB24: {=$G$11+VLOOKUP($R24,武学奇术!$A:$ZZ,10,FALSE)+SUM(_xlfn.XLOOKUP($S24:$AL24,增益!$A:$A,增益!$J:$J,0))} -> 0.02 | BC24: =$D$12*(1+$AX24) -> 0 | BD24: =$E$12*(1+$AX24) -> 0 | BE24: {=IF($F$12-$I$4+VLOOKUP($R24,武学奇术!$A:$ZZ,11,FALSE)+SUM(_xlfn.XLOOKUP($S24:$AL24,增益!$A:$A,增益!$K:$K,0))>0,($F$12-$I$4+VLOOKUP($R24,武学奇术!$A:$ZZ,11,FALSE)+SUM(_xlfn.XLOOKUP($S24:$AL24,增益!$A:$A,增益!$K:$K,0)))/200,($F$12-$I$4+VLOOKUP($R24,武学奇术!$A:$ZZ,11,FALSE)+SUM(_xlfn.XLOOKUP($S24:$AL24,增益!$A:$A,增益!$K:$K,0)))/100)} -> -0.23 | BF24: {=$G$12+VLOOKUP($R24,武学奇术!$A:$ZZ,12,FALSE)+SUM(_xlfn.XLOOKUP($S24:$AL24,增益!$A:$A,增益!$L:$L,0))} -> 0.02 | BG24: =$D$13*(1+$AX24) -> 0 | BH24: =$E$13*(1+$AX24) -> 0 | BI24: {=IF($F$13-$I$4+VLOOKUP($R24,武学奇术!$A:$ZZ,13,FALSE)+SUM(_xlfn.XLOOKUP($S24:$AL24,增益!$A:$A,增益!$M:$M,0))>0,($F$13-$I$4+VLOOKUP($R24,武学奇术!$A:$ZZ,13,FALSE)+SUM(_xlfn.XLOOKUP($S24:$AL24,增益!$A:$A,增益!$K:$K,0)))/200,($F$13-$I$4+VLOOKUP($R24,武学奇术!$A:$ZZ,13,FALSE)+SUM(_xlfn.XLOOKUP($S24:$AL24,增益!$A:$A,增益!$M:$M,0)))/100)} -> -0.23 | BJ24: {=$G$13+VLOOKUP($R24,武学奇术!$A:$ZZ,14,FALSE)+SUM(_xlfn.XLOOKUP($S24:$AL24,增益!$A:$A,增益!$N:$N,0))} -> 0.02 | BK24: =$D$14*(1+$AX24) -> 649.11 | BL24: =$E$14*(1+$AX24) -> 1707.09 | BM24: {=IF($F$14-$I$4+VLOOKUP($R24,武学奇术!$A:$ZZ,15,FALSE)+SUM(_xlfn.XLOOKUP($S24:$AL24,增益!$A:$A,增益!$O:$O,0))>0,($F$14-$I$4+VLOOKUP($R24,武学奇术!$A:$ZZ,15,FALSE)+SUM(_xlfn.XLOOKUP($S24:$AL24,增益!$A:$A,增益!$O:$O,0)))/200,($F$14-$I$4+VLOOKUP($R24,武学奇术!$A:$ZZ,15,FALSE)+SUM(_xlfn.XLOOKUP($S24:$AL24,增益!$A:$A,增益!$O:$O,0)))/100)} -> 0.035 | BN24: {=$G$14+VLOOKUP($R24,武学奇术!$A:$ZZ,16,FALSE)+SUM(_xlfn.XLOOKUP($S24:$AL24,增益!$A:$A,增益!$P:$P,0))} -> 0.17 | BO24: =MIN(IF(VLOOKUP($R24,武学奇术!$A:$ZZ,23,FALSE)=1,100%,$B$8),100%) -> 0.9771 | BP24: {=IF(VLOOKUP($R24,武学奇术!$A:$ZZ,23,FALSE)=1,100%,MIN(80%,$B$9+VLOOKUP($R24,武学奇术!$A:$ZZ,17,FALSE)+SUM(_xlfn.XLOOKUP($S24:$AL24,增益!$A:$A,增益!$Q:$Q,0)))+$B$11+SUM(_xlfn.XLOOKUP($S24:$AL24,增益!$A:$A,增益!$U:$U,0)))*IF(VLOOKUP($R24,武学奇术!$A:$ZZ,24,FALSE)=1,0,1)+MIN(IF(VLOOKUP($R24,武学奇术!$A:$ZZ,32,FALSE)=1,IF(VLOOKUP($R24,武学奇术!$A:$ZZ,24,FALSE)=1,100%,MIN(40%,$B$10+VLOOKUP($R24,武学奇术!$A:$ZZ,19,FALSE)+SUM(_xlfn.XLOOKUP($S24:$AL24,增益!$A:$A,增益!$S:$S,0)))+$B$12+SUM(_xlfn.XLOOKUP($S24:$AL24,增益!$A:$A,增益!$V:$V,0))),0),12%)} -> 0.8861 | BQ24: {=1+$B$13+VLOOKUP($R24,武学奇术!$A:$ZZ,18,FALSE)+SUM(_xlfn.XLOOKUP($S24:$AL24,增益!$A:$A,增益!$R:$R,0))} -> 1.6 | BR24: {=MAX(IF(VLOOKUP($R24,武学奇术!$A:$ZZ,24,FALSE)=1,100%,MIN(40%,$B$10+VLOOKUP($R24,武学奇术!$A:$ZZ,19,FALSE)+SUM(_xlfn.XLOOKUP($S24:$AL24,增益!$A:$A,增益!$S:$S,0)))+$B$12+SUM(_xlfn.XLOOKUP($S24:$AL24,增益!$A:$A,增益!$V:$V,0)))*IF(VLOOKUP($R24,武学奇术!$A:$ZZ,23,FALSE)=1,0,1)-IF(VLOOKUP($R24,武学奇术!$A:$ZZ,32,FALSE)=1,12%,0),0)} -> 0.0913 | BS24: {=1+$B$14+VLOOKUP($R24,武学奇术!$A:$ZZ,20,FALSE)+SUM(_xlfn.XLOOKUP($S24:$AL24,增益!$A:$A,增益!$T:$T,0))} -> 1.35 | BT24: =MIN((1-BR24)*BO24,BO24*BP24) -> 0.86580831 | BU24: =1-BR24-BT24-BV24 -> 0.02208246 | BV24: =IF(VLOOKUP($R24,武学奇术!$A:$ZZ,22,FALSE)=1,0,(1-$BO24))*(1-$BR24) -> 0.02080923 | BW24: {=SUM(_xlfn.XLOOKUP($S24:$AL24,增益!$A:$A,增益!$W:$W,0))+$I$5} -> 0.11 | BX24: {=SUM(_xlfn.XLOOKUP($S24:$AL24,增益!$A:$A,增益!$X:$X,0))} -> 0
K25: =$L25*VLOOKUP($R25,武学奇术!$A:$ZZ,31,FALSE) -> 32998.234 | L25: =($M25*$BT25+$N25*$BR25+$O25*$BU25+$P25*$BV25) -> 32998.234 | M25: =((($AT25+($AU25-$AT25)*IF(VLOOKUP($R25,武学奇术!$A:$ZZ,31,FALSE)=1,$F$18,0.5))*$AN25+$AO25)*(1+$AV25)*(1+$AW25)+(($AY25+($AZ25-$AY25)*IF(VLOOKUP($R25,武学奇术!$A:$ZZ,31,FALSE)=1,$F$18,0.5))*IF($G$1="鸣金",$AP25,$AN25)+IF($G$1="鸣金",$AQ25*1.5,0))*(1+$BA25)*(1+$BB25)+(($BC25+($BD25-$BC25)*IF(VLOOKUP($R25,武学奇术!$A:$ZZ,31,FALSE)=1,$F$18,0.5))*IF($G$1="裂石",$AP25,$AN25)+IF($G$1="裂石",$AQ25*1.5,0))*(1+$BE25)*(1+$BF25)+(($BG25+($BH25-$BG25)*IF(VLOOKUP($R25,武学奇术!$A:$ZZ,31,FALSE)=1,$F$18,0.5))*IF($G$1="牵丝",$AP25,$AN25)+IF($G$1="牵丝",$AQ25*1.5,0))*(1+$BI25)*(1+$BJ25)+(($BK25+($BL25-$BK25)*IF(VLOOKUP($R25,武学奇术!$A:$ZZ,31,FALSE)=1,$F$18,0.5))*IF($G$1="破竹",$AP25,$AN25)+IF($G$1="破竹",$AQ25*1.5,0))*(1+$BM25)*(1+$BN25))*(1+$AR25)*$BQ25*$Q25*(1+IF(VLOOKUP($R25,武学奇术!$A:$ZZ,30,FALSE)="酩酊技",$B$21,0))*(1+$BW25) -> 33917.88 | N25: =(($AU25*$AN25+$AO25)*(1+$AV25)*(1+$AW25)+($AZ25*IF($G$1="鸣金",$AP25,$AN25)+IF($G$1="鸣金",$AQ25*1.5,0))*(1+$BA25)*(1+$BB25)+($BD25*IF($G$1="裂石",$AP25,$AN25)+IF($G$1="裂石",$AQ25*1.5,0))*(1+$BE25)*(1+$BF25)+($BH25*IF($G$1="牵丝",$AP25,$AN25)+IF($G$1="牵丝",$AQ25*1.5,0))*(1+$BI25)*(1+$BJ25)+($BL25*IF($G$1="破竹",$AP25,$AN25)+IF($G$1="破竹",$AQ25*1.5,0))*(1+$BM25)*(1+$BN25))*(1+$AR25)*$BS25*$Q25*(1+IF(VLOOKUP($R25,武学奇术!$A:$ZZ,30,FALSE)="酩酊技",$B$21,0))*(1+$BW25) -> 30603.864 | O25: =((($AT25+($AU25-$AT25)*IF(VLOOKUP($R25,武学奇术!$A:$ZZ,31,FALSE)=1,$F$18,0.5))*$AN25+$AO25)*(1+$AV25)*(1+$AW25)+(($AY25+($AZ25-$AY25)*IF(VLOOKUP($R25,武学奇术!$A:$ZZ,31,FALSE)=1,$F$18,0.5))*IF($G$1="鸣金",$AP25,$AN25)+IF($G$1="鸣金",$AQ25*1.5,0))*(1+$BA25)*(1+$BB25)+(($BC25+($BD25-$BC25)*IF(VLOOKUP($R25,武学奇术!$A:$ZZ,31,FALSE)=1,$F$18,0.5))*IF($G$1="裂石",$AP25,$AN25)+IF($G$1="裂石",$AQ25*1.5,0))*(1+$BE25)*(1+$BF25)+(($BG25+($BH25-$BG25)*IF(VLOOKUP($R25,武学奇术!$A:$ZZ,31,FALSE)=1,$F$18,0.5))*IF($G$1="牵丝",$AP25,$AN25)+IF($G$1="牵丝",$AQ25*1.5,0))*(1+$BI25)*(1+$BJ25)+(($BK25+($BL25-$BK25)*IF(VLOOKUP($R25,武学奇术!$A:$ZZ,31,FALSE)=1,$F$18,0.5))*IF($G$1="破竹",$AP25,$AN25)+IF($G$1="破竹",$AQ25*1.5,0))*(1+$BM25)*(1+$BN25))*(1+$AR25)*$Q25*(1+IF(VLOOKUP($R25,武学奇术!$A:$ZZ,30,FALSE)="酩酊技",$B$21,0))*(1+$BW25) -> 20556.291 | P25: =((($AT25*$AN25+$AO25)*(1+$AV25)*(1+$AW25)+($AY25*IF($G$1="鸣金",$AP25,$AN25)+IF($G$1="鸣金",$AQ25*1.5,0))*(1+$BA25)*(1+$BB25)+($BC25*IF($G$1="裂石",$AP25,$AN25)+IF($G$1="裂石",$AQ25*1.5,0))*(1+$BE25)*(1+$BF25)+($BG25*IF($G$1="牵丝",$AP25,$AN25)+IF($G$1="牵丝",$AQ25*1.5,0))*(1+$BI25)*(1+$BJ25)+($BK25*IF($G$1="破竹",$AP25,$AN25)+IF($G$1="破竹",$AQ25*1.5,0))*(1+$BM25)*(1+$BN25))*(1+$AR25))*$Q25*(1+IF(VLOOKUP($R25,武学奇术!$A:$ZZ,30,FALSE)="酩酊技",$B$21,0))*(1+$BW25) -> 18443.052 | Q25: 1 | R25: 双刀Q1 | S25: 易水歌5层 | T25: 沧海帖6层 | U25: 离猎 | V25: 浅醉 | W25: 醉意增伤 | X25: N/a | Y25: N/a | Z25: N/a | AA25: N/a | AB25: 燕别(10%) | AC25: 扶风(拐) | AD25: N/a | AE25: 裁云(拐) | AF25: 无惧 | AG25: N/a | AH25: N/a | AI25: N/a | AJ25: N/a | AK25: N/a | AL25: N/a | AM25: =VLOOKUP($R25,武学奇术!$A:$ZZ,25,FALSE) -> 双刀 | AN25: =VLOOKUP($R25,武学奇术!$A:$ZZ,26,FALSE) -> 1.2672 | AO25: =VLOOKUP($R25,武学奇术!$A:$ZZ,27,FALSE)*(1+IF(OR($AM25=$F$4,$AM25=$F$5),$B$22,0)) -> 562.56 | AP25: =VLOOKUP($R25,武学奇术!$A:$ZZ,28,FALSE) -> 1.90092 | AQ25: =VLOOKUP($R25,武学奇术!$A:$ZZ,29,FALSE)*(1+IF(OR($AM25=$F$4,$AM25=$F$5),$B$22,0)) -> 307.2 | AR25: {=$G$3+IFERROR(VLOOKUP($AM25,$F$4:$G$7,2,FALSE),0)+VLOOKUP($R25,武学奇术!$A:$ZZ,2,FALSE)+SUM(_xlfn.XLOOKUP($S25:$AL25,增益!$A:$A,增益!$B:$B,0))} -> 0.4043 | AS25: {=VLOOKUP($R25,武学奇术!$A:$ZZ,5,FALSE)+SUM(_xlfn.XLOOKUP($S25:$AL25,增益!$A:$A,增益!$E:$E,0))} -> 0 | AT25: {=$D$10*(1+$AS25)+VLOOKUP($R25,武学奇术!$A:$ZZ,3,FALSE)+SUM(_xlfn.XLOOKUP($S25:$AL25,增益!$A:$A,增益!$C:$C,0))-$I$2} -> 4371.3 | AU25: {=$E$10*(1+$AS25)+VLOOKUP($R25,武学奇术!$A:$ZZ,4,FALSE)+SUM(_xlfn.XLOOKUP($S25:$AL25,增益!$A:$A,增益!$D:$D,0))-$I$2} -> 4371.3 | AV25: {=IF($F$10-$I$3+VLOOKUP($R25,武学奇术!$A:$ZZ,6,FALSE)+SUM(_xlfn.XLOOKUP($S25:$AL25,增益!$A:$A,增益!$F:$F,0))>0,($F$10-$I$3+VLOOKUP($R25,武学奇术!$A:$ZZ,6,FALSE)+SUM(_xlfn.XLOOKUP($S25:$AL25,增益!$A:$A,增益!$F:$F,0)))/200,($F$10-$I$3+VLOOKUP($R25,武学奇术!$A:$ZZ,6,FALSE)+SUM(_xlfn.XLOOKUP($S25:$AL25,增益!$A:$A,增益!$F:$F,0)))/100)} -> 0.3785 | AW25: {=$G$10+VLOOKUP($R25,武学奇术!$A:$ZZ,7,FALSE)+SUM(_xlfn.XLOOKUP($S25:$AL25,增益!$A:$A,增益!$G:$G,0))} -> 0.135 | AX25: {=VLOOKUP($R25,武学奇术!$A:$ZZ,8,FALSE)+SUM(_xlfn.XLOOKUP($S25:$AL25,增益!$A:$A,增益!$H:$H,0))} -> 0 | AY25: =$D$11*(1+$AX25) -> 0 | AZ25: =$E$11*(1+$AX25) -> 0 | BA25: {=IF($F$11-$I$4+VLOOKUP($R25,武学奇术!$A:$ZZ,9,FALSE)+SUM(_xlfn.XLOOKUP($S25:$AL25,增益!$A:$A,增益!$I:$I,0))>0,($F$11-$I$4+VLOOKUP($R25,武学奇术!$A:$ZZ,9,FALSE)+SUM(_xlfn.XLOOKUP($S25:$AL25,增益!$A:$A,增益!$I:$I,0)))/200,($F$11-$I$4+VLOOKUP($R25,武学奇术!$A:$ZZ,9,FALSE)+SUM(_xlfn.XLOOKUP($S25:$AL25,增益!$A:$A,增益!$I:$I,0)))/100)} -> -0.16 | BB25: {=$G$11+VLOOKUP($R25,武学奇术!$A:$ZZ,10,FALSE)+SUM(_xlfn.XLOOKUP($S25:$AL25,增益!$A:$A,增益!$J:$J,0))} -> 0.02 | BC25: =$D$12*(1+$AX25) -> 0 | BD25: =$E$12*(1+$AX25) -> 0 | BE25: {=IF($F$12-$I$4+VLOOKUP($R25,武学奇术!$A:$ZZ,11,FALSE)+SUM(_xlfn.XLOOKUP($S25:$AL25,增益!$A:$A,增益!$K:$K,0))>0,($F$12-$I$4+VLOOKUP($R25,武学奇术!$A:$ZZ,11,FALSE)+SUM(_xlfn.XLOOKUP($S25:$AL25,增益!$A:$A,增益!$K:$K,0)))/200,($F$12-$I$4+VLOOKUP($R25,武学奇术!$A:$ZZ,11,FALSE)+SUM(_xlfn.XLOOKUP($S25:$AL25,增益!$A:$A,增益!$K:$K,0)))/100)} -> -0.16 | BF25: {=$G$12+VLOOKUP($R25,武学奇术!$A:$ZZ,12,FALSE)+SUM(_xlfn.XLOOKUP($S25:$AL25,增益!$A:$A,增益!$L:$L,0))} -> 0.02 | BG25: =$D$13*(1+$AX25) -> 0 | BH25: =$E$13*(1+$AX25) -> 0 | BI25: {=IF($F$13-$I$4+VLOOKUP($R25,武学奇术!$A:$ZZ,13,FALSE)+SUM(_xlfn.XLOOKUP($S25:$AL25,增益!$A:$A,增益!$M:$M,0))>0,($F$13-$I$4+VLOOKUP($R25,武学奇术!$A:$ZZ,13,FALSE)+SUM(_xlfn.XLOOKUP($S25:$AL25,增益!$A:$A,增益!$K:$K,0)))/200,($F$13-$I$4+VLOOKUP($R25,武学奇术!$A:$ZZ,13,FALSE)+SUM(_xlfn.XLOOKUP($S25:$AL25,增益!$A:$A,增益!$M:$M,0)))/100)} -> -0.16 | BJ25: {=$G$13+VLOOKUP($R25,武学奇术!$A:$ZZ,14,FALSE)+SUM(_xlfn.XLOOKUP($S25:$AL25,增益!$A:$A,增益!$N:$N,0))} -> 0.02 | BK25: =$D$14*(1+$AX25) -> 649.11 | BL25: =$E$14*(1+$AX25) -> 1707.09 | BM25: {=IF($F$14-$I$4+VLOOKUP($R25,武学奇术!$A:$ZZ,15,FALSE)+SUM(_xlfn.XLOOKUP($S25:$AL25,增益!$A:$A,增益!$O:$O,0))>0,($F$14-$I$4+VLOOKUP($R25,武学奇术!$A:$ZZ,15,FALSE)+SUM(_xlfn.XLOOKUP($S25:$AL25,增益!$A:$A,增益!$O:$O,0)))/200,($F$14-$I$4+VLOOKUP($R25,武学奇术!$A:$ZZ,15,FALSE)+SUM(_xlfn.XLOOKUP($S25:$AL25,增益!$A:$A,增益!$O:$O,0)))/100)} -> 0.07 | BN25: {=$G$14+VLOOKUP($R25,武学奇术!$A:$ZZ,16,FALSE)+SUM(_xlfn.XLOOKUP($S25:$AL25,增益!$A:$A,增益!$P:$P,0))} -> 0.26 | BO25: =MIN(IF(VLOOKUP($R25,武学奇术!$A:$ZZ,23,FALSE)=1,100%,$B$8),100%) -> 0.9771 | BP25: {=IF(VLOOKUP($R25,武学奇术!$A:$ZZ,23,FALSE)=1,100%,MIN(80%,$B$9+VLOOKUP($R25,武学奇术!$A:$ZZ,17,FALSE)+SUM(_xlfn.XLOOKUP($S25:$AL25,增益!$A:$A,增益!$Q:$Q,0)))+$B$11+SUM(_xlfn.XLOOKUP($S25:$AL25,增益!$A:$A,增益!$U:$U,0)))*IF(VLOOKUP($R25,武学奇术!$A:$ZZ,24,FALSE)=1,0,1)+MIN(IF(VLOOKUP($R25,武学奇术!$A:$ZZ,32,FALSE)=1,IF(VLOOKUP($R25,武学奇术!$A:$ZZ,24,FALSE)=1,100%,MIN(40%,$B$10+VLOOKUP($R25,武学奇术!$A:$ZZ,19,FALSE)+SUM(_xlfn.XLOOKUP($S25:$AL25,增益!$A:$A,增益!$S:$S,0)))+$B$12+SUM(_xlfn.XLOOKUP($S25:$AL25,增益!$A:$A,增益!$V:$V,0))),0),12%)} -> 0.8861 | BQ25: {=1+$B$13+VLOOKUP($R25,武学奇术!$A:$ZZ,18,FALSE)+SUM(_xlfn.XLOOKUP($S25:$AL25,增益!$A:$A,增益!$R:$R,0))} -> 1.65 | BR25: {=MAX(IF(VLOOKUP($R25,武学奇术!$A:$ZZ,24,FALSE)=1,100%,MIN(40%,$B$10+VLOOKUP($R25,武学奇术!$A:$ZZ,19,FALSE)+SUM(_xlfn.XLOOKUP($S25:$AL25,增益!$A:$A,增益!$S:$S,0)))+$B$12+SUM(_xlfn.XLOOKUP($S25:$AL25,增益!$A:$A,增益!$V:$V,0)))*IF(VLOOKUP($R25,武学奇术!$A:$ZZ,23,FALSE)=1,0,1)-IF(VLOOKUP($R25,武学奇术!$A:$ZZ,32,FALSE)=1,12%,0),0)} -> 0.0913 | BS25: {=1+$B$14+VLOOKUP($R25,武学奇术!$A:$ZZ,20,FALSE)+SUM(_xlfn.XLOOKUP($S25:$AL25,增益!$A:$A,增益!$T:$T,0))} -> 1.35 | BT25: =MIN((1-BR25)*BO25,BO25*BP25) -> 0.86580831 | BU25: =1-BR25-BT25-BV25 -> 0.02208246 | BV25: =IF(VLOOKUP($R25,武学奇术!$A:$ZZ,22,FALSE)=1,0,(1-$BO25))*(1-$BR25) -> 0.02080923 | BW25: {=SUM(_xlfn.XLOOKUP($S25:$AL25,增益!$A:$A,增益!$W:$W,0))+$I$5} -> 0.11 | BX25: {=SUM(_xlfn.XLOOKUP($S25:$AL25,增益!$A:$A,增益!$X:$X,0))} -> 0
A26: 笛 | B26: 1.3 | K26: =$L26*VLOOKUP($R26,武学奇术!$A:$ZZ,31,FALSE) -> 86773.751 | L26: =($M26*$BT26+$N26*$BR26+$O26*$BU26+$P26*$BV26) -> 86773.751 | M26: =((($AT26+($AU26-$AT26)*IF(VLOOKUP($R26,武学奇术!$A:$ZZ,31,FALSE)=1,$F$18,0.5))*$AN26+$AO26)*(1+$AV26)*(1+$AW26)+(($AY26+($AZ26-$AY26)*IF(VLOOKUP($R26,武学奇术!$A:$ZZ,31,FALSE)=1,$F$18,0.5))*IF($G$1="鸣金",$AP26,$AN26)+IF($G$1="鸣金",$AQ26*1.5,0))*(1+$BA26)*(1+$BB26)+(($BC26+($BD26-$BC26)*IF(VLOOKUP($R26,武学奇术!$A:$ZZ,31,FALSE)=1,$F$18,0.5))*IF($G$1="裂石",$AP26,$AN26)+IF($G$1="裂石",$AQ26*1.5,0))*(1+$BE26)*(1+$BF26)+(($BG26+($BH26-$BG26)*IF(VLOOKUP($R26,武学奇术!$A:$ZZ,31,FALSE)=1,$F$18,0.5))*IF($G$1="牵丝",$AP26,$AN26)+IF($G$1="牵丝",$AQ26*1.5,0))*(1+$BI26)*(1+$BJ26)+(($BK26+($BL26-$BK26)*IF(VLOOKUP($R26,武学奇术!$A:$ZZ,31,FALSE)=1,$F$18,0.5))*IF($G$1="破竹",$AP26,$AN26)+IF($G$1="破竹",$AQ26*1.5,0))*(1+$BM26)*(1+$BN26))*(1+$AR26)*$BQ26*$Q26*(1+IF(VLOOKUP($R26,武学奇术!$A:$ZZ,30,FALSE)="酩酊技",$B$21,0))*(1+$BW26) -> 90751.179 | N26: =(($AU26*$AN26+$AO26)*(1+$AV26)*(1+$AW26)+($AZ26*IF($G$1="鸣金",$AP26,$AN26)+IF($G$1="鸣金",$AQ26*1.5,0))*(1+$BA26)*(1+$BB26)+($BD26*IF($G$1="裂石",$AP26,$AN26)+IF($G$1="裂石",$AQ26*1.5,0))*(1+$BE26)*(1+$BF26)+($BH26*IF($G$1="牵丝",$AP26,$AN26)+IF($G$1="牵丝",$AQ26*1.5,0))*(1+$BI26)*(1+$BJ26)+($BL26*IF($G$1="破竹",$AP26,$AN26)+IF($G$1="破竹",$AQ26*1.5,0))*(1+$BM26)*(1+$BN26))*(1+$AR26)*$BS26*$Q26*(1+IF(VLOOKUP($R26,武学奇术!$A:$ZZ,30,FALSE)="酩酊技",$B$21,0))*(1+$BW26) -> 68999.05 | O26: =((($AT26+($AU26-$AT26)*IF(VLOOKUP($R26,武学奇术!$A:$ZZ,31,FALSE)=1,$F$18,0.5))*$AN26+$AO26)*(1+$AV26)*(1+$AW26)+(($AY26+($AZ26-$AY26)*IF(VLOOKUP($R26,武学奇术!$A:$ZZ,31,FALSE)=1,$F$18,0.5))*IF($G$1="鸣金",$AP26,$AN26)+IF($G$1="鸣金",$AQ26*1.5,0))*(1+$BA26)*(1+$BB26)+(($BC26+($BD26-$BC26)*IF(VLOOKUP($R26,武学奇术!$A:$ZZ,31,FALSE)=1,$F$18,0.5))*IF($G$1="裂石",$AP26,$AN26)+IF($G$1="裂石",$AQ26*1.5,0))*(1+$BE26)*(1+$BF26)+(($BG26+($BH26-$BG26)*IF(VLOOKUP($R26,武学奇术!$A:$ZZ,31,FALSE)=1,$F$18,0.5))*IF($G$1="牵丝",$AP26,$AN26)+IF($G$1="牵丝",$AQ26*1.5,0))*(1+$BI26)*(1+$BJ26)+(($BK26+($BL26-$BK26)*IF(VLOOKUP($R26,武学奇术!$A:$ZZ,31,FALSE)=1,$F$18,0.5))*IF($G$1="破竹",$AP26,$AN26)+IF($G$1="破竹",$AQ26*1.5,0))*(1+$BM26)*(1+$BN26))*(1+$AR26)*$Q26*(1+IF(VLOOKUP($R26,武学奇术!$A:$ZZ,30,FALSE)="酩酊技",$B$21,0))*(1+$BW26) -> 46539.066 | P26: =((($AT26*$AN26+$AO26)*(1+$AV26)*(1+$AW26)+($AY26*IF($G$1="鸣金",$AP26,$AN26)+IF($G$1="鸣金",$AQ26*1.5,0))*(1+$BA26)*(1+$BB26)+($BC26*IF($G$1="裂石",$AP26,$AN26)+IF($G$1="裂石",$AQ26*1.5,0))*(1+$BE26)*(1+$BF26)+($BG26*IF($G$1="牵丝",$AP26,$AN26)+IF($G$1="牵丝",$AQ26*1.5,0))*(1+$BI26)*(1+$BJ26)+($BK26*IF($G$1="破竹",$AP26,$AN26)+IF($G$1="破竹",$AQ26*1.5,0))*(1+$BM26)*(1+$BN26))*(1+$AR26))*$Q26*(1+IF(VLOOKUP($R26,武学奇术!$A:$ZZ,30,FALSE)="酩酊技",$B$21,0))*(1+$BW26) -> 41967.725 | Q26: 1 | R26: 拳甲Q1 | S26: 易水歌5层 | T26: 沧海帖6层 | U26: 离猎 | V26: 浅醉 | W26: 醉意增伤 | X26: N/a | Y26: N/a | Z26: N/a | AA26: N/a | AB26: 燕别(10%) | AC26: 扶风(拐) | AD26: N/a | AE26: 裁云(拐) | AF26: 无惧 | AG26: N/a | AH26: N/a | AI26: N/a | AJ26: N/a | AK26: N/a | AL26: N/a | AM26: =VLOOKUP($R26,武学奇术!$A:$ZZ,25,FALSE) -> 拳甲 | AN26: =VLOOKUP($R26,武学奇术!$A:$ZZ,26,FALSE) -> 2.64712 | AO26: =VLOOKUP($R26,武学奇术!$A:$ZZ,27,FALSE)*(1+IF(OR($AM26=$F$4,$AM26=$F$5),$B$22,0)) -> 1173.76 | AP26: =VLOOKUP($R26,武学奇术!$A:$ZZ,28,FALSE) -> 3.97068 | AQ26: =VLOOKUP($R26,武学奇术!$A:$ZZ,29,FALSE)*(1+IF(OR($AM26=$F$4,$AM26=$F$5),$B$22,0)) -> 1276.8 | AR26: {=$G$3+IFERROR(VLOOKUP($AM26,$F$4:$G$7,2,FALSE),0)+VLOOKUP($R26,武学奇术!$A:$ZZ,2,FALSE)+SUM(_xlfn.XLOOKUP($S26:$AL26,增益!$A:$A,增益!$B:$B,0))} -> 0.4543 | AS26: {=VLOOKUP($R26,武学奇术!$A:$ZZ,5,FALSE)+SUM(_xlfn.XLOOKUP($S26:$AL26,增益!$A:$A,增益!$E:$E,0))} -> 0 | AT26: {=$D$10*(1+$AS26)+VLOOKUP($R26,武学奇术!$A:$ZZ,3,FALSE)+SUM(_xlfn.XLOOKUP($S26:$AL26,增益!$A:$A,增益!$C:$C,0))-$I$2} -> 4371.3 | AU26: {=$E$10*(1+$AS26)+VLOOKUP($R26,武学奇术!$A:$ZZ,4,FALSE)+SUM(_xlfn.XLOOKUP($S26:$AL26,增益!$A:$A,增益!$D:$D,0))-$I$2} -> 4371.3 | AV26: {=IF($F$10-$I$3+VLOOKUP($R26,武学奇术!$A:$ZZ,6,FALSE)+SUM(_xlfn.XLOOKUP($S26:$AL26,增益!$A:$A,增益!$F:$F,0))>0,($F$10-$I$3+VLOOKUP($R26,武学奇术!$A:$ZZ,6,FALSE)+SUM(_xlfn.XLOOKUP($S26:$AL26,增益!$A:$A,增益!$F:$F,0)))/200,($F$10-$I$3+VLOOKUP($R26,武学奇术!$A:$ZZ,6,FALSE)+SUM(_xlfn.XLOOKUP($S26:$AL26,增益!$A:$A,增益!$F:$F,0)))/100)} -> 0.3785 | AW26: {=$G$10+VLOOKUP($R26,武学奇术!$A:$ZZ,7,FALSE)+SUM(_xlfn.XLOOKUP($S26:$AL26,增益!$A:$A,增益!$G:$G,0))} -> 0.135 | AX26: {=VLOOKUP($R26,武学奇术!$A:$ZZ,8,FALSE)+SUM(_xlfn.XLOOKUP($S26:$AL26,增益!$A:$A,增益!$H:$H,0))} -> 0 | AY26: =$D$11*(1+$AX26) -> 0 | AZ26: =$E$11*(1+$AX26) -> 0 | BA26: {=IF($F$11-$I$4+VLOOKUP($R26,武学奇术!$A:$ZZ,9,FALSE)+SUM(_xlfn.XLOOKUP($S26:$AL26,增益!$A:$A,增益!$I:$I,0))>0,($F$11-$I$4+VLOOKUP($R26,武学奇术!$A:$ZZ,9,FALSE)+SUM(_xlfn.XLOOKUP($S26:$AL26,增益!$A:$A,增益!$I:$I,0)))/200,($F$11-$I$4+VLOOKUP($R26,武学奇术!$A:$ZZ,9,FALSE)+SUM(_xlfn.XLOOKUP($S26:$AL26,增益!$A:$A,增益!$I:$I,0)))/100)} -> -0.16 | BB26: {=$G$11+VLOOKUP($R26,武学奇术!$A:$ZZ,10,FALSE)+SUM(_xlfn.XLOOKUP($S26:$AL26,增益!$A:$A,增益!$J:$J,0))} -> 0.02 | BC26: =$D$12*(1+$AX26) -> 0 | BD26: =$E$12*(1+$AX26) -> 0 | BE26: {=IF($F$12-$I$4+VLOOKUP($R26,武学奇术!$A:$ZZ,11,FALSE)+SUM(_xlfn.XLOOKUP($S26:$AL26,增益!$A:$A,增益!$K:$K,0))>0,($F$12-$I$4+VLOOKUP($R26,武学奇术!$A:$ZZ,11,FALSE)+SUM(_xlfn.XLOOKUP($S26:$AL26,增益!$A:$A,增益!$K:$K,0)))/200,($F$12-$I$4+VLOOKUP($R26,武学奇术!$A:$ZZ,11,FALSE)+SUM(_xlfn.XLOOKUP($S26:$AL26,增益!$A:$A,增益!$K:$K,0)))/100)} -> -0.16 | BF26: {=$G$12+VLOOKUP($R26,武学奇术!$A:$ZZ,12,FALSE)+SUM(_xlfn.XLOOKUP($S26:$AL26,增益!$A:$A,增益!$L:$L,0))} -> 0.02 | BG26: =$D$13*(1+$AX26) -> 0 | BH26: =$E$13*(1+$AX26) -> 0 | BI26: {=IF($F$13-$I$4+VLOOKUP($R26,武学奇术!$A:$ZZ,13,FALSE)+SUM(_xlfn.XLOOKUP($S26:$AL26,增益!$A:$A,增益!$M:$M,0))>0,($F$13-$I$4+VLOOKUP($R26,武学奇术!$A:$ZZ,13,FALSE)+SUM(_xlfn.XLOOKUP($S26:$AL26,增益!$A:$A,增益!$K:$K,0)))/200,($F$13-$I$4+VLOOKUP($R26,武学奇术!$A:$ZZ,13,FALSE)+SUM(_xlfn.XLOOKUP($S26:$AL26,增益!$A:$A,增益!$M:$M,0)))/100)} -> -0.16 | BJ26: {=$G$13+VLOOKUP($R26,武学奇术!$A:$ZZ,14,FALSE)+SUM(_xlfn.XLOOKUP($S26:$AL26,增益!$A:$A,增益!$N:$N,0))} -> 0.02 | BK26: =$D$14*(1+$AX26) -> 649.11 | BL26: =$E$14*(1+$AX26) -> 1707.09 | BM26: {=IF($F$14-$I$4+VLOOKUP($R26,武学奇术!$A:$ZZ,15,FALSE)+SUM(_xlfn.XLOOKUP($S26:$AL26,增益!$A:$A,增益!$O:$O,0))>0,($F$14-$I$4+VLOOKUP($R26,武学奇术!$A:$ZZ,15,FALSE)+SUM(_xlfn.XLOOKUP($S26:$AL26,增益!$A:$A,增益!$O:$O,0)))/200,($F$14-$I$4+VLOOKUP($R26,武学奇术!$A:$ZZ,15,FALSE)+SUM(_xlfn.XLOOKUP($S26:$AL26,增益!$A:$A,增益!$O:$O,0)))/100)} -> 0.07 | BN26: {=$G$14+VLOOKUP($R26,武学奇术!$A:$ZZ,16,FALSE)+SUM(_xlfn.XLOOKUP($S26:$AL26,增益!$A:$A,增益!$P:$P,0))} -> 0.26 | BO26: =MIN(IF(VLOOKUP($R26,武学奇术!$A:$ZZ,23,FALSE)=1,100%,$B$8),100%) -> 0.9771 | BP26: {=IF(VLOOKUP($R26,武学奇术!$A:$ZZ,23,FALSE)=1,100%,MIN(80%,$B$9+VLOOKUP($R26,武学奇术!$A:$ZZ,17,FALSE)+SUM(_xlfn.XLOOKUP($S26:$AL26,增益!$A:$A,增益!$Q:$Q,0)))+$B$11+SUM(_xlfn.XLOOKUP($S26:$AL26,增益!$A:$A,增益!$U:$U,0)))*IF(VLOOKUP($R26,武学奇术!$A:$ZZ,24,FALSE)=1,0,1)+MIN(IF(VLOOKUP($R26,武学奇术!$A:$ZZ,32,FALSE)=1,IF(VLOOKUP($R26,武学奇术!$A:$ZZ,24,FALSE)=1,100%,MIN(40%,$B$10+VLOOKUP($R26,武学奇术!$A:$ZZ,19,FALSE)+SUM(_xlfn.XLOOKUP($S26:$AL26,增益!$A:$A,增益!$S:$S,0)))+$B$12+SUM(_xlfn.XLOOKUP($S26:$AL26,增益!$A:$A,增益!$V:$V,0))),0),12%)} -> 0.8861 | BQ26: {=1+$B$13+VLOOKUP($R26,武学奇术!$A:$ZZ,18,FALSE)+SUM(_xlfn.XLOOKUP($S26:$AL26,增益!$A:$A,增益!$R:$R,0))} -> 1.95 | BR26: {=MAX(IF(VLOOKUP($R26,武学奇术!$A:$ZZ,24,FALSE)=1,100%,MIN(40%,$B$10+VLOOKUP($R26,武学奇术!$A:$ZZ,19,FALSE)+SUM(_xlfn.XLOOKUP($S26:$AL26,增益!$A:$A,增益!$S:$S,0)))+$B$12+SUM(_xlfn.XLOOKUP($S26:$AL26,增益!$A:$A,增益!$V:$V,0)))*IF(VLOOKUP($R26,武学奇术!$A:$ZZ,23,FALSE)=1,0,1)-IF(VLOOKUP($R26,武学奇术!$A:$ZZ,32,FALSE)=1,12%,0),0)} -> 0.0913 | BS26: {=1+$B$14+VLOOKUP($R26,武学奇术!$A:$ZZ,20,FALSE)+SUM(_xlfn.XLOOKUP($S26:$AL26,增益!$A:$A,增益!$T:$T,0))} -> 1.35 | BT26: =MIN((1-BR26)*BO26,BO26*BP26) -> 0.86580831 | BU26: =1-BR26-BT26-BV26 -> 0.02208246 | BV26: =IF(VLOOKUP($R26,武学奇术!$A:$ZZ,22,FALSE)=1,0,(1-$BO26))*(1-$BR26) -> 0.02080923 | BW26: {=SUM(_xlfn.XLOOKUP($S26:$AL26,增益!$A:$A,增益!$W:$W,0))+$I$5} -> 0.11 | BX26: {=SUM(_xlfn.XLOOKUP($S26:$AL26,增益!$A:$A,增益!$X:$X,0))} -> 0
