Workbook

Sheet 期望
B1: 最小攻击 | C1: 最大攻击 | D1: 穿透 | E1: 伤害加成 | F1: 武学属性 | G1: 破竹 | H1: 怪物属性 | K1: 真气比例 | L1: 期望 | M1: 会心期望 | N1: 会意期望 | O1: 普通期望 | P1: 擦伤期望 | Q1: 次数 | R1: 技能 | S1: 增益1 | T1: 增益2 | U1: 增益3 | V1: 增益4 | W1: 增益5 | X1: 增益6 | Y1: 增益7 | Z1: 增益8 | AA1: 增益9 | AB1: 增益10 | AC1: 增益11 | AD1: 增益12 | AE1: 增益13 | AF1: 增益14 | AG1: 增益15 | AH1: 增益16 | AI1: 增益17 | AJ1: 增益18 | AK1: 增益19 | AL1: 增益20 | AM1: 类型 | AN1: 外功倍率 | AO1: 外攻固伤 | AP1: 属性倍率 | AQ1: 属性固伤 | AR1: 通用增伤 | AS1: 外攻加成 | AT1: 即时小外 | AU1: 即时大外 | AV1: 外穿加成 | AW1: 外伤加成 | AX1: 属攻加成 | AY1: 即时小鸣 | AZ1: 即时大鸣 | BA1: 鸣金穿透 | BB1: 鸣金加成 | BC1: 即时小裂 | BD1: 即时大裂 | BE1: 裂石穿透 | BF1: 裂石加成 | BG1: 即时小牵 | BH1: 即时大牵 | BI1: 牵丝穿透 | BJ1: 牵丝加成 | BK1: 即时小破 | BL1: 即时大破 | BM1: 破竹穿透 | BN1: 破竹加成 | BO1: 生效精准 | BP1: 生效会心 | BQ1: 生效会心伤害 | BR1: 生效会意 | BS1: 生效会意伤害 | BT1: 会心占比 | BU1: 普攻占比 | BV1: 擦伤占比 | BW1: 特殊增伤 | BX1: 特定增伤 | BY1: 结算增伤
A2: 外功 | B2: 4460 | C2: 3339.6 | D2: 63.78 | F2: 套装 | G2: 燕归 | H2: 防御 | I2: =687*(1-IF(F17="√",0.06,0)-IF(D20="√",0.04,0)) -> 618.3 | K2: =$L2*VLOOKUP($R2,武学奇术!$A:$ZZ,31,FALSE) -> 75615.597 | L2: =($M2*$BT2+$N2*$BR2+$O2*$BU2+$P2*$BV2) -> 74132.938 | M2: =((($AT2+$AU2)/2*$AN2+$AO2)*(1+$AV2)*(1+$AW2)+(($AY2+$AZ2)/2*IF($G$1="鸣金",$AP2,$AN2)+IF($G$1="鸣金",$AQ2*1.5,0))*(1+$BA2)*(1+$BB2)+(($BC2+$BD2)/2*IF($G$1="裂石",$AP2,$AN2)+IF($G$1="裂石",$AQ2*1.5,0))*(1+$BE2)*(1+$BF2)+(($BG2+$BH2)/2*IF($G$1="牵丝",$AP2,$AN2)+IF($G$1="牵丝",$AQ2*1.5,0))*(1+$BI2)*(1+$BJ2)+(($BK2+$BL2)/2*IF($G$1="破竹",$AP2,$AN2)+IF($G$1="破竹",$AQ2*1.5,0))*(1+$BM2)*(1+$BN2))*(1+$AR2)*$BQ2*$Q2*(1+IF(VLOOKUP($R2,武学奇术!$A:$ZZ,30,FALSE)="轻击",$B$21,0))*(1+IF(VLOOKUP($R2,武学奇术!$A:$ZZ,30,FALSE)="老鼠",$B$22,0))*(1+$BW2)*(1+$BX2) -> 77777.988 | N2: =((($AU2*$AN2+$AO2)*(1+$AV2)*(1+$AW2)+($AZ2*IF($G$1="鸣金",$AP2,$AN2)+IF($G$1="鸣金",$AQ2*1.5,0))*(1+$BA2)*(1+$BB2)+($BD2*IF($G$1="裂石",$AP2,$AN2)+IF($G$1="裂石",$AQ2*1.5,0))*(1+$BE2)*(1+$BF2)+($BH2*IF($G$1="牵丝",$AP2,$AN2)+IF($G$1="牵丝",$AQ2*1.5,0))*(1+$BI2)*(1+$BJ2)+($BL2*IF($G$1="破竹",$AP2,$AN2)+IF($G$1="破竹",$AQ2*1.5,0))*(1+$BM2)*(1+$BN2))*(1+$AR2)*$BS2*$Q2*(1+IF(VLOOKUP($R2,武学奇术!$A:$ZZ,30,FALSE)="轻击",$B$21,0))*(1+IF(VLOOKUP($R2,武学奇术!$A:$ZZ,30,FALSE)="老鼠",$B$22,0))*(1+$BW2))*(1+$BX2) -> 51087.802 | O2: =((($AT2+$AU2)/2*$AN2+$AO2)*(1+$AV2)*(1+$AW2)+(($AY2+$AZ2)/2*IF($G$1="鸣金",$AP2,$AN2)+IF($G$1="鸣金",$AQ2*1.5,0))*(1+$BA2)*(1+$BB2)+(($BC2+$BD2)/2*IF($G$1="裂石",$AP2,$AN2)+IF($G$1="裂石",$AQ2*1.5,0))*(1+$BE2)*(1+$BF2)+(($BG2+$BH2)/2*IF($G$1="牵丝",$AP2,$AN2)+IF($G$1="牵丝",$AQ2*1.5,0))*(1+$BI2)*(1+$BJ2)+(($BK2+$BL2)/2*IF($G$1="破竹",$AP2,$AN2)+IF($G$1="破竹",$AQ2*1.5,0))*(1+$BM2)*(1+$BN2))*(1+$AR2)*$Q2*(1+IF(VLOOKUP($R2,武学奇术!$A:$ZZ,30,FALSE)="轻击",$B$21,0))*(1+IF(VLOOKUP($R2,武学奇术!$A:$ZZ,30,FALSE)="老鼠",$B$22,0))*(1+$BW2)*(1+$BX2) -> 33467.292 | P2: =((($AT2*$AN2+$AO2)*(1+$AV2)*(1+$AW2)+($AY2*IF($G$1="鸣金",$AP2,$AN2)+IF($G$1="鸣金",$AQ2*1.5,0))*(1+$BA2)*(1+$BB2)+($BC2*IF($G$1="裂石",$AP2,$AN2)+IF($G$1="裂石",$AQ2*1.5,0))*(1+$BE2)*(1+$BF2)+($BG2*IF($G$1="牵丝",$AP2,$AN2)+IF($G$1="牵丝",$AQ2*1.5,0))*(1+$BI2)*(1+$BJ2)+($BK2*IF($G$1="破竹",$AP2,$AN2)+IF($G$1="破竹",$AQ2*1.5,0))*(1+$BM2)*(1+$BN2))*(1+$AR2))*$Q2*(1+IF(VLOOKUP($R2,武学奇术!$A:$ZZ,30,FALSE)="轻击",$B$21,0))*(1+IF(VLOOKUP($R2,武学奇术!$A:$ZZ,30,FALSE)="老鼠",$B$22,0))*(1+$BW2)*(1+$BX2) -> 29091.769 | Q2: 1 | R2: 千灯一月单次 | S2: 易水歌4层 | T2: 沧海帖3层 | U2: N/a | V2: N/a | W2: 轮回 | X2: N/a | Y2: N/a | Z2: 嗔焰 | AA2: 惧刃(拐) | AB2: N/a | AC2: N/a | AD2: 迷踪 | AE2: 断石 | AF2: N/a | AG2: 无惧 | AH2: 离猎(拐) | AI2: N/a | AJ2: N/a | AK2: N/a | AL2: N/a | AM2: =VLOOKUP($R2,武学奇术!$A:$ZZ,25,FALSE) -> 群体奇术 | AN2: =VLOOKUP($R2,武学奇术!$A:$ZZ,26,FALSE) -> 2.3774 | AO2: =VLOOKUP($R2,武学奇术!$A:$ZZ,27,FALSE)*(1+IF(OR($AM2=$F$4,$AM2=$F$5),$B$23,0)) -> 476 | AP2: =VLOOKUP($R2,武学奇术!$A:$ZZ,28,FALSE) -> 3.5661 | AQ2: =VLOOKUP($R2,武学奇术!$A:$ZZ,29,FALSE)*(1+IF(OR($AM2=$F$4,$AM2=$F$5),$B$23,0)) -> 0 | AR2: {=$G$3+IFERROR(VLOOKUP($AM2,$F$4:$G$7,2,FALSE),0)+VLOOKUP($R2,武学奇术!$A:$ZZ,2,FALSE)+SUM(_xlfn.XLOOKUP($S2:$AL2,增益!$A:$A,增益!$B:$B,0))} -> 0.4742 | AS2: {=VLOOKUP($R2,武学奇术!$A:$ZZ,5,FALSE)+SUM(_xlfn.XLOOKUP($S2:$AL2,增益!$A:$A,增益!$E:$E,0))} -> 0 | AT2: {=$D$10*(1+$AS2)+VLOOKUP($R2,武学奇术!$A:$ZZ,3,FALSE)+SUM(_xlfn.XLOOKUP($S2:$AL2,增益!$A:$A,增益!$C:$C,0))-$I$2} -> 4081.7 | AU2: {=$E$10*(1+$AS2)+VLOOKUP($R2,武学奇术!$A:$ZZ,4,FALSE)+SUM(_xlfn.XLOOKUP($S2:$AL2,增益!$A:$A,增益!$D:$D,0))-$I$2} -> 4081.7 | AV2: {=IF($F$10-$I$3+VLOOKUP($R2,武学奇术!$A:$ZZ,6,FALSE)+SUM(_xlfn.XLOOKUP(S2:AL2,增益!$A:$A,增益!$F:$F,0))>0,($F$10-$I$3+VLOOKUP($R2,武学奇术!$A:$ZZ,6,FALSE)+SUM(_xlfn.XLOOKUP(S2:AL2,增益!$A:$A,增益!$F:$F,0)))/200,($F$10-$I$3+VLOOKUP($R2,武学奇术!$A:$ZZ,6,FALSE)+SUM(_xlfn.XLOOKUP(S2:AL2,增益!$A:$A,增益!$F:$F,0)))/100)} -> 0.4439 | AW2: {=$G$10+VLOOKUP($R2,武学奇术!$A:$ZZ,7,FALSE)+SUM(_xlfn.XLOOKUP(S2:AL2,增益!$A:$A,增益!$G:$G,0))} -> 0.02 | AX2: {=VLOOKUP($R2,武学奇术!$A:$ZZ,8,FALSE)+SUM(_xlfn.XLOOKUP(S2:AL2,增益!$A:$A,增益!$H:$H,0))} -> 0 | AY2: =$D$11*(1+$AX2) -> 0 | AZ2: =$E$11*(1+$AX2) -> 0 | BA2: {=IF($F$11-$I$4+VLOOKUP($R2,武学奇术!$A:$ZZ,9,FALSE)+SUM(_xlfn.XLOOKUP(S2:AL2,增益!$A:$A,增益!$I:$I,0))>0,($F$11-$I$4+VLOOKUP($R2,武学奇术!$A:$ZZ,9,FALSE)+SUM(_xlfn.XLOOKUP(S2:AL2,增益!$A:$A,增益!$I:$I,0)))/200,($F$11-$I$4+VLOOKUP($R2,武学奇术!$A:$ZZ,9,FALSE)+SUM(_xlfn.XLOOKUP(S2:AL2,增益!$A:$A,增益!$I:$I,0)))/100)} -> -0.14 | BB2: {=$G$11+VLOOKUP($R2,武学奇术!$A:$ZZ,10,FALSE)+SUM(_xlfn.XLOOKUP(S2:AL2,增益!$A:$A,增益!$J:$J,0))} -> 0.02 | BC2: =$D$12*(1+$AX2) -> 0 | BD2: =$E$12*(1+$AX2) -> 0 | BE2: {=IF($F$12-$I$4+VLOOKUP($R2,武学奇术!$A:$ZZ,11,FALSE)+SUM(_xlfn.XLOOKUP(S2:AL2,增益!$A:$A,增益!$K:$K,0))>0,($F$12-$I$4+VLOOKUP($R2,武学奇术!$A:$ZZ,11,FALSE)+SUM(_xlfn.XLOOKUP(S2:AL2,增益!$A:$A,增益!$K:$K,0)))/200,($F$12-$I$4+VLOOKUP($R2,武学奇术!$A:$ZZ,11,FALSE)+SUM(_xlfn.XLOOKUP(S2:AL2,增益!$A:$A,增益!$K:$K,0)))/100)} -> -0.14 | BF2: {=$G$12+VLOOKUP($R2,武学奇术!$A:$ZZ,12,FALSE)+SUM(_xlfn.XLOOKUP(S2:AL2,增益!$A:$A,增益!$L:$L,0))} -> 0.02 | BG2: =$D$13*(1+$AX2) -> 0 | BH2: =$E$13*(1+$AX2) -> 0 | BI2: {=IF($F$13-$I$4+VLOOKUP($R2,武学奇术!$A:$ZZ,13,FALSE)+SUM(_xlfn.XLOOKUP(S2:AL2,增益!$A:$A,增益!$M:$M,0))>0,($F$13-$I$4+VLOOKUP($R2,武学奇术!$A:$ZZ,13,FALSE)+SUM(_xlfn.XLOOKUP(S2:AL2,增益!$A:$A,增益!$K:$K,0)))/200,($F$13-$I$4+VLOOKUP($R2,武学奇术!$A:$ZZ,13,FALSE)+SUM(_xlfn.XLOOKUP(S2:AL2,增益!$A:$A,增益!$M:$M,0)))/100)} -> -0.14 | BJ2: {=$G$13+VLOOKUP($R2,武学奇术!$A:$ZZ,14,FALSE)+SUM(_xlfn.XLOOKUP(S2:AL2,增益!$A:$A,增益!$N:$N,0))} -> 0.02 | BK2: =$D$14*(1+$AX2) -> 618.2 | BL2: =$E$14*(1+$AX2) -> 1805 | BM2: {=IF($F$14-$I$4+VLOOKUP($R2,武学奇术!$A:$ZZ,15,FALSE)+SUM(_xlfn.XLOOKUP(S2:AL2,增益!$A:$A,增益!$O:$O,0))>0,($F$14-$I$4+VLOOKUP($R2,武学奇术!$A:$ZZ,15,FALSE)+SUM(_xlfn.XLOOKUP(S2:AL2,增益!$A:$A,增益!$O:$O,0)))/200,($F$14-$I$4+VLOOKUP($R2,武学奇术!$A:$ZZ,15,FALSE)+SUM(_xlfn.XLOOKUP(S2:AL2,增益!$A:$A,增益!$O:$O,0)))/100)} -> 0.08 | BN2: {=$G$14+VLOOKUP($R2,武学奇术!$A:$ZZ,16,FALSE)+SUM(_xlfn.XLOOKUP(S2:AL2,增益!$A:$A,增益!$P:$P,0))} -> 0.17 | BO2: =MIN(IF(VLOOKUP($R2,武学奇术!$A:$ZZ,23,FALSE)=1,100%,$B$8),100%) -> 0.9943 | BP2: {=IF(VLOOKUP($R2,武学奇术!$A:$ZZ,23,FALSE)=1,100%,MIN(80%,$B$9+VLOOKUP($R2,武学奇术!$A:$ZZ,17,FALSE)+SUM(_xlfn.XLOOKUP(S2:AL2,增益!$A:$A,增益!$Q:$Q,0)))+$B$11+SUM(_xlfn.XLOOKUP(S2:AL2,增益!$A:$A,增益!$U:$U,0)))*IF(VLOOKUP($R2,武学奇术!$A:$ZZ,24,FALSE)=1,0,1)} -> 0.887 | BQ2: {=1+$B$13+VLOOKUP($R2,武学奇术!$A:$ZZ,18,FALSE)+SUM(_xlfn.XLOOKUP(S2:AL2,增益!$A:$A,增益!$R:$R,0))} -> 2.324 | BR2: {=IF(VLOOKUP($R2,武学奇术!$A:$ZZ,24,FALSE)=1,100%,MIN(40%,$B$10+VLOOKUP($R2,武学奇术!$A:$ZZ,19,FALSE)+SUM(_xlfn.XLOOKUP(S2:AL2,增益!$A:$A,增益!$S:$S,0)))+$B$12+SUM(_xlfn.XLOOKUP(S2:AL2,增益!$A:$A,增益!$V:$V,0)))*IF(VLOOKUP($R2,武学奇术!$A:$ZZ,23,FALSE)=1,0,1)} -> 0.0913 | BS2: {=1+$B$14+VLOOKUP($R2,武学奇术!$A:$ZZ,20,FALSE)+SUM(_xlfn.XLOOKUP(S2:AL2,增益!$A:$A,增益!$T:$T,0))} -> 1.35 | BT2: =MIN((1-BR2)*BO2,BO2*BP2) -> 0.8819441 | BU2: =1-BR2-BT2-BV2 -> 0.02157631 | BV2: =IF(VLOOKUP($R2,武学奇术!$A:$ZZ,22,FALSE)=1,0,(1-$BO2))*(1-$BR2) -> 0.00517959 | BW2: {=SUM(_xlfn.XLOOKUP(S2:AL2,增益!$A:$A,增益!$W:$W,0))+$I$5} -> 0.11 | BX2: =VLOOKUP($R2,武学奇术!$A:$ZZ,32,FALSE) -> 0 | BY2: {=SUM(_xlfn.XLOOKUP($S2:$AL2,增益!$A:$A,增益!$X:$X,0))} -> 0
A3: 鸣金 | F3: 通用增伤 | G3: =B16+1.5%+IF($D$16="√",8%,0)+IF($E$22="征人归",8%,0) -> 0.1842 | H3: 外抗 | I3: =25-IF(D17="√",7,0)-IF(F17="√",10,0) -> 8 | K3: =$L3*VLOOKUP($R3,武学奇术!$A:$ZZ,31,FALSE) -> 76512.327 | L3: =($M3*$BT3+$N3*$BR3+$O3*$BU3+$P3*$BV3) -> 75012.085 | M3: =((($AT3+$AU3)/2*$AN3+$AO3)*(1+$AV3)*(1+$AW3)+(($AY3+$AZ3)/2*IF($G$1="鸣金",$AP3,$AN3)+IF($G$1="鸣金",$AQ3*1.5,0))*(1+$BA3)*(1+$BB3)+(($BC3+$BD3)/2*IF($G$1="裂石",$AP3,$AN3)+IF($G$1="裂石",$AQ3*1.5,0))*(1+$BE3)*(1+$BF3)+(($BG3+$BH3)/2*IF($G$1="牵丝",$AP3,$AN3)+IF($G$1="牵丝",$AQ3*1.5,0))*(1+$BI3)*(1+$BJ3)+(($BK3+$BL3)/2*IF($G$1="破竹",$AP3,$AN3)+IF($G$1="破竹",$AQ3*1.5,0))*(1+$BM3)*(1+$BN3))*(1+$AR3)*$BQ3*$Q3*(1+IF(VLOOKUP($R3,武学奇术!$A:$ZZ,30,FALSE)="轻击",$B$21,0))*(1+IF(VLOOKUP($R3,武学奇术!$A:$ZZ,30,FALSE)="老鼠",$B$22,0))*(1+$BW3)*(1+$BX3) -> 78703.133 | N3: =((($AU3*$AN3+$AO3)*(1+$AV3)*(1+$AW3)+($AZ3*IF($G$1="鸣金",$AP3,$AN3)+IF($G$1="鸣金",$AQ3*1.5,0))*(1+$BA3)*(1+$BB3)+($BD3*IF($G$1="裂石",$AP3,$AN3)+IF($G$1="裂石",$AQ3*1.5,0))*(1+$BE3)*(1+$BF3)+($BH3*IF($G$1="牵丝",$AP3,$AN3)+IF($G$1="牵丝",$AQ3*1.5,0))*(1+$BI3)*(1+$BJ3)+($BL3*IF($G$1="破竹",$AP3,$AN3)+IF($G$1="破竹",$AQ3*1.5,0))*(1+$BM3)*(1+$BN3))*(1+$AR3)*$BS3*$Q3*(1+IF(VLOOKUP($R3,武学奇术!$A:$ZZ,30,FALSE)="轻击",$B$21,0))*(1+IF(VLOOKUP($R3,武学奇术!$A:$ZZ,30,FALSE)="老鼠",$B$22,0))*(1+$BW3))*(1+$BX3) -> 51665.283 | O3: =((($AT3+$AU3)/2*$AN3+$AO3)*(1+$AV3)*(1+$AW3)+(($AY3+$AZ3)/2*IF($G$1="鸣金",$AP3,$AN3)+IF($G$1="鸣金",$AQ3*1.5,0))*(1+$BA3)*(1+$BB3)+(($BC3+$BD3)/2*IF($G$1="裂石",$AP3,$AN3)+IF($G$1="裂石",$AQ3*1.5,0))*(1+$BE3)*(1+$BF3)+(($BG3+$BH3)/2*IF($G$1="牵丝",$AP3,$AN3)+IF($G$1="牵丝",$AQ3*1.5,0))*(1+$BI3)*(1+$BJ3)+(($BK3+$BL3)/2*IF($G$1="破竹",$AP3,$AN3)+IF($G$1="破竹",$AQ3*1.5,0))*(1+$BM3)*(1+$BN3))*(1+$AR3)*$Q3*(1+IF(VLOOKUP($R3,武学奇术!$A:$ZZ,30,FALSE)="轻击",$B$21,0))*(1+IF(VLOOKUP($R3,武学奇术!$A:$ZZ,30,FALSE)="老鼠",$B$22,0))*(1+$BW3)*(1+$BX3) -> 33865.376 | P3: =((($AT3*$AN3+$AO3)*(1+$AV3)*(1+$AW3)+($AY3*IF($G$1="鸣金",$AP3,$AN3)+IF($G$1="鸣金",$AQ3*1.5,0))*(1+$BA3)*(1+$BB3)+($BC3*IF($G$1="裂石",$AP3,$AN3)+IF($G$1="裂石",$AQ3*1.5,0))*(1+$BE3)*(1+$BF3)+($BG3*IF($G$1="牵丝",$AP3,$AN3)+IF($G$1="牵丝",$AQ3*1.5,0))*(1+$BI3)*(1+$BJ3)+($BK3*IF($G$1="破竹",$AP3,$AN3)+IF($G$1="破竹",$AQ3*1.5,0))*(1+$BM3)*(1+$BN3))*(1+$AR3))*$Q3*(1+IF(VLOOKUP($R3,武学奇术!$A:$ZZ,30,FALSE)="轻击",$B$21,0))*(1+IF(VLOOKUP($R3,武学奇术!$A:$ZZ,30,FALSE)="老鼠",$B$22,0))*(1+$BW3)*(1+$BX3) -> 29460.171 | Q3: 1 | R3: 千灯一月单次 | S3: 易水歌5层 | T3: 沧海帖3层 | U3: N/a | V3: N/a | W3: 轮回 | X3: N/a | Y3: N/a | Z3: 嗔焰 | AA3: 惧刃(拐) | AB3: N/a | AC3: N/a | AD3: 迷踪 | AE3: 断石 | AF3: N/a | AG3: 无惧 | AH3: 离猎(拐) | AI3: N/a | AJ3: N/a | AK3: N/a | AL3: N/a | AM3: =VLOOKUP($R3,武学奇术!$A:$ZZ,25,FALSE) -> 群体奇术 | AN3: =VLOOKUP($R3,武学奇术!$A:$ZZ,26,FALSE) -> 2.3774 | AO3: =VLOOKUP($R3,武学奇术!$A:$ZZ,27,FALSE)*(1+IF(OR($AM3=$F$4,$AM3=$F$5),$B$23,0)) -> 476 | AP3: =VLOOKUP($R3,武学奇术!$A:$ZZ,28,FALSE) -> 3.5661 | AQ3: =VLOOKUP($R3,武学奇术!$A:$ZZ,29,FALSE)*(1+IF(OR($AM3=$F$4,$AM3=$F$5),$B$23,0)) -> 0 | AR3: {=$G$3+IFERROR(VLOOKUP($AM3,$F$4:$G$7,2,FALSE),0)+VLOOKUP($R3,武学奇术!$A:$ZZ,2,FALSE)+SUM(_xlfn.XLOOKUP($S3:$AL3,增益!$A:$A,增益!$B:$B,0))} -> 0.4842 | AS3: {=VLOOKUP($R3,武学奇术!$A:$ZZ,5,FALSE)+SUM(_xlfn.XLOOKUP($S3:$AL3,增益!$A:$A,增益!$E:$E,0))} -> 0 | AT3: {=$D$10*(1+$AS3)+VLOOKUP($R3,武学奇术!$A:$ZZ,3,FALSE)+SUM(_xlfn.XLOOKUP($S3:$AL3,增益!$A:$A,增益!$C:$C,0))-$I$2} -> 4081.7 | AU3: {=$E$10*(1+$AS3)+VLOOKUP($R3,武学奇术!$A:$ZZ,4,FALSE)+SUM(_xlfn.XLOOKUP($S3:$AL3,增益!$A:$A,增益!$D:$D,0))-$I$2} -> 4081.7 | AV3: {=IF($F$10-$I$3+VLOOKUP($R3,武学奇术!$A:$ZZ,6,FALSE)+SUM(_xlfn.XLOOKUP(S3:AL3,增益!$A:$A,增益!$F:$F,0))>0,($F$10-$I$3+VLOOKUP($R3,武学奇术!$A:$ZZ,6,FALSE)+SUM(_xlfn.XLOOKUP(S3:AL3,增益!$A:$A,增益!$F:$F,0)))/200,($F$10-$I$3+VLOOKUP($R3,武学奇术!$A:$ZZ,6,FALSE)+SUM(_xlfn.XLOOKUP(S3:AL3,增益!$A:$A,增益!$F:$F,0)))/100)} -> 0.4539 | AW3: {=$G$10+VLOOKUP($R3,武学奇术!$A:$ZZ,7,FALSE)+SUM(_xlfn.XLOOKUP(S3:AL3,增益!$A:$A,增益!$G:$G,0))} -> 0.02 | AX3: {=VLOOKUP($R3,武学奇术!$A:$ZZ,8,FALSE)+SUM(_xlfn.XLOOKUP(S3:AL3,增益!$A:$A,增益!$H:$H,0))} -> 0 | AY3: =$D$11*(1+$AX3) -> 0 | AZ3: =$E$11*(1+$AX3) -> 0 | BA3: {=IF($F$11-$I$4+VLOOKUP($R3,武学奇术!$A:$ZZ,9,FALSE)+SUM(_xlfn.XLOOKUP(S3:AL3,增益!$A:$A,增益!$I:$I,0))>0,($F$11-$I$4+VLOOKUP($R3,武学奇术!$A:$ZZ,9,FALSE)+SUM(_xlfn.XLOOKUP(S3:AL3,增益!$A:$A,增益!$I:$I,0)))/200,($F$11-$I$4+VLOOKUP($R3,武学奇术!$A:$ZZ,9,FALSE)+SUM(_xlfn.XLOOKUP(S3:AL3,增益!$A:$A,增益!$I:$I,0)))/100)} -> -0.14 | BB3: {=$G$11+VLOOKUP($R3,武学奇术!$A:$ZZ,10,FALSE)+SUM(_xlfn.XLOOKUP(S3:AL3,增益!$A:$A,增益!$J:$J,0))} -> 0.02 | BC3: =$D$12*(1+$AX3) -> 0 | BD3: =$E$12*(1+$AX3) -> 0 | BE3: {=IF($F$12-$I$4+VLOOKUP($R3,武学奇术!$A:$ZZ,11,FALSE)+SUM(_xlfn.XLOOKUP(S3:AL3,增益!$A:$A,增益!$K:$K,0))>0,($F$12-$I$4+VLOOKUP($R3,武学奇术!$A:$ZZ,11,FALSE)+SUM(_xlfn.XLOOKUP(S3:AL3,增益!$A:$A,增益!$K:$K,0)))/200,($F$12-$I$4+VLOOKUP($R3,武学奇术!$A:$ZZ,11,FALSE)+SUM(_xlfn.XLOOKUP(S3:AL3,增益!$A:$A,增益!$K:$K,0)))/100)} -> -0.14 | BF3: {=$G$12+VLOOKUP($R3,武学奇术!$A:$ZZ,12,FALSE)+SUM(_xlfn.XLOOKUP(S3:AL3,增益!$A:$A,增益!$L:$L,0))} -> 0.02 | BG3: =$D$13*(1+$AX3) -> 0 | BH3: =$E$13*(1+$AX3) -> 0 | BI3: {=IF($F$13-$I$4+VLOOKUP($R3,武学奇术!$A:$ZZ,13,FALSE)+SUM(_xlfn.XLOOKUP(S3:AL3,增益!$A:$A,增益!$M:$M,0))>0,($F$13-$I$4+VLOOKUP($R3,武学奇术!$A:$ZZ,13,FALSE)+SUM(_xlfn.XLOOKUP(S3:AL3,增益!$A:$A,增益!$K:$K,0)))/200,($F$13-$I$4+VLOOKUP($R3,武学奇术!$A:$ZZ,13,FALSE)+SUM(_xlfn.XLOOKUP(S3:AL3,增益!$A:$A,增益!$M:$M,0)))/100)} -> -0.14 | BJ3: {=$G$13+VLOOKUP($R3,武学奇术!$A:$ZZ,14,FALSE)+SUM(_xlfn.XLOOKUP(S3:AL3,增益!$A:$A,增益!$N:$N,0))} -> 0.02 | BK3: =$D$14*(1+$AX3) -> 618.2 | BL3: =$E$14*(1+$AX3) -> 1805 | BM3: {=IF($F$14-$I$4+VLOOKUP($R3,武学奇术!$A:$ZZ,15,FALSE)+SUM(_xlfn.XLOOKUP(S3:AL3,增益!$A:$A,增益!$O:$O,0))>0,($F$14-$I$4+VLOOKUP($R3,武学奇术!$A:$ZZ,15,FALSE)+SUM(_xlfn.XLOOKUP(S3:AL3,增益!$A:$A,增益!$O:$O,0)))/200,($F$14-$I$4+VLOOKUP($R3,武学奇术!$A:$ZZ,15,FALSE)+SUM(_xlfn.XLOOKUP(S3:AL3,增益!$A:$A,增益!$O:$O,0)))/100)} -> 0.08 | BN3: {=$G$14+VLOOKUP($R3,武学奇术!$A:$ZZ,16,FALSE)+SUM(_xlfn.XLOOKUP(S3:AL3,增益!$A:$A,增益!$P:$P,0))} -> 0.17 | BO3: =MIN(IF(VLOOKUP($R3,武学奇术!$A:$ZZ,23,FALSE)=1,100%,$B$8),100%) -> 0.9943 | BP3: {=IF(VLOOKUP($R3,武学奇术!$A:$ZZ,23,FALSE)=1,100%,MIN(80%,$B$9+VLOOKUP($R3,武学奇术!$A:$ZZ,17,FALSE)+SUM(_xlfn.XLOOKUP(S3:AL3,增益!$A:$A,增益!$Q:$Q,0)))+$B$11+SUM(_xlfn.XLOOKUP(S3:AL3,增益!$A:$A,增益!$U:$U,0)))*IF(VLOOKUP($R3,武学奇术!$A:$ZZ,24,FALSE)=1,0,1)} -> 0.887 | BQ3: {=1+$B$13+VLOOKUP($R3,武学奇术!$A:$ZZ,18,FALSE)+SUM(_xlfn.XLOOKUP(S3:AL3,增益!$A:$A,增益!$R:$R,0))} -> 2.324 | BR3: {=IF(VLOOKUP($R3,武学奇术!$A:$ZZ,24,FALSE)=1,100%,MIN(40%,$B$10+VLOOKUP($R3,武学奇术!$A:$ZZ,19,FALSE)+SUM(_xlfn.XLOOKUP(S3:AL3,增益!$A:$A,增益!$S:$S,0)))+$B$12+SUM(_xlfn.XLOOKUP(S3:AL3,增益!$A:$A,增益!$V:$V,0)))*IF(VLOOKUP($R3,武学奇术!$A:$ZZ,23,FALSE)=1,0,1)} -> 0.0913 | BS3: {=1+$B$14+VLOOKUP($R3,武学奇术!$A:$ZZ,20,FALSE)+SUM(_xlfn.XLOOKUP(S3:AL3,增益!$A:$A,增益!$T:$T,0))} -> 1.35 | BT3: =MIN((1-BR3)*BO3,BO3*BP3) -> 0.8819441 | BU3: =1-BR3-BT3-BV3 -> 0.02157631 | BV3: =IF(VLOOKUP($R3,武学奇术!$A:$ZZ,22,FALSE)=1,0,(1-$BO3))*(1-$BR3) -> 0.00517959 | BW3: {=SUM(_xlfn.XLOOKUP(S3:AL3,增益!$A:$A,增益!$W:$W,0))+$I$5} -> 0.11 | BX3: =VLOOKUP($R3,武学奇术!$A:$ZZ,32,FALSE) -> 0 | BY3: {=SUM(_xlfn.XLOOKUP($S3:$AL3,增益!$A:$A,增益!$X:$X,0))} -> 0
A4: 裂石 | F4: 双刀 | G4: =B15+B17 -> 0.1701 | H4: 属抗 | I4: =30 -> 30 | K4: =$L4*VLOOKUP($R4,武学奇术!$A:$ZZ,31,FALSE) -> 76816.974 | L4: =($M4*$BT4+$N4*$BR4+$O4*$BU4+$P4*$BV4) -> 75310.759 | M4: =((($AT4+$AU4)/2*$AN4+$AO4)*(1+$AV4)*(1+$AW4)+(($AY4+$AZ4)/2*IF($G$1="鸣金",$AP4,$AN4)+IF($G$1="鸣金",$AQ4*1.5,0))*(1+$BA4)*(1+$BB4)+(($BC4+$BD4)/2*IF($G$1="裂石",$AP4,$AN4)+IF($G$1="裂石",$AQ4*1.5,0))*(1+$BE4)*(1+$BF4)+(($BG4+$BH4)/2*IF($G$1="牵丝",$AP4,$AN4)+IF($G$1="牵丝",$AQ4*1.5,0))*(1+$BI4)*(1+$BJ4)+(($BK4+$BL4)/2*IF($G$1="破竹",$AP4,$AN4)+IF($G$1="破竹",$AQ4*1.5,0))*(1+$BM4)*(1+$BN4))*(1+$AR4)*$BQ4*$Q4*(1+IF(VLOOKUP($R4,武学奇术!$A:$ZZ,30,FALSE)="轻击",$B$21,0))*(1+IF(VLOOKUP($R4,武学奇术!$A:$ZZ,30,FALSE)="老鼠",$B$22,0))*(1+$BW4)*(1+$BX4) -> 79041.787 | N4: =((($AU4*$AN4+$AO4)*(1+$AV4)*(1+$AW4)+($AZ4*IF($G$1="鸣金",$AP4,$AN4)+IF($G$1="鸣金",$AQ4*1.5,0))*(1+$BA4)*(1+$BB4)+($BD4*IF($G$1="裂石",$AP4,$AN4)+IF($G$1="裂石",$AQ4*1.5,0))*(1+$BE4)*(1+$BF4)+($BH4*IF($G$1="牵丝",$AP4,$AN4)+IF($G$1="牵丝",$AQ4*1.5,0))*(1+$BI4)*(1+$BJ4)+($BL4*IF($G$1="破竹",$AP4,$AN4)+IF($G$1="破竹",$AQ4*1.5,0))*(1+$BM4)*(1+$BN4))*(1+$AR4)*$BS4*$Q4*(1+IF(VLOOKUP($R4,武学奇术!$A:$ZZ,30,FALSE)="轻击",$B$21,0))*(1+IF(VLOOKUP($R4,武学奇术!$A:$ZZ,30,FALSE)="老鼠",$B$22,0))*(1+$BW4))*(1+$BX4) -> 51665.283 | O4: =((($AT4+$AU4)/2*$AN4+$AO4)*(1+$AV4)*(1+$AW4)+(($AY4+$AZ4)/2*IF($G$1="鸣金",$AP4,$AN4)+IF($G$1="鸣金",$AQ4*1.5,0))*(1+$BA4)*(1+$BB4)+(($BC4+$BD4)/2*IF($G$1="裂石",$AP4,$AN4)+IF($G$1="裂石",$AQ4*1.5,0))*(1+$BE4)*(1+$BF4)+(($BG4+$BH4)/2*IF($G$1="牵丝",$AP4,$AN4)+IF($G$1="牵丝",$AQ4*1.5,0))*(1+$BI4)*(1+$BJ4)+(($BK4+$BL4)/2*IF($G$1="破竹",$AP4,$AN4)+IF($G$1="破竹",$AQ4*1.5,0))*(1+$BM4)*(1+$BN4))*(1+$AR4)*$Q4*(1+IF(VLOOKUP($R4,武学奇术!$A:$ZZ,30,FALSE)="轻击",$B$21,0))*(1+IF(VLOOKUP($R4,武学奇术!$A:$ZZ,30,FALSE)="老鼠",$B$22,0))*(1+$BW4)*(1+$BX4) -> 33865.376 | P4: =((($AT4*$AN4+$AO4)*(1+$AV4)*(1+$AW4)+($AY4*IF($G$1="鸣金",$AP4,$AN4)+IF($G$1="鸣金",$AQ4*1.5,0))*(1+$BA4)*(1+$BB4)+($BC4*IF($G$1="裂石",$AP4,$AN4)+IF($G$1="裂石",$AQ4*1.5,0))*(1+$BE4)*(1+$BF4)+($BG4*IF($G$1="牵丝",$AP4,$AN4)+IF($G$1="牵丝",$AQ4*1.5,0))*(1+$BI4)*(1+$BJ4)+($BK4*IF($G$1="破竹",$AP4,$AN4)+IF($G$1="破竹",$AQ4*1.5,0))*(1+$BM4)*(1+$BN4))*(1+$AR4))*$Q4*(1+IF(VLOOKUP($R4,武学奇术!$A:$ZZ,30,FALSE)="轻击",$B$21,0))*(1+IF(VLOOKUP($R4,武学奇术!$A:$ZZ,30,FALSE)="老鼠",$B$22,0))*(1+$BW4)*(1+$BX4) -> 29460.171 | Q4: 1 | R4: 千灯一月单次 | S4: 易水歌5层 | T4: 沧海帖4层 | U4: N/a | V4: N/a | W4: 轮回 | X4: N/a | Y4: N/a | Z4: 嗔焰 | AA4: 惧刃(拐) | AB4: N/a | AC4: N/a | AD4: 迷踪 | AE4: 断石 | AF4: N/a | AG4: 无惧 | AH4: 离猎(拐) | AI4: N/a | AJ4: N/a | AK4: N/a | AL4: N/a | AM4: =VLOOKUP($R4,武学奇术!$A:$ZZ,25,FALSE) -> 群体奇术 | AN4: =VLOOKUP($R4,武学奇术!$A:$ZZ,26,FALSE) -> 2.3774 | AO4: =VLOOKUP($R4,武学奇术!$A:$ZZ,27,FALSE)*(1+IF(OR($AM4=$F$4,$AM4=$F$5),$B$23,0)) -> 476 | AP4: =VLOOKUP($R4,武学奇术!$A:$ZZ,28,FALSE) -> 3.5661 | AQ4: =VLOOKUP($R4,武学奇术!$A:$ZZ,29,FALSE)*(1+IF(OR($AM4=$F$4,$AM4=$F$5),$B$23,0)) -> 0 | AR4: {=$G$3+IFERROR(VLOOKUP($AM4,$F$4:$G$7,2,FALSE),0)+VLOOKUP($R4,武学奇术!$A:$ZZ,2,FALSE)+SUM(_xlfn.XLOOKUP($S4:$AL4,增益!$A:$A,增益!$B:$B,0))} -> 0.4842 | AS4: {=VLOOKUP($R4,武学奇术!$A:$ZZ,5,FALSE)+SUM(_xlfn.XLOOKUP($S4:$AL4,增益!$A:$A,增益!$E:$E,0))} -> 0 | AT4: {=$D$10*(1+$AS4)+VLOOKUP($R4,武学奇术!$A:$ZZ,3,FALSE)+SUM(_xlfn.XLOOKUP($S4:$AL4,增益!$A:$A,增益!$C:$C,0))-$I$2} -> 4081.7 | AU4: {=$E$10*(1+$AS4)+VLOOKUP($R4,武学奇术!$A:$ZZ,4,FALSE)+SUM(_xlfn.XLOOKUP($S4:$AL4,增益!$A:$A,增益!$D:$D,0))-$I$2} -> 4081.7 | AV4: {=IF($F$10-$I$3+VLOOKUP($R4,武学奇术!$A:$ZZ,6,FALSE)+SUM(_xlfn.XLOOKUP(S4:AL4,增益!$A:$A,增益!$F:$F,0))>0,($F$10-$I$3+VLOOKUP($R4,武学奇术!$A:$ZZ,6,FALSE)+SUM(_xlfn.XLOOKUP(S4:AL4,增益!$A:$A,增益!$F:$F,0)))/200,($F$10-$I$3+VLOOKUP($R4,武学奇术!$A:$ZZ,6,FALSE)+SUM(_xlfn.XLOOKUP(S4:AL4,增益!$A:$A,增益!$F:$F,0)))/100)} -> 0.4539 | AW4: {=$G$10+VLOOKUP($R4,武学奇术!$A:$ZZ,7,FALSE)+SUM(_xlfn.XLOOKUP(S4:AL4,增益!$A:$A,增益!$G:$G,0))} -> 0.02 | AX4: {=VLOOKUP($R4,武学奇术!$A:$ZZ,8,FALSE)+SUM(_xlfn.XLOOKUP(S4:AL4,增益!$A:$A,增益!$H:$H,0))} -> 0 | AY4: =$D$11*(1+$AX4) -> 0 | AZ4: =$E$11*(1+$AX4) -> 0 | BA4: {=IF($F$11-$I$4+VLOOKUP($R4,武学奇术!$A:$ZZ,9,FALSE)+SUM(_xlfn.XLOOKUP(S4:AL4,增益!$A:$A,增益!$I:$I,0))>0,($F$11-$I$4+VLOOKUP($R4,武学奇术!$A:$ZZ,9,FALSE)+SUM(_xlfn.XLOOKUP(S4:AL4,增益!$A:$A,增益!$I:$I,0)))/200,($F$11-$I$4+VLOOKUP($R4,武学奇术!$A:$ZZ,9,FALSE)+SUM(_xlfn.XLOOKUP(S4:AL4,增益!$A:$A,增益!$I:$I,0)))/100)} -> -0.14 | BB4: {=$G$11+VLOOKUP($R4,武学奇术!$A:$ZZ,10,FALSE)+SUM(_xlfn.XLOOKUP(S4:AL4,增益!$A:$A,增益!$J:$J,0))} -> 0.02 | BC4: =$D$12*(1+$AX4) -> 0 | BD4: =$E$12*(1+$AX4) -> 0 | BE4: {=IF($F$12-$I$4+VLOOKUP($R4,武学奇术!$A:$ZZ,11,FALSE)+SUM(_xlfn.XLOOKUP(S4:AL4,增益!$A:$A,增益!$K:$K,0))>0,($F$12-$I$4+VLOOKUP($R4,武学奇术!$A:$ZZ,11,FALSE)+SUM(_xlfn.XLOOKUP(S4:AL4,增益!$A:$A,增益!$K:$K,0)))/200,($F$12-$I$4+VLOOKUP($R4,武学奇术!$A:$ZZ,11,FALSE)+SUM(_xlfn.XLOOKUP(S4:AL4,增益!$A:$A,增益!$K:$K,0)))/100)} -> -0.14 | BF4: {=$G$12+VLOOKUP($R4,武学奇术!$A:$ZZ,12,FALSE)+SUM(_xlfn.XLOOKUP(S4:AL4,增益!$A:$A,增益!$L:$L,0))} -> 0.02 | BG4: =$D$13*(1+$AX4) -> 0 | BH4: =$E$13*(1+$AX4) -> 0 | BI4: {=IF($F$13-$I$4+VLOOKUP($R4,武学奇术!$A:$ZZ,13,FALSE)+SUM(_xlfn.XLOOKUP(S4:AL4,增益!$A:$A,增益!$M:$M,0))>0,($F$13-$I$4+VLOOKUP($R4,武学奇术!$A:$ZZ,13,FALSE)+SUM(_xlfn.XLOOKUP(S4:AL4,增益!$A:$A,增益!$K:$K,0)))/200,($F$13-$I$4+VLOOKUP($R4,武学奇术!$A:$ZZ,13,FALSE)+SUM(_xlfn.XLOOKUP(S4:AL4,增益!$A:$A,增益!$M:$M,0)))/100)} -> -0.14 | BJ4: {=$G$13+VLOOKUP($R4,武学奇术!$A:$ZZ,14,FALSE)+SUM(_xlfn.XLOOKUP(S4:AL4,增益!$A:$A,增益!$N:$N,0))} -> 0.02 | BK4: =$D$14*(1+$AX4) -> 618.2 | BL4: =$E$14*(1+$AX4) -> 1805 | BM4: {=IF($F$14-$I$4+VLOOKUP($R4,武学奇术!$A:$ZZ,15,FALSE)+SUM(_xlfn.XLOOKUP(S4:AL4,增益!$A:$A,增益!$O:$O,0))>0,($F$14-$I$4+VLOOKUP($R4,武学奇术!$A:$ZZ,15,FALSE)+SUM(_xlfn.XLOOKUP(S4:AL4,增益!$A:$A,增益!$O:$O,0)))/200,($F$14-$I$4+VLOOKUP($R4,武学奇术!$A:$ZZ,15,FALSE)+SUM(_xlfn.XLOOKUP(S4:AL4,增益!$A:$A,增益!$O:$O,0)))/100)} -> 0.08 | BN4: {=$G$14+VLOOKUP($R4,武学奇术!$A:$ZZ,16,FALSE)+SUM(_xlfn.XLOOKUP(S4:AL4,增益!$A:$A,增益!$P:$P,0))} -> 0.17 | BO4: =MIN(IF(VLOOKUP($R4,武学奇术!$A:$ZZ,23,FALSE)=1,100%,$B$8),100%) -> 0.9943 | BP4: {=IF(VLOOKUP($R4,武学奇术!$A:$ZZ,23,FALSE)=1,100%,MIN(80%,$B$9+VLOOKUP($R4,武学奇术!$A:$ZZ,17,FALSE)+SUM(_xlfn.XLOOKUP(S4:AL4,增益!$A:$A,增益!$Q:$Q,0)))+$B$11+SUM(_xlfn.XLOOKUP(S4:AL4,增益!$A:$A,增益!$U:$U,0)))*IF(VLOOKUP($R4,武学奇术!$A:$ZZ,24,FALSE)=1,0,1)} -> 0.887 | BQ4: {=1+$B$13+VLOOKUP($R4,武学奇术!$A:$ZZ,18,FALSE)+SUM(_xlfn.XLOOKUP(S4:AL4,增益!$A:$A,增益!$R:$R,0))} -> 2.334 | BR4: {=IF(VLOOKUP($R4,武学奇术!$A:$ZZ,24,FALSE)=1,100%,MIN(40%,$B$10+VLOOKUP($R4,武学奇术!$A:$ZZ,19,FALSE)+SUM(_xlfn.XLOOKUP(S4:AL4,增益!$A:$A,增益!$S:$S,0)))+$B$12+SUM(_xlfn.XLOOKUP(S4:AL4,增益!$A:$A,增益!$V:$V,0)))*IF(VLOOKUP($R4,武学奇术!$A:$ZZ,23,FALSE)=1,0,1)} -> 0.0913 | BS4: {=1+$B$14+VLOOKUP($R4,武学奇术!$A:$ZZ,20,FALSE)+SUM(_xlfn.XLOOKUP(S4:AL4,增益!$A:$A,增益!$T:$T,0))} -> 1.35 | BT4: =MIN((1-BR4)*BO4,BO4*BP4) -> 0.8819441 | BU4: =1-BR4-BT4-BV4 -> 0.02157631 | BV4: =IF(VLOOKUP($R4,武学奇术!$A:$ZZ,22,FALSE)=1,0,(1-$BO4))*(1-$BR4) -> 0.00517959 | BW4: {=SUM(_xlfn.XLOOKUP(S4:AL4,增益!$A:$A,增益!$W:$W,0))+$I$5} -> 0.11 | BX4: =VLOOKUP($R4,武学奇术!$A:$ZZ,32,FALSE) -> 0 | BY4: {=SUM(_xlfn.XLOOKUP($S4:$AL4,增益!$A:$A,增益!$X:$X,0))} -> 0
A5: 牵丝 | F5: 绳镖 | G5: =B15+B18 -> 0.1701 | H5: 副本天赋 | I5: 0.06 | K5: =$L5*VLOOKUP($R5,武学奇术!$A:$ZZ,31,FALSE) -> 76816.974 | L5: =($M5*$BT5+$N5*$BR5+$O5*$BU5+$P5*$BV5) -> 75310.759 | M5: =((($AT5+$AU5)/2*$AN5+$AO5)*(1+$AV5)*(1+$AW5)+(($AY5+$AZ5)/2*IF($G$1="鸣金",$AP5,$AN5)+IF($G$1="鸣金",$AQ5*1.5,0))*(1+$BA5)*(1+$BB5)+(($BC5+$BD5)/2*IF($G$1="裂石",$AP5,$AN5)+IF($G$1="裂石",$AQ5*1.5,0))*(1+$BE5)*(1+$BF5)+(($BG5+$BH5)/2*IF($G$1="牵丝",$AP5,$AN5)+IF($G$1="牵丝",$AQ5*1.5,0))*(1+$BI5)*(1+$BJ5)+(($BK5+$BL5)/2*IF($G$1="破竹",$AP5,$AN5)+IF($G$1="破竹",$AQ5*1.5,0))*(1+$BM5)*(1+$BN5))*(1+$AR5)*$BQ5*$Q5*(1+IF(VLOOKUP($R5,武学奇术!$A:$ZZ,30,FALSE)="轻击",$B$21,0))*(1+IF(VLOOKUP($R5,武学奇术!$A:$ZZ,30,FALSE)="老鼠",$B$22,0))*(1+$BW5)*(1+$BX5) -> 79041.787 | N5: =((($AU5*$AN5+$AO5)*(1+$AV5)*(1+$AW5)+($AZ5*IF($G$1="鸣金",$AP5,$AN5)+IF($G$1="鸣金",$AQ5*1.5,0))*(1+$BA5)*(1+$BB5)+($BD5*IF($G$1="裂石",$AP5,$AN5)+IF($G$1="裂石",$AQ5*1.5,0))*(1+$BE5)*(1+$BF5)+($BH5*IF($G$1="牵丝",$AP5,$AN5)+IF($G$1="牵丝",$AQ5*1.5,0))*(1+$BI5)*(1+$BJ5)+($BL5*IF($G$1="破竹",$AP5,$AN5)+IF($G$1="破竹",$AQ5*1.5,0))*(1+$BM5)*(1+$BN5))*(1+$AR5)*$BS5*$Q5*(1+IF(VLOOKUP($R5,武学奇术!$A:$ZZ,30,FALSE)="轻击",$B$21,0))*(1+IF(VLOOKUP($R5,武学奇术!$A:$ZZ,30,FALSE)="老鼠",$B$22,0))*(1+$BW5))*(1+$BX5) -> 51665.283 | O5: =((($AT5+$AU5)/2*$AN5+$AO5)*(1+$AV5)*(1+$AW5)+(($AY5+$AZ5)/2*IF($G$1="鸣金",$AP5,$AN5)+IF($G$1="鸣金",$AQ5*1.5,0))*(1+$BA5)*(1+$BB5)+(($BC5+$BD5)/2*IF($G$1="裂石",$AP5,$AN5)+IF($G$1="裂石",$AQ5*1.5,0))*(1+$BE5)*(1+$BF5)+(($BG5+$BH5)/2*IF($G$1="牵丝",$AP5,$AN5)+IF($G$1="牵丝",$AQ5*1.5,0))*(1+$BI5)*(1+$BJ5)+(($BK5+$BL5)/2*IF($G$1="破竹",$AP5,$AN5)+IF($G$1="破竹",$AQ5*1.5,0))*(1+$BM5)*(1+$BN5))*(1+$AR5)*$Q5*(1+IF(VLOOKUP($R5,武学奇术!$A:$ZZ,30,FALSE)="轻击",$B$21,0))*(1+IF(VLOOKUP($R5,武学奇术!$A:$ZZ,30,FALSE)="老鼠",$B$22,0))*(1+$BW5)*(1+$BX5) -> 33865.376 | P5: =((($AT5*$AN5+$AO5)*(1+$AV5)*(1+$AW5)+($AY5*IF($G$1="鸣金",$AP5,$AN5)+IF($G$1="鸣金",$AQ5*1.5,0))*(1+$BA5)*(1+$BB5)+($BC5*IF($G$1="裂石",$AP5,$AN5)+IF($G$1="裂石",$AQ5*1.5,0))*(1+$BE5)*(1+$BF5)+($BG5*IF($G$1="牵丝",$AP5,$AN5)+IF($G$1="牵丝",$AQ5*1.5,0))*(1+$BI5)*(1+$BJ5)+($BK5*IF($G$1="破竹",$AP5,$AN5)+IF($G$1="破竹",$AQ5*1.5,0))*(1+$BM5)*(1+$BN5))*(1+$AR5))*$Q5*(1+IF(VLOOKUP($R5,武学奇术!$A:$ZZ,30,FALSE)="轻击",$B$21,0))*(1+IF(VLOOKUP($R5,武学奇术!$A:$ZZ,30,FALSE)="老鼠",$B$22,0))*(1+$BW5)*(1+$BX5) -> 29460.171 | Q5: 1 | R5: 千灯一月单次 | S5: 易水歌5层 | T5: 沧海帖4层 | U5: N/a | V5: N/a | W5: 轮回 | X5: N/a | Y5: N/a | Z5: 嗔焰 | AA5: 惧刃(拐) | AB5: N/a | AC5: N/a | AD5: 迷踪 | AE5: 断石 | AF5: N/a | AG5: 无惧 | AH5: 离猎(拐) | AI5: N/a | AJ5: N/a | AK5: N/a | AL5: N/a | AM5: =VLOOKUP($R5,武学奇术!$A:$ZZ,25,FALSE) -> 群体奇术 | AN5: =VLOOKUP($R5,武学奇术!$A:$ZZ,26,FALSE) -> 2.3774 | AO5: =VLOOKUP($R5,武学奇术!$A:$ZZ,27,FALSE)*(1+IF(OR($AM5=$F$4,$AM5=$F$5),$B$23,0)) -> 476 | AP5: =VLOOKUP($R5,武学奇术!$A:$ZZ,28,FALSE) -> 3.5661 | AQ5: =VLOOKUP($R5,武学奇术!$A:$ZZ,29,FALSE)*(1+IF(OR($AM5=$F$4,$AM5=$F$5),$B$23,0)) -> 0 | AR5: {=$G$3+IFERROR(VLOOKUP($AM5,$F$4:$G$7,2,FALSE),0)+VLOOKUP($R5,武学奇术!$A:$ZZ,2,FALSE)+SUM(_xlfn.XLOOKUP($S5:$AL5,增益!$A:$A,增益!$B:$B,0))} -> 0.4842 | AS5: {=VLOOKUP($R5,武学奇术!$A:$ZZ,5,FALSE)+SUM(_xlfn.XLOOKUP($S5:$AL5,增益!$A:$A,增益!$E:$E,0))} -> 0 | AT5: {=$D$10*(1+$AS5)+VLOOKUP($R5,武学奇术!$A:$ZZ,3,FALSE)+SUM(_xlfn.XLOOKUP($S5:$AL5,增益!$A:$A,增益!$C:$C,0))-$I$2} -> 4081.7 | AU5: {=$E$10*(1+$AS5)+VLOOKUP($R5,武学奇术!$A:$ZZ,4,FALSE)+SUM(_xlfn.XLOOKUP($S5:$AL5,增益!$A:$A,增益!$D:$D,0))-$I$2} -> 4081.7 | AV5: {=IF($F$10-$I$3+VLOOKUP($R5,武学奇术!$A:$ZZ,6,FALSE)+SUM(_xlfn.XLOOKUP(S5:AL5,增益!$A:$A,增益!$F:$F,0))>0,($F$10-$I$3+VLOOKUP($R5,武学奇术!$A:$ZZ,6,FALSE)+SUM(_xlfn.XLOOKUP(S5:AL5,增益!$A:$A,增益!$F:$F,0)))/200,($F$10-$I$3+VLOOKUP($R5,武学奇术!$A:$ZZ,6,FALSE)+SUM(_xlfn.XLOOKUP(S5:AL5,增益!$A:$A,增益!$F:$F,0)))/100)} -> 0.4539 | AW5: {=$G$10+VLOOKUP($R5,武学奇术!$A:$ZZ,7,FALSE)+SUM(_xlfn.XLOOKUP(S5:AL5,增益!$A:$A,增益!$G:$G,0))} -> 0.02 | AX5: {=VLOOKUP($R5,武学奇术!$A:$ZZ,8,FALSE)+SUM(_xlfn.XLOOKUP(S5:AL5,增益!$A:$A,增益!$H:$H,0))} -> 0 | AY5: =$D$11*(1+$AX5) -> 0 | AZ5: =$E$11*(1+$AX5) -> 0 | BA5: {=IF($F$11-$I$4+VLOOKUP($R5,武学奇术!$A:$ZZ,9,FALSE)+SUM(_xlfn.XLOOKUP(S5:AL5,增益!$A:$A,增益!$I:$I,0))>0,($F$11-$I$4+VLOOKUP($R5,武学奇术!$A:$ZZ,9,FALSE)+SUM(_xlfn.XLOOKUP(S5:AL5,增益!$A:$A,增益!$I:$I,0)))/200,($F$11-$I$4+VLOOKUP($R5,武学奇术!$A:$ZZ,9,FALSE)+SUM(_xlfn.XLOOKUP(S5:AL5,增益!$A:$A,增益!$I:$I,0)))/100)} -> -0.14 | BB5: {=$G$11+VLOOKUP($R5,武学奇术!$A:$ZZ,10,FALSE)+SUM(_xlfn.XLOOKUP(S5:AL5,增益!$A:$A,增益!$J:$J,0))} -> 0.02 | BC5: =$D$12*(1+$AX5) -> 0 | BD5: =$E$12*(1+$AX5) -> 0 | BE5: {=IF($F$12-$I$4+VLOOKUP($R5,武学奇术!$A:$ZZ,11,FALSE)+SUM(_xlfn.XLOOKUP(S5:AL5,增益!$A:$A,增益!$K:$K,0))>0,($F$12-$I$4+VLOOKUP($R5,武学奇术!$A:$ZZ,11,FALSE)+SUM(_xlfn.XLOOKUP(S5:AL5,增益!$A:$A,增益!$K:$K,0)))/200,($F$12-$I$4+VLOOKUP($R5,武学奇术!$A:$ZZ,11,FALSE)+SUM(_xlfn.XLOOKUP(S5:AL5,增益!$A:$A,增益!$K:$K,0)))/100)} -> -0.14 | BF5: {=$G$12+VLOOKUP($R5,武学奇术!$A:$ZZ,12,FALSE)+SUM(_xlfn.XLOOKUP(S5:AL5,增益!$A:$A,增益!$L:$L,0))} -> 0.02 | BG5: =$D$13*(1+$AX5) -> 0 | BH5: =$E$13*(1+$AX5) -> 0 | BI5: {=IF($F$13-$I$4+VLOOKUP($R5,武学奇术!$A:$ZZ,13,FALSE)+SUM(_xlfn.XLOOKUP(S5:AL5,增益!$A:$A,增益!$M:$M,0))>0,($F$13-$I$4+VLOOKUP($R5,武学奇术!$A:$ZZ,13,FALSE)+SUM(_xlfn.XLOOKUP(S5:AL5,增益!$A:$A,增益!$K:$K,0)))/200,($F$13-$I$4+VLOOKUP($R5,武学奇术!$A:$ZZ,13,FALSE)+SUM(_xlfn.XLOOKUP(S5:AL5,增益!$A:$A,增益!$M:$M,0)))/100)} -> -0.14 | BJ5: {=$G$13+VLOOKUP($R5,武学奇术!$A:$ZZ,14,FALSE)+SUM(_xlfn.XLOOKUP(S5:AL5,增益!$A:$A,增益!$N:$N,0))} -> 0.02 | BK5: =$D$14*(1+$AX5) -> 618.2 | BL5: =$E$14*(1+$AX5) -> 1805 | BM5: {=IF($F$14-$I$4+VLOOKUP($R5,武学奇术!$A:$ZZ,15,FALSE)+SUM(_xlfn.XLOOKUP(S5:AL5,增益!$A:$A,增益!$O:$O,0))>0,($F$14-$I$4+VLOOKUP($R5,武学奇术!$A:$ZZ,15,FALSE)+SUM(_xlfn.XLOOKUP(S5:AL5,增益!$A:$A,增益!$O:$O,0)))/200,($F$14-$I$4+VLOOKUP($R5,武学奇术!$A:$ZZ,15,FALSE)+SUM(_xlfn.XLOOKUP(S5:AL5,增益!$A:$A,增益!$O:$O,0)))/100)} -> 0.08 | BN5: {=$G$14+VLOOKUP($R5,武学奇术!$A:$ZZ,16,FALSE)+SUM(_xlfn.XLOOKUP(S5:AL5,增益!$A:$A,增益!$P:$P,0))} -> 0.17 | BO5: =MIN(IF(VLOOKUP($R5,武学奇术!$A:$ZZ,23,FALSE)=1,100%,$B$8),100%) -> 0.9943 | BP5: {=IF(VLOOKUP($R5,武学奇术!$A:$ZZ,23,FALSE)=1,100%,MIN(80%,$B$9+VLOOKUP($R5,武学奇术!$A:$ZZ,17,FALSE)+SUM(_xlfn.XLOOKUP(S5:AL5,增益!$A:$A,增益!$Q:$Q,0)))+$B$11+SUM(_xlfn.XLOOKUP(S5:AL5,增益!$A:$A,增益!$U:$U,0)))*IF(VLOOKUP($R5,武学奇术!$A:$ZZ,24,FALSE)=1,0,1)} -> 0.887 | BQ5: {=1+$B$13+VLOOKUP($R5,武学奇术!$A:$ZZ,18,FALSE)+SUM(_xlfn.XLOOKUP(S5:AL5,增益!$A:$A,增益!$R:$R,0))} -> 2.334 | BR5: {=IF(VLOOKUP($R5,武学奇术!$A:$ZZ,24,FALSE)=1,100%,MIN(40%,$B$10+VLOOKUP($R5,武学奇术!$A:$ZZ,19,FALSE)+SUM(_xlfn.XLOOKUP(S5:AL5,增益!$A:$A,增益!$S:$S,0)))+$B$12+SUM(_xlfn.XLOOKUP(S5:AL5,增益!$A:$A,增益!$V:$V,0)))*IF(VLOOKUP($R5,武学奇术!$A:$ZZ,23,FALSE)=1,0,1)} -> 0.0913 | BS5: {=1+$B$14+VLOOKUP($R5,武学奇术!$A:$ZZ,20,FALSE)+SUM(_xlfn.XLOOKUP(S5:AL5,增益!$A:$A,增益!$T:$T,0))} -> 1.35 | BT5: =MIN((1-BR5)*BO5,BO5*BP5) -> 0.8819441 | BU5: =1-BR5-BT5-BV5 -> 0.02157631 | BV5: =IF(VLOOKUP($R5,武学奇术!$A:$ZZ,22,FALSE)=1,0,(1-$BO5))*(1-$BR5) -> 0.00517959 | BW5: {=SUM(_xlfn.XLOOKUP(S5:AL5,增益!$A:$A,增益!$W:$W,0))+$I$5} -> 0.11 | BX5: =VLOOKUP($R5,武学奇术!$A:$ZZ,32,FALSE) -> 0 | BY5: {=SUM(_xlfn.XLOOKUP($S5:$AL5,增益!$A:$A,增益!$X:$X,0))} -> 0
A6: 破竹 | B6: 539 | C6: 1554.2 | D6: 30 | E6: 0.15 | F6: 单体奇术 | G6: =B19 -> 0 | K6: =$L6*VLOOKUP($R6,武学奇术!$A:$ZZ,31,FALSE) -> 76816.974 | L6: =($M6*$BT6+$N6*$BR6+$O6*$BU6+$P6*$BV6) -> 75310.759 | M6: =((($AT6+$AU6)/2*$AN6+$AO6)*(1+$AV6)*(1+$AW6)+(($AY6+$AZ6)/2*IF($G$1="鸣金",$AP6,$AN6)+IF($G$1="鸣金",$AQ6*1.5,0))*(1+$BA6)*(1+$BB6)+(($BC6+$BD6)/2*IF($G$1="裂石",$AP6,$AN6)+IF($G$1="裂石",$AQ6*1.5,0))*(1+$BE6)*(1+$BF6)+(($BG6+$BH6)/2*IF($G$1="牵丝",$AP6,$AN6)+IF($G$1="牵丝",$AQ6*1.5,0))*(1+$BI6)*(1+$BJ6)+(($BK6+$BL6)/2*IF($G$1="破竹",$AP6,$AN6)+IF($G$1="破竹",$AQ6*1.5,0))*(1+$BM6)*(1+$BN6))*(1+$AR6)*$BQ6*$Q6*(1+IF(VLOOKUP($R6,武学奇术!$A:$ZZ,30,FALSE)="轻击",$B$21,0))*(1+IF(VLOOKUP($R6,武学奇术!$A:$ZZ,30,FALSE)="老鼠",$B$22,0))*(1+$BW6)*(1+$BX6) -> 79041.787 | N6: =((($AU6*$AN6+$AO6)*(1+$AV6)*(1+$AW6)+($AZ6*IF($G$1="鸣金",$AP6,$AN6)+IF($G$1="鸣金",$AQ6*1.5,0))*(1+$BA6)*(1+$BB6)+($BD6*IF($G$1="裂石",$AP6,$AN6)+IF($G$1="裂石",$AQ6*1.5,0))*(1+$BE6)*(1+$BF6)+($BH6*IF($G$1="牵丝",$AP6,$AN6)+IF($G$1="牵丝",$AQ6*1.5,0))*(1+$BI6)*(1+$BJ6)+($BL6*IF($G$1="破竹",$AP6,$AN6)+IF($G$1="破竹",$AQ6*1.5,0))*(1+$BM6)*(1+$BN6))*(1+$AR6)*$BS6*$Q6*(1+IF(VLOOKUP($R6,武学奇术!$A:$ZZ,30,FALSE)="轻击",$B$21,0))*(1+IF(VLOOKUP($R6,武学奇术!$A:$ZZ,30,FALSE)="老鼠",$B$22,0))*(1+$BW6))*(1+$BX6) -> 51665.283 | O6: =((($AT6+$AU6)/2*$AN6+$AO6)*(1+$AV6)*(1+$AW6)+(($AY6+$AZ6)/2*IF($G$1="鸣金",$AP6,$AN6)+IF($G$1="鸣金",$AQ6*1.5,0))*(1+$BA6)*(1+$BB6)+(($BC6+$BD6)/2*IF($G$1="裂石",$AP6,$AN6)+IF($G$1="裂石",$AQ6*1.5,0))*(1+$BE6)*(1+$BF6)+(($BG6+$BH6)/2*IF($G$1="牵丝",$AP6,$AN6)+IF($G$1="牵丝",$AQ6*1.5,0))*(1+$BI6)*(1+$BJ6)+(($BK6+$BL6)/2*IF($G$1="破竹",$AP6,$AN6)+IF($G$1="破竹",$AQ6*1.5,0))*(1+$BM6)*(1+$BN6))*(1+$AR6)*$Q6*(1+IF(VLOOKUP($R6,武学奇术!$A:$ZZ,30,FALSE)="轻击",$B$21,0))*(1+IF(VLOOKUP($R6,武学奇术!$A:$ZZ,30,FALSE)="老鼠",$B$22,0))*(1+$BW6)*(1+$BX6) -> 33865.376 | P6: =((($AT6*$AN6+$AO6)*(1+$AV6)*(1+$AW6)+($AY6*IF($G$1="鸣金",$AP6,$AN6)+IF($G$1="鸣金",$AQ6*1.5,0))*(1+$BA6)*(1+$BB6)+($BC6*IF($G$1="裂石",$AP6,$AN6)+IF($G$1="裂石",$AQ6*1.5,0))*(1+$BE6)*(1+$BF6)+($BG6*IF($G$1="牵丝",$AP6,$AN6)+IF($G$1="牵丝",$AQ6*1.5,0))*(1+$BI6)*(1+$BJ6)+($BK6*IF($G$1="破竹",$AP6,$AN6)+IF($G$1="破竹",$AQ6*1.5,0))*(1+$BM6)*(1+$BN6))*(1+$AR6))*$Q6*(1+IF(VLOOKUP($R6,武学奇术!$A:$ZZ,30,FALSE)="轻击",$B$21,0))*(1+IF(VLOOKUP($R6,武学奇术!$A:$ZZ,30,FALSE)="老鼠",$B$22,0))*(1+$BW6)*(1+$BX6) -> 29460.171 | Q6: 1 | R6: 千灯一月单次 | S6: 易水歌5层 | T6: 沧海帖4层 | U6: N/a | V6: N/a | W6: 轮回 | X6: N/a | Y6: N/a | Z6: 嗔焰 | AA6: 惧刃(拐) | AB6: N/a | AC6: N/a | AD6: 迷踪 | AE6: 断石 | AF6: N/a | AG6: 无惧 | AH6: 离猎(拐) | AI6: N/a | AJ6: N/a | AK6: N/a | AL6: N/a | AM6: =VLOOKUP($R6,武学奇术!$A:$ZZ,25,FALSE) -> 群体奇术 | AN6: =VLOOKUP($R6,武学奇术!$A:$ZZ,26,FALSE) -> 2.3774 | AO6: =VLOOKUP($R6,武学奇术!$A:$ZZ,27,FALSE)*(1+IF(OR($AM6=$F$4,$AM6=$F$5),$B$23,0)) -> 476 | AP6: =VLOOKUP($R6,武学奇术!$A:$ZZ,28,FALSE) -> 3.5661 | AQ6: =VLOOKUP($R6,武学奇术!$A:$ZZ,29,FALSE)*(1+IF(OR($AM6=$F$4,$AM6=$F$5),$B$23,0)) -> 0 | AR6: {=$G$3+IFERROR(VLOOKUP($AM6,$F$4:$G$7,2,FALSE),0)+VLOOKUP($R6,武学奇术!$A:$ZZ,2,FALSE)+SUM(_xlfn.XLOOKUP($S6:$AL6,增益!$A:$A,增益!$B:$B,0))} -> 0.4842 | AS6: {=VLOOKUP($R6,武学奇术!$A:$ZZ,5,FALSE)+SUM(_xlfn.XLOOKUP($S6:$AL6,增益!$A:$A,增益!$E:$E,0))} -> 0 | AT6: {=$D$10*(1+$AS6)+VLOOKUP($R6,武学奇术!$A:$ZZ,3,FALSE)+SUM(_xlfn.XLOOKUP($S6:$AL6,增益!$A:$A,增益!$C:$C,0))-$I$2} -> 4081.7 | AU6: {=$E$10*(1+$AS6)+VLOOKUP($R6,武学奇术!$A:$ZZ,4,FALSE)+SUM(_xlfn.XLOOKUP($S6:$AL6,增益!$A:$A,增益!$D:$D,0))-$I$2} -> 4081.7 | AV6: {=IF($F$10-$I$3+VLOOKUP($R6,武学奇术!$A:$ZZ,6,FALSE)+SUM(_xlfn.XLOOKUP(S6:AL6,增益!$A:$A,增益!$F:$F,0))>0,($F$10-$I$3+VLOOKUP($R6,武学奇术!$A:$ZZ,6,FALSE)+SUM(_xlfn.XLOOKUP(S6:AL6,增益!$A:$A,增益!$F:$F,0)))/200,($F$10-$I$3+VLOOKUP($R6,武学奇术!$A:$ZZ,6,FALSE)+SUM(_xlfn.XLOOKUP(S6:AL6,增益!$A:$A,增益!$F:$F,0)))/100)} -> 0.4539 | AW6: {=$G$10+VLOOKUP($R6,武学奇术!$A:$ZZ,7,FALSE)+SUM(_xlfn.XLOOKUP(S6:AL6,增益!$A:$A,增益!$G:$G,0))} -> 0.02 | AX6: {=VLOOKUP($R6,武学奇术!$A:$ZZ,8,FALSE)+SUM(_xlfn.XLOOKUP(S6:AL6,增益!$A:$A,增益!$H:$H,0))} -> 0 | AY6: =$D$11*(1+$AX6) -> 0 | AZ6: =$E$11*(1+$AX6) -> 0 | BA6: {=IF($F$11-$I$4+VLOOKUP($R6,武学奇术!$A:$ZZ,9,FALSE)+SUM(_xlfn.XLOOKUP(S6:AL6,增益!$A:$A,增益!$I:$I,0))>0,($F$11-$I$4+VLOOKUP($R6,武学奇术!$A:$ZZ,9,FALSE)+SUM(_xlfn.XLOOKUP(S6:AL6,增益!$A:$A,增益!$I:$I,0)))/200,($F$11-$I$4+VLOOKUP($R6,武学奇术!$A:$ZZ,9,FALSE)+SUM(_xlfn.XLOOKUP(S6:AL6,增益!$A:$A,增益!$I:$I,0)))/100)} -> -0.14 | BB6: {=$G$11+VLOOKUP($R6,武学奇术!$A:$ZZ,10,FALSE)+SUM(_xlfn.XLOOKUP(S6:AL6,增益!$A:$A,增益!$J:$J,0))} -> 0.02 | BC6: =$D$12*(1+$AX6) -> 0 | BD6: =$E$12*(1+$AX6) -> 0 | BE6: {=IF($F$12-$I$4+VLOOKUP($R6,武学奇术!$A:$ZZ,11,FALSE)+SUM(_xlfn.XLOOKUP(S6:AL6,增益!$A:$A,增益!$K:$K,0))>0,($F$12-$I$4+VLOOKUP($R6,武学奇术!$A:$ZZ,11,FALSE)+SUM(_xlfn.XLOOKUP(S6:AL6,增益!$A:$A,增益!$K:$K,0)))/200,($F$12-$I$4+VLOOKUP($R6,武学奇术!$A:$ZZ,11,FALSE)+SUM(_xlfn.XLOOKUP(S6:AL6,增益!$A:$A,增益!$K:$K,0)))/100)} -> -0.14 | BF6: {=$G$12+VLOOKUP($R6,武学奇术!$A:$ZZ,12,FALSE)+SUM(_xlfn.XLOOKUP(S6:AL6,增益!$A:$A,增益!$L:$L,0))} -> 0.02 | BG6: =$D$13*(1+$AX6) -> 0 | BH6: =$E$13*(1+$AX6) -> 0 | BI6: {=IF($F$13-$I$4+VLOOKUP($R6,武学奇术!$A:$ZZ,13,FALSE)+SUM(_xlfn.XLOOKUP(S6:AL6,增益!$A:$A,增益!$M:$M,0))>0,($F$13-$I$4+VLOOKUP($R6,武学奇术!$A:$ZZ,13,FALSE)+SUM(_xlfn.XLOOKUP(S6:AL6,增益!$A:$A,增益!$K:$K,0)))/200,($F$13-$I$4+VLOOKUP($R6,武学奇术!$A:$ZZ,13,FALSE)+SUM(_xlfn.XLOOKUP(S6:AL6,增益!$A:$A,增益!$M:$M,0)))/100)} -> -0.14 | BJ6: {=$G$13+VLOOKUP($R6,武学奇术!$A:$ZZ,14,FALSE)+SUM(_xlfn.XLOOKUP(S6:AL6,增益!$A:$A,增益!$N:$N,0))} -> 0.02 | BK6: =$D$14*(1+$AX6) -> 618.2 | BL6: =$E$14*(1+$AX6) -> 1805 | BM6: {=IF($F$14-$I$4+VLOOKUP($R6,武学奇术!$A:$ZZ,15,FALSE)+SUM(_xlfn.XLOOKUP(S6:AL6,增益!$A:$A,增益!$O:$O,0))>0,($F$14-$I$4+VLOOKUP($R6,武学奇术!$A:$ZZ,15,FALSE)+SUM(_xlfn.XLOOKUP(S6:AL6,增益!$A:$A,增益!$O:$O,0)))/200,($F$14-$I$4+VLOOKUP($R6,武学奇术!$A:$ZZ,15,FALSE)+SUM(_xlfn.XLOOKUP(S6:AL6,增益!$A:$A,增益!$O:$O,0)))/100)} -> 0.08 | BN6: {=$G$14+VLOOKUP($R6,武学奇术!$A:$ZZ,16,FALSE)+SUM(_xlfn.XLOOKUP(S6:AL6,增益!$A:$A,增益!$P:$P,0))} -> 0.17 | BO6: =MIN(IF(VLOOKUP($R6,武学奇术!$A:$ZZ,23,FALSE)=1,100%,$B$8),100%) -> 0.9943 | BP6: {=IF(VLOOKUP($R6,武学奇术!$A:$ZZ,23,FALSE)=1,100%,MIN(80%,$B$9+VLOOKUP($R6,武学奇术!$A:$ZZ,17,FALSE)+SUM(_xlfn.XLOOKUP(S6:AL6,增益!$A:$A,增益!$Q:$Q,0)))+$B$11+SUM(_xlfn.XLOOKUP(S6:AL6,增益!$A:$A,增益!$U:$U,0)))*IF(VLOOKUP($R6,武学奇术!$A:$ZZ,24,FALSE)=1,0,1)} -> 0.887 | BQ6: {=1+$B$13+VLOOKUP($R6,武学奇术!$A:$ZZ,18,FALSE)+SUM(_xlfn.XLOOKUP(S6:AL6,增益!$A:$A,增益!$R:$R,0))} -> 2.334 | BR6: {=IF(VLOOKUP($R6,武学奇术!$A:$ZZ,24,FALSE)=1,100%,MIN(40%,$B$10+VLOOKUP($R6,武学奇术!$A:$ZZ,19,FALSE)+SUM(_xlfn.XLOOKUP(S6:AL6,增益!$A:$A,增益!$S:$S,0)))+$B$12+SUM(_xlfn.XLOOKUP(S6:AL6,增益!$A:$A,增益!$V:$V,0)))*IF(VLOOKUP($R6,武学奇术!$A:$ZZ,23,FALSE)=1,0,1)} -> 0.0913 | BS6: {=1+$B$14+VLOOKUP($R6,武学奇术!$A:$ZZ,20,FALSE)+SUM(_xlfn.XLOOKUP(S6:AL6,增益!$A:$A,增益!$T:$T,0))} -> 1.35 | BT6: =MIN((1-BR6)*BO6,BO6*BP6) -> 0.8819441 | BU6: =1-BR6-BT6-BV6 -> 0.02157631 | BV6: =IF(VLOOKUP($R6,武学奇术!$A:$ZZ,22,FALSE)=1,0,(1-$BO6))*(1-$BR6) -> 0.00517959 | BW6: {=SUM(_xlfn.XLOOKUP(S6:AL6,增益!$A:$A,增益!$W:$W,0))+$I$5} -> 0.11 | BX6: =VLOOKUP($R6,武学奇术!$A:$ZZ,32,FALSE) -> 0 | BY6: {=SUM(_xlfn.XLOOKUP($S6:$AL6,增益!$A:$A,增益!$X:$X,0))} -> 0
A7: 无相 | B7: 79.2 | C7: =92.4+79.2*2 -> 250.8 | F7: 群体奇术 | G7: =B20 -> 0 | K7: =$L7*VLOOKUP($R7,武学奇术!$A:$ZZ,31,FALSE) -> 1275.144 | L7: =($M7*$BT7+$N7*$BR7+$O7*$BU7+$P7*$BV7) -> 1250.1412 | M7: =((($AT7+$AU7)/2*$AN7+$AO7)*(1+$AV7)*(1+$AW7)+(($AY7+$AZ7)/2*IF($G$1="鸣金",$AP7,$AN7)+IF($G$1="鸣金",$AQ7*1.5,0))*(1+$BA7)*(1+$BB7)+(($BC7+$BD7)/2*IF($G$1="裂石",$AP7,$AN7)+IF($G$1="裂石",$AQ7*1.5,0))*(1+$BE7)*(1+$BF7)+(($BG7+$BH7)/2*IF($G$1="牵丝",$AP7,$AN7)+IF($G$1="牵丝",$AQ7*1.5,0))*(1+$BI7)*(1+$BJ7)+(($BK7+$BL7)/2*IF($G$1="破竹",$AP7,$AN7)+IF($G$1="破竹",$AQ7*1.5,0))*(1+$BM7)*(1+$BN7))*(1+$AR7)*$BQ7*$Q7*(1+IF(VLOOKUP($R7,武学奇术!$A:$ZZ,30,FALSE)="轻击",$B$21,0))*(1+IF(VLOOKUP($R7,武学奇术!$A:$ZZ,30,FALSE)="老鼠",$B$22,0))*(1+$BW7)*(1+$BX7) -> 1304.8464 | N7: =((($AU7*$AN7+$AO7)*(1+$AV7)*(1+$AW7)+($AZ7*IF($G$1="鸣金",$AP7,$AN7)+IF($G$1="鸣金",$AQ7*1.5,0))*(1+$BA7)*(1+$BB7)+($BD7*IF($G$1="裂石",$AP7,$AN7)+IF($G$1="裂石",$AQ7*1.5,0))*(1+$BE7)*(1+$BF7)+($BH7*IF($G$1="牵丝",$AP7,$AN7)+IF($G$1="牵丝",$AQ7*1.5,0))*(1+$BI7)*(1+$BJ7)+($BL7*IF($G$1="破竹",$AP7,$AN7)+IF($G$1="破竹",$AQ7*1.5,0))*(1+$BM7)*(1+$BN7))*(1+$AR7)*$BS7*$Q7*(1+IF(VLOOKUP($R7,武学奇术!$A:$ZZ,30,FALSE)="轻击",$B$21,0))*(1+IF(VLOOKUP($R7,武学奇术!$A:$ZZ,30,FALSE)="老鼠",$B$22,0))*(1+$BW7))*(1+$BX7) -> 1281.9088 | O7: =((($AT7+$AU7)/2*$AN7+$AO7)*(1+$AV7)*(1+$AW7)+(($AY7+$AZ7)/2*IF($G$1="鸣金",$AP7,$AN7)+IF($G$1="鸣金",$AQ7*1.5,0))*(1+$BA7)*(1+$BB7)+(($BC7+$BD7)/2*IF($G$1="裂石",$AP7,$AN7)+IF($G$1="裂石",$AQ7*1.5,0))*(1+$BE7)*(1+$BF7)+(($BG7+$BH7)/2*IF($G$1="牵丝",$AP7,$AN7)+IF($G$1="牵丝",$AQ7*1.5,0))*(1+$BI7)*(1+$BJ7)+(($BK7+$BL7)/2*IF($G$1="破竹",$AP7,$AN7)+IF($G$1="破竹",$AQ7*1.5,0))*(1+$BM7)*(1+$BN7))*(1+$AR7)*$Q7*(1+IF(VLOOKUP($R7,武学奇术!$A:$ZZ,30,FALSE)="轻击",$B$21,0))*(1+IF(VLOOKUP($R7,武学奇术!$A:$ZZ,30,FALSE)="老鼠",$B$22,0))*(1+$BW7)*(1+$BX7) -> 845.10776 | P7: =((($AT7*$AN7+$AO7)*(1+$AV7)*(1+$AW7)+($AY7*IF($G$1="鸣金",$AP7,$AN7)+IF($G$1="鸣金",$AQ7*1.5,0))*(1+$BA7)*(1+$BB7)+($BC7*IF($G$1="裂石",$AP7,$AN7)+IF($G$1="裂石",$AQ7*1.5,0))*(1+$BE7)*(1+$BF7)+($BG7*IF($G$1="牵丝",$AP7,$AN7)+IF($G$1="牵丝",$AQ7*1.5,0))*(1+$BI7)*(1+$BJ7)+($BK7*IF($G$1="破竹",$AP7,$AN7)+IF($G$1="破竹",$AQ7*1.5,0))*(1+$BM7)*(1+$BN7))*(1+$AR7))*$Q7*(1+IF(VLOOKUP($R7,武学奇术!$A:$ZZ,30,FALSE)="轻击",$B$21,0))*(1+IF(VLOOKUP($R7,武学奇术!$A:$ZZ,30,FALSE)="老鼠",$B$22,0))*(1+$BW7)*(1+$BX7) -> 740.65347 | Q7: 1 | R7: 绳Q | S7: N/a | T7: N/a | U7: N/a | V7: N/a | W7: 轮回 | X7: N/a | Y7: N/a | Z7: N/a | AA7: N/a | AB7: N/a | AC7: N/a | AD7: N/a | AE7: N/a | AF7: N/a | AG7: 无惧 | AH7: 离猎(拐) | AI7: N/a | AJ7: N/a | AK7: N/a | AL7: N/a | AM7: =VLOOKUP($R7,武学奇术!$A:$ZZ,25,FALSE) -> 绳镖 | AN7: =VLOOKUP($R7,武学奇术!$A:$ZZ,26,FALSE) -> 0.0621 | AO7: =VLOOKUP($R7,武学奇术!$A:$ZZ,27,FALSE)*(1+IF(OR($AM7=$F$4,$AM7=$F$5),$B$23,0)) -> 27.2 | AP7: =VLOOKUP($R7,武学奇术!$A:$ZZ,28,FALSE) -> 0.0932 | AQ7: =VLOOKUP($R7,武学奇术!$A:$ZZ,29,FALSE)*(1+IF(OR($AM7=$F$4,$AM7=$F$5),$B$23,0)) -> 14.4 | AR7: {=$G$3+IFERROR(VLOOKUP($AM7,$F$4:$G$7,2,FALSE),0)+VLOOKUP($R7,武学奇术!$A:$ZZ,2,FALSE)+SUM(_xlfn.XLOOKUP($S7:$AL7,增益!$A:$A,增益!$B:$B,0))} -> 0.4543 | AS7: {=VLOOKUP($R7,武学奇术!$A:$ZZ,5,FALSE)+SUM(_xlfn.XLOOKUP($S7:$AL7,增益!$A:$A,增益!$E:$E,0))} -> 0 | AT7: {=$D$10*(1+$AS7)+VLOOKUP($R7,武学奇术!$A:$ZZ,3,FALSE)+SUM(_xlfn.XLOOKUP($S7:$AL7,增益!$A:$A,增益!$C:$C,0))-$I$2} -> 4081.7 | AU7: {=$E$10*(1+$AS7)+VLOOKUP($R7,武学奇术!$A:$ZZ,4,FALSE)+SUM(_xlfn.XLOOKUP($S7:$AL7,增益!$A:$A,增益!$D:$D,0))-$I$2} -> 4081.7 | AV7: {=IF($F$10-$I$3+VLOOKUP($R7,武学奇术!$A:$ZZ,6,FALSE)+SUM(_xlfn.XLOOKUP(S7:AL7,增益!$A:$A,增益!$F:$F,0))>0,($F$10-$I$3+VLOOKUP($R7,武学奇术!$A:$ZZ,6,FALSE)+SUM(_xlfn.XLOOKUP(S7:AL7,增益!$A:$A,增益!$F:$F,0)))/200,($F$10-$I$3+VLOOKUP($R7,武学奇术!$A:$ZZ,6,FALSE)+SUM(_xlfn.XLOOKUP(S7:AL7,增益!$A:$A,增益!$F:$F,0)))/100)} -> 0.2789 | AW7: {=$G$10+VLOOKUP($R7,武学奇术!$A:$ZZ,7,FALSE)+SUM(_xlfn.XLOOKUP(S7:AL7,增益!$A:$A,增益!$G:$G,0))} -> 0.02 | AX7: {=VLOOKUP($R7,武学奇术!$A:$ZZ,8,FALSE)+SUM(_xlfn.XLOOKUP(S7:AL7,增益!$A:$A,增益!$H:$H,0))} -> 0 | AY7: =$D$11*(1+$AX7) -> 0 | AZ7: =$E$11*(1+$AX7) -> 0 | BA7: {=IF($F$11-$I$4+VLOOKUP($R7,武学奇术!$A:$ZZ,9,FALSE)+SUM(_xlfn.XLOOKUP(S7:AL7,增益!$A:$A,增益!$I:$I,0))>0,($F$11-$I$4+VLOOKUP($R7,武学奇术!$A:$ZZ,9,FALSE)+SUM(_xlfn.XLOOKUP(S7:AL7,增益!$A:$A,增益!$I:$I,0)))/200,($F$11-$I$4+VLOOKUP($R7,武学奇术!$A:$ZZ,9,FALSE)+SUM(_xlfn.XLOOKUP(S7:AL7,增益!$A:$A,增益!$I:$I,0)))/100)} -> -0.3 | BB7: {=$G$11+VLOOKUP($R7,武学奇术!$A:$ZZ,10,FALSE)+SUM(_xlfn.XLOOKUP(S7:AL7,增益!$A:$A,增益!$J:$J,0))} -> 0.02 | BC7: =$D$12*(1+$AX7) -> 0 | BD7: =$E$12*(1+$AX7) -> 0 | BE7: {=IF($F$12-$I$4+VLOOKUP($R7,武学奇术!$A:$ZZ,11,FALSE)+SUM(_xlfn.XLOOKUP(S7:AL7,增益!$A:$A,增益!$K:$K,0))>0,($F$12-$I$4+VLOOKUP($R7,武学奇术!$A:$ZZ,11,FALSE)+SUM(_xlfn.XLOOKUP(S7:AL7,增益!$A:$A,增益!$K:$K,0)))/200,($F$12-$I$4+VLOOKUP($R7,武学奇术!$A:$ZZ,11,FALSE)+SUM(_xlfn.XLOOKUP(S7:AL7,增益!$A:$A,增益!$K:$K,0)))/100)} -> -0.3 | BF7: {=$G$12+VLOOKUP($R7,武学奇术!$A:$ZZ,12,FALSE)+SUM(_xlfn.XLOOKUP(S7:AL7,增益!$A:$A,增益!$L:$L,0))} -> 0.02 | BG7: =$D$13*(1+$AX7) -> 0 | BH7: =$E$13*(1+$AX7) -> 0 | BI7: {=IF($F$13-$I$4+VLOOKUP($R7,武学奇术!$A:$ZZ,13,FALSE)+SUM(_xlfn.XLOOKUP(S7:AL7,增益!$A:$A,增益!$M:$M,0))>0,($F$13-$I$4+VLOOKUP($R7,武学奇术!$A:$ZZ,13,FALSE)+SUM(_xlfn.XLOOKUP(S7:AL7,增益!$A:$A,增益!$K:$K,0)))/200,($F$13-$I$4+VLOOKUP($R7,武学奇术!$A:$ZZ,13,FALSE)+SUM(_xlfn.XLOOKUP(S7:AL7,增益!$A:$A,增益!$M:$M,0)))/100)} -> -0.3 | BJ7: {=$G$13+VLOOKUP($R7,武学奇术!$A:$ZZ,14,FALSE)+SUM(_xlfn.XLOOKUP(S7:AL7,增益!$A:$A,增益!$N:$N,0))} -> 0.02 | BK7: =$D$14*(1+$AX7) -> 618.2 | BL7: =$E$14*(1+$AX7) -> 1805 | BM7: {=IF($F$14-$I$4+VLOOKUP($R7,武学奇术!$A:$ZZ,15,FALSE)+SUM(_xlfn.XLOOKUP(S7:AL7,增益!$A:$A,增益!$O:$O,0))>0,($F$14-$I$4+VLOOKUP($R7,武学奇术!$A:$ZZ,15,FALSE)+SUM(_xlfn.XLOOKUP(S7:AL7,增益!$A:$A,增益!$O:$O,0)))/200,($F$14-$I$4+VLOOKUP($R7,武学奇术!$A:$ZZ,15,FALSE)+SUM(_xlfn.XLOOKUP(S7:AL7,增益!$A:$A,增益!$O:$O,0)))/100)} -> 0 | BN7: {=$G$14+VLOOKUP($R7,武学奇术!$A:$ZZ,16,FALSE)+SUM(_xlfn.XLOOKUP(S7:AL7,增益!$A:$A,增益!$P:$P,0))} -> 0.17 | BO7: =MIN(IF(VLOOKUP($R7,武学奇术!$A:$ZZ,23,FALSE)=1,100%,$B$8),100%) -> 0.9943 | BP7: {=IF(VLOOKUP($R7,武学奇术!$A:$ZZ,23,FALSE)=1,100%,MIN(80%,$B$9+VLOOKUP($R7,武学奇术!$A:$ZZ,17,FALSE)+SUM(_xlfn.XLOOKUP(S7:AL7,增益!$A:$A,增益!$Q:$Q,0)))+$B$11+SUM(_xlfn.XLOOKUP(S7:AL7,增益!$A:$A,增益!$U:$U,0)))*IF(VLOOKUP($R7,武学奇术!$A:$ZZ,24,FALSE)=1,0,1)} -> 0.8 | BQ7: {=1+$B$13+VLOOKUP($R7,武学奇术!$A:$ZZ,18,FALSE)+SUM(_xlfn.XLOOKUP(S7:AL7,增益!$A:$A,增益!$R:$R,0))} -> 1.544 | BR7: {=IF(VLOOKUP($R7,武学奇术!$A:$ZZ,24,FALSE)=1,100%,MIN(40%,$B$10+VLOOKUP($R7,武学奇术!$A:$ZZ,19,FALSE)+SUM(_xlfn.XLOOKUP(S7:AL7,增益!$A:$A,增益!$S:$S,0)))+$B$12+SUM(_xlfn.XLOOKUP(S7:AL7,增益!$A:$A,增益!$V:$V,0)))*IF(VLOOKUP($R7,武学奇术!$A:$ZZ,23,FALSE)=1,0,1)} -> 0.0913 | BS7: {=1+$B$14+VLOOKUP($R7,武学奇术!$A:$ZZ,20,FALSE)+SUM(_xlfn.XLOOKUP(S7:AL7,增益!$A:$A,增益!$T:$T,0))} -> 1.35 | BT7: =MIN((1-BR7)*BO7,BO7*BP7) -> 0.79544 | BU7: =1-BR7-BT7-BV7 -> 0.10808041 | BV7: =IF(VLOOKUP($R7,武学奇术!$A:$ZZ,22,FALSE)=1,0,(1-$BO7))*(1-$BR7) -> 0.00517959 | BW7: {=SUM(_xlfn.XLOOKUP(S7:AL7,增益!$A:$A,增益!$W:$W,0))+$I$5} -> 0.11 | BX7: =VLOOKUP($R7,武学奇术!$A:$ZZ,32,FALSE) -> 0 | BY7: {=SUM(_xlfn.XLOOKUP($S7:$AL7,增益!$A:$A,增益!$X:$X,0))} -> 0
A8: 精准率 | B8: 0.9943 | C8: 实际属性 | H8: 战斗时间 | I8: 88.5 | K8: =$L8*VLOOKUP($R8,武学奇术!$A:$ZZ,31,FALSE) -> 18340.943 | L8: =($M8*$BT8+$N8*$BR8+$O8*$BU8+$P8*$BV8) -> 17981.316 | M8: =((($AT8+$AU8)/2*$AN8+$AO8)*(1+$AV8)*(1+$AW8)+(($AY8+$AZ8)/2*IF($G$1="鸣金",$AP8,$AN8)+IF($G$1="鸣金",$AQ8*1.5,0))*(1+$BA8)*(1+$BB8)+(($BC8+$BD8)/2*IF($G$1="裂石",$AP8,$AN8)+IF($G$1="裂石",$AQ8*1.5,0))*(1+$BE8)*(1+$BF8)+(($BG8+$BH8)/2*IF($G$1="牵丝",$AP8,$AN8)+IF($G$1="牵丝",$AQ8*1.5,0))*(1+$BI8)*(1+$BJ8)+(($BK8+$BL8)/2*IF($G$1="破竹",$AP8,$AN8)+IF($G$1="破竹",$AQ8*1.5,0))*(1+$BM8)*(1+$BN8))*(1+$AR8)*$BQ8*$Q8*(1+IF(VLOOKUP($R8,武学奇术!$A:$ZZ,30,FALSE)="轻击",$B$21,0))*(1+IF(VLOOKUP($R8,武学奇术!$A:$ZZ,30,FALSE)="老鼠",$B$22,0))*(1+$BW8)*(1+$BX8) -> 18769.757 | N8: =((($AU8*$AN8+$AO8)*(1+$AV8)*(1+$AW8)+($AZ8*IF($G$1="鸣金",$AP8,$AN8)+IF($G$1="鸣金",$AQ8*1.5,0))*(1+$BA8)*(1+$BB8)+($BD8*IF($G$1="裂石",$AP8,$AN8)+IF($G$1="裂石",$AQ8*1.5,0))*(1+$BE8)*(1+$BF8)+($BH8*IF($G$1="牵丝",$AP8,$AN8)+IF($G$1="牵丝",$AQ8*1.5,0))*(1+$BI8)*(1+$BJ8)+($BL8*IF($G$1="破竹",$AP8,$AN8)+IF($G$1="破竹",$AQ8*1.5,0))*(1+$BM8)*(1+$BN8))*(1+$AR8)*$BS8*$Q8*(1+IF(VLOOKUP($R8,武学奇术!$A:$ZZ,30,FALSE)="轻击",$B$21,0))*(1+IF(VLOOKUP($R8,武学奇术!$A:$ZZ,30,FALSE)="老鼠",$B$22,0))*(1+$BW8))*(1+$BX8) -> 18528.303 | O8: =((($AT8+$AU8)/2*$AN8+$AO8)*(1+$AV8)*(1+$AW8)+(($AY8+$AZ8)/2*IF($G$1="鸣金",$AP8,$AN8)+IF($G$1="鸣金",$AQ8*1.5,0))*(1+$BA8)*(1+$BB8)+(($BC8+$BD8)/2*IF($G$1="裂石",$AP8,$AN8)+IF($G$1="裂石",$AQ8*1.5,0))*(1+$BE8)*(1+$BF8)+(($BG8+$BH8)/2*IF($G$1="牵丝",$AP8,$AN8)+IF($G$1="牵丝",$AQ8*1.5,0))*(1+$BI8)*(1+$BJ8)+(($BK8+$BL8)/2*IF($G$1="破竹",$AP8,$AN8)+IF($G$1="破竹",$AQ8*1.5,0))*(1+$BM8)*(1+$BN8))*(1+$AR8)*$Q8*(1+IF(VLOOKUP($R8,武学奇术!$A:$ZZ,30,FALSE)="轻击",$B$21,0))*(1+IF(VLOOKUP($R8,武学奇术!$A:$ZZ,30,FALSE)="老鼠",$B$22,0))*(1+$BW8)*(1+$BX8) -> 12078.351 | P8: =((($AT8*$AN8+$AO8)*(1+$AV8)*(1+$AW8)+($AY8*IF($G$1="鸣金",$AP8,$AN8)+IF($G$1="鸣金",$AQ8*1.5,0))*(1+$BA8)*(1+$BB8)+($BC8*IF($G$1="裂石",$AP8,$AN8)+IF($G$1="裂石",$AQ8*1.5,0))*(1+$BE8)*(1+$BF8)+($BG8*IF($G$1="牵丝",$AP8,$AN8)+IF($G$1="牵丝",$AQ8*1.5,0))*(1+$BI8)*(1+$BJ8)+($BK8*IF($G$1="破竹",$AP8,$AN8)+IF($G$1="破竹",$AQ8*1.5,0))*(1+$BM8)*(1+$BN8))*(1+$AR8))*$Q8*(1+IF(VLOOKUP($R8,武学奇术!$A:$ZZ,30,FALSE)="轻击",$B$21,0))*(1+IF(VLOOKUP($R8,武学奇术!$A:$ZZ,30,FALSE)="老鼠",$B$22,0))*(1+$BW8)*(1+$BX8) -> 10432.032 | Q8: 1 | R8: 老鼠 | S8: 易水歌1层 | T8: 沧海帖1层 | U8: N/a | V8: N/a | W8: 轮回 | X8: N/a | Y8: 燕归额外 | Z8: N/a | AA8: N/a | AB8: N/a | AC8: N/a | AD8: N/a | AE8: N/a | AF8: N/a | AG8: 无惧 | AH8: 离猎(拐) | AI8: N/a | AJ8: N/a | AK8: N/a | AL8: N/a | AM8: =VLOOKUP($R8,武学奇术!$A:$ZZ,25,FALSE) -> 绳镖 | AN8: =VLOOKUP($R8,武学奇术!$A:$ZZ,26,FALSE) -> 0.3675 | AO8: =VLOOKUP($R8,武学奇术!$A:$ZZ,27,FALSE)*(1+IF(OR($AM8=$F$4,$AM8=$F$5),$B$23,0)) -> 0 | AP8: =VLOOKUP($R8,武学奇术!$A:$ZZ,28,FALSE) -> 0.55125 | AQ8: =VLOOKUP($R8,武学奇术!$A:$ZZ,29,FALSE)*(1+IF(OR($AM8=$F$4,$AM8=$F$5),$B$23,0)) -> 0 | AR8: {=$G$3+IFERROR(VLOOKUP($AM8,$F$4:$G$7,2,FALSE),0)+VLOOKUP($R8,武学奇术!$A:$ZZ,2,FALSE)+SUM(_xlfn.XLOOKUP($S8:$AL8,增益!$A:$A,增益!$B:$B,0))} -> 1.3843 | AS8: {=VLOOKUP($R8,武学奇术!$A:$ZZ,5,FALSE)+SUM(_xlfn.XLOOKUP($S8:$AL8,增益!$A:$A,增益!$E:$E,0))} -> 0 | AT8: {=$D$10*(1+$AS8)+VLOOKUP($R8,武学奇术!$A:$ZZ,3,FALSE)+SUM(_xlfn.XLOOKUP($S8:$AL8,增益!$A:$A,增益!$C:$C,0))-$I$2} -> 4081.7 | AU8: {=$E$10*(1+$AS8)+VLOOKUP($R8,武学奇术!$A:$ZZ,4,FALSE)+SUM(_xlfn.XLOOKUP($S8:$AL8,增益!$A:$A,增益!$D:$D,0))-$I$2} -> 4081.7 | AV8: {=IF($F$10-$I$3+VLOOKUP($R8,武学奇术!$A:$ZZ,6,FALSE)+SUM(_xlfn.XLOOKUP(S8:AL8,增益!$A:$A,增益!$F:$F,0))>0,($F$10-$I$3+VLOOKUP($R8,武学奇术!$A:$ZZ,6,FALSE)+SUM(_xlfn.XLOOKUP(S8:AL8,增益!$A:$A,增益!$F:$F,0)))/200,($F$10-$I$3+VLOOKUP($R8,武学奇术!$A:$ZZ,6,FALSE)+SUM(_xlfn.XLOOKUP(S8:AL8,增益!$A:$A,增益!$F:$F,0)))/100)} -> 0.2889 | AW8: {=$G$10+VLOOKUP($R8,武学奇术!$A:$ZZ,7,FALSE)+SUM(_xlfn.XLOOKUP(S8:AL8,增益!$A:$A,增益!$G:$G,0))} -> 0.29 | AX8: {=VLOOKUP($R8,武学奇术!$A:$ZZ,8,FALSE)+SUM(_xlfn.XLOOKUP(S8:AL8,增益!$A:$A,增益!$H:$H,0))} -> 0 | AY8: =$D$11*(1+$AX8) -> 0 | AZ8: =$E$11*(1+$AX8) -> 0 | BA8: {=IF($F$11-$I$4+VLOOKUP($R8,武学奇术!$A:$ZZ,9,FALSE)+SUM(_xlfn.XLOOKUP(S8:AL8,增益!$A:$A,增益!$I:$I,0))>0,($F$11-$I$4+VLOOKUP($R8,武学奇术!$A:$ZZ,9,FALSE)+SUM(_xlfn.XLOOKUP(S8:AL8,增益!$A:$A,增益!$I:$I,0)))/200,($F$11-$I$4+VLOOKUP($R8,武学奇术!$A:$ZZ,9,FALSE)+SUM(_xlfn.XLOOKUP(S8:AL8,增益!$A:$A,增益!$I:$I,0)))/100)} -> -0.3 | BB8: {=$G$11+VLOOKUP($R8,武学奇术!$A:$ZZ,10,FALSE)+SUM(_xlfn.XLOOKUP(S8:AL8,增益!$A:$A,增益!$J:$J,0))} -> 0.02 | BC8: =$D$12*(1+$AX8) -> 0 | BD8: =$E$12*(1+$AX8) -> 0 | BE8: {=IF($F$12-$I$4+VLOOKUP($R8,武学奇术!$A:$ZZ,11,FALSE)+SUM(_xlfn.XLOOKUP(S8:AL8,增益!$A:$A,增益!$K:$K,0))>0,($F$12-$I$4+VLOOKUP($R8,武学奇术!$A:$ZZ,11,FALSE)+SUM(_xlfn.XLOOKUP(S8:AL8,增益!$A:$A,增益!$K:$K,0)))/200,($F$12-$I$4+VLOOKUP($R8,武学奇术!$A:$ZZ,11,FALSE)+SUM(_xlfn.XLOOKUP(S8:AL8,增益!$A:$A,增益!$K:$K,0)))/100)} -> -0.3 | BF8: {=$G$12+VLOOKUP($R8,武学奇术!$A:$ZZ,12,FALSE)+SUM(_xlfn.XLOOKUP(S8:AL8,增益!$A:$A,增益!$L:$L,0))} -> 0.02 | BG8: =$D$13*(1+$AX8) -> 0 | BH8: =$E$13*(1+$AX8) -> 0 | BI8: {=IF($F$13-$I$4+VLOOKUP($R8,武学奇术!$A:$ZZ,13,FALSE)+SUM(_xlfn.XLOOKUP(S8:AL8,增益!$A:$A,增益!$M:$M,0))>0,($F$13-$I$4+VLOOKUP($R8,武学奇术!$A:$ZZ,13,FALSE)+SUM(_xlfn.XLOOKUP(S8:AL8,增益!$A:$A,增益!$K:$K,0)))/200,($F$13-$I$4+VLOOKUP($R8,武学奇术!$A:$ZZ,13,FALSE)+SUM(_xlfn.XLOOKUP(S8:AL8,增益!$A:$A,增益!$M:$M,0)))/100)} -> -0.3 | BJ8: {=$G$13+VLOOKUP($R8,武学奇术!$A:$ZZ,14,FALSE)+SUM(_xlfn.XLOOKUP(S8:AL8,增益!$A:$A,增益!$N:$N,0))} -> 0.02 | BK8: =$D$14*(1+$AX8) -> 618.2 | BL8: =$E$14*(1+$AX8) -> 1805 | BM8: {=IF($F$14-$I$4+VLOOKUP($R8,武学奇术!$A:$ZZ,15,FALSE)+SUM(_xlfn.XLOOKUP(S8:AL8,增益!$A:$A,增益!$O:$O,0))>0,($F$14-$I$4+VLOOKUP($R8,武学奇术!$A:$ZZ,15,FALSE)+SUM(_xlfn.XLOOKUP(S8:AL8,增益!$A:$A,增益!$O:$O,0)))/200,($F$14-$I$4+VLOOKUP($R8,武学奇术!$A:$ZZ,15,FALSE)+SUM(_xlfn.XLOOKUP(S8:AL8,增益!$A:$A,增益!$O:$O,0)))/100)} -> 0 | BN8: {=$G$14+VLOOKUP($R8,武学奇术!$A:$ZZ,16,FALSE)+SUM(_xlfn.XLOOKUP(S8:AL8,增益!$A:$A,增益!$P:$P,0))} -> 0.44 | BO8: =MIN(IF(VLOOKUP($R8,武学奇术!$A:$ZZ,23,FALSE)=1,100%,$B$8),100%) -> 0.9943 | BP8: {=IF(VLOOKUP($R8,武学奇术!$A:$ZZ,23,FALSE)=1,100%,MIN(80%,$B$9+VLOOKUP($R8,武学奇术!$A:$ZZ,17,FALSE)+SUM(_xlfn.XLOOKUP(S8:AL8,增益!$A:$A,增益!$Q:$Q,0)))+$B$11+SUM(_xlfn.XLOOKUP(S8:AL8,增益!$A:$A,增益!$U:$U,0)))*IF(VLOOKUP($R8,武学奇术!$A:$ZZ,24,FALSE)=1,0,1)} -> 0.8 | BQ8: {=1+$B$13+VLOOKUP($R8,武学奇术!$A:$ZZ,18,FALSE)+SUM(_xlfn.XLOOKUP(S8:AL8,增益!$A:$A,增益!$R:$R,0))} -> 1.554 | BR8: {=IF(VLOOKUP($R8,武学奇术!$A:$ZZ,24,FALSE)=1,100%,MIN(40%,$B$10+VLOOKUP($R8,武学奇术!$A:$ZZ,19,FALSE)+SUM(_xlfn.XLOOKUP(S8:AL8,增益!$A:$A,增益!$S:$S,0)))+$B$12+SUM(_xlfn.XLOOKUP(S8:AL8,增益!$A:$A,增益!$V:$V,0)))*IF(VLOOKUP($R8,武学奇术!$A:$ZZ,23,FALSE)=1,0,1)} -> 0.0913 | BS8: {=1+$B$14+VLOOKUP($R8,武学奇术!$A:$ZZ,20,FALSE)+SUM(_xlfn.XLOOKUP(S8:AL8,增益!$A:$A,增益!$T:$T,0))} -> 1.35 | BT8: =MIN((1-BR8)*BO8,BO8*BP8) -> 0.79544 | BU8: =1-BR8-BT8-BV8 -> 0.10808041 | BV8: =IF(VLOOKUP($R8,武学奇术!$A:$ZZ,22,FALSE)=1,0,(1-$BO8))*(1-$BR8) -> 0.00517959 | BW8: {=SUM(_xlfn.XLOOKUP(S8:AL8,增益!$A:$A,增益!$W:$W,0))+$I$5} -> 0.11 | BX8: =VLOOKUP($R8,武学奇术!$A:$ZZ,32,FALSE) -> 0 | BY8: {=SUM(_xlfn.XLOOKUP($S8:$AL8,增益!$A:$A,增益!$X:$X,0))} -> 0
A9: 会心率 | B9: 0.713 | D9: 最小攻击 | E9: 最大攻击 | F9: 穿透 | G9: 伤害加成 | K9: =$L9*VLOOKUP($R9,武学奇术!$A:$ZZ,31,FALSE) -> 12487.848 | L9: =($M9*$BT9+$N9*$BR9+$O9*$BU9+$P9*$BV9) -> 11149.864 | M9: =((($AT9+$AU9)/2*$AN9+$AO9)*(1+$AV9)*(1+$AW9)+(($AY9+$AZ9)/2*IF($G$1="鸣金",$AP9,$AN9)+IF($G$1="鸣金",$AQ9*1.5,0))*(1+$BA9)*(1+$BB9)+(($BC9+$BD9)/2*IF($G$1="裂石",$AP9,$AN9)+IF($G$1="裂石",$AQ9*1.5,0))*(1+$BE9)*(1+$BF9)+(($BG9+$BH9)/2*IF($G$1="牵丝",$AP9,$AN9)+IF($G$1="牵丝",$AQ9*1.5,0))*(1+$BI9)*(1+$BJ9)+(($BK9+$BL9)/2*IF($G$1="破竹",$AP9,$AN9)+IF($G$1="破竹",$AQ9*1.5,0))*(1+$BM9)*(1+$BN9))*(1+$AR9)*$BQ9*$Q9*(1+IF(VLOOKUP($R9,武学奇术!$A:$ZZ,30,FALSE)="轻击",$B$21,0))*(1+IF(VLOOKUP($R9,武学奇术!$A:$ZZ,30,FALSE)="老鼠",$B$22,0))*(1+$BW9)*(1+$BX9) -> 11649.456 | N9: =((($AU9*$AN9+$AO9)*(1+$AV9)*(1+$AW9)+($AZ9*IF($G$1="鸣金",$AP9,$AN9)+IF($G$1="鸣金",$AQ9*1.5,0))*(1+$BA9)*(1+$BB9)+($BD9*IF($G$1="裂石",$AP9,$AN9)+IF($G$1="裂石",$AQ9*1.5,0))*(1+$BE9)*(1+$BF9)+($BH9*IF($G$1="牵丝",$AP9,$AN9)+IF($G$1="牵丝",$AQ9*1.5,0))*(1+$BI9)*(1+$BJ9)+($BL9*IF($G$1="破竹",$AP9,$AN9)+IF($G$1="破竹",$AQ9*1.5,0))*(1+$BM9)*(1+$BN9))*(1+$AR9)*$BS9*$Q9*(1+IF(VLOOKUP($R9,武学奇术!$A:$ZZ,30,FALSE)="轻击",$B$21,0))*(1+IF(VLOOKUP($R9,武学奇术!$A:$ZZ,30,FALSE)="老鼠",$B$22,0))*(1+$BW9))*(1+$BX9) -> 11382.452 | O9: =((($AT9+$AU9)/2*$AN9+$AO9)*(1+$AV9)*(1+$AW9)+(($AY9+$AZ9)/2*IF($G$1="鸣金",$AP9,$AN9)+IF($G$1="鸣金",$AQ9*1.5,0))*(1+$BA9)*(1+$BB9)+(($BC9+$BD9)/2*IF($G$1="裂石",$AP9,$AN9)+IF($G$1="裂石",$AQ9*1.5,0))*(1+$BE9)*(1+$BF9)+(($BG9+$BH9)/2*IF($G$1="牵丝",$AP9,$AN9)+IF($G$1="牵丝",$AQ9*1.5,0))*(1+$BI9)*(1+$BJ9)+(($BK9+$BL9)/2*IF($G$1="破竹",$AP9,$AN9)+IF($G$1="破竹",$AQ9*1.5,0))*(1+$BM9)*(1+$BN9))*(1+$AR9)*$Q9*(1+IF(VLOOKUP($R9,武学奇术!$A:$ZZ,30,FALSE)="轻击",$B$21,0))*(1+IF(VLOOKUP($R9,武学奇术!$A:$ZZ,30,FALSE)="老鼠",$B$22,0))*(1+$BW9)*(1+$BX9) -> 7496.4323 | P9: =((($AT9*$AN9+$AO9)*(1+$AV9)*(1+$AW9)+($AY9*IF($G$1="鸣金",$AP9,$AN9)+IF($G$1="鸣金",$AQ9*1.5,0))*(1+$BA9)*(1+$BB9)+($BC9*IF($G$1="裂石",$AP9,$AN9)+IF($G$1="裂石",$AQ9*1.5,0))*(1+$BE9)*(1+$BF9)+($BG9*IF($G$1="牵丝",$AP9,$AN9)+IF($G$1="牵丝",$AQ9*1.5,0))*(1+$BI9)*(1+$BJ9)+($BK9*IF($G$1="破竹",$AP9,$AN9)+IF($G$1="破竹",$AQ9*1.5,0))*(1+$BM9)*(1+$BN9))*(1+$AR9))*$Q9*(1+IF(VLOOKUP($R9,武学奇术!$A:$ZZ,30,FALSE)="轻击",$B$21,0))*(1+IF(VLOOKUP($R9,武学奇术!$A:$ZZ,30,FALSE)="老鼠",$B$22,0))*(1+$BW9)*(1+$BX9) -> 6561.4188 | Q9: 1 | R9: 白1 | S9: 易水歌1层 | T9: 沧海帖1层 | U9: 恶身 | V9: 苦果 | W9: 轮回 | X9: N/a | Y9: 燕归额外 | Z9: N/a | AA9: N/a | AB9: N/a | AC9: N/a | AD9: N/a | AE9: N/a | AF9: N/a | AG9: 无惧 | AH9: 离猎(拐) | AI9: N/a | AJ9: N/a | AK9: N/a | AL9: N/a | AM9: =VLOOKUP($R9,武学奇术!$A:$ZZ,25,FALSE) -> 双刀 | AN9: =VLOOKUP($R9,武学奇术!$A:$ZZ,26,FALSE) -> 0.4205 | AO9: =VLOOKUP($R9,武学奇术!$A:$ZZ,27,FALSE)*(1+IF(OR($AM9=$F$4,$AM9=$F$5),$B$23,0)) -> 187.2 | AP9: =VLOOKUP($R9,武学奇术!$A:$ZZ,28,FALSE) -> 0.6307 | AQ9: =VLOOKUP($R9,武学奇术!$A:$ZZ,29,FALSE)*(1+IF(OR($AM9=$F$4,$AM9=$F$5),$B$23,0)) -> 102.4 | AR9: {=$G$3+IFERROR(VLOOKUP($AM9,$F$4:$G$7,2,FALSE),0)+VLOOKUP($R9,武学奇术!$A:$ZZ,2,FALSE)+SUM(_xlfn.XLOOKUP($S9:$AL9,增益!$A:$A,增益!$B:$B,0))} -> 0.5843 | AS9: {=VLOOKUP($R9,武学奇术!$A:$ZZ,5,FALSE)+SUM(_xlfn.XLOOKUP($S9:$AL9,增益!$A:$A,增益!$E:$E,0))} -> 0 | AT9: {=$D$10*(1+$AS9)+VLOOKUP($R9,武学奇术!$A:$ZZ,3,FALSE)+SUM(_xlfn.XLOOKUP($S9:$AL9,增益!$A:$A,增益!$C:$C,0))-$I$2} -> 4150.4 | AU9: {=$E$10*(1+$AS9)+VLOOKUP($R9,武学奇术!$A:$ZZ,4,FALSE)+SUM(_xlfn.XLOOKUP($S9:$AL9,增益!$A:$A,增益!$D:$D,0))-$I$2} -> 4150.4 | AV9: {=IF($F$10-$I$3+VLOOKUP($R9,武学奇术!$A:$ZZ,6,FALSE)+SUM(_xlfn.XLOOKUP(S9:AL9,增益!$A:$A,增益!$F:$F,0))>0,($F$10-$I$3+VLOOKUP($R9,武学奇术!$A:$ZZ,6,FALSE)+SUM(_xlfn.XLOOKUP(S9:AL9,增益!$A:$A,增益!$F:$F,0)))/200,($F$10-$I$3+VLOOKUP($R9,武学奇术!$A:$ZZ,6,FALSE)+SUM(_xlfn.XLOOKUP(S9:AL9,增益!$A:$A,增益!$F:$F,0)))/100)} -> 0.2889 | AW9: {=$G$10+VLOOKUP($R9,武学奇术!$A:$ZZ,7,FALSE)+SUM(_xlfn.XLOOKUP(S9:AL9,增益!$A:$A,增益!$G:$G,0))} -> 0.08 | AX9: {=VLOOKUP($R9,武学奇术!$A:$ZZ,8,FALSE)+SUM(_xlfn.XLOOKUP(S9:AL9,增益!$A:$A,增益!$H:$H,0))} -> 0 | AY9: =$D$11*(1+$AX9) -> 0 | AZ9: =$E$11*(1+$AX9) -> 0 | BA9: {=IF($F$11-$I$4+VLOOKUP($R9,武学奇术!$A:$ZZ,9,FALSE)+SUM(_xlfn.XLOOKUP(S9:AL9,增益!$A:$A,增益!$I:$I,0))>0,($F$11-$I$4+VLOOKUP($R9,武学奇术!$A:$ZZ,9,FALSE)+SUM(_xlfn.XLOOKUP(S9:AL9,增益!$A:$A,增益!$I:$I,0)))/200,($F$11-$I$4+VLOOKUP($R9,武学奇术!$A:$ZZ,9,FALSE)+SUM(_xlfn.XLOOKUP(S9:AL9,增益!$A:$A,增益!$I:$I,0)))/100)} -> -0.3 | BB9: {=$G$11+VLOOKUP($R9,武学奇术!$A:$ZZ,10,FALSE)+SUM(_xlfn.XLOOKUP(S9:AL9,增益!$A:$A,增益!$J:$J,0))} -> 0.02 | BC9: =$D$12*(1+$AX9) -> 0 | BD9: =$E$12*(1+$AX9) -> 0 | BE9: {=IF($F$12-$I$4+VLOOKUP($R9,武学奇术!$A:$ZZ,11,FALSE)+SUM(_xlfn.XLOOKUP(S9:AL9,增益!$A:$A,增益!$K:$K,0))>0,($F$12-$I$4+VLOOKUP($R9,武学奇术!$A:$ZZ,11,FALSE)+SUM(_xlfn.XLOOKUP(S9:AL9,增益!$A:$A,增益!$K:$K,0)))/200,($F$12-$I$4+VLOOKUP($R9,武学奇术!$A:$ZZ,11,FALSE)+SUM(_xlfn.XLOOKUP(S9:AL9,增益!$A:$A,增益!$K:$K,0)))/100)} -> -0.3 | BF9: {=$G$12+VLOOKUP($R9,武学奇术!$A:$ZZ,12,FALSE)+SUM(_xlfn.XLOOKUP(S9:AL9,增益!$A:$A,增益!$L:$L,0))} -> 0.02 | BG9: =$D$13*(1+$AX9) -> 0 | BH9: =$E$13*(1+$AX9) -> 0 | BI9: {=IF($F$13-$I$4+VLOOKUP($R9,武学奇术!$A:$ZZ,13,FALSE)+SUM(_xlfn.XLOOKUP(S9:AL9,增益!$A:$A,增益!$M:$M,0))>0,($F$13-$I$4+VLOOKUP($R9,武学奇术!$A:$ZZ,13,FALSE)+SUM(_xlfn.XLOOKUP(S9:AL9,增益!$A:$A,增益!$K:$K,0)))/200,($F$13-$I$4+VLOOKUP($R9,武学奇术!$A:$ZZ,13,FALSE)+SUM(_xlfn.XLOOKUP(S9:AL9,增益!$A:$A,增益!$M:$M,0)))/100)} -> -0.3 | BJ9: {=$G$13+VLOOKUP($R9,武学奇术!$A:$ZZ,14,FALSE)+SUM(_xlfn.XLOOKUP(S9:AL9,增益!$A:$A,增益!$N:$N,0))} -> 0.02 | BK9: =$D$14*(1+$AX9) -> 618.2 | BL9: =$E$14*(1+$AX9) -> 1805 | BM9: {=IF($F$14-$I$4+VLOOKUP($R9,武学奇术!$A:$ZZ,15,FALSE)+SUM(_xlfn.XLOOKUP(S9:AL9,增益!$A:$A,增益!$O:$O,0))>0,($F$14-$I$4+VLOOKUP($R9,武学奇术!$A:$ZZ,15,FALSE)+SUM(_xlfn.XLOOKUP(S9:AL9,增益!$A:$A,增益!$O:$O,0)))/200,($F$14-$I$4+VLOOKUP($R9,武学奇术!$A:$ZZ,15,FALSE)+SUM(_xlfn.XLOOKUP(S9:AL9,增益!$A:$A,增益!$O:$O,0)))/100)} -> 0.05 | BN9: {=$G$14+VLOOKUP($R9,武学奇术!$A:$ZZ,16,FALSE)+SUM(_xlfn.XLOOKUP(S9:AL9,增益!$A:$A,增益!$P:$P,0))} -> 0.23 | BO9: =MIN(IF(VLOOKUP($R9,武学奇术!$A:$ZZ,23,FALSE)=1,100%,$B$8),100%) -> 0.9943 | BP9: {=IF(VLOOKUP($R9,武学奇术!$A:$ZZ,23,FALSE)=1,100%,MIN(80%,$B$9+VLOOKUP($R9,武学奇术!$A:$ZZ,17,FALSE)+SUM(_xlfn.XLOOKUP(S9:AL9,增益!$A:$A,增益!$Q:$Q,0)))+$B$11+SUM(_xlfn.XLOOKUP(S9:AL9,增益!$A:$A,增益!$U:$U,0)))*IF(VLOOKUP($R9,武学奇术!$A:$ZZ,24,FALSE)=1,0,1)} -> 0.8 | BQ9: {=1+$B$13+VLOOKUP($R9,武学奇术!$A:$ZZ,18,FALSE)+SUM(_xlfn.XLOOKUP(S9:AL9,增益!$A:$A,增益!$R:$R,0))} -> 1.554 | BR9: {=IF(VLOOKUP($R9,武学奇术!$A:$ZZ,24,FALSE)=1,100%,MIN(40%,$B$10+VLOOKUP($R9,武学奇术!$A:$ZZ,19,FALSE)+SUM(_xlfn.XLOOKUP(S9:AL9,增益!$A:$A,增益!$S:$S,0)))+$B$12+SUM(_xlfn.XLOOKUP(S9:AL9,增益!$A:$A,增益!$V:$V,0)))*IF(VLOOKUP($R9,武学奇术!$A:$ZZ,23,FALSE)=1,0,1)} -> 0.0913 | BS9: {=1+$B$14+VLOOKUP($R9,武学奇术!$A:$ZZ,20,FALSE)+SUM(_xlfn.XLOOKUP(S9:AL9,增益!$A:$A,增益!$T:$T,0))} -> 1.35 | BT9: =MIN((1-BR9)*BO9,BO9*BP9) -> 0.79544 | BU9: =1-BR9-BT9-BV9 -> 0.10808041 | BV9: =IF(VLOOKUP($R9,武学奇术!$A:$ZZ,22,FALSE)=1,0,(1-$BO9))*(1-$BR9) -> 0.00517959 | BW9: {=SUM(_xlfn.XLOOKUP(S9:AL9,增益!$A:$A,增益!$W:$W,0))+$I$5} -> 0.11 | BX9: =VLOOKUP($R9,武学奇术!$A:$ZZ,32,FALSE) -> 0.1 | BY9: {=SUM(_xlfn.XLOOKUP($S9:$AL9,增益!$A:$A,增益!$X:$X,0))} -> 0
A10: 会意率 | B10: 0.0913 | C10: 外功 | D10: =(B2+B24)*IF($G$2="撼天",1.06,1) -> 4700 | E10: =MAX(B2+B24,C2+B25)*IF($G$2="撼天",1.06,1) -> 4700 | F10: =D2 -> 63.78 | G10: =E2 -> 0 | H10: 总伤 | I10: =SUM(L:L) -> 16152450 | K10: =$L10*VLOOKUP($R10,武学奇术!$A:$ZZ,31,FALSE) -> 13386.479 | L10: =($M10*$BT10+$N10*$BR10+$O10*$BU10+$P10*$BV10) -> 11952.213 | M10: =((($AT10+$AU10)/2*$AN10+$AO10)*(1+$AV10)*(1+$AW10)+(($AY10+$AZ10)/2*IF($G$1="鸣金",$AP10,$AN10)+IF($G$1="鸣金",$AQ10*1.5,0))*(1+$BA10)*(1+$BB10)+(($BC10+$BD10)/2*IF($G$1="裂石",$AP10,$AN10)+IF($G$1="裂石",$AQ10*1.5,0))*(1+$BE10)*(1+$BF10)+(($BG10+$BH10)/2*IF($G$1="牵丝",$AP10,$AN10)+IF($G$1="牵丝",$AQ10*1.5,0))*(1+$BI10)*(1+$BJ10)+(($BK10+$BL10)/2*IF($G$1="破竹",$AP10,$AN10)+IF($G$1="破竹",$AQ10*1.5,0))*(1+$BM10)*(1+$BN10))*(1+$AR10)*$BQ10*$Q10*(1+IF(VLOOKUP($R10,武学奇术!$A:$ZZ,30,FALSE)="轻击",$B$21,0))*(1+IF(VLOOKUP($R10,武学奇术!$A:$ZZ,30,FALSE)="老鼠",$B$22,0))*(1+$BW10)*(1+$BX10) -> 12487.717 | N10: =((($AU10*$AN10+$AO10)*(1+$AV10)*(1+$AW10)+($AZ10*IF($G$1="鸣金",$AP10,$AN10)+IF($G$1="鸣金",$AQ10*1.5,0))*(1+$BA10)*(1+$BB10)+($BD10*IF($G$1="裂石",$AP10,$AN10)+IF($G$1="裂石",$AQ10*1.5,0))*(1+$BE10)*(1+$BF10)+($BH10*IF($G$1="牵丝",$AP10,$AN10)+IF($G$1="牵丝",$AQ10*1.5,0))*(1+$BI10)*(1+$BJ10)+($BL10*IF($G$1="破竹",$AP10,$AN10)+IF($G$1="破竹",$AQ10*1.5,0))*(1+$BM10)*(1+$BN10))*(1+$AR10)*$BS10*$Q10*(1+IF(VLOOKUP($R10,武学奇术!$A:$ZZ,30,FALSE)="轻击",$B$21,0))*(1+IF(VLOOKUP($R10,武学奇术!$A:$ZZ,30,FALSE)="老鼠",$B$22,0))*(1+$BW10))*(1+$BX10) -> 12201.933 | O10: =((($AT10+$AU10)/2*$AN10+$AO10)*(1+$AV10)*(1+$AW10)+(($AY10+$AZ10)/2*IF($G$1="鸣金",$AP10,$AN10)+IF($G$1="鸣金",$AQ10*1.5,0))*(1+$BA10)*(1+$BB10)+(($BC10+$BD10)/2*IF($G$1="裂石",$AP10,$AN10)+IF($G$1="裂石",$AQ10*1.5,0))*(1+$BE10)*(1+$BF10)+(($BG10+$BH10)/2*IF($G$1="牵丝",$AP10,$AN10)+IF($G$1="牵丝",$AQ10*1.5,0))*(1+$BI10)*(1+$BJ10)+(($BK10+$BL10)/2*IF($G$1="破竹",$AP10,$AN10)+IF($G$1="破竹",$AQ10*1.5,0))*(1+$BM10)*(1+$BN10))*(1+$AR10)*$Q10*(1+IF(VLOOKUP($R10,武学奇术!$A:$ZZ,30,FALSE)="轻击",$B$21,0))*(1+IF(VLOOKUP($R10,武学奇术!$A:$ZZ,30,FALSE)="老鼠",$B$22,0))*(1+$BW10)*(1+$BX10) -> 8035.8536 | P10: =((($AT10*$AN10+$AO10)*(1+$AV10)*(1+$AW10)+($AY10*IF($G$1="鸣金",$AP10,$AN10)+IF($G$1="鸣金",$AQ10*1.5,0))*(1+$BA10)*(1+$BB10)+($BC10*IF($G$1="裂石",$AP10,$AN10)+IF($G$1="裂石",$AQ10*1.5,0))*(1+$BE10)*(1+$BF10)+($BG10*IF($G$1="牵丝",$AP10,$AN10)+IF($G$1="牵丝",$AQ10*1.5,0))*(1+$BI10)*(1+$BJ10)+($BK10*IF($G$1="破竹",$AP10,$AN10)+IF($G$1="破竹",$AQ10*1.5,0))*(1+$BM10)*(1+$BN10))*(1+$AR10))*$Q10*(1+IF(VLOOKUP($R10,武学奇术!$A:$ZZ,30,FALSE)="轻击",$B$21,0))*(1+IF(VLOOKUP($R10,武学奇术!$A:$ZZ,30,FALSE)="老鼠",$B$22,0))*(1+$BW10)*(1+$BX10) -> 7033.2381 | Q10: 1 | R10: 白2 | S10: 易水歌1层 | T10: 沧海帖1层 | U10: 恶身 | V10: 苦果 | W10: 轮回 | X10: N/a | Y10: 燕归额外 | Z10: N/a | AA10: N/a | AB10: N/a | AC10: N/a | AD10: N/a | AE10: N/a | AF10: N/a | AG10: 无惧 | AH10: 离猎(拐) | AI10: N/a | AJ10: N/a | AK10: N/a | AL10: N/a | AM10: =VLOOKUP($R10,武学奇术!$A:$ZZ,25,FALSE) -> 双刀 | AN10: =VLOOKUP($R10,武学奇术!$A:$ZZ,26,FALSE) -> 0.4508 | AO10: =VLOOKUP($R10,武学奇术!$A:$ZZ,27,FALSE)*(1+IF(OR($AM10=$F$4,$AM10=$F$5),$B$23,0)) -> 201.6 | AP10: =VLOOKUP($R10,武学奇术!$A:$ZZ,28,FALSE) -> 0.6763 | AQ10: =VLOOKUP($R10,武学奇术!$A:$ZZ,29,FALSE)*(1+IF(OR($AM10=$F$4,$AM10=$F$5),$B$23,0)) -> 108.8 | AR10: {=$G$3+IFERROR(VLOOKUP($AM10,$F$4:$G$7,2,FALSE),0)+VLOOKUP($R10,武学奇术!$A:$ZZ,2,FALSE)+SUM(_xlfn.XLOOKUP($S10:$AL10,增益!$A:$A,增益!$B:$B,0))} -> 0.5843 | AS10: {=VLOOKUP($R10,武学奇术!$A:$ZZ,5,FALSE)+SUM(_xlfn.XLOOKUP($S10:$AL10,增益!$A:$A,增益!$E:$E,0))} -> 0 | AT10: {=$D$10*(1+$AS10)+VLOOKUP($R10,武学奇术!$A:$ZZ,3,FALSE)+SUM(_xlfn.XLOOKUP($S10:$AL10,增益!$A:$A,增益!$C:$C,0))-$I$2} -> 4150.4 | AU10: {=$E$10*(1+$AS10)+VLOOKUP($R10,武学奇术!$A:$ZZ,4,FALSE)+SUM(_xlfn.XLOOKUP($S10:$AL10,增益!$A:$A,增益!$D:$D,0))-$I$2} -> 4150.4 | AV10: {=IF($F$10-$I$3+VLOOKUP($R10,武学奇术!$A:$ZZ,6,FALSE)+SUM(_xlfn.XLOOKUP(S10:AL10,增益!$A:$A,增益!$F:$F,0))>0,($F$10-$I$3+VLOOKUP($R10,武学奇术!$A:$ZZ,6,FALSE)+SUM(_xlfn.XLOOKUP(S10:AL10,增益!$A:$A,增益!$F:$F,0)))/200,($F$10-$I$3+VLOOKUP($R10,武学奇术!$A:$ZZ,6,FALSE)+SUM(_xlfn.XLOOKUP(S10:AL10,增益!$A:$A,增益!$F:$F,0)))/100)} -> 0.2889 | AW10: {=$G$10+VLOOKUP($R10,武学奇术!$A:$ZZ,7,FALSE)+SUM(_xlfn.XLOOKUP(S10:AL10,增益!$A:$A,增益!$G:$G,0))} -> 0.08 | AX10: {=VLOOKUP($R10,武学奇术!$A:$ZZ,8,FALSE)+SUM(_xlfn.XLOOKUP(S10:AL10,增益!$A:$A,增益!$H:$H,0))} -> 0 | AY10: =$D$11*(1+$AX10) -> 0 | AZ10: =$E$11*(1+$AX10) -> 0 | BA10: {=IF($F$11-$I$4+VLOOKUP($R10,武学奇术!$A:$ZZ,9,FALSE)+SUM(_xlfn.XLOOKUP(S10:AL10,增益!$A:$A,增益!$I:$I,0))>0,($F$11-$I$4+VLOOKUP($R10,武学奇术!$A:$ZZ,9,FALSE)+SUM(_xlfn.XLOOKUP(S10:AL10,增益!$A:$A,增益!$I:$I,0)))/200,($F$11-$I$4+VLOOKUP($R10,武学奇术!$A:$ZZ,9,FALSE)+SUM(_xlfn.XLOOKUP(S10:AL10,增益!$A:$A,增益!$I:$I,0)))/100)} -> -0.3 | BB10: {=$G$11+VLOOKUP($R10,武学奇术!$A:$ZZ,10,FALSE)+SUM(_xlfn.XLOOKUP(S10:AL10,增益!$A:$A,增益!$J:$J,0))} -> 0.02 | BC10: =$D$12*(1+$AX10) -> 0 | BD10: =$E$12*(1+$AX10) -> 0 | BE10: {=IF($F$12-$I$4+VLOOKUP($R10,武学奇术!$A:$ZZ,11,FALSE)+SUM(_xlfn.XLOOKUP(S10:AL10,增益!$A:$A,增益!$K:$K,0))>0,($F$12-$I$4+VLOOKUP($R10,武学奇术!$A:$ZZ,11,FALSE)+SUM(_xlfn.XLOOKUP(S10:AL10,增益!$A:$A,增益!$K:$K,0)))/200,($F$12-$I$4+VLOOKUP($R10,武学奇术!$A:$ZZ,11,FALSE)+SUM(_xlfn.XLOOKUP(S10:AL10,增益!$A:$A,增益!$K:$K,0)))/100)} -> -0.3 | BF10: {=$G$12+VLOOKUP($R10,武学奇术!$A:$ZZ,12,FALSE)+SUM(_xlfn.XLOOKUP(S10:AL10,增益!$A:$A,增益!$L:$L,0))} -> 0.02 | BG10: =$D$13*(1+$AX10) -> 0 | BH10: =$E$13*(1+$AX10) -> 0 | BI10: {=IF($F$13-$I$4+VLOOKUP($R10,武学奇术!$A:$ZZ,13,FALSE)+SUM(_xlfn.XLOOKUP(S10:AL10,增益!$A:$A,增益!$M:$M,0))>0,($F$13-$I$4+VLOOKUP($R10,武学奇术!$A:$ZZ,13,FALSE)+SUM(_xlfn.XLOOKUP(S10:AL10,增益!$A:$A,增益!$K:$K,0)))/200,($F$13-$I$4+VLOOKUP($R10,武学奇术!$A:$ZZ,13,FALSE)+SUM(_xlfn.XLOOKUP(S10:AL10,增益!$A:$A,增益!$M:$M,0)))/100)} -> -0.3 | BJ10: {=$G$13+VLOOKUP($R10,武学奇术!$A:$ZZ,14,FALSE)+SUM(_xlfn.XLOOKUP(S10:AL10,增益!$A:$A,增益!$N:$N,0))} -> 0.02 | BK10: =$D$14*(1+$AX10) -> 618.2 | BL10: =$E$14*(1+$AX10) -> 1805 | BM10: {=IF($F$14-$I$4+VLOOKUP($R10,武学奇术!$A:$ZZ,15,FALSE)+SUM(_xlfn.XLOOKUP(S10:AL10,增益!$A:$A,增益!$O:$O,0))>0,($F$14-$I$4+VLOOKUP($R10,武学奇术!$A:$ZZ,15,FALSE)+SUM(_xlfn.XLOOKUP(S10:AL10,增益!$A:$A,增益!$O:$O,0)))/200,($F$14-$I$4+VLOOKUP($R10,武学奇术!$A:$ZZ,15,FALSE)+SUM(_xlfn.XLOOKUP(S10:AL10,增益!$A:$A,增益!$O:$O,0)))/100)} -> 0.05 | BN10: {=$G$14+VLOOKUP($R10,武学奇术!$A:$ZZ,16,FALSE)+SUM(_xlfn.XLOOKUP(S10:AL10,增益!$A:$A,增益!$P:$P,0))} -> 0.23 | BO10: =MIN(IF(VLOOKUP($R10,武学奇术!$A:$ZZ,23,FALSE)=1,100%,$B$8),100%) -> 0.9943 | BP10: {=IF(VLOOKUP($R10,武学奇术!$A:$ZZ,23,FALSE)=1,100%,MIN(80%,$B$9+VLOOKUP($R10,武学奇术!$A:$ZZ,17,FALSE)+SUM(_xlfn.XLOOKUP(S10:AL10,增益!$A:$A,增益!$Q:$Q,0)))+$B$11+SUM(_xlfn.XLOOKUP(S10:AL10,增益!$A:$A,增益!$U:$U,0)))*IF(VLOOKUP($R10,武学奇术!$A:$ZZ,24,FALSE)=1,0,1)} -> 0.8 | BQ10: {=1+$B$13+VLOOKUP($R10,武学奇术!$A:$ZZ,18,FALSE)+SUM(_xlfn.XLOOKUP(S10:AL10,增益!$A:$A,增益!$R:$R,0))} -> 1.554 | BR10: {=IF(VLOOKUP($R10,武学奇术!$A:$ZZ,24,FALSE)=1,100%,MIN(40%,$B$10+VLOOKUP($R10,武学奇术!$A:$ZZ,19,FALSE)+SUM(_xlfn.XLOOKUP(S10:AL10,增益!$A:$A,增益!$S:$S,0)))+$B$12+SUM(_xlfn.XLOOKUP(S10:AL10,增益!$A:$A,增益!$V:$V,0)))*IF(VLOOKUP($R10,武学奇术!$A:$ZZ,23,FALSE)=1,0,1)} -> 0.0913 | BS10: {=1+$B$14+VLOOKUP($R10,武学奇术!$A:$ZZ,20,FALSE)+SUM(_xlfn.XLOOKUP(S10:AL10,增益!$A:$A,增益!$T:$T,0))} -> 1.35 | BT10: =MIN((1-BR10)*BO10,BO10*BP10) -> 0.79544 | BU10: =1-BR10-BT10-BV10 -> 0.10808041 | BV10: =IF(VLOOKUP($R10,武学奇术!$A:$ZZ,22,FALSE)=1,0,(1-$BO10))*(1-$BR10) -> 0.00517959 | BW10: {=SUM(_xlfn.XLOOKUP(S10:AL10,增益!$A:$A,增益!$W:$W,0))+$I$5} -> 0.11 | BX10: =VLOOKUP($R10,武学奇术!$A:$ZZ,32,FALSE) -> 0.1 | BY10: {=SUM(_xlfn.XLOOKUP($S10:$AL10,增益!$A:$A,增益!$X:$X,0))} -> 0
A11: 直接会心率 | B11: 0.087 | C11: 鸣金 | D11: =(B3+IF($G$1=$C11,$B$7,0))*IF($G$2="撼天",1.06,1) -> 0 | E11: =(MAX(B3,C3)+IF($G$1=$C11,$C$7,0))*IF($G$2="撼天",1.06,1) -> 0 | F11: =D3 -> 0 | G11: =E3 -> 0 | K11: =$L11*VLOOKUP($R11,武学奇术!$A:$ZZ,31,FALSE) -> 56471.082 | L11: =($M11*$BT11+$N11*$BR11+$O11*$BU11+$P11*$BV11) -> 55363.806 | M11: =((($AT11+$AU11)/2*$AN11+$AO11)*(1+$AV11)*(1+$AW11)+(($AY11+$AZ11)/2*IF($G$1="鸣金",$AP11,$AN11)+IF($G$1="鸣金",$AQ11*1.5,0))*(1+$BA11)*(1+$BB11)+(($BC11+$BD11)/2*IF($G$1="裂石",$AP11,$AN11)+IF($G$1="裂石",$AQ11*1.5,0))*(1+$BE11)*(1+$BF11)+(($BG11+$BH11)/2*IF($G$1="牵丝",$AP11,$AN11)+IF($G$1="牵丝",$AQ11*1.5,0))*(1+$BI11)*(1+$BJ11)+(($BK11+$BL11)/2*IF($G$1="破竹",$AP11,$AN11)+IF($G$1="破竹",$AQ11*1.5,0))*(1+$BM11)*(1+$BN11))*(1+$AR11)*$BQ11*$Q11*(1+IF(VLOOKUP($R11,武学奇术!$A:$ZZ,30,FALSE)="轻击",$B$21,0))*(1+IF(VLOOKUP($R11,武学奇术!$A:$ZZ,30,FALSE)="老鼠",$B$22,0))*(1+$BW11)*(1+$BX11) -> 57776.814 | N11: =((($AU11*$AN11+$AO11)*(1+$AV11)*(1+$AW11)+($AZ11*IF($G$1="鸣金",$AP11,$AN11)+IF($G$1="鸣金",$AQ11*1.5,0))*(1+$BA11)*(1+$BB11)+($BD11*IF($G$1="裂石",$AP11,$AN11)+IF($G$1="裂石",$AQ11*1.5,0))*(1+$BE11)*(1+$BF11)+($BH11*IF($G$1="牵丝",$AP11,$AN11)+IF($G$1="牵丝",$AQ11*1.5,0))*(1+$BI11)*(1+$BJ11)+($BL11*IF($G$1="破竹",$AP11,$AN11)+IF($G$1="破竹",$AQ11*1.5,0))*(1+$BM11)*(1+$BN11))*(1+$AR11)*$BS11*$Q11*(1+IF(VLOOKUP($R11,武学奇术!$A:$ZZ,30,FALSE)="轻击",$B$21,0))*(1+IF(VLOOKUP($R11,武学奇术!$A:$ZZ,30,FALSE)="老鼠",$B$22,0))*(1+$BW11))*(1+$BX11) -> 57193.181 | O11: =((($AT11+$AU11)/2*$AN11+$AO11)*(1+$AV11)*(1+$AW11)+(($AY11+$AZ11)/2*IF($G$1="鸣金",$AP11,$AN11)+IF($G$1="鸣金",$AQ11*1.5,0))*(1+$BA11)*(1+$BB11)+(($BC11+$BD11)/2*IF($G$1="裂石",$AP11,$AN11)+IF($G$1="裂石",$AQ11*1.5,0))*(1+$BE11)*(1+$BF11)+(($BG11+$BH11)/2*IF($G$1="牵丝",$AP11,$AN11)+IF($G$1="牵丝",$AQ11*1.5,0))*(1+$BI11)*(1+$BJ11)+(($BK11+$BL11)/2*IF($G$1="破竹",$AP11,$AN11)+IF($G$1="破竹",$AQ11*1.5,0))*(1+$BM11)*(1+$BN11))*(1+$AR11)*$Q11*(1+IF(VLOOKUP($R11,武学奇术!$A:$ZZ,30,FALSE)="轻击",$B$21,0))*(1+IF(VLOOKUP($R11,武学奇术!$A:$ZZ,30,FALSE)="老鼠",$B$22,0))*(1+$BW11)*(1+$BX11) -> 37179.417 | P11: =((($AT11*$AN11+$AO11)*(1+$AV11)*(1+$AW11)+($AY11*IF($G$1="鸣金",$AP11,$AN11)+IF($G$1="鸣金",$AQ11*1.5,0))*(1+$BA11)*(1+$BB11)+($BC11*IF($G$1="裂石",$AP11,$AN11)+IF($G$1="裂石",$AQ11*1.5,0))*(1+$BE11)*(1+$BF11)+($BG11*IF($G$1="牵丝",$AP11,$AN11)+IF($G$1="牵丝",$AQ11*1.5,0))*(1+$BI11)*(1+$BJ11)+($BK11*IF($G$1="破竹",$AP11,$AN11)+IF($G$1="破竹",$AQ11*1.5,0))*(1+$BM11)*(1+$BN11))*(1+$AR11))*$Q11*(1+IF(VLOOKUP($R11,武学奇术!$A:$ZZ,30,FALSE)="轻击",$B$21,0))*(1+IF(VLOOKUP($R11,武学奇术!$A:$ZZ,30,FALSE)="老鼠",$B$22,0))*(1+$BW11)*(1+$BX11) -> 31993.514 | Q11: 3 | R11: 老鼠 | S11: 易水歌1层 | T11: 沧海帖1层 | U11: 恶身 | V11: 苦果 | W11: 轮回 | X11: N/a | Y11: 燕归额外 | Z11: N/a | AA11: N/a | AB11: N/a | AC11: N/a | AD11: N/a | AE11: N/a | AF11: N/a | AG11: 无惧 | AH11: 离猎(拐) | AI11: N/a | AJ11: N/a | AK11: N/a | AL11: N/a | AM11: =VLOOKUP($R11,武学奇术!$A:$ZZ,25,FALSE) -> 绳镖 | AN11: =VLOOKUP($R11,武学奇术!$A:$ZZ,26,FALSE) -> 0.3675 | AO11: =VLOOKUP($R11,武学奇术!$A:$ZZ,27,FALSE)*(1+IF(OR($AM11=$F$4,$AM11=$F$5),$B$23,0)) -> 0 | AP11: =VLOOKUP($R11,武学奇术!$A:$ZZ,28,FALSE) -> 0.55125 | AQ11: =VLOOKUP($R11,武学奇术!$A:$ZZ,29,FALSE)*(1+IF(OR($AM11=$F$4,$AM11=$F$5),$B$23,0)) -> 0 | AR11: {=$G$3+IFERROR(VLOOKUP($AM11,$F$4:$G$7,2,FALSE),0)+VLOOKUP($R11,武学奇术!$A:$ZZ,2,FALSE)+SUM(_xlfn.XLOOKUP($S11:$AL11,增益!$A:$A,增益!$B:$B,0))} -> 1.3843 | AS11: {=VLOOKUP($R11,武学奇术!$A:$ZZ,5,FALSE)+SUM(_xlfn.XLOOKUP($S11:$AL11,增益!$A:$A,增益!$E:$E,0))} -> 0 | AT11: {=$D$10*(1+$AS11)+VLOOKUP($R11,武学奇术!$A:$ZZ,3,FALSE)+SUM(_xlfn.XLOOKUP($S11:$AL11,增益!$A:$A,增益!$C:$C,0))-$I$2} -> 4150.4 | AU11: {=$E$10*(1+$AS11)+VLOOKUP($R11,武学奇术!$A:$ZZ,4,FALSE)+SUM(_xlfn.XLOOKUP($S11:$AL11,增益!$A:$A,增益!$D:$D,0))-$I$2} -> 4150.4 | AV11: {=IF($F$10-$I$3+VLOOKUP($R11,武学奇术!$A:$ZZ,6,FALSE)+SUM(_xlfn.XLOOKUP(S11:AL11,增益!$A:$A,增益!$F:$F,0))>0,($F$10-$I$3+VLOOKUP($R11,武学奇术!$A:$ZZ,6,FALSE)+SUM(_xlfn.XLOOKUP(S11:AL11,增益!$A:$A,增益!$F:$F,0)))/200,($F$10-$I$3+VLOOKUP($R11,武学奇术!$A:$ZZ,6,FALSE)+SUM(_xlfn.XLOOKUP(S11:AL11,增益!$A:$A,增益!$F:$F,0)))/100)} -> 0.2889 | AW11: {=$G$10+VLOOKUP($R11,武学奇术!$A:$ZZ,7,FALSE)+SUM(_xlfn.XLOOKUP(S11:AL11,增益!$A:$A,增益!$G:$G,0))} -> 0.29 | AX11: {=VLOOKUP($R11,武学奇术!$A:$ZZ,8,FALSE)+SUM(_xlfn.XLOOKUP(S11:AL11,增益!$A:$A,增益!$H:$H,0))} -> 0 | AY11: =$D$11*(1+$AX11) -> 0 | AZ11: =$E$11*(1+$AX11) -> 0 | BA11: {=IF($F$11-$I$4+VLOOKUP($R11,武学奇术!$A:$ZZ,9,FALSE)+SUM(_xlfn.XLOOKUP(S11:AL11,增益!$A:$A,增益!$I:$I,0))>0,($F$11-$I$4+VLOOKUP($R11,武学奇术!$A:$ZZ,9,FALSE)+SUM(_xlfn.XLOOKUP(S11:AL11,增益!$A:$A,增益!$I:$I,0)))/200,($F$11-$I$4+VLOOKUP($R11,武学奇术!$A:$ZZ,9,FALSE)+SUM(_xlfn.XLOOKUP(S11:AL11,增益!$A:$A,增益!$I:$I,0)))/100)} -> -0.3 | BB11: {=$G$11+VLOOKUP($R11,武学奇术!$A:$ZZ,10,FALSE)+SUM(_xlfn.XLOOKUP(S11:AL11,增益!$A:$A,增益!$J:$J,0))} -> 0.02 | BC11: =$D$12*(1+$AX11) -> 0 | BD11: =$E$12*(1+$AX11) -> 0 | BE11: {=IF($F$12-$I$4+VLOOKUP($R11,武学奇术!$A:$ZZ,11,FALSE)+SUM(_xlfn.XLOOKUP(S11:AL11,增益!$A:$A,增益!$K:$K,0))>0,($F$12-$I$4+VLOOKUP($R11,武学奇术!$A:$ZZ,11,FALSE)+SUM(_xlfn.XLOOKUP(S11:AL11,增益!$A:$A,增益!$K:$K,0)))/200,($F$12-$I$4+VLOOKUP($R11,武学奇术!$A:$ZZ,11,FALSE)+SUM(_xlfn.XLOOKUP(S11:AL11,增益!$A:$A,增益!$K:$K,0)))/100)} -> -0.3 | BF11: {=$G$12+VLOOKUP($R11,武学奇术!$A:$ZZ,12,FALSE)+SUM(_xlfn.XLOOKUP(S11:AL11,增益!$A:$A,增益!$L:$L,0))} -> 0.02 | BG11: =$D$13*(1+$AX11) -> 0 | BH11: =$E$13*(1+$AX11) -> 0 | BI11: {=IF($F$13-$I$4+VLOOKUP($R11,武学奇术!$A:$ZZ,13,FALSE)+SUM(_xlfn.XLOOKUP(S11:AL11,增益!$A:$A,增益!$M:$M,0))>0,($F$13-$I$4+VLOOKUP($R11,武学奇术!$A:$ZZ,13,FALSE)+SUM(_xlfn.XLOOKUP(S11:AL11,增益!$A:$A,增益!$K:$K,0)))/200,($F$13-$I$4+VLOOKUP($R11,武学奇术!$A:$ZZ,13,FALSE)+SUM(_xlfn.XLOOKUP(S11:AL11,增益!$A:$A,增益!$M:$M,0)))/100)} -> -0.3 | BJ11: {=$G$13+VLOOKUP($R11,武学奇术!$A:$ZZ,14,FALSE)+SUM(_xlfn.XLOOKUP(S11:AL11,增益!$A:$A,增益!$N:$N,0))} -> 0.02 | BK11: =$D$14*(1+$AX11) -> 618.2 | BL11: =$E$14*(1+$AX11) -> 1805 | BM11: {=IF($F$14-$I$4+VLOOKUP($R11,武学奇术!$A:$ZZ,15,FALSE)+SUM(_xlfn.XLOOKUP(S11:AL11,增益!$A:$A,增益!$O:$O,0))>0,($F$14-$I$4+VLOOKUP($R11,武学奇术!$A:$ZZ,15,FALSE)+SUM(_xlfn.XLOOKUP(S11:AL11,增益!$A:$A,增益!$O:$O,0)))/200,($F$14-$I$4+VLOOKUP($R11,武学奇术!$A:$ZZ,15,FALSE)+SUM(_xlfn.XLOOKUP(S11:AL11,增益!$A:$A,增益!$O:$O,0)))/100)} -> 0.05 | BN11: {=$G$14+VLOOKUP($R11,武学奇术!$A:$ZZ,16,FALSE)+SUM(_xlfn.XLOOKUP(S11:AL11,增益!$A:$A,增益!$P:$P,0))} -> 0.44 | BO11: =MIN(IF(VLOOKUP($R11,武学奇术!$A:$ZZ,23,FALSE)=1,100%,$B$8),100%) -> 0.9943 | BP11: {=IF(VLOOKUP($R11,武学奇术!$A:$ZZ,23,FALSE)=1,100%,MIN(80%,$B$9+VLOOKUP($R11,武学奇术!$A:$ZZ,17,FALSE)+SUM(_xlfn.XLOOKUP(S11:AL11,增益!$A:$A,增益!$Q:$Q,0)))+$B$11+SUM(_xlfn.XLOOKUP(S11:AL11,增益!$A:$A,增益!$U:$U,0)))*IF(VLOOKUP($R11,武学奇术!$A:$ZZ,24,FALSE)=1,0,1)} -> 0.8 | BQ11: {=1+$B$13+VLOOKUP($R11,武学奇术!$A:$ZZ,18,FALSE)+SUM(_xlfn.XLOOKUP(S11:AL11,增益!$A:$A,增益!$R:$R,0))} -> 1.554 | BR11: {=IF(VLOOKUP($R11,武学奇术!$A:$ZZ,24,FALSE)=1,100%,MIN(40%,$B$10+VLOOKUP($R11,武学奇术!$A:$ZZ,19,FALSE)+SUM(_xlfn.XLOOKUP(S11:AL11,增益!$A:$A,增益!$S:$S,0)))+$B$12+SUM(_xlfn.XLOOKUP(S11:AL11,增益!$A:$A,增益!$V:$V,0)))*IF(VLOOKUP($R11,武学奇术!$A:$ZZ,23,FALSE)=1,0,1)} -> 0.0913 | BS11: {=1+$B$14+VLOOKUP($R11,武学奇术!$A:$ZZ,20,FALSE)+SUM(_xlfn.XLOOKUP(S11:AL11,增益!$A:$A,增益!$T:$T,0))} -> 1.35 | BT11: =MIN((1-BR11)*BO11,BO11*BP11) -> 0.79544 | BU11: =1-BR11-BT11-BV11 -> 0.10808041 | BV11: =IF(VLOOKUP($R11,武学奇术!$A:$ZZ,22,FALSE)=1,0,(1-$BO11))*(1-$BR11) -> 0.00517959 | BW11: {=SUM(_xlfn.XLOOKUP(S11:AL11,增益!$A:$A,增益!$W:$W,0))+$I$5} -> 0.11 | BX11: =VLOOKUP($R11,武学奇术!$A:$ZZ,32,FALSE) -> 0 | BY11: {=SUM(_xlfn.XLOOKUP($S11:$AL11,增益!$A:$A,增益!$X:$X,0))} -> 0
A12: 直接会意率 | B12: 0 | C12: 裂石 | D12: =(B4+IF($G$1=$C12,$B$7,0))*IF($G$2="撼天",1.06,1) -> 0 | E12: =(MAX(B4,C4)+IF($G$1=$C12,$C$7,0))*IF($G$2="撼天",1.06,1) -> 0 | F12: =D4 -> 0 | G12: =E4 -> 0 | H12: ADPS | I12: =I10/I8 -> 182513.56 | K12: =$L12*VLOOKUP($R12,武学奇术!$A:$ZZ,31,FALSE) -> 17336.422 | L12: =($M12*$BT12+$N12*$BR12+$O12*$BU12+$P12*$BV12) -> 15478.948 | M12: =((($AT12+$AU12)/2*$AN12+$AO12)*(1+$AV12)*(1+$AW12)+(($AY12+$AZ12)/2*IF($G$1="鸣金",$AP12,$AN12)+IF($G$1="鸣金",$AQ12*1.5,0))*(1+$BA12)*(1+$BB12)+(($BC12+$BD12)/2*IF($G$1="裂石",$AP12,$AN12)+IF($G$1="裂石",$AQ12*1.5,0))*(1+$BE12)*(1+$BF12)+(($BG12+$BH12)/2*IF($G$1="牵丝",$AP12,$AN12)+IF($G$1="牵丝",$AQ12*1.5,0))*(1+$BI12)*(1+$BJ12)+(($BK12+$BL12)/2*IF($G$1="破竹",$AP12,$AN12)+IF($G$1="破竹",$AQ12*1.5,0))*(1+$BM12)*(1+$BN12))*(1+$AR12)*$BQ12*$Q12*(1+IF(VLOOKUP($R12,武学奇术!$A:$ZZ,30,FALSE)="轻击",$B$21,0))*(1+IF(VLOOKUP($R12,武学奇术!$A:$ZZ,30,FALSE)="老鼠",$B$22,0))*(1+$BW12)*(1+$BX12) -> 16173.31 | N12: =((($AU12*$AN12+$AO12)*(1+$AV12)*(1+$AW12)+($AZ12*IF($G$1="鸣金",$AP12,$AN12)+IF($G$1="鸣金",$AQ12*1.5,0))*(1+$BA12)*(1+$BB12)+($BD12*IF($G$1="裂石",$AP12,$AN12)+IF($G$1="裂石",$AQ12*1.5,0))*(1+$BE12)*(1+$BF12)+($BH12*IF($G$1="牵丝",$AP12,$AN12)+IF($G$1="牵丝",$AQ12*1.5,0))*(1+$BI12)*(1+$BJ12)+($BL12*IF($G$1="破竹",$AP12,$AN12)+IF($G$1="破竹",$AQ12*1.5,0))*(1+$BM12)*(1+$BN12))*(1+$AR12)*$BS12*$Q12*(1+IF(VLOOKUP($R12,武学奇术!$A:$ZZ,30,FALSE)="轻击",$B$21,0))*(1+IF(VLOOKUP($R12,武学奇术!$A:$ZZ,30,FALSE)="老鼠",$B$22,0))*(1+$BW12))*(1+$BX12) -> 15793.902 | O12: =((($AT12+$AU12)/2*$AN12+$AO12)*(1+$AV12)*(1+$AW12)+(($AY12+$AZ12)/2*IF($G$1="鸣金",$AP12,$AN12)+IF($G$1="鸣金",$AQ12*1.5,0))*(1+$BA12)*(1+$BB12)+(($BC12+$BD12)/2*IF($G$1="裂石",$AP12,$AN12)+IF($G$1="裂石",$AQ12*1.5,0))*(1+$BE12)*(1+$BF12)+(($BG12+$BH12)/2*IF($G$1="牵丝",$AP12,$AN12)+IF($G$1="牵丝",$AQ12*1.5,0))*(1+$BI12)*(1+$BJ12)+(($BK12+$BL12)/2*IF($G$1="破竹",$AP12,$AN12)+IF($G$1="破竹",$AQ12*1.5,0))*(1+$BM12)*(1+$BN12))*(1+$AR12)*$Q12*(1+IF(VLOOKUP($R12,武学奇术!$A:$ZZ,30,FALSE)="轻击",$B$21,0))*(1+IF(VLOOKUP($R12,武学奇术!$A:$ZZ,30,FALSE)="老鼠",$B$22,0))*(1+$BW12)*(1+$BX12) -> 10407.535 | P12: =((($AT12*$AN12+$AO12)*(1+$AV12)*(1+$AW12)+($AY12*IF($G$1="鸣金",$AP12,$AN12)+IF($G$1="鸣金",$AQ12*1.5,0))*(1+$BA12)*(1+$BB12)+($BC12*IF($G$1="裂石",$AP12,$AN12)+IF($G$1="裂石",$AQ12*1.5,0))*(1+$BE12)*(1+$BF12)+($BG12*IF($G$1="牵丝",$AP12,$AN12)+IF($G$1="牵丝",$AQ12*1.5,0))*(1+$BI12)*(1+$BJ12)+($BK12*IF($G$1="破竹",$AP12,$AN12)+IF($G$1="破竹",$AQ12*1.5,0))*(1+$BM12)*(1+$BN12))*(1+$AR12))*$Q12*(1+IF(VLOOKUP($R12,武学奇术!$A:$ZZ,30,FALSE)="轻击",$B$21,0))*(1+IF(VLOOKUP($R12,武学奇术!$A:$ZZ,30,FALSE)="老鼠",$B$22,0))*(1+$BW12)*(1+$BX12) -> 9115.884 | Q12: 1 | R12: 白3 | S12: 易水歌2层 | T12: 沧海帖1层 | U12: 恶身 | V12: 苦果 | W12: 轮回 | X12: N/a | Y12: 燕归额外 | Z12: N/a | AA12: N/a | AB12: N/a | AC12: N/a | AD12: N/a | AE12: N/a | AF12: N/a | AG12: 无惧 | AH12: 离猎(拐) | AI12: N/a | AJ12: N/a | AK12: N/a | AL12: N/a | AM12: =VLOOKUP($R12,武学奇术!$A:$ZZ,25,FALSE) -> 双刀 | AN12: =VLOOKUP($R12,武学奇术!$A:$ZZ,26,FALSE) -> 0.5772 | AO12: =VLOOKUP($R12,武学奇术!$A:$ZZ,27,FALSE)*(1+IF(OR($AM12=$F$4,$AM12=$F$5),$B$23,0)) -> 257.6 | AP12: =VLOOKUP($R12,武学奇术!$A:$ZZ,28,FALSE) -> 0.8658 | AQ12: =VLOOKUP($R12,武学奇术!$A:$ZZ,29,FALSE)*(1+IF(OR($AM12=$F$4,$AM12=$F$5),$B$23,0)) -> 139.2 | AR12: {=$G$3+IFERROR(VLOOKUP($AM12,$F$4:$G$7,2,FALSE),0)+VLOOKUP($R12,武学奇术!$A:$ZZ,2,FALSE)+SUM(_xlfn.XLOOKUP($S12:$AL12,增益!$A:$A,增益!$B:$B,0))} -> 0.5943 | AS12: {=VLOOKUP($R12,武学奇术!$A:$ZZ,5,FALSE)+SUM(_xlfn.XLOOKUP($S12:$AL12,增益!$A:$A,增益!$E:$E,0))} -> 0 | AT12: {=$D$10*(1+$AS12)+VLOOKUP($R12,武学奇术!$A:$ZZ,3,FALSE)+SUM(_xlfn.XLOOKUP($S12:$AL12,增益!$A:$A,增益!$C:$C,0))-$I$2} -> 4150.4 | AU12: {=$E$10*(1+$AS12)+VLOOKUP($R12,武学奇术!$A:$ZZ,4,FALSE)+SUM(_xlfn.XLOOKUP($S12:$AL12,增益!$A:$A,增益!$D:$D,0))-$I$2} -> 4150.4 | AV12: {=IF($F$10-$I$3+VLOOKUP($R12,武学奇术!$A:$ZZ,6,FALSE)+SUM(_xlfn.XLOOKUP(S12:AL12,增益!$A:$A,增益!$F:$F,0))>0,($F$10-$I$3+VLOOKUP($R12,武学奇术!$A:$ZZ,6,FALSE)+SUM(_xlfn.XLOOKUP(S12:AL12,增益!$A:$A,增益!$F:$F,0)))/200,($F$10-$I$3+VLOOKUP($R12,武学奇术!$A:$ZZ,6,FALSE)+SUM(_xlfn.XLOOKUP(S12:AL12,增益!$A:$A,增益!$F:$F,0)))/100)} -> 0.2989 | AW12: {=$G$10+VLOOKUP($R12,武学奇术!$A:$ZZ,7,FALSE)+SUM(_xlfn.XLOOKUP(S12:AL12,增益!$A:$A,增益!$G:$G,0))} -> 0.08 | AX12: {=VLOOKUP($R12,武学奇术!$A:$ZZ,8,FALSE)+SUM(_xlfn.XLOOKUP(S12:AL12,增益!$A:$A,增益!$H:$H,0))} -> 0 | AY12: =$D$11*(1+$AX12) -> 0 | AZ12: =$E$11*(1+$AX12) -> 0 | BA12: {=IF($F$11-$I$4+VLOOKUP($R12,武学奇术!$A:$ZZ,9,FALSE)+SUM(_xlfn.XLOOKUP(S12:AL12,增益!$A:$A,增益!$I:$I,0))>0,($F$11-$I$4+VLOOKUP($R12,武学奇术!$A:$ZZ,9,FALSE)+SUM(_xlfn.XLOOKUP(S12:AL12,增益!$A:$A,增益!$I:$I,0)))/200,($F$11-$I$4+VLOOKUP($R12,武学奇术!$A:$ZZ,9,FALSE)+SUM(_xlfn.XLOOKUP(S12:AL12,增益!$A:$A,增益!$I:$I,0)))/100)} -> -0.3 | BB12: {=$G$11+VLOOKUP($R12,武学奇术!$A:$ZZ,10,FALSE)+SUM(_xlfn.XLOOKUP(S12:AL12,增益!$A:$A,增益!$J:$J,0))} -> 0.02 | BC12: =$D$12*(1+$AX12) -> 0 | BD12: =$E$12*(1+$AX12) -> 0 | BE12: {=IF($F$12-$I$4+VLOOKUP($R12,武学奇术!$A:$ZZ,11,FALSE)+SUM(_xlfn.XLOOKUP(S12:AL12,增益!$A:$A,增益!$K:$K,0))>0,($F$12-$I$4+VLOOKUP($R12,武学奇术!$A:$ZZ,11,FALSE)+SUM(_xlfn.XLOOKUP(S12:AL12,增益!$A:$A,增益!$K:$K,0)))/200,($F$12-$I$4+VLOOKUP($R12,武学奇术!$A:$ZZ,11,FALSE)+SUM(_xlfn.XLOOKUP(S12:AL12,增益!$A:$A,增益!$K:$K,0)))/100)} -> -0.3 | BF12: {=$G$12+VLOOKUP($R12,武学奇术!$A:$ZZ,12,FALSE)+SUM(_xlfn.XLOOKUP(S12:AL12,增益!$A:$A,增益!$L:$L,0))} -> 0.02 | BG12: =$D$13*(1+$AX12) -> 0 | BH12: =$E$13*(1+$AX12) -> 0 | BI12: {=IF($F$13-$I$4+VLOOKUP($R12,武学奇术!$A:$ZZ,13,FALSE)+SUM(_xlfn.XLOOKUP(S12:AL12,增益!$A:$A,增益!$M:$M,0))>0,($F$13-$I$4+VLOOKUP($R12,武学奇术!$A:$ZZ,13,FALSE)+SUM(_xlfn.XLOOKUP(S12:AL12,增益!$A:$A,增益!$K:$K,0)))/200,($F$13-$I$4+VLOOKUP($R12,武学奇术!$A:$ZZ,13,FALSE)+SUM(_xlfn.XLOOKUP(S12:AL12,增益!$A:$A,增益!$M:$M,0)))/100)} -> -0.3 | BJ12: {=$G$13+VLOOKUP($R12,武学奇术!$A:$ZZ,14,FALSE)+SUM(_xlfn.XLOOKUP(S12:AL12,增益!$A:$A,增益!$N:$N,0))} -> 0.02 | BK12: =$D$14*(1+$AX12) -> 618.2 | BL12: =$E$14*(1+$AX12) -> 1805 | BM12: {=IF($F$14-$I$4+VLOOKUP($R12,武学奇术!$A:$ZZ,15,FALSE)+SUM(_xlfn.XLOOKUP(S12:AL12,增益!$A:$A,增益!$O:$O,0))>0,($F$14-$I$4+VLOOKUP($R12,武学奇术!$A:$ZZ,15,FALSE)+SUM(_xlfn.XLOOKUP(S12:AL12,增益!$A:$A,增益!$O:$O,0)))/200,($F$14-$I$4+VLOOKUP($R12,武学奇术!$A:$ZZ,15,FALSE)+SUM(_xlfn.XLOOKUP(S12:AL12,增益!$A:$A,增益!$O:$O,0)))/100)} -> 0.05 | BN12: {=$G$14+VLOOKUP($R12,武学奇术!$A:$ZZ,16,FALSE)+SUM(_xlfn.XLOOKUP(S12:AL12,增益!$A:$A,增益!$P:$P,0))} -> 0.23 | BO12: =MIN(IF(VLOOKUP($R12,武学奇术!$A:$ZZ,23,FALSE)=1,100%,$B$8),100%) -> 0.9943 | BP12: {=IF(VLOOKUP($R12,武学奇术!$A:$ZZ,23,FALSE)=1,100%,MIN(80%,$B$9+VLOOKUP($R12,武学奇术!$A:$ZZ,17,FALSE)+SUM(_xlfn.XLOOKUP(S12:AL12,增益!$A:$A,增益!$Q:$Q,0)))+$B$11+SUM(_xlfn.XLOOKUP(S12:AL12,增益!$A:$A,增益!$U:$U,0)))*IF(VLOOKUP($R12,武学奇术!$A:$ZZ,24,FALSE)=1,0,1)} -> 0.8 | BQ12: {=1+$B$13+VLOOKUP($R12,武学奇术!$A:$ZZ,18,FALSE)+SUM(_xlfn.XLOOKUP(S12:AL12,增益!$A:$A,增益!$R:$R,0))} -> 1.554 | BR12: {=IF(VLOOKUP($R12,武学奇术!$A:$ZZ,24,FALSE)=1,100%,MIN(40%,$B$10+VLOOKUP($R12,武学奇术!$A:$ZZ,19,FALSE)+SUM(_xlfn.XLOOKUP(S12:AL12,增益!$A:$A,增益!$S:$S,0)))+$B$12+SUM(_xlfn.XLOOKUP(S12:AL12,增益!$A:$A,增益!$V:$V,0)))*IF(VLOOKUP($R12,武学奇术!$A:$ZZ,23,FALSE)=1,0,1)} -> 0.0913 | BS12: {=1+$B$14+VLOOKUP($R12,武学奇术!$A:$ZZ,20,FALSE)+SUM(_xlfn.XLOOKUP(S12:AL12,增益!$A:$A,增益!$T:$T,0))} -> 1.35 | BT12: =MIN((1-BR12)*BO12,BO12*BP12) -> 0.79544 | BU12: =1-BR12-BT12-BV12 -> 0.10808041 | BV12: =IF(VLOOKUP($R12,武学奇术!$A:$ZZ,22,FALSE)=1,0,(1-$BO12))*(1-$BR12) -> 0.00517959 | BW12: {=SUM(_xlfn.XLOOKUP(S12:AL12,增益!$A:$A,增益!$W:$W,0))+$I$5} -> 0.11 | BX12: =VLOOKUP($R12,武学奇术!$A:$ZZ,32,FALSE) -> 0.1 | BY12: {=SUM(_xlfn.XLOOKUP($S12:$AL12,增益!$A:$A,增益!$X:$X,0))} -> 0
A13: 会心伤害加成 | B13: 0.544 | C13: 牵丝 | D13: =(B5+IF($G$1=$C13,$B$7,0))*IF($G$2="撼天",1.06,1) -> 0 | E13: =(MAX(B5,C5)+IF($G$1=$C13,$C$7,0))*IF($G$2="撼天",1.06,1) -> 0 | F13: =D5 -> 0 | G13: =E5 -> 0 | K13: =$L13*VLOOKUP($R13,武学奇术!$A:$ZZ,31,FALSE) -> 17535.809 | L13: =($M13*$BT13+$N13*$BR13+$O13*$BU13+$P13*$BV13) -> 17191.97 | M13: =((($AT13+$AU13)/2*$AN13+$AO13)*(1+$AV13)*(1+$AW13)+(($AY13+$AZ13)/2*IF($G$1="鸣金",$AP13,$AN13)+IF($G$1="鸣金",$AQ13*1.5,0))*(1+$BA13)*(1+$BB13)+(($BC13+$BD13)/2*IF($G$1="裂石",$AP13,$AN13)+IF($G$1="裂石",$AQ13*1.5,0))*(1+$BE13)*(1+$BF13)+(($BG13+$BH13)/2*IF($G$1="牵丝",$AP13,$AN13)+IF($G$1="牵丝",$AQ13*1.5,0))*(1+$BI13)*(1+$BJ13)+(($BK13+$BL13)/2*IF($G$1="破竹",$AP13,$AN13)+IF($G$1="破竹",$AQ13*1.5,0))*(1+$BM13)*(1+$BN13))*(1+$AR13)*$BQ13*$Q13*(1+IF(VLOOKUP($R13,武学奇术!$A:$ZZ,30,FALSE)="轻击",$B$21,0))*(1+IF(VLOOKUP($R13,武学奇术!$A:$ZZ,30,FALSE)="老鼠",$B$22,0))*(1+$BW13)*(1+$BX13) -> 17966.384 | N13: =((($AU13*$AN13+$AO13)*(1+$AV13)*(1+$AW13)+($AZ13*IF($G$1="鸣金",$AP13,$AN13)+IF($G$1="鸣金",$AQ13*1.5,0))*(1+$BA13)*(1+$BB13)+($BD13*IF($G$1="裂石",$AP13,$AN13)+IF($G$1="裂石",$AQ13*1.5,0))*(1+$BE13)*(1+$BF13)+($BH13*IF($G$1="牵丝",$AP13,$AN13)+IF($G$1="牵丝",$AQ13*1.5,0))*(1+$BI13)*(1+$BJ13)+($BL13*IF($G$1="破竹",$AP13,$AN13)+IF($G$1="破竹",$AQ13*1.5,0))*(1+$BM13)*(1+$BN13))*(1+$AR13)*$BS13*$Q13*(1+IF(VLOOKUP($R13,武学奇术!$A:$ZZ,30,FALSE)="轻击",$B$21,0))*(1+IF(VLOOKUP($R13,武学奇术!$A:$ZZ,30,FALSE)="老鼠",$B$22,0))*(1+$BW13))*(1+$BX13) -> 17509.806 | O13: =((($AT13+$AU13)/2*$AN13+$AO13)*(1+$AV13)*(1+$AW13)+(($AY13+$AZ13)/2*IF($G$1="鸣金",$AP13,$AN13)+IF($G$1="鸣金",$AQ13*1.5,0))*(1+$BA13)*(1+$BB13)+(($BC13+$BD13)/2*IF($G$1="裂石",$AP13,$AN13)+IF($G$1="裂石",$AQ13*1.5,0))*(1+$BE13)*(1+$BF13)+(($BG13+$BH13)/2*IF($G$1="牵丝",$AP13,$AN13)+IF($G$1="牵丝",$AQ13*1.5,0))*(1+$BI13)*(1+$BJ13)+(($BK13+$BL13)/2*IF($G$1="破竹",$AP13,$AN13)+IF($G$1="破竹",$AQ13*1.5,0))*(1+$BM13)*(1+$BN13))*(1+$AR13)*$Q13*(1+IF(VLOOKUP($R13,武学奇术!$A:$ZZ,30,FALSE)="轻击",$B$21,0))*(1+IF(VLOOKUP($R13,武学奇术!$A:$ZZ,30,FALSE)="老鼠",$B$22,0))*(1+$BW13)*(1+$BX13) -> 11561.379 | P13: =((($AT13*$AN13+$AO13)*(1+$AV13)*(1+$AW13)+($AY13*IF($G$1="鸣金",$AP13,$AN13)+IF($G$1="鸣金",$AQ13*1.5,0))*(1+$BA13)*(1+$BB13)+($BC13*IF($G$1="裂石",$AP13,$AN13)+IF($G$1="裂石",$AQ13*1.5,0))*(1+$BE13)*(1+$BF13)+($BG13*IF($G$1="牵丝",$AP13,$AN13)+IF($G$1="牵丝",$AQ13*1.5,0))*(1+$BI13)*(1+$BJ13)+($BK13*IF($G$1="破竹",$AP13,$AN13)+IF($G$1="破竹",$AQ13*1.5,0))*(1+$BM13)*(1+$BN13))*(1+$AR13))*$Q13*(1+IF(VLOOKUP($R13,武学奇术!$A:$ZZ,30,FALSE)="轻击",$B$21,0))*(1+IF(VLOOKUP($R13,武学奇术!$A:$ZZ,30,FALSE)="老鼠",$B$22,0))*(1+$BW13)*(1+$BX13) -> 10152.532 | Q13: 1 | R13: 双刀～ | S13: 易水歌2层 | T13: 沧海帖1层 | U13: N/a | V13: N/a | W13: 轮回 | X13: N/a | Y13: N/a | Z13: N/a | AA13: N/a | AB13: N/a | AC13: N/a | AD13: N/a | AE13: N/a | AF13: N/a | AG13: 无惧 | AH13: 离猎(拐) | AI13: N/a | AJ13: N/a | AK13: N/a | AL13: N/a | AM13: =VLOOKUP($R13,武学奇术!$A:$ZZ,25,FALSE) -> 双刀 | AN13: =VLOOKUP($R13,武学奇术!$A:$ZZ,26,FALSE) -> 0.8267 | AO13: =VLOOKUP($R13,武学奇术!$A:$ZZ,27,FALSE)*(1+IF(OR($AM13=$F$4,$AM13=$F$5),$B$23,0)) -> 366.4 | AP13: =VLOOKUP($R13,武学奇术!$A:$ZZ,28,FALSE) -> 1.24 | AQ13: =VLOOKUP($R13,武学奇术!$A:$ZZ,29,FALSE)*(1+IF(OR($AM13=$F$4,$AM13=$F$5),$B$23,0)) -> 200 | AR13: {=$G$3+IFERROR(VLOOKUP($AM13,$F$4:$G$7,2,FALSE),0)+VLOOKUP($R13,武学奇术!$A:$ZZ,2,FALSE)+SUM(_xlfn.XLOOKUP($S13:$AL13,增益!$A:$A,增益!$B:$B,0))} -> 0.4743 | AS13: {=VLOOKUP($R13,武学奇术!$A:$ZZ,5,FALSE)+SUM(_xlfn.XLOOKUP($S13:$AL13,增益!$A:$A,增益!$E:$E,0))} -> 0 | AT13: {=$D$10*(1+$AS13)+VLOOKUP($R13,武学奇术!$A:$ZZ,3,FALSE)+SUM(_xlfn.XLOOKUP($S13:$AL13,增益!$A:$A,增益!$C:$C,0))-$I$2} -> 4081.7 | AU13: {=$E$10*(1+$AS13)+VLOOKUP($R13,武学奇术!$A:$ZZ,4,FALSE)+SUM(_xlfn.XLOOKUP($S13:$AL13,增益!$A:$A,增益!$D:$D,0))-$I$2} -> 4081.7 | AV13: {=IF($F$10-$I$3+VLOOKUP($R13,武学奇术!$A:$ZZ,6,FALSE)+SUM(_xlfn.XLOOKUP(S13:AL13,增益!$A:$A,增益!$F:$F,0))>0,($F$10-$I$3+VLOOKUP($R13,武学奇术!$A:$ZZ,6,FALSE)+SUM(_xlfn.XLOOKUP(S13:AL13,增益!$A:$A,增益!$F:$F,0)))/200,($F$10-$I$3+VLOOKUP($R13,武学奇术!$A:$ZZ,6,FALSE)+SUM(_xlfn.XLOOKUP(S13:AL13,增益!$A:$A,增益!$F:$F,0)))/100)} -> 0.2989 | AW13: {=$G$10+VLOOKUP($R13,武学奇术!$A:$ZZ,7,FALSE)+SUM(_xlfn.XLOOKUP(S13:AL13,增益!$A:$A,增益!$G:$G,0))} -> 0.02 | AX13: {=VLOOKUP($R13,武学奇术!$A:$ZZ,8,FALSE)+SUM(_xlfn.XLOOKUP(S13:AL13,增益!$A:$A,增益!$H:$H,0))} -> 0 | AY13: =$D$11*(1+$AX13) -> 0 | AZ13: =$E$11*(1+$AX13) -> 0 | BA13: {=IF($F$11-$I$4+VLOOKUP($R13,武学奇术!$A:$ZZ,9,FALSE)+SUM(_xlfn.XLOOKUP(S13:AL13,增益!$A:$A,增益!$I:$I,0))>0,($F$11-$I$4+VLOOKUP($R13,武学奇术!$A:$ZZ,9,FALSE)+SUM(_xlfn.XLOOKUP(S13:AL13,增益!$A:$A,增益!$I:$I,0)))/200,($F$11-$I$4+VLOOKUP($R13,武学奇术!$A:$ZZ,9,FALSE)+SUM(_xlfn.XLOOKUP(S13:AL13,增益!$A:$A,增益!$I:$I,0)))/100)} -> -0.3 | BB13: {=$G$11+VLOOKUP($R13,武学奇术!$A:$ZZ,10,FALSE)+SUM(_xlfn.XLOOKUP(S13:AL13,增益!$A:$A,增益!$J:$J,0))} -> 0.02 | BC13: =$D$12*(1+$AX13) -> 0 | BD13: =$E$12*(1+$AX13) -> 0 | BE13: {=IF($F$12-$I$4+VLOOKUP($R13,武学奇术!$A:$ZZ,11,FALSE)+SUM(_xlfn.XLOOKUP(S13:AL13,增益!$A:$A,增益!$K:$K,0))>0,($F$12-$I$4+VLOOKUP($R13,武学奇术!$A:$ZZ,11,FALSE)+SUM(_xlfn.XLOOKUP(S13:AL13,增益!$A:$A,增益!$K:$K,0)))/200,($F$12-$I$4+VLOOKUP($R13,武学奇术!$A:$ZZ,11,FALSE)+SUM(_xlfn.XLOOKUP(S13:AL13,增益!$A:$A,增益!$K:$K,0)))/100)} -> -0.3 | BF13: {=$G$12+VLOOKUP($R13,武学奇术!$A:$ZZ,12,FALSE)+SUM(_xlfn.XLOOKUP(S13:AL13,增益!$A:$A,增益!$L:$L,0))} -> 0.02 | BG13: =$D$13*(1+$AX13) -> 0 | BH13: =$E$13*(1+$AX13) -> 0 | BI13: {=IF($F$13-$I$4+VLOOKUP($R13,武学奇术!$A:$ZZ,13,FALSE)+SUM(_xlfn.XLOOKUP(S13:AL13,增益!$A:$A,增益!$M:$M,0))>0,($F$13-$I$4+VLOOKUP($R13,武学奇术!$A:$ZZ,13,FALSE)+SUM(_xlfn.XLOOKUP(S13:AL13,增益!$A:$A,增益!$K:$K,0)))/200,($F$13-$I$4+VLOOKUP($R13,武学奇术!$A:$ZZ,13,FALSE)+SUM(_xlfn.XLOOKUP(S13:AL13,增益!$A:$A,增益!$M:$M,0)))/100)} -> -0.3 | BJ13: {=$G$13+VLOOKUP($R13,武学奇术!$A:$ZZ,14,FALSE)+SUM(_xlfn.XLOOKUP(S13:AL13,增益!$A:$A,增益!$N:$N,0))} -> 0.02 | BK13: =$D$14*(1+$AX13) -> 618.2 | BL13: =$E$14*(1+$AX13) -> 1805 | BM13: {=IF($F$14-$I$4+VLOOKUP($R13,武学奇术!$A:$ZZ,15,FALSE)+SUM(_xlfn.XLOOKUP(S13:AL13,增益!$A:$A,增益!$O:$O,0))>0,($F$14-$I$4+VLOOKUP($R13,武学奇术!$A:$ZZ,15,FALSE)+SUM(_xlfn.XLOOKUP(S13:AL13,增益!$A:$A,增益!$O:$O,0)))/200,($F$14-$I$4+VLOOKUP($R13,武学奇术!$A:$ZZ,15,FALSE)+SUM(_xlfn.XLOOKUP(S13:AL13,增益!$A:$A,增益!$O:$O,0)))/100)} -> 0 | BN13: {=$G$14+VLOOKUP($R13,武学奇术!$A:$ZZ,16,FALSE)+SUM(_xlfn.XLOOKUP(S13:AL13,增益!$A:$A,增益!$P:$P,0))} -> 0.17 | BO13: =MIN(IF(VLOOKUP($R13,武学奇术!$A:$ZZ,23,FALSE)=1,100%,$B$8),100%) -> 0.9943 | BP13: {=IF(VLOOKUP($R13,武学奇术!$A:$ZZ,23,FALSE)=1,100%,MIN(80%,$B$9+VLOOKUP($R13,武学奇术!$A:$ZZ,17,FALSE)+SUM(_xlfn.XLOOKUP(S13:AL13,增益!$A:$A,增益!$Q:$Q,0)))+$B$11+SUM(_xlfn.XLOOKUP(S13:AL13,增益!$A:$A,增益!$U:$U,0)))*IF(VLOOKUP($R13,武学奇术!$A:$ZZ,24,FALSE)=1,0,1)} -> 0.8 | BQ13: {=1+$B$13+VLOOKUP($R13,武学奇术!$A:$ZZ,18,FALSE)+SUM(_xlfn.XLOOKUP(S13:AL13,增益!$A:$A,增益!$R:$R,0))} -> 1.554 | BR13: {=IF(VLOOKUP($R13,武学奇术!$A:$ZZ,24,FALSE)=1,100%,MIN(40%,$B$10+VLOOKUP($R13,武学奇术!$A:$ZZ,19,FALSE)+SUM(_xlfn.XLOOKUP(S13:AL13,增益!$A:$A,增益!$S:$S,0)))+$B$12+SUM(_xlfn.XLOOKUP(S13:AL13,增益!$A:$A,增益!$V:$V,0)))*IF(VLOOKUP($R13,武学奇术!$A:$ZZ,23,FALSE)=1,0,1)} -> 0.0913 | BS13: {=1+$B$14+VLOOKUP($R13,武学奇术!$A:$ZZ,20,FALSE)+SUM(_xlfn.XLOOKUP(S13:AL13,增益!$A:$A,增益!$T:$T,0))} -> 1.35 | BT13: =MIN((1-BR13)*BO13,BO13*BP13) -> 0.79544 | BU13: =1-BR13-BT13-BV13 -> 0.10808041 | BV13: =IF(VLOOKUP($R13,武学奇术!$A:$ZZ,22,FALSE)=1,0,(1-$BO13))*(1-$BR13) -> 0.00517959 | BW13: {=SUM(_xlfn.XLOOKUP(S13:AL13,增益!$A:$A,增益!$W:$W,0))+$I$5} -> 0.11 | BX13: =VLOOKUP($R13,武学奇术!$A:$ZZ,32,FALSE) -> 0 | BY13: {=SUM(_xlfn.XLOOKUP($S13:$AL13,增益!$A:$A,增益!$X:$X,0))} -> 0
A14: 会意伤害加成 | B14: 0.35 | C14: 破竹 | D14: =(B6+IF($G$1=$C14,B7,0))*IF($G$2="撼天",1.06,1) -> 618.2 | E14: =(MAX(B6,C6)+IF($G$1=$C14,$C$7,0))*IF($G$2="撼天",1.06,1) -> 1805 | F14: =D6 -> 30 | G14: =E6 -> 0.15 | H14: RDPS | I14: =RD!I14 -> 154331.24 | K14: =$L14*VLOOKUP($R14,武学奇术!$A:$ZZ,31,FALSE) -> 57019.117 | L14: =($M14*$BT14+$N14*$BR14+$O14*$BU14+$P14*$BV14) -> 55901.095 | M14: =((($AT14+$AU14)/2*$AN14+$AO14)*(1+$AV14)*(1+$AW14)+(($AY14+$AZ14)/2*IF($G$1="鸣金",$AP14,$AN14)+IF($G$1="鸣金",$AQ14*1.5,0))*(1+$BA14)*(1+$BB14)+(($BC14+$BD14)/2*IF($G$1="裂石",$AP14,$AN14)+IF($G$1="裂石",$AQ14*1.5,0))*(1+$BE14)*(1+$BF14)+(($BG14+$BH14)/2*IF($G$1="牵丝",$AP14,$AN14)+IF($G$1="牵丝",$AQ14*1.5,0))*(1+$BI14)*(1+$BJ14)+(($BK14+$BL14)/2*IF($G$1="破竹",$AP14,$AN14)+IF($G$1="破竹",$AQ14*1.5,0))*(1+$BM14)*(1+$BN14))*(1+$AR14)*$BQ14*$Q14*(1+IF(VLOOKUP($R14,武学奇术!$A:$ZZ,30,FALSE)="轻击",$B$21,0))*(1+IF(VLOOKUP($R14,武学奇术!$A:$ZZ,30,FALSE)="老鼠",$B$22,0))*(1+$BW14)*(1+$BX14) -> 58341.081 | N14: =((($AU14*$AN14+$AO14)*(1+$AV14)*(1+$AW14)+($AZ14*IF($G$1="鸣金",$AP14,$AN14)+IF($G$1="鸣金",$AQ14*1.5,0))*(1+$BA14)*(1+$BB14)+($BD14*IF($G$1="裂石",$AP14,$AN14)+IF($G$1="裂石",$AQ14*1.5,0))*(1+$BE14)*(1+$BF14)+($BH14*IF($G$1="牵丝",$AP14,$AN14)+IF($G$1="牵丝",$AQ14*1.5,0))*(1+$BI14)*(1+$BJ14)+($BL14*IF($G$1="破竹",$AP14,$AN14)+IF($G$1="破竹",$AQ14*1.5,0))*(1+$BM14)*(1+$BN14))*(1+$AR14)*$BS14*$Q14*(1+IF(VLOOKUP($R14,武学奇术!$A:$ZZ,30,FALSE)="轻击",$B$21,0))*(1+IF(VLOOKUP($R14,武学奇术!$A:$ZZ,30,FALSE)="老鼠",$B$22,0))*(1+$BW14))*(1+$BX14) -> 57712.738 | O14: =((($AT14+$AU14)/2*$AN14+$AO14)*(1+$AV14)*(1+$AW14)+(($AY14+$AZ14)/2*IF($G$1="鸣金",$AP14,$AN14)+IF($G$1="鸣金",$AQ14*1.5,0))*(1+$BA14)*(1+$BB14)+(($BC14+$BD14)/2*IF($G$1="裂石",$AP14,$AN14)+IF($G$1="裂石",$AQ14*1.5,0))*(1+$BE14)*(1+$BF14)+(($BG14+$BH14)/2*IF($G$1="牵丝",$AP14,$AN14)+IF($G$1="牵丝",$AQ14*1.5,0))*(1+$BI14)*(1+$BJ14)+(($BK14+$BL14)/2*IF($G$1="破竹",$AP14,$AN14)+IF($G$1="破竹",$AQ14*1.5,0))*(1+$BM14)*(1+$BN14))*(1+$AR14)*$Q14*(1+IF(VLOOKUP($R14,武学奇术!$A:$ZZ,30,FALSE)="轻击",$B$21,0))*(1+IF(VLOOKUP($R14,武学奇术!$A:$ZZ,30,FALSE)="老鼠",$B$22,0))*(1+$BW14)*(1+$BX14) -> 37542.523 | P14: =((($AT14*$AN14+$AO14)*(1+$AV14)*(1+$AW14)+($AY14*IF($G$1="鸣金",$AP14,$AN14)+IF($G$1="鸣金",$AQ14*1.5,0))*(1+$BA14)*(1+$BB14)+($BC14*IF($G$1="裂石",$AP14,$AN14)+IF($G$1="裂石",$AQ14*1.5,0))*(1+$BE14)*(1+$BF14)+($BG14*IF($G$1="牵丝",$AP14,$AN14)+IF($G$1="牵丝",$AQ14*1.5,0))*(1+$BI14)*(1+$BJ14)+($BK14*IF($G$1="破竹",$AP14,$AN14)+IF($G$1="破竹",$AQ14*1.5,0))*(1+$BM14)*(1+$BN14))*(1+$AR14))*$Q14*(1+IF(VLOOKUP($R14,武学奇术!$A:$ZZ,30,FALSE)="轻击",$B$21,0))*(1+IF(VLOOKUP($R14,武学奇术!$A:$ZZ,30,FALSE)="老鼠",$B$22,0))*(1+$BW14)*(1+$BX14) -> 32334.87 | Q14: 3 | R14: 老鼠 | S14: 易水歌2层 | T14: 沧海帖1层 | U14: 恶身 | V14: 苦果 | W14: 轮回 | X14: N/a | Y14: 燕归额外 | Z14: N/a | AA14: N/a | AB14: N/a | AC14: N/a | AD14: N/a | AE14: N/a | AF14: N/a | AG14: 无惧 | AH14: 离猎(拐) | AI14: N/a | AJ14: N/a | AK14: N/a | AL14: N/a | AM14: =VLOOKUP($R14,武学奇术!$A:$ZZ,25,FALSE) -> 绳镖 | AN14: =VLOOKUP($R14,武学奇术!$A:$ZZ,26,FALSE) -> 0.3675 | AO14: =VLOOKUP($R14,武学奇术!$A:$ZZ,27,FALSE)*(1+IF(OR($AM14=$F$4,$AM14=$F$5),$B$23,0)) -> 0 | AP14: =VLOOKUP($R14,武学奇术!$A:$ZZ,28,FALSE) -> 0.55125 | AQ14: =VLOOKUP($R14,武学奇术!$A:$ZZ,29,FALSE)*(1+IF(OR($AM14=$F$4,$AM14=$F$5),$B$23,0)) -> 0 | AR14: {=$G$3+IFERROR(VLOOKUP($AM14,$F$4:$G$7,2,FALSE),0)+VLOOKUP($R14,武学奇术!$A:$ZZ,2,FALSE)+SUM(_xlfn.XLOOKUP($S14:$AL14,增益!$A:$A,增益!$B:$B,0))} -> 1.3943 | AS14: {=VLOOKUP($R14,武学奇术!$A:$ZZ,5,FALSE)+SUM(_xlfn.XLOOKUP($S14:$AL14,增益!$A:$A,增益!$E:$E,0))} -> 0 | AT14: {=$D$10*(1+$AS14)+VLOOKUP($R14,武学奇术!$A:$ZZ,3,FALSE)+SUM(_xlfn.XLOOKUP($S14:$AL14,增益!$A:$A,增益!$C:$C,0))-$I$2} -> 4150.4 | AU14: {=$E$10*(1+$AS14)+VLOOKUP($R14,武学奇术!$A:$ZZ,4,FALSE)+SUM(_xlfn.XLOOKUP($S14:$AL14,增益!$A:$A,增益!$D:$D,0))-$I$2} -> 4150.4 | AV14: {=IF($F$10-$I$3+VLOOKUP($R14,武学奇术!$A:$ZZ,6,FALSE)+SUM(_xlfn.XLOOKUP(S14:AL14,增益!$A:$A,增益!$F:$F,0))>0,($F$10-$I$3+VLOOKUP($R14,武学奇术!$A:$ZZ,6,FALSE)+SUM(_xlfn.XLOOKUP(S14:AL14,增益!$A:$A,增益!$F:$F,0)))/200,($F$10-$I$3+VLOOKUP($R14,武学奇术!$A:$ZZ,6,FALSE)+SUM(_xlfn.XLOOKUP(S14:AL14,增益!$A:$A,增益!$F:$F,0)))/100)} -> 0.2989 | AW14: {=$G$10+VLOOKUP($R14,武学奇术!$A:$ZZ,7,FALSE)+SUM(_xlfn.XLOOKUP(S14:AL14,增益!$A:$A,增益!$G:$G,0))} -> 0.29 | AX14: {=VLOOKUP($R14,武学奇术!$A:$ZZ,8,FALSE)+SUM(_xlfn.XLOOKUP(S14:AL14,增益!$A:$A,增益!$H:$H,0))} -> 0 | AY14: =$D$11*(1+$AX14) -> 0 | AZ14: =$E$11*(1+$AX14) -> 0 | BA14: {=IF($F$11-$I$4+VLOOKUP($R14,武学奇术!$A:$ZZ,9,FALSE)+SUM(_xlfn.XLOOKUP(S14:AL14,增益!$A:$A,增益!$I:$I,0))>0,($F$11-$I$4+VLOOKUP($R14,武学奇术!$A:$ZZ,9,FALSE)+SUM(_xlfn.XLOOKUP(S14:AL14,增益!$A:$A,增益!$I:$I,0)))/200,($F$11-$I$4+VLOOKUP($R14,武学奇术!$A:$ZZ,9,FALSE)+SUM(_xlfn.XLOOKUP(S14:AL14,增益!$A:$A,增益!$I:$I,0)))/100)} -> -0.3 | BB14: {=$G$11+VLOOKUP($R14,武学奇术!$A:$ZZ,10,FALSE)+SUM(_xlfn.XLOOKUP(S14:AL14,增益!$A:$A,增益!$J:$J,0))} -> 0.02 | BC14: =$D$12*(1+$AX14) -> 0 | BD14: =$E$12*(1+$AX14) -> 0 | BE14: {=IF($F$12-$I$4+VLOOKUP($R14,武学奇术!$A:$ZZ,11,FALSE)+SUM(_xlfn.XLOOKUP(S14:AL14,增益!$A:$A,增益!$K:$K,0))>0,($F$12-$I$4+VLOOKUP($R14,武学奇术!$A:$ZZ,11,FALSE)+SUM(_xlfn.XLOOKUP(S14:AL14,增益!$A:$A,增益!$K:$K,0)))/200,($F$12-$I$4+VLOOKUP($R14,武学奇术!$A:$ZZ,11,FALSE)+SUM(_xlfn.XLOOKUP(S14:AL14,增益!$A:$A,增益!$K:$K,0)))/100)} -> -0.3 | BF14: {=$G$12+VLOOKUP($R14,武学奇术!$A:$ZZ,12,FALSE)+SUM(_xlfn.XLOOKUP(S14:AL14,增益!$A:$A,增益!$L:$L,0))} -> 0.02 | BG14: =$D$13*(1+$AX14) -> 0 | BH14: =$E$13*(1+$AX14) -> 0 | BI14: {=IF($F$13-$I$4+VLOOKUP($R14,武学奇术!$A:$ZZ,13,FALSE)+SUM(_xlfn.XLOOKUP(S14:AL14,增益!$A:$A,增益!$M:$M,0))>0,($F$13-$I$4+VLOOKUP($R14,武学奇术!$A:$ZZ,13,FALSE)+SUM(_xlfn.XLOOKUP(S14:AL14,增益!$A:$A,增益!$K:$K,0)))/200,($F$13-$I$4+VLOOKUP($R14,武学奇术!$A:$ZZ,13,FALSE)+SUM(_xlfn.XLOOKUP(S14:AL14,增益!$A:$A,增益!$M:$M,0)))/100)} -> -0.3 | BJ14: {=$G$13+VLOOKUP($R14,武学奇术!$A:$ZZ,14,FALSE)+SUM(_xlfn.XLOOKUP(S14:AL14,增益!$A:$A,增益!$N:$N,0))} -> 0.02 | BK14: =$D$14*(1+$AX14) -> 618.2 | BL14: =$E$14*(1+$AX14) -> 1805 | BM14: {=IF($F$14-$I$4+VLOOKUP($R14,武学奇术!$A:$ZZ,15,FALSE)+SUM(_xlfn.XLOOKUP(S14:AL14,增益!$A:$A,增益!$O:$O,0))>0,($F$14-$I$4+VLOOKUP($R14,武学奇术!$A:$ZZ,15,FALSE)+SUM(_xlfn.XLOOKUP(S14:AL14,增益!$A:$A,增益!$O:$O,0)))/200,($F$14-$I$4+VLOOKUP($R14,武学奇术!$A:$ZZ,15,FALSE)+SUM(_xlfn.XLOOKUP(S14:AL14,增益!$A:$A,增益!$O:$O,0)))/100)} -> 0.05 | BN14: {=$G$14+VLOOKUP($R14,武学奇术!$A:$ZZ,16,FALSE)+SUM(_xlfn.XLOOKUP(S14:AL14,增益!$A:$A,增益!$P:$P,0))} -> 0.44 | BO14: =MIN(IF(VLOOKUP($R14,武学奇术!$A:$ZZ,23,FALSE)=1,100%,$B$8),100%) -> 0.9943 | BP14: {=IF(VLOOKUP($R14,武学奇术!$A:$ZZ,23,FALSE)=1,100%,MIN(80%,$B$9+VLOOKUP($R14,武学奇术!$A:$ZZ,17,FALSE)+SUM(_xlfn.XLOOKUP(S14:AL14,增益!$A:$A,增益!$Q:$Q,0)))+$B$11+SUM(_xlfn.XLOOKUP(S14:AL14,增益!$A:$A,增益!$U:$U,0)))*IF(VLOOKUP($R14,武学奇术!$A:$ZZ,24,FALSE)=1,0,1)} -> 0.8 | BQ14: {=1+$B$13+VLOOKUP($R14,武学奇术!$A:$ZZ,18,FALSE)+SUM(_xlfn.XLOOKUP(S14:AL14,增益!$A:$A,增益!$R:$R,0))} -> 1.554 | BR14: {=IF(VLOOKUP($R14,武学奇术!$A:$ZZ,24,FALSE)=1,100%,MIN(40%,$B$10+VLOOKUP($R14,武学奇术!$A:$ZZ,19,FALSE)+SUM(_xlfn.XLOOKUP(S14:AL14,增益!$A:$A,增益!$S:$S,0)))+$B$12+SUM(_xlfn.XLOOKUP(S14:AL14,增益!$A:$A,增益!$V:$V,0)))*IF(VLOOKUP($R14,武学奇术!$A:$ZZ,23,FALSE)=1,0,1)} -> 0.0913 | BS14: {=1+$B$14+VLOOKUP($R14,武学奇术!$A:$ZZ,20,FALSE)+SUM(_xlfn.XLOOKUP(S14:AL14,增益!$A:$A,增益!$T:$T,0))} -> 1.35 | BT14: =MIN((1-BR14)*BO14,BO14*BP14) -> 0.79544 | BU14: =1-BR14-BT14-BV14 -> 0.10808041 | BV14: =IF(VLOOKUP($R14,武学奇术!$A:$ZZ,22,FALSE)=1,0,(1-$BO14))*(1-$BR14) -> 0.00517959 | BW14: {=SUM(_xlfn.XLOOKUP(S14:AL14,增益!$A:$A,增益!$W:$W,0))+$I$5} -> 0.11 | BX14: =VLOOKUP($R14,武学奇术!$A:$ZZ,32,FALSE) -> 0 | BY14: {=SUM(_xlfn.XLOOKUP($S14:$AL14,增益!$A:$A,增益!$X:$X,0))} -> 0
A15: 全武增 | B15: 0.0847 | C15: 团队增益 | K15: =$L15*VLOOKUP($R15,武学奇术!$A:$ZZ,31,FALSE) -> 72711.284 | L15: =($M15*$BT15+$N15*$BR15+$O15*$BU15+$P15*$BV15) -> 71285.573 | M15: =((($AT15+$AU15)/2*$AN15+$AO15)*(1+$AV15)*(1+$AW15)+(($AY15+$AZ15)/2*IF($G$1="鸣金",$AP15,$AN15)+IF($G$1="鸣金",$AQ15*1.5,0))*(1+$BA15)*(1+$BB15)+(($BC15+$BD15)/2*IF($G$1="裂石",$AP15,$AN15)+IF($G$1="裂石",$AQ15*1.5,0))*(1+$BE15)*(1+$BF15)+(($BG15+$BH15)/2*IF($G$1="牵丝",$AP15,$AN15)+IF($G$1="牵丝",$AQ15*1.5,0))*(1+$BI15)*(1+$BJ15)+(($BK15+$BL15)/2*IF($G$1="破竹",$AP15,$AN15)+IF($G$1="破竹",$AQ15*1.5,0))*(1+$BM15)*(1+$BN15))*(1+$AR15)*$BQ15*$Q15*(1+IF(VLOOKUP($R15,武学奇术!$A:$ZZ,30,FALSE)="轻击",$B$21,0))*(1+IF(VLOOKUP($R15,武学奇术!$A:$ZZ,30,FALSE)="老鼠",$B$22,0))*(1+$BW15)*(1+$BX15) -> 76352.636 | N15: =((($AU15*$AN15+$AO15)*(1+$AV15)*(1+$AW15)+($AZ15*IF($G$1="鸣金",$AP15,$AN15)+IF($G$1="鸣金",$AQ15*1.5,0))*(1+$BA15)*(1+$BB15)+($BD15*IF($G$1="裂石",$AP15,$AN15)+IF($G$1="裂石",$AQ15*1.5,0))*(1+$BE15)*(1+$BF15)+($BH15*IF($G$1="牵丝",$AP15,$AN15)+IF($G$1="牵丝",$AQ15*1.5,0))*(1+$BI15)*(1+$BJ15)+($BL15*IF($G$1="破竹",$AP15,$AN15)+IF($G$1="破竹",$AQ15*1.5,0))*(1+$BM15)*(1+$BN15))*(1+$AR15)*$BS15*$Q15*(1+IF(VLOOKUP($R15,武学奇术!$A:$ZZ,30,FALSE)="轻击",$B$21,0))*(1+IF(VLOOKUP($R15,武学奇术!$A:$ZZ,30,FALSE)="老鼠",$B$22,0))*(1+$BW15))*(1+$BX15) -> 63642.942 | O15: =((($AT15+$AU15)/2*$AN15+$AO15)*(1+$AV15)*(1+$AW15)+(($AY15+$AZ15)/2*IF($G$1="鸣金",$AP15,$AN15)+IF($G$1="鸣金",$AQ15*1.5,0))*(1+$BA15)*(1+$BB15)+(($BC15+$BD15)/2*IF($G$1="裂石",$AP15,$AN15)+IF($G$1="裂石",$AQ15*1.5,0))*(1+$BE15)*(1+$BF15)+(($BG15+$BH15)/2*IF($G$1="牵丝",$AP15,$AN15)+IF($G$1="牵丝",$AQ15*1.5,0))*(1+$BI15)*(1+$BJ15)+(($BK15+$BL15)/2*IF($G$1="破竹",$AP15,$AN15)+IF($G$1="破竹",$AQ15*1.5,0))*(1+$BM15)*(1+$BN15))*(1+$AR15)*$Q15*(1+IF(VLOOKUP($R15,武学奇术!$A:$ZZ,30,FALSE)="轻击",$B$21,0))*(1+IF(VLOOKUP($R15,武学奇术!$A:$ZZ,30,FALSE)="老鼠",$B$22,0))*(1+$BW15)*(1+$BX15) -> 42090.759 | P15: =((($AT15*$AN15+$AO15)*(1+$AV15)*(1+$AW15)+($AY15*IF($G$1="鸣金",$AP15,$AN15)+IF($G$1="鸣金",$AQ15*1.5,0))*(1+$BA15)*(1+$BB15)+($BC15*IF($G$1="裂石",$AP15,$AN15)+IF($G$1="裂石",$AQ15*1.5,0))*(1+$BE15)*(1+$BF15)+($BG15*IF($G$1="牵丝",$AP15,$AN15)+IF($G$1="牵丝",$AQ15*1.5,0))*(1+$BI15)*(1+$BJ15)+($BK15*IF($G$1="破竹",$AP15,$AN15)+IF($G$1="破竹",$AQ15*1.5,0))*(1+$BM15)*(1+$BN15))*(1+$AR15))*$Q15*(1+IF(VLOOKUP($R15,武学奇术!$A:$ZZ,30,FALSE)="轻击",$B$21,0))*(1+IF(VLOOKUP($R15,武学奇术!$A:$ZZ,30,FALSE)="老鼠",$B$22,0))*(1+$BW15)*(1+$BX15) -> 37038.597 | Q15: 1 | R15: 双刀～十字斩 | S15: 易水歌3层 | T15: 沧海帖2层 | U15: N/a | V15: N/a | W15: 轮回 | X15: N/a | Y15: N/a | Z15: N/a | AA15: 惧刃(拐) | AB15: N/a | AC15: N/a | AD15: 迷踪 | AE15: 断石 | AF15: N/a | AG15: 无惧 | AH15: 离猎(拐) | AI15: N/a | AJ15: N/a | AK15: N/a | AL15: N/a | AM15: =VLOOKUP($R15,武学奇术!$A:$ZZ,25,FALSE) -> 双刀 | AN15: =VLOOKUP($R15,武学奇术!$A:$ZZ,26,FALSE) -> 2.4761 | AO15: =VLOOKUP($R15,武学奇术!$A:$ZZ,27,FALSE)*(1+IF(OR($AM15=$F$4,$AM15=$F$5),$B$23,0)) -> 1096 | AP15: =VLOOKUP($R15,武学奇术!$A:$ZZ,28,FALSE) -> 3.7142 | AQ15: =VLOOKUP($R15,武学奇术!$A:$ZZ,29,FALSE)*(1+IF(OR($AM15=$F$4,$AM15=$F$5),$B$23,0)) -> 596.8 | AR15: {=$G$3+IFERROR(VLOOKUP($AM15,$F$4:$G$7,2,FALSE),0)+VLOOKUP($R15,武学奇术!$A:$ZZ,2,FALSE)+SUM(_xlfn.XLOOKUP($S15:$AL15,增益!$A:$A,增益!$B:$B,0))} -> 0.6343 | AS15: {=VLOOKUP($R15,武学奇术!$A:$ZZ,5,FALSE)+SUM(_xlfn.XLOOKUP($S15:$AL15,增益!$A:$A,增益!$E:$E,0))} -> 0 | AT15: {=$D$10*(1+$AS15)+VLOOKUP($R15,武学奇术!$A:$ZZ,3,FALSE)+SUM(_xlfn.XLOOKUP($S15:$AL15,增益!$A:$A,增益!$C:$C,0))-$I$2} -> 4081.7 | AU15: {=$E$10*(1+$AS15)+VLOOKUP($R15,武学奇术!$A:$ZZ,4,FALSE)+SUM(_xlfn.XLOOKUP($S15:$AL15,增益!$A:$A,增益!$D:$D,0))-$I$2} -> 4081.7 | AV15: {=IF($F$10-$I$3+VLOOKUP($R15,武学奇术!$A:$ZZ,6,FALSE)+SUM(_xlfn.XLOOKUP(S15:AL15,增益!$A:$A,增益!$F:$F,0))>0,($F$10-$I$3+VLOOKUP($R15,武学奇术!$A:$ZZ,6,FALSE)+SUM(_xlfn.XLOOKUP(S15:AL15,增益!$A:$A,增益!$F:$F,0)))/200,($F$10-$I$3+VLOOKUP($R15,武学奇术!$A:$ZZ,6,FALSE)+SUM(_xlfn.XLOOKUP(S15:AL15,增益!$A:$A,增益!$F:$F,0)))/100)} -> 0.4339 | AW15: {=$G$10+VLOOKUP($R15,武学奇术!$A:$ZZ,7,FALSE)+SUM(_xlfn.XLOOKUP(S15:AL15,增益!$A:$A,增益!$G:$G,0))} -> 0.02 | AX15: {=VLOOKUP($R15,武学奇术!$A:$ZZ,8,FALSE)+SUM(_xlfn.XLOOKUP(S15:AL15,增益!$A:$A,增益!$H:$H,0))} -> 0 | AY15: =$D$11*(1+$AX15) -> 0 | AZ15: =$E$11*(1+$AX15) -> 0 | BA15: {=IF($F$11-$I$4+VLOOKUP($R15,武学奇术!$A:$ZZ,9,FALSE)+SUM(_xlfn.XLOOKUP(S15:AL15,增益!$A:$A,增益!$I:$I,0))>0,($F$11-$I$4+VLOOKUP($R15,武学奇术!$A:$ZZ,9,FALSE)+SUM(_xlfn.XLOOKUP(S15:AL15,增益!$A:$A,增益!$I:$I,0)))/200,($F$11-$I$4+VLOOKUP($R15,武学奇术!$A:$ZZ,9,FALSE)+SUM(_xlfn.XLOOKUP(S15:AL15,增益!$A:$A,增益!$I:$I,0)))/100)} -> -0.14 | BB15: {=$G$11+VLOOKUP($R15,武学奇术!$A:$ZZ,10,FALSE)+SUM(_xlfn.XLOOKUP(S15:AL15,增益!$A:$A,增益!$J:$J,0))} -> 0.02 | BC15: =$D$12*(1+$AX15) -> 0 | BD15: =$E$12*(1+$AX15) -> 0 | BE15: {=IF($F$12-$I$4+VLOOKUP($R15,武学奇术!$A:$ZZ,11,FALSE)+SUM(_xlfn.XLOOKUP(S15:AL15,增益!$A:$A,增益!$K:$K,0))>0,($F$12-$I$4+VLOOKUP($R15,武学奇术!$A:$ZZ,11,FALSE)+SUM(_xlfn.XLOOKUP(S15:AL15,增益!$A:$A,增益!$K:$K,0)))/200,($F$12-$I$4+VLOOKUP($R15,武学奇术!$A:$ZZ,11,FALSE)+SUM(_xlfn.XLOOKUP(S15:AL15,增益!$A:$A,增益!$K:$K,0)))/100)} -> -0.14 | BF15: {=$G$12+VLOOKUP($R15,武学奇术!$A:$ZZ,12,FALSE)+SUM(_xlfn.XLOOKUP(S15:AL15,增益!$A:$A,增益!$L:$L,0))} -> 0.02 | BG15: =$D$13*(1+$AX15) -> 0 | BH15: =$E$13*(1+$AX15) -> 0 | BI15: {=IF($F$13-$I$4+VLOOKUP($R15,武学奇术!$A:$ZZ,13,FALSE)+SUM(_xlfn.XLOOKUP(S15:AL15,增益!$A:$A,增益!$M:$M,0))>0,($F$13-$I$4+VLOOKUP($R15,武学奇术!$A:$ZZ,13,FALSE)+SUM(_xlfn.XLOOKUP(S15:AL15,增益!$A:$A,增益!$K:$K,0)))/200,($F$13-$I$4+VLOOKUP($R15,武学奇术!$A:$ZZ,13,FALSE)+SUM(_xlfn.XLOOKUP(S15:AL15,增益!$A:$A,增益!$M:$M,0)))/100)} -> -0.14 | BJ15: {=$G$13+VLOOKUP($R15,武学奇术!$A:$ZZ,14,FALSE)+SUM(_xlfn.XLOOKUP(S15:AL15,增益!$A:$A,增益!$N:$N,0))} -> 0.02 | BK15: =$D$14*(1+$AX15) -> 618.2 | BL15: =$E$14*(1+$AX15) -> 1805 | BM15: {=IF($F$14-$I$4+VLOOKUP($R15,武学奇术!$A:$ZZ,15,FALSE)+SUM(_xlfn.XLOOKUP(S15:AL15,增益!$A:$A,增益!$O:$O,0))>0,($F$14-$I$4+VLOOKUP($R15,武学奇术!$A:$ZZ,15,FALSE)+SUM(_xlfn.XLOOKUP(S15:AL15,增益!$A:$A,增益!$O:$O,0)))/200,($F$14-$I$4+VLOOKUP($R15,武学奇术!$A:$ZZ,15,FALSE)+SUM(_xlfn.XLOOKUP(S15:AL15,增益!$A:$A,增益!$O:$O,0)))/100)} -> 0.08 | BN15: {=$G$14+VLOOKUP($R15,武学奇术!$A:$ZZ,16,FALSE)+SUM(_xlfn.XLOOKUP(S15:AL15,增益!$A:$A,增益!$P:$P,0))} -> 0.17 | BO15: =MIN(IF(VLOOKUP($R15,武学奇术!$A:$ZZ,23,FALSE)=1,100%,$B$8),100%) -> 0.9943 | BP15: {=IF(VLOOKUP($R15,武学奇术!$A:$ZZ,23,FALSE)=1,100%,MIN(80%,$B$9+VLOOKUP($R15,武学奇术!$A:$ZZ,17,FALSE)+SUM(_xlfn.XLOOKUP(S15:AL15,增益!$A:$A,增益!$Q:$Q,0)))+$B$11+SUM(_xlfn.XLOOKUP(S15:AL15,增益!$A:$A,增益!$U:$U,0)))*IF(VLOOKUP($R15,武学奇术!$A:$ZZ,24,FALSE)=1,0,1)} -> 0.8 | BQ15: {=1+$B$13+VLOOKUP($R15,武学奇术!$A:$ZZ,18,FALSE)+SUM(_xlfn.XLOOKUP(S15:AL15,增益!$A:$A,增益!$R:$R,0))} -> 1.814 | BR15: {=IF(VLOOKUP($R15,武学奇术!$A:$ZZ,24,FALSE)=1,100%,MIN(40%,$B$10+VLOOKUP($R15,武学奇术!$A:$ZZ,19,FALSE)+SUM(_xlfn.XLOOKUP(S15:AL15,增益!$A:$A,增益!$S:$S,0)))+$B$12+SUM(_xlfn.XLOOKUP(S15:AL15,增益!$A:$A,增益!$V:$V,0)))*IF(VLOOKUP($R15,武学奇术!$A:$ZZ,23,FALSE)=1,0,1)} -> 0.0913 | BS15: {=1+$B$14+VLOOKUP($R15,武学奇术!$A:$ZZ,20,FALSE)+SUM(_xlfn.XLOOKUP(S15:AL15,增益!$A:$A,增益!$T:$T,0))} -> 1.35 | BT15: =MIN((1-BR15)*BO15,BO15*BP15) -> 0.79544 | BU15: =1-BR15-BT15-BV15 -> 0.10808041 | BV15: =IF(VLOOKUP($R15,武学奇术!$A:$ZZ,22,FALSE)=1,0,(1-$BO15))*(1-$BR15) -> 0.00517959 | BW15: {=SUM(_xlfn.XLOOKUP(S15:AL15,增益!$A:$A,增益!$W:$W,0))+$I$5} -> 0.11 | BX15: =VLOOKUP($R15,武学奇术!$A:$ZZ,32,FALSE) -> 0 | BY15: {=SUM(_xlfn.XLOOKUP($S15:$AL15,增益!$A:$A,增益!$X:$X,0))} -> 0
A16: 首领增 | B16: 0.0892 | C16: 威 | D16: √ | E16: 沧海帖 | F16: √ | H16: 毕业率 | I16: =I12/182513.56 -> 1 | K16: =$L16*VLOOKUP($R16,武学奇术!$A:$ZZ,31,FALSE) -> 75920.999 | L16: =($M16*$BT16+$N16*$BR16+$O16*$BU16+$P16*$BV16) -> 74432.352 | M16: =((($AT16+$AU16)/2*$AN16+$AO16)*(1+$AV16)*(1+$AW16)+(($AY16+$AZ16)/2*IF($G$1="鸣金",$AP16,$AN16)+IF($G$1="鸣金",$AQ16*1.5,0))*(1+$BA16)*(1+$BB16)+(($BC16+$BD16)/2*IF($G$1="裂石",$AP16,$AN16)+IF($G$1="裂石",$AQ16*1.5,0))*(1+$BE16)*(1+$BF16)+(($BG16+$BH16)/2*IF($G$1="牵丝",$AP16,$AN16)+IF($G$1="牵丝",$AQ16*1.5,0))*(1+$BI16)*(1+$BJ16)+(($BK16+$BL16)/2*IF($G$1="破竹",$AP16,$AN16)+IF($G$1="破竹",$AQ16*1.5,0))*(1+$BM16)*(1+$BN16))*(1+$AR16)*$BQ16*$Q16*(1+IF(VLOOKUP($R16,武学奇术!$A:$ZZ,30,FALSE)="轻击",$B$21,0))*(1+IF(VLOOKUP($R16,武学奇术!$A:$ZZ,30,FALSE)="老鼠",$B$22,0))*(1+$BW16)*(1+$BX16) -> 79633.338 | N16: =((($AU16*$AN16+$AO16)*(1+$AV16)*(1+$AW16)+($AZ16*IF($G$1="鸣金",$AP16,$AN16)+IF($G$1="鸣金",$AQ16*1.5,0))*(1+$BA16)*(1+$BB16)+($BD16*IF($G$1="裂石",$AP16,$AN16)+IF($G$1="裂石",$AQ16*1.5,0))*(1+$BE16)*(1+$BF16)+($BH16*IF($G$1="牵丝",$AP16,$AN16)+IF($G$1="牵丝",$AQ16*1.5,0))*(1+$BI16)*(1+$BJ16)+($BL16*IF($G$1="破竹",$AP16,$AN16)+IF($G$1="破竹",$AQ16*1.5,0))*(1+$BM16)*(1+$BN16))*(1+$AR16)*$BS16*$Q16*(1+IF(VLOOKUP($R16,武学奇术!$A:$ZZ,30,FALSE)="轻击",$B$21,0))*(1+IF(VLOOKUP($R16,武学奇术!$A:$ZZ,30,FALSE)="老鼠",$B$22,0))*(1+$BW16))*(1+$BX16) -> 67335.635 | O16: =((($AT16+$AU16)/2*$AN16+$AO16)*(1+$AV16)*(1+$AW16)+(($AY16+$AZ16)/2*IF($G$1="鸣金",$AP16,$AN16)+IF($G$1="鸣金",$AQ16*1.5,0))*(1+$BA16)*(1+$BB16)+(($BC16+$BD16)/2*IF($G$1="裂石",$AP16,$AN16)+IF($G$1="裂石",$AQ16*1.5,0))*(1+$BE16)*(1+$BF16)+(($BG16+$BH16)/2*IF($G$1="牵丝",$AP16,$AN16)+IF($G$1="牵丝",$AQ16*1.5,0))*(1+$BI16)*(1+$BJ16)+(($BK16+$BL16)/2*IF($G$1="破竹",$AP16,$AN16)+IF($G$1="破竹",$AQ16*1.5,0))*(1+$BM16)*(1+$BN16))*(1+$AR16)*$Q16*(1+IF(VLOOKUP($R16,武学奇术!$A:$ZZ,30,FALSE)="轻击",$B$21,0))*(1+IF(VLOOKUP($R16,武学奇术!$A:$ZZ,30,FALSE)="老鼠",$B$22,0))*(1+$BW16)*(1+$BX16) -> 43899.304 | P16: =((($AT16*$AN16+$AO16)*(1+$AV16)*(1+$AW16)+($AY16*IF($G$1="鸣金",$AP16,$AN16)+IF($G$1="鸣金",$AQ16*1.5,0))*(1+$BA16)*(1+$BB16)+($BC16*IF($G$1="裂石",$AP16,$AN16)+IF($G$1="裂石",$AQ16*1.5,0))*(1+$BE16)*(1+$BF16)+($BG16*IF($G$1="牵丝",$AP16,$AN16)+IF($G$1="牵丝",$AQ16*1.5,0))*(1+$BI16)*(1+$BJ16)+($BK16*IF($G$1="破竹",$AP16,$AN16)+IF($G$1="破竹",$AQ16*1.5,0))*(1+$BM16)*(1+$BN16))*(1+$AR16))*$Q16*(1+IF(VLOOKUP($R16,武学奇术!$A:$ZZ,30,FALSE)="轻击",$B$21,0))*(1+IF(VLOOKUP($R16,武学奇术!$A:$ZZ,30,FALSE)="老鼠",$B$22,0))*(1+$BW16)*(1+$BX16) -> 37920.36 | Q16: 3 | R16: 老鼠 | S16: 易水歌3层 | T16: 沧海帖2层 | U16: 恶身 | V16: 苦果 | W16: 轮回 | X16: N/a | Y16: 燕归额外 | Z16: N/a | AA16: 惧刃(拐) | AB16: N/a | AC16: N/a | AD16: 迷踪 | AE16: 断石 | AF16: N/a | AG16: 无惧 | AH16: 离猎(拐) | AI16: N/a | AJ16: N/a | AK16: N/a | AL16: N/a | AM16: =VLOOKUP($R16,武学奇术!$A:$ZZ,25,FALSE) -> 绳镖 | AN16: =VLOOKUP($R16,武学奇术!$A:$ZZ,26,FALSE) -> 0.3675 | AO16: =VLOOKUP($R16,武学奇术!$A:$ZZ,27,FALSE)*(1+IF(OR($AM16=$F$4,$AM16=$F$5),$B$23,0)) -> 0 | AP16: =VLOOKUP($R16,武学奇术!$A:$ZZ,28,FALSE) -> 0.55125 | AQ16: =VLOOKUP($R16,武学奇术!$A:$ZZ,29,FALSE)*(1+IF(OR($AM16=$F$4,$AM16=$F$5),$B$23,0)) -> 0 | AR16: {=$G$3+IFERROR(VLOOKUP($AM16,$F$4:$G$7,2,FALSE),0)+VLOOKUP($R16,武学奇术!$A:$ZZ,2,FALSE)+SUM(_xlfn.XLOOKUP($S16:$AL16,增益!$A:$A,增益!$B:$B,0))} -> 1.5543 | AS16: {=VLOOKUP($R16,武学奇术!$A:$ZZ,5,FALSE)+SUM(_xlfn.XLOOKUP($S16:$AL16,增益!$A:$A,增益!$E:$E,0))} -> 0 | AT16: {=$D$10*(1+$AS16)+VLOOKUP($R16,武学奇术!$A:$ZZ,3,FALSE)+SUM(_xlfn.XLOOKUP($S16:$AL16,增益!$A:$A,增益!$C:$C,0))-$I$2} -> 4150.4 | AU16: {=$E$10*(1+$AS16)+VLOOKUP($R16,武学奇术!$A:$ZZ,4,FALSE)+SUM(_xlfn.XLOOKUP($S16:$AL16,增益!$A:$A,增益!$D:$D,0))-$I$2} -> 4150.4 | AV16: {=IF($F$10-$I$3+VLOOKUP($R16,武学奇术!$A:$ZZ,6,FALSE)+SUM(_xlfn.XLOOKUP(S16:AL16,增益!$A:$A,增益!$F:$F,0))>0,($F$10-$I$3+VLOOKUP($R16,武学奇术!$A:$ZZ,6,FALSE)+SUM(_xlfn.XLOOKUP(S16:AL16,增益!$A:$A,增益!$F:$F,0)))/200,($F$10-$I$3+VLOOKUP($R16,武学奇术!$A:$ZZ,6,FALSE)+SUM(_xlfn.XLOOKUP(S16:AL16,增益!$A:$A,增益!$F:$F,0)))/100)} -> 0.4339 | AW16: {=$G$10+VLOOKUP($R16,武学奇术!$A:$ZZ,7,FALSE)+SUM(_xlfn.XLOOKUP(S16:AL16,增益!$A:$A,增益!$G:$G,0))} -> 0.29 | AX16: {=VLOOKUP($R16,武学奇术!$A:$ZZ,8,FALSE)+SUM(_xlfn.XLOOKUP(S16:AL16,增益!$A:$A,增益!$H:$H,0))} -> 0 | AY16: =$D$11*(1+$AX16) -> 0 | AZ16: =$E$11*(1+$AX16) -> 0 | BA16: {=IF($F$11-$I$4+VLOOKUP($R16,武学奇术!$A:$ZZ,9,FALSE)+SUM(_xlfn.XLOOKUP(S16:AL16,增益!$A:$A,增益!$I:$I,0))>0,($F$11-$I$4+VLOOKUP($R16,武学奇术!$A:$ZZ,9,FALSE)+SUM(_xlfn.XLOOKUP(S16:AL16,增益!$A:$A,增益!$I:$I,0)))/200,($F$11-$I$4+VLOOKUP($R16,武学奇术!$A:$ZZ,9,FALSE)+SUM(_xlfn.XLOOKUP(S16:AL16,增益!$A:$A,增益!$I:$I,0)))/100)} -> -0.14 | BB16: {=$G$11+VLOOKUP($R16,武学奇术!$A:$ZZ,10,FALSE)+SUM(_xlfn.XLOOKUP(S16:AL16,增益!$A:$A,增益!$J:$J,0))} -> 0.02 | BC16: =$D$12*(1+$AX16) -> 0 | BD16: =$E$12*(1+$AX16) -> 0 | BE16: {=IF($F$12-$I$4+VLOOKUP($R16,武学奇术!$A:$ZZ,11,FALSE)+SUM(_xlfn.XLOOKUP(S16:AL16,增益!$A:$A,增益!$K:$K,0))>0,($F$12-$I$4+VLOOKUP($R16,武学奇术!$A:$ZZ,11,FALSE)+SUM(_xlfn.XLOOKUP(S16:AL16,增益!$A:$A,增益!$K:$K,0)))/200,($F$12-$I$4+VLOOKUP($R16,武学奇术!$A:$ZZ,11,FALSE)+SUM(_xlfn.XLOOKUP(S16:AL16,增益!$A:$A,增益!$K:$K,0)))/100)} -> -0.14 | BF16: {=$G$12+VLOOKUP($R16,武学奇术!$A:$ZZ,12,FALSE)+SUM(_xlfn.XLOOKUP(S16:AL16,增益!$A:$A,增益!$L:$L,0))} -> 0.02 | BG16: =$D$13*(1+$AX16) -> 0 | BH16: =$E$13*(1+$AX16) -> 0 | BI16: {=IF($F$13-$I$4+VLOOKUP($R16,武学奇术!$A:$ZZ,13,FALSE)+SUM(_xlfn.XLOOKUP(S16:AL16,增益!$A:$A,增益!$M:$M,0))>0,($F$13-$I$4+VLOOKUP($R16,武学奇术!$A:$ZZ,13,FALSE)+SUM(_xlfn.XLOOKUP(S16:AL16,增益!$A:$A,增益!$K:$K,0)))/200,($F$13-$I$4+VLOOKUP($R16,武学奇术!$A:$ZZ,13,FALSE)+SUM(_xlfn.XLOOKUP(S16:AL16,增益!$A:$A,增益!$M:$M,0)))/100)} -> -0.14 | BJ16: {=$G$13+VLOOKUP($R16,武学奇术!$A:$ZZ,14,FALSE)+SUM(_xlfn.XLOOKUP(S16:AL16,增益!$A:$A,增益!$N:$N,0))} -> 0.02 | BK16: =$D$14*(1+$AX16) -> 618.2 | BL16: =$E$14*(1+$AX16) -> 1805 | BM16: {=IF($F$14-$I$4+VLOOKUP($R16,武学奇术!$A:$ZZ,15,FALSE)+SUM(_xlfn.XLOOKUP(S16:AL16,增益!$A:$A,增益!$O:$O,0))>0,($F$14-$I$4+VLOOKUP($R16,武学奇术!$A:$ZZ,15,FALSE)+SUM(_xlfn.XLOOKUP(S16:AL16,增益!$A:$A,增益!$O:$O,0)))/200,($F$14-$I$4+VLOOKUP($R16,武学奇术!$A:$ZZ,15,FALSE)+SUM(_xlfn.XLOOKUP(S16:AL16,增益!$A:$A,增益!$O:$O,0)))/100)} -> 0.13 | BN16: {=$G$14+VLOOKUP($R16,武学奇术!$A:$ZZ,16,FALSE)+SUM(_xlfn.XLOOKUP(S16:AL16,增益!$A:$A,增益!$P:$P,0))} -> 0.44 | BO16: =MIN(IF(VLOOKUP($R16,武学奇术!$A:$ZZ,23,FALSE)=1,100%,$B$8),100%) -> 0.9943 | BP16: {=IF(VLOOKUP($R16,武学奇术!$A:$ZZ,23,FALSE)=1,100%,MIN(80%,$B$9+VLOOKUP($R16,武学奇术!$A:$ZZ,17,FALSE)+SUM(_xlfn.XLOOKUP(S16:AL16,增益!$A:$A,增益!$Q:$Q,0)))+$B$11+SUM(_xlfn.XLOOKUP(S16:AL16,增益!$A:$A,增益!$U:$U,0)))*IF(VLOOKUP($R16,武学奇术!$A:$ZZ,24,FALSE)=1,0,1)} -> 0.8 | BQ16: {=1+$B$13+VLOOKUP($R16,武学奇术!$A:$ZZ,18,FALSE)+SUM(_xlfn.XLOOKUP(S16:AL16,增益!$A:$A,增益!$R:$R,0))} -> 1.814 | BR16: {=IF(VLOOKUP($R16,武学奇术!$A:$ZZ,24,FALSE)=1,100%,MIN(40%,$B$10+VLOOKUP($R16,武学奇术!$A:$ZZ,19,FALSE)+SUM(_xlfn.XLOOKUP(S16:AL16,增益!$A:$A,增益!$S:$S,0)))+$B$12+SUM(_xlfn.XLOOKUP(S16:AL16,增益!$A:$A,增益!$V:$V,0)))*IF(VLOOKUP($R16,武学奇术!$A:$ZZ,23,FALSE)=1,0,1)} -> 0.0913 | BS16: {=1+$B$14+VLOOKUP($R16,武学奇术!$A:$ZZ,20,FALSE)+SUM(_xlfn.XLOOKUP(S16:AL16,增益!$A:$A,增益!$T:$T,0))} -> 1.35 | BT16: =MIN((1-BR16)*BO16,BO16*BP16) -> 0.79544 | BU16: =1-BR16-BT16-BV16 -> 0.10808041 | BV16: =IF(VLOOKUP($R16,武学奇术!$A:$ZZ,22,FALSE)=1,0,(1-$BO16))*(1-$BR16) -> 0.00517959 | BW16: {=SUM(_xlfn.XLOOKUP(S16:AL16,增益!$A:$A,增益!$W:$W,0))+$I$5} -> 0.11 | BX16: =VLOOKUP($R16,武学奇术!$A:$ZZ,32,FALSE) -> 0 | BY16: {=SUM(_xlfn.XLOOKUP($S16:$AL16,增益!$A:$A,增益!$X:$X,0))} -> 0
A17: 双刀增 | B17: 0.0854 | C17: 尘 | D17: √ | E17: 所恨年年 | F17: √ | K17: =$L17*VLOOKUP($R17,武学奇术!$A:$ZZ,31,FALSE) -> 34744.969 | L17: =($M17*$BT17+$N17*$BR17+$O17*$BU17+$P17*$BV17) -> 31022.293 | M17: =((($AT17+$AU17)/2*$AN17+$AO17)*(1+$AV17)*(1+$AW17)+(($AY17+$AZ17)/2*IF($G$1="鸣金",$AP17,$AN17)+IF($G$1="鸣金",$AQ17*1.5,0))*(1+$BA17)*(1+$BB17)+(($BC17+$BD17)/2*IF($G$1="裂石",$AP17,$AN17)+IF($G$1="裂石",$AQ17*1.5,0))*(1+$BE17)*(1+$BF17)+(($BG17+$BH17)/2*IF($G$1="牵丝",$AP17,$AN17)+IF($G$1="牵丝",$AQ17*1.5,0))*(1+$BI17)*(1+$BJ17)+(($BK17+$BL17)/2*IF($G$1="破竹",$AP17,$AN17)+IF($G$1="破竹",$AQ17*1.5,0))*(1+$BM17)*(1+$BN17))*(1+$AR17)*$BQ17*$Q17*(1+IF(VLOOKUP($R17,武学奇术!$A:$ZZ,30,FALSE)="轻击",$B$21,0))*(1+IF(VLOOKUP($R17,武学奇术!$A:$ZZ,30,FALSE)="老鼠",$B$22,0))*(1+$BW17)*(1+$BX17) -> 32552.503 | N17: =((($AU17*$AN17+$AO17)*(1+$AV17)*(1+$AW17)+($AZ17*IF($G$1="鸣金",$AP17,$AN17)+IF($G$1="鸣金",$AQ17*1.5,0))*(1+$BA17)*(1+$BB17)+($BD17*IF($G$1="裂石",$AP17,$AN17)+IF($G$1="裂石",$AQ17*1.5,0))*(1+$BE17)*(1+$BF17)+($BH17*IF($G$1="牵丝",$AP17,$AN17)+IF($G$1="牵丝",$AQ17*1.5,0))*(1+$BI17)*(1+$BJ17)+($BL17*IF($G$1="破竹",$AP17,$AN17)+IF($G$1="破竹",$AQ17*1.5,0))*(1+$BM17)*(1+$BN17))*(1+$AR17)*$BS17*$Q17*(1+IF(VLOOKUP($R17,武学奇术!$A:$ZZ,30,FALSE)="轻击",$B$21,0))*(1+IF(VLOOKUP($R17,武学奇术!$A:$ZZ,30,FALSE)="老鼠",$B$22,0))*(1+$BW17))*(1+$BX17) -> 21306.642 | O17: =((($AT17+$AU17)/2*$AN17+$AO17)*(1+$AV17)*(1+$AW17)+(($AY17+$AZ17)/2*IF($G$1="鸣金",$AP17,$AN17)+IF($G$1="鸣金",$AQ17*1.5,0))*(1+$BA17)*(1+$BB17)+(($BC17+$BD17)/2*IF($G$1="裂石",$AP17,$AN17)+IF($G$1="裂石",$AQ17*1.5,0))*(1+$BE17)*(1+$BF17)+(($BG17+$BH17)/2*IF($G$1="牵丝",$AP17,$AN17)+IF($G$1="牵丝",$AQ17*1.5,0))*(1+$BI17)*(1+$BJ17)+(($BK17+$BL17)/2*IF($G$1="破竹",$AP17,$AN17)+IF($G$1="破竹",$AQ17*1.5,0))*(1+$BM17)*(1+$BN17))*(1+$AR17)*$Q17*(1+IF(VLOOKUP($R17,武学奇术!$A:$ZZ,30,FALSE)="轻击",$B$21,0))*(1+IF(VLOOKUP($R17,武学奇术!$A:$ZZ,30,FALSE)="老鼠",$B$22,0))*(1+$BW17)*(1+$BX17) -> 14067.633 | P17: =((($AT17*$AN17+$AO17)*(1+$AV17)*(1+$AW17)+($AY17*IF($G$1="鸣金",$AP17,$AN17)+IF($G$1="鸣金",$AQ17*1.5,0))*(1+$BA17)*(1+$BB17)+($BC17*IF($G$1="裂石",$AP17,$AN17)+IF($G$1="裂石",$AQ17*1.5,0))*(1+$BE17)*(1+$BF17)+($BG17*IF($G$1="牵丝",$AP17,$AN17)+IF($G$1="牵丝",$AQ17*1.5,0))*(1+$BI17)*(1+$BJ17)+($BK17*IF($G$1="破竹",$AP17,$AN17)+IF($G$1="破竹",$AQ17*1.5,0))*(1+$BM17)*(1+$BN17))*(1+$AR17))*$Q17*(1+IF(VLOOKUP($R17,武学奇术!$A:$ZZ,30,FALSE)="轻击",$B$21,0))*(1+IF(VLOOKUP($R17,武学奇术!$A:$ZZ,30,FALSE)="老鼠",$B$22,0))*(1+$BW17)*(1+$BX17) -> 12352.569 | Q17: 1 | R17: 红1 | S17: 易水歌3层 | T17: 沧海帖2层 | U17: 恶身 | V17: 苦果 | W17: 轮回 | X17: N/a | Y17: 燕归额外 | Z17: 嗔焰 | AA17: 惧刃(拐) | AB17: N/a | AC17: N/a | AD17: 迷踪 | AE17: 断石 | AF17: N/a | AG17: 无惧 | AH17: 离猎(拐) | AI17: N/a | AJ17: N/a | AK17: N/a | AL17: N/a | AM17: =VLOOKUP($R17,武学奇术!$A:$ZZ,25,FALSE) -> 双刀 | AN17: =VLOOKUP($R17,武学奇术!$A:$ZZ,26,FALSE) -> 0.6472 | AO17: =VLOOKUP($R17,武学奇术!$A:$ZZ,27,FALSE)*(1+IF(OR($AM17=$F$4,$AM17=$F$5),$B$23,0)) -> 288 | AP17: =VLOOKUP($R17,武学奇术!$A:$ZZ,28,FALSE) -> 0.9708 | AQ17: =VLOOKUP($R17,武学奇术!$A:$ZZ,29,FALSE)*(1+IF(OR($AM17=$F$4,$AM17=$F$5),$B$23,0)) -> 156.8 | AR17: {=$G$3+IFERROR(VLOOKUP($AM17,$F$4:$G$7,2,FALSE),0)+VLOOKUP($R17,武学奇术!$A:$ZZ,2,FALSE)+SUM(_xlfn.XLOOKUP($S17:$AL17,增益!$A:$A,增益!$B:$B,0))} -> 0.7543 | AS17: {=VLOOKUP($R17,武学奇术!$A:$ZZ,5,FALSE)+SUM(_xlfn.XLOOKUP($S17:$AL17,增益!$A:$A,增益!$E:$E,0))} -> 0 | AT17: {=$D$10*(1+$AS17)+VLOOKUP($R17,武学奇术!$A:$ZZ,3,FALSE)+SUM(_xlfn.XLOOKUP($S17:$AL17,增益!$A:$A,增益!$C:$C,0))-$I$2} -> 4150.4 | AU17: {=$E$10*(1+$AS17)+VLOOKUP($R17,武学奇术!$A:$ZZ,4,FALSE)+SUM(_xlfn.XLOOKUP($S17:$AL17,增益!$A:$A,增益!$D:$D,0))-$I$2} -> 4150.4 | AV17: {=IF($F$10-$I$3+VLOOKUP($R17,武学奇术!$A:$ZZ,6,FALSE)+SUM(_xlfn.XLOOKUP(S17:AL17,增益!$A:$A,增益!$F:$F,0))>0,($F$10-$I$3+VLOOKUP($R17,武学奇术!$A:$ZZ,6,FALSE)+SUM(_xlfn.XLOOKUP(S17:AL17,增益!$A:$A,增益!$F:$F,0)))/200,($F$10-$I$3+VLOOKUP($R17,武学奇术!$A:$ZZ,6,FALSE)+SUM(_xlfn.XLOOKUP(S17:AL17,增益!$A:$A,增益!$F:$F,0)))/100)} -> 0.4339 | AW17: {=$G$10+VLOOKUP($R17,武学奇术!$A:$ZZ,7,FALSE)+SUM(_xlfn.XLOOKUP(S17:AL17,增益!$A:$A,增益!$G:$G,0))} -> 0.08 | AX17: {=VLOOKUP($R17,武学奇术!$A:$ZZ,8,FALSE)+SUM(_xlfn.XLOOKUP(S17:AL17,增益!$A:$A,增益!$H:$H,0))} -> 0 | AY17: =$D$11*(1+$AX17) -> 0 | AZ17: =$E$11*(1+$AX17) -> 0 | BA17: {=IF($F$11-$I$4+VLOOKUP($R17,武学奇术!$A:$ZZ,9,FALSE)+SUM(_xlfn.XLOOKUP(S17:AL17,增益!$A:$A,增益!$I:$I,0))>0,($F$11-$I$4+VLOOKUP($R17,武学奇术!$A:$ZZ,9,FALSE)+SUM(_xlfn.XLOOKUP(S17:AL17,增益!$A:$A,增益!$I:$I,0)))/200,($F$11-$I$4+VLOOKUP($R17,武学奇术!$A:$ZZ,9,FALSE)+SUM(_xlfn.XLOOKUP(S17:AL17,增益!$A:$A,增益!$I:$I,0)))/100)} -> -0.14 | BB17: {=$G$11+VLOOKUP($R17,武学奇术!$A:$ZZ,10,FALSE)+SUM(_xlfn.XLOOKUP(S17:AL17,增益!$A:$A,增益!$J:$J,0))} -> 0.02 | BC17: =$D$12*(1+$AX17) -> 0 | BD17: =$E$12*(1+$AX17) -> 0 | BE17: {=IF($F$12-$I$4+VLOOKUP($R17,武学奇术!$A:$ZZ,11,FALSE)+SUM(_xlfn.XLOOKUP(S17:AL17,增益!$A:$A,增益!$K:$K,0))>0,($F$12-$I$4+VLOOKUP($R17,武学奇术!$A:$ZZ,11,FALSE)+SUM(_xlfn.XLOOKUP(S17:AL17,增益!$A:$A,增益!$K:$K,0)))/200,($F$12-$I$4+VLOOKUP($R17,武学奇术!$A:$ZZ,11,FALSE)+SUM(_xlfn.XLOOKUP(S17:AL17,增益!$A:$A,增益!$K:$K,0)))/100)} -> -0.14 | BF17: {=$G$12+VLOOKUP($R17,武学奇术!$A:$ZZ,12,FALSE)+SUM(_xlfn.XLOOKUP(S17:AL17,增益!$A:$A,增益!$L:$L,0))} -> 0.02 | BG17: =$D$13*(1+$AX17) -> 0 | BH17: =$E$13*(1+$AX17) -> 0 | BI17: {=IF($F$13-$I$4+VLOOKUP($R17,武学奇术!$A:$ZZ,13,FALSE)+SUM(_xlfn.XLOOKUP(S17:AL17,增益!$A:$A,增益!$M:$M,0))>0,($F$13-$I$4+VLOOKUP($R17,武学奇术!$A:$ZZ,13,FALSE)+SUM(_xlfn.XLOOKUP(S17:AL17,增益!$A:$A,增益!$K:$K,0)))/200,($F$13-$I$4+VLOOKUP($R17,武学奇术!$A:$ZZ,13,FALSE)+SUM(_xlfn.XLOOKUP(S17:AL17,增益!$A:$A,增益!$M:$M,0)))/100)} -> -0.14 | BJ17: {=$G$13+VLOOKUP($R17,武学奇术!$A:$ZZ,14,FALSE)+SUM(_xlfn.XLOOKUP(S17:AL17,增益!$A:$A,增益!$N:$N,0))} -> 0.02 | BK17: =$D$14*(1+$AX17) -> 618.2 | BL17: =$E$14*(1+$AX17) -> 1805 | BM17: {=IF($F$14-$I$4+VLOOKUP($R17,武学奇术!$A:$ZZ,15,FALSE)+SUM(_xlfn.XLOOKUP(S17:AL17,增益!$A:$A,增益!$O:$O,0))>0,($F$14-$I$4+VLOOKUP($R17,武学奇术!$A:$ZZ,15,FALSE)+SUM(_xlfn.XLOOKUP(S17:AL17,增益!$A:$A,增益!$O:$O,0)))/200,($F$14-$I$4+VLOOKUP($R17,武学奇术!$A:$ZZ,15,FALSE)+SUM(_xlfn.XLOOKUP(S17:AL17,增益!$A:$A,增益!$O:$O,0)))/100)} -> 0.13 | BN17: {=$G$14+VLOOKUP($R17,武学奇术!$A:$ZZ,16,FALSE)+SUM(_xlfn.XLOOKUP(S17:AL17,增益!$A:$A,增益!$P:$P,0))} -> 0.23 | BO17: =MIN(IF(VLOOKUP($R17,武学奇术!$A:$ZZ,23,FALSE)=1,100%,$B$8),100%) -> 0.9943 | BP17: {=IF(VLOOKUP($R17,武学奇术!$A:$ZZ,23,FALSE)=1,100%,MIN(80%,$B$9+VLOOKUP($R17,武学奇术!$A:$ZZ,17,FALSE)+SUM(_xlfn.XLOOKUP(S17:AL17,增益!$A:$A,增益!$Q:$Q,0)))+$B$11+SUM(_xlfn.XLOOKUP(S17:AL17,增益!$A:$A,增益!$U:$U,0)))*IF(VLOOKUP($R17,武学奇术!$A:$ZZ,24,FALSE)=1,0,1)} -> 0.887 | BQ17: {=1+$B$13+VLOOKUP($R17,武学奇术!$A:$ZZ,18,FALSE)+SUM(_xlfn.XLOOKUP(S17:AL17,增益!$A:$A,增益!$R:$R,0))} -> 2.314 | BR17: {=IF(VLOOKUP($R17,武学奇术!$A:$ZZ,24,FALSE)=1,100%,MIN(40%,$B$10+VLOOKUP($R17,武学奇术!$A:$ZZ,19,FALSE)+SUM(_xlfn.XLOOKUP(S17:AL17,增益!$A:$A,增益!$S:$S,0)))+$B$12+SUM(_xlfn.XLOOKUP(S17:AL17,增益!$A:$A,增益!$V:$V,0)))*IF(VLOOKUP($R17,武学奇术!$A:$ZZ,23,FALSE)=1,0,1)} -> 0.0913 | BS17: {=1+$B$14+VLOOKUP($R17,武学奇术!$A:$ZZ,20,FALSE)+SUM(_xlfn.XLOOKUP(S17:AL17,增益!$A:$A,增益!$T:$T,0))} -> 1.35 | BT17: =MIN((1-BR17)*BO17,BO17*BP17) -> 0.8819441 | BU17: =1-BR17-BT17-BV17 -> 0.02157631 | BV17: =IF(VLOOKUP($R17,武学奇术!$A:$ZZ,22,FALSE)=1,0,(1-$BO17))*(1-$BR17) -> 0.00517959 | BW17: {=SUM(_xlfn.XLOOKUP(S17:AL17,增益!$A:$A,增益!$W:$W,0))+$I$5} -> 0.11 | BX17: =VLOOKUP($R17,武学奇术!$A:$ZZ,32,FALSE) -> 0.1 | BY17: {=SUM(_xlfn.XLOOKUP($S17:$AL17,增益!$A:$A,增益!$X:$X,0))} -> 0
A18: 绳镖增 | B18: 0.0854 | C18: 虹 | D18: √ | H18: 真气比列 | I18: =SUM(K:K)/SUM(L:L) -> 0.97851466 | K18: =$L18*VLOOKUP($R18,武学奇术!$A:$ZZ,31,FALSE) -> 48364.519 | L18: =($M18*$BT18+$N18*$BR18+$O18*$BU18+$P18*$BV18) -> 43182.606 | M18: =((($AT18+$AU18)/2*$AN18+$AO18)*(1+$AV18)*(1+$AW18)+(($AY18+$AZ18)/2*IF($G$1="鸣金",$AP18,$AN18)+IF($G$1="鸣金",$AQ18*1.5,0))*(1+$BA18)*(1+$BB18)+(($BC18+$BD18)/2*IF($G$1="裂石",$AP18,$AN18)+IF($G$1="裂石",$AQ18*1.5,0))*(1+$BE18)*(1+$BF18)+(($BG18+$BH18)/2*IF($G$1="牵丝",$AP18,$AN18)+IF($G$1="牵丝",$AQ18*1.5,0))*(1+$BI18)*(1+$BJ18)+(($BK18+$BL18)/2*IF($G$1="破竹",$AP18,$AN18)+IF($G$1="破竹",$AQ18*1.5,0))*(1+$BM18)*(1+$BN18))*(1+$AR18)*$BQ18*$Q18*(1+IF(VLOOKUP($R18,武学奇术!$A:$ZZ,30,FALSE)="轻击",$B$21,0))*(1+IF(VLOOKUP($R18,武学奇术!$A:$ZZ,30,FALSE)="老鼠",$B$22,0))*(1+$BW18)*(1+$BX18) -> 45312.536 | N18: =((($AU18*$AN18+$AO18)*(1+$AV18)*(1+$AW18)+($AZ18*IF($G$1="鸣金",$AP18,$AN18)+IF($G$1="鸣金",$AQ18*1.5,0))*(1+$BA18)*(1+$BB18)+($BD18*IF($G$1="裂石",$AP18,$AN18)+IF($G$1="裂石",$AQ18*1.5,0))*(1+$BE18)*(1+$BF18)+($BH18*IF($G$1="牵丝",$AP18,$AN18)+IF($G$1="牵丝",$AQ18*1.5,0))*(1+$BI18)*(1+$BJ18)+($BL18*IF($G$1="破竹",$AP18,$AN18)+IF($G$1="破竹",$AQ18*1.5,0))*(1+$BM18)*(1+$BN18))*(1+$AR18)*$BS18*$Q18*(1+IF(VLOOKUP($R18,武学奇术!$A:$ZZ,30,FALSE)="轻击",$B$21,0))*(1+IF(VLOOKUP($R18,武学奇术!$A:$ZZ,30,FALSE)="老鼠",$B$22,0))*(1+$BW18))*(1+$BX18) -> 29659.59 | O18: =((($AT18+$AU18)/2*$AN18+$AO18)*(1+$AV18)*(1+$AW18)+(($AY18+$AZ18)/2*IF($G$1="鸣金",$AP18,$AN18)+IF($G$1="鸣金",$AQ18*1.5,0))*(1+$BA18)*(1+$BB18)+(($BC18+$BD18)/2*IF($G$1="裂石",$AP18,$AN18)+IF($G$1="裂石",$AQ18*1.5,0))*(1+$BE18)*(1+$BF18)+(($BG18+$BH18)/2*IF($G$1="牵丝",$AP18,$AN18)+IF($G$1="牵丝",$AQ18*1.5,0))*(1+$BI18)*(1+$BJ18)+(($BK18+$BL18)/2*IF($G$1="破竹",$AP18,$AN18)+IF($G$1="破竹",$AQ18*1.5,0))*(1+$BM18)*(1+$BN18))*(1+$AR18)*$Q18*(1+IF(VLOOKUP($R18,武学奇术!$A:$ZZ,30,FALSE)="轻击",$B$21,0))*(1+IF(VLOOKUP($R18,武学奇术!$A:$ZZ,30,FALSE)="老鼠",$B$22,0))*(1+$BW18)*(1+$BX18) -> 19581.908 | P18: =((($AT18*$AN18+$AO18)*(1+$AV18)*(1+$AW18)+($AY18*IF($G$1="鸣金",$AP18,$AN18)+IF($G$1="鸣金",$AQ18*1.5,0))*(1+$BA18)*(1+$BB18)+($BC18*IF($G$1="裂石",$AP18,$AN18)+IF($G$1="裂石",$AQ18*1.5,0))*(1+$BE18)*(1+$BF18)+($BG18*IF($G$1="牵丝",$AP18,$AN18)+IF($G$1="牵丝",$AQ18*1.5,0))*(1+$BI18)*(1+$BJ18)+($BK18*IF($G$1="破竹",$AP18,$AN18)+IF($G$1="破竹",$AQ18*1.5,0))*(1+$BM18)*(1+$BN18))*(1+$AR18))*$Q18*(1+IF(VLOOKUP($R18,武学奇术!$A:$ZZ,30,FALSE)="轻击",$B$21,0))*(1+IF(VLOOKUP($R18,武学奇术!$A:$ZZ,30,FALSE)="老鼠",$B$22,0))*(1+$BW18)*(1+$BX18) -> 17193.75 | Q18: 1 | R18: 红2 | S18: 易水歌3层 | T18: 沧海帖2层 | U18: 恶身 | V18: 苦果 | W18: 轮回 | X18: N/a | Y18: 燕归额外 | Z18: 嗔焰 | AA18: 惧刃(拐) | AB18: N/a | AC18: N/a | AD18: 迷踪 | AE18: 断石 | AF18: N/a | AG18: 无惧 | AH18: 离猎(拐) | AI18: N/a | AJ18: N/a | AK18: N/a | AL18: N/a | AM18: =VLOOKUP($R18,武学奇术!$A:$ZZ,25,FALSE) -> 双刀 | AN18: =VLOOKUP($R18,武学奇术!$A:$ZZ,26,FALSE) -> 0.9012 | AO18: =VLOOKUP($R18,武学奇术!$A:$ZZ,27,FALSE)*(1+IF(OR($AM18=$F$4,$AM18=$F$5),$B$23,0)) -> 400 | AP18: =VLOOKUP($R18,武学奇术!$A:$ZZ,28,FALSE) -> 1.3518 | AQ18: =VLOOKUP($R18,武学奇术!$A:$ZZ,29,FALSE)*(1+IF(OR($AM18=$F$4,$AM18=$F$5),$B$23,0)) -> 217.6 | AR18: {=$G$3+IFERROR(VLOOKUP($AM18,$F$4:$G$7,2,FALSE),0)+VLOOKUP($R18,武学奇术!$A:$ZZ,2,FALSE)+SUM(_xlfn.XLOOKUP($S18:$AL18,增益!$A:$A,增益!$B:$B,0))} -> 0.7543 | AS18: {=VLOOKUP($R18,武学奇术!$A:$ZZ,5,FALSE)+SUM(_xlfn.XLOOKUP($S18:$AL18,增益!$A:$A,增益!$E:$E,0))} -> 0 | AT18: {=$D$10*(1+$AS18)+VLOOKUP($R18,武学奇术!$A:$ZZ,3,FALSE)+SUM(_xlfn.XLOOKUP($S18:$AL18,增益!$A:$A,增益!$C:$C,0))-$I$2} -> 4150.4 | AU18: {=$E$10*(1+$AS18)+VLOOKUP($R18,武学奇术!$A:$ZZ,4,FALSE)+SUM(_xlfn.XLOOKUP($S18:$AL18,增益!$A:$A,增益!$D:$D,0))-$I$2} -> 4150.4 | AV18: {=IF($F$10-$I$3+VLOOKUP($R18,武学奇术!$A:$ZZ,6,FALSE)+SUM(_xlfn.XLOOKUP(S18:AL18,增益!$A:$A,增益!$F:$F,0))>0,($F$10-$I$3+VLOOKUP($R18,武学奇术!$A:$ZZ,6,FALSE)+SUM(_xlfn.XLOOKUP(S18:AL18,增益!$A:$A,增益!$F:$F,0)))/200,($F$10-$I$3+VLOOKUP($R18,武学奇术!$A:$ZZ,6,FALSE)+SUM(_xlfn.XLOOKUP(S18:AL18,增益!$A:$A,增益!$F:$F,0)))/100)} -> 0.4339 | AW18: {=$G$10+VLOOKUP($R18,武学奇术!$A:$ZZ,7,FALSE)+SUM(_xlfn.XLOOKUP(S18:AL18,增益!$A:$A,增益!$G:$G,0))} -> 0.08 | AX18: {=VLOOKUP($R18,武学奇术!$A:$ZZ,8,FALSE)+SUM(_xlfn.XLOOKUP(S18:AL18,增益!$A:$A,增益!$H:$H,0))} -> 0 | AY18: =$D$11*(1+$AX18) -> 0 | AZ18: =$E$11*(1+$AX18) -> 0 | BA18: {=IF($F$11-$I$4+VLOOKUP($R18,武学奇术!$A:$ZZ,9,FALSE)+SUM(_xlfn.XLOOKUP(S18:AL18,增益!$A:$A,增益!$I:$I,0))>0,($F$11-$I$4+VLOOKUP($R18,武学奇术!$A:$ZZ,9,FALSE)+SUM(_xlfn.XLOOKUP(S18:AL18,增益!$A:$A,增益!$I:$I,0)))/200,($F$11-$I$4+VLOOKUP($R18,武学奇术!$A:$ZZ,9,FALSE)+SUM(_xlfn.XLOOKUP(S18:AL18,增益!$A:$A,增益!$I:$I,0)))/100)} -> -0.14 | BB18: {=$G$11+VLOOKUP($R18,武学奇术!$A:$ZZ,10,FALSE)+SUM(_xlfn.XLOOKUP(S18:AL18,增益!$A:$A,增益!$J:$J,0))} -> 0.02 | BC18: =$D$12*(1+$AX18) -> 0 | BD18: =$E$12*(1+$AX18) -> 0 | BE18: {=IF($F$12-$I$4+VLOOKUP($R18,武学奇术!$A:$ZZ,11,FALSE)+SUM(_xlfn.XLOOKUP(S18:AL18,增益!$A:$A,增益!$K:$K,0))>0,($F$12-$I$4+VLOOKUP($R18,武学奇术!$A:$ZZ,11,FALSE)+SUM(_xlfn.XLOOKUP(S18:AL18,增益!$A:$A,增益!$K:$K,0)))/200,($F$12-$I$4+VLOOKUP($R18,武学奇术!$A:$ZZ,11,FALSE)+SUM(_xlfn.XLOOKUP(S18:AL18,增益!$A:$A,增益!$K:$K,0)))/100)} -> -0.14 | BF18: {=$G$12+VLOOKUP($R18,武学奇术!$A:$ZZ,12,FALSE)+SUM(_xlfn.XLOOKUP(S18:AL18,增益!$A:$A,增益!$L:$L,0))} -> 0.02 | BG18: =$D$13*(1+$AX18) -> 0 | BH18: =$E$13*(1+$AX18) -> 0 | BI18: {=IF($F$13-$I$4+VLOOKUP($R18,武学奇术!$A:$ZZ,13,FALSE)+SUM(_xlfn.XLOOKUP(S18:AL18,增益!$A:$A,增益!$M:$M,0))>0,($F$13-$I$4+VLOOKUP($R18,武学奇术!$A:$ZZ,13,FALSE)+SUM(_xlfn.XLOOKUP(S18:AL18,增益!$A:$A,增益!$K:$K,0)))/200,($F$13-$I$4+VLOOKUP($R18,武学奇术!$A:$ZZ,13,FALSE)+SUM(_xlfn.XLOOKUP(S18:AL18,增益!$A:$A,增益!$M:$M,0)))/100)} -> -0.14 | BJ18: {=$G$13+VLOOKUP($R18,武学奇术!$A:$ZZ,14,FALSE)+SUM(_xlfn.XLOOKUP(S18:AL18,增益!$A:$A,增益!$N:$N,0))} -> 0.02 | BK18: =$D$14*(1+$AX18) -> 618.2 | BL18: =$E$14*(1+$AX18) -> 1805 | BM18: {=IF($F$14-$I$4+VLOOKUP($R18,武学奇术!$A:$ZZ,15,FALSE)+SUM(_xlfn.XLOOKUP(S18:AL18,增益!$A:$A,增益!$O:$O,0))>0,($F$14-$I$4+VLOOKUP($R18,武学奇术!$A:$ZZ,15,FALSE)+SUM(_xlfn.XLOOKUP(S18:AL18,增益!$A:$A,增益!$O:$O,0)))/200,($F$14-$I$4+VLOOKUP($R18,武学奇术!$A:$ZZ,15,FALSE)+SUM(_xlfn.XLOOKUP(S18:AL18,增益!$A:$A,增益!$O:$O,0)))/100)} -> 0.13 | BN18: {=$G$14+VLOOKUP($R18,武学奇术!$A:$ZZ,16,FALSE)+SUM(_xlfn.XLOOKUP(S18:AL18,增益!$A:$A,增益!$P:$P,0))} -> 0.23 | BO18: =MIN(IF(VLOOKUP($R18,武学奇术!$A:$ZZ,23,FALSE)=1,100%,$B$8),100%) -> 0.9943 | BP18: {=IF(VLOOKUP($R18,武学奇术!$A:$ZZ,23,FALSE)=1,100%,MIN(80%,$B$9+VLOOKUP($R18,武学奇术!$A:$ZZ,17,FALSE)+SUM(_xlfn.XLOOKUP(S18:AL18,增益!$A:$A,增益!$Q:$Q,0)))+$B$11+SUM(_xlfn.XLOOKUP(S18:AL18,增益!$A:$A,增益!$U:$U,0)))*IF(VLOOKUP($R18,武学奇术!$A:$ZZ,24,FALSE)=1,0,1)} -> 0.887 | BQ18: {=1+$B$13+VLOOKUP($R18,武学奇术!$A:$ZZ,18,FALSE)+SUM(_xlfn.XLOOKUP(S18:AL18,增益!$A:$A,增益!$R:$R,0))} -> 2.314 | BR18: {=IF(VLOOKUP($R18,武学奇术!$A:$ZZ,24,FALSE)=1,100%,MIN(40%,$B$10+VLOOKUP($R18,武学奇术!$A:$ZZ,19,FALSE)+SUM(_xlfn.XLOOKUP(S18:AL18,增益!$A:$A,增益!$S:$S,0)))+$B$12+SUM(_xlfn.XLOOKUP(S18:AL18,增益!$A:$A,增益!$V:$V,0)))*IF(VLOOKUP($R18,武学奇术!$A:$ZZ,23,FALSE)=1,0,1)} -> 0.0913 | BS18: {=1+$B$14+VLOOKUP($R18,武学奇术!$A:$ZZ,20,FALSE)+SUM(_xlfn.XLOOKUP(S18:AL18,增益!$A:$A,增益!$T:$T,0))} -> 1.35 | BT18: =MIN((1-BR18)*BO18,BO18*BP18) -> 0.8819441 | BU18: =1-BR18-BT18-BV18 -> 0.02157631 | BV18: =IF(VLOOKUP($R18,武学奇术!$A:$ZZ,22,FALSE)=1,0,(1-$BO18))*(1-$BR18) -> 0.00517959 | BW18: {=SUM(_xlfn.XLOOKUP(S18:AL18,增益!$A:$A,增益!$W:$W,0))+$I$5} -> 0.11 | BX18: =VLOOKUP($R18,武学奇术!$A:$ZZ,32,FALSE) -> 0.1 | BY18: {=SUM(_xlfn.XLOOKUP($S18:$AL18,增益!$A:$A,增益!$X:$X,0))} -> 0
A19: 单体奇术增 | B19: 0 | C19: 钧 | D19: √ | K19: =$L19*VLOOKUP($R19,武学奇术!$A:$ZZ,31,FALSE) -> 98819.496 | L19: =($M19*$BT19+$N19*$BR19+$O19*$BU19+$P19*$BV19) -> 96881.859 | M19: =((($AT19+$AU19)/2*$AN19+$AO19)*(1+$AV19)*(1+$AW19)+(($AY19+$AZ19)/2*IF($G$1="鸣金",$AP19,$AN19)+IF($G$1="鸣金",$AQ19*1.5,0))*(1+$BA19)*(1+$BB19)+(($BC19+$BD19)/2*IF($G$1="裂石",$AP19,$AN19)+IF($G$1="裂石",$AQ19*1.5,0))*(1+$BE19)*(1+$BF19)+(($BG19+$BH19)/2*IF($G$1="牵丝",$AP19,$AN19)+IF($G$1="牵丝",$AQ19*1.5,0))*(1+$BI19)*(1+$BJ19)+(($BK19+$BL19)/2*IF($G$1="破竹",$AP19,$AN19)+IF($G$1="破竹",$AQ19*1.5,0))*(1+$BM19)*(1+$BN19))*(1+$AR19)*$BQ19*$Q19*(1+IF(VLOOKUP($R19,武学奇术!$A:$ZZ,30,FALSE)="轻击",$B$21,0))*(1+IF(VLOOKUP($R19,武学奇术!$A:$ZZ,30,FALSE)="老鼠",$B$22,0))*(1+$BW19)*(1+$BX19) -> 101582.99 | N19: =((($AU19*$AN19+$AO19)*(1+$AV19)*(1+$AW19)+($AZ19*IF($G$1="鸣金",$AP19,$AN19)+IF($G$1="鸣金",$AQ19*1.5,0))*(1+$BA19)*(1+$BB19)+($BD19*IF($G$1="裂石",$AP19,$AN19)+IF($G$1="裂石",$AQ19*1.5,0))*(1+$BE19)*(1+$BF19)+($BH19*IF($G$1="牵丝",$AP19,$AN19)+IF($G$1="牵丝",$AQ19*1.5,0))*(1+$BI19)*(1+$BJ19)+($BL19*IF($G$1="破竹",$AP19,$AN19)+IF($G$1="破竹",$AQ19*1.5,0))*(1+$BM19)*(1+$BN19))*(1+$AR19)*$BS19*$Q19*(1+IF(VLOOKUP($R19,武学奇术!$A:$ZZ,30,FALSE)="轻击",$B$21,0))*(1+IF(VLOOKUP($R19,武学奇术!$A:$ZZ,30,FALSE)="老鼠",$B$22,0))*(1+$BW19))*(1+$BX19) -> 67335.635 | O19: =((($AT19+$AU19)/2*$AN19+$AO19)*(1+$AV19)*(1+$AW19)+(($AY19+$AZ19)/2*IF($G$1="鸣金",$AP19,$AN19)+IF($G$1="鸣金",$AQ19*1.5,0))*(1+$BA19)*(1+$BB19)+(($BC19+$BD19)/2*IF($G$1="裂石",$AP19,$AN19)+IF($G$1="裂石",$AQ19*1.5,0))*(1+$BE19)*(1+$BF19)+(($BG19+$BH19)/2*IF($G$1="牵丝",$AP19,$AN19)+IF($G$1="牵丝",$AQ19*1.5,0))*(1+$BI19)*(1+$BJ19)+(($BK19+$BL19)/2*IF($G$1="破竹",$AP19,$AN19)+IF($G$1="破竹",$AQ19*1.5,0))*(1+$BM19)*(1+$BN19))*(1+$AR19)*$Q19*(1+IF(VLOOKUP($R19,武学奇术!$A:$ZZ,30,FALSE)="轻击",$B$21,0))*(1+IF(VLOOKUP($R19,武学奇术!$A:$ZZ,30,FALSE)="老鼠",$B$22,0))*(1+$BW19)*(1+$BX19) -> 43899.304 | P19: =((($AT19*$AN19+$AO19)*(1+$AV19)*(1+$AW19)+($AY19*IF($G$1="鸣金",$AP19,$AN19)+IF($G$1="鸣金",$AQ19*1.5,0))*(1+$BA19)*(1+$BB19)+($BC19*IF($G$1="裂石",$AP19,$AN19)+IF($G$1="裂石",$AQ19*1.5,0))*(1+$BE19)*(1+$BF19)+($BG19*IF($G$1="牵丝",$AP19,$AN19)+IF($G$1="牵丝",$AQ19*1.5,0))*(1+$BI19)*(1+$BJ19)+($BK19*IF($G$1="破竹",$AP19,$AN19)+IF($G$1="破竹",$AQ19*1.5,0))*(1+$BM19)*(1+$BN19))*(1+$AR19))*$Q19*(1+IF(VLOOKUP($R19,武学奇术!$A:$ZZ,30,FALSE)="轻击",$B$21,0))*(1+IF(VLOOKUP($R19,武学奇术!$A:$ZZ,30,FALSE)="老鼠",$B$22,0))*(1+$BW19)*(1+$BX19) -> 37920.36 | Q19: 3 | R19: 老鼠 | S19: 易水歌3层 | T19: 沧海帖2层 | U19: 恶身 | V19: 苦果 | W19: 轮回 | X19: N/a | Y19: 燕归额外 | Z19: 嗔焰 | AA19: 惧刃(拐) | AB19: N/a | AC19: N/a | AD19: 迷踪 | AE19: 断石 | AF19: N/a | AG19: 无惧 | AH19: 离猎(拐) | AI19: N/a | AJ19: N/a | AK19: N/a | AL19: N/a | AM19: =VLOOKUP($R19,武学奇术!$A:$ZZ,25,FALSE) -> 绳镖 | AN19: =VLOOKUP($R19,武学奇术!$A:$ZZ,26,FALSE) -> 0.3675 | AO19: =VLOOKUP($R19,武学奇术!$A:$ZZ,27,FALSE)*(1+IF(OR($AM19=$F$4,$AM19=$F$5),$B$23,0)) -> 0 | AP19: =VLOOKUP($R19,武学奇术!$A:$ZZ,28,FALSE) -> 0.55125 | AQ19: =VLOOKUP($R19,武学奇术!$A:$ZZ,29,FALSE)*(1+IF(OR($AM19=$F$4,$AM19=$F$5),$B$23,0)) -> 0 | AR19: {=$G$3+IFERROR(VLOOKUP($AM19,$F$4:$G$7,2,FALSE),0)+VLOOKUP($R19,武学奇术!$A:$ZZ,2,FALSE)+SUM(_xlfn.XLOOKUP($S19:$AL19,增益!$A:$A,增益!$B:$B,0))} -> 1.5543 | AS19: {=VLOOKUP($R19,武学奇术!$A:$ZZ,5,FALSE)+SUM(_xlfn.XLOOKUP($S19:$AL19,增益!$A:$A,增益!$E:$E,0))} -> 0 | AT19: {=$D$10*(1+$AS19)+VLOOKUP($R19,武学奇术!$A:$ZZ,3,FALSE)+SUM(_xlfn.XLOOKUP($S19:$AL19,增益!$A:$A,增益!$C:$C,0))-$I$2} -> 4150.4 | AU19: {=$E$10*(1+$AS19)+VLOOKUP($R19,武学奇术!$A:$ZZ,4,FALSE)+SUM(_xlfn.XLOOKUP($S19:$AL19,增益!$A:$A,增益!$D:$D,0))-$I$2} -> 4150.4 | AV19: {=IF($F$10-$I$3+VLOOKUP($R19,武学奇术!$A:$ZZ,6,FALSE)+SUM(_xlfn.XLOOKUP(S19:AL19,增益!$A:$A,增益!$F:$F,0))>0,($F$10-$I$3+VLOOKUP($R19,武学奇术!$A:$ZZ,6,FALSE)+SUM(_xlfn.XLOOKUP(S19:AL19,增益!$A:$A,增益!$F:$F,0)))/200,($F$10-$I$3+VLOOKUP($R19,武学奇术!$A:$ZZ,6,FALSE)+SUM(_xlfn.XLOOKUP(S19:AL19,增益!$A:$A,增益!$F:$F,0)))/100)} -> 0.4339 | AW19: {=$G$10+VLOOKUP($R19,武学奇术!$A:$ZZ,7,FALSE)+SUM(_xlfn.XLOOKUP(S19:AL19,增益!$A:$A,增益!$G:$G,0))} -> 0.29 | AX19: {=VLOOKUP($R19,武学奇术!$A:$ZZ,8,FALSE)+SUM(_xlfn.XLOOKUP(S19:AL19,增益!$A:$A,增益!$H:$H,0))} -> 0 | AY19: =$D$11*(1+$AX19) -> 0 | AZ19: =$E$11*(1+$AX19) -> 0 | BA19: {=IF($F$11-$I$4+VLOOKUP($R19,武学奇术!$A:$ZZ,9,FALSE)+SUM(_xlfn.XLOOKUP(S19:AL19,增益!$A:$A,增益!$I:$I,0))>0,($F$11-$I$4+VLOOKUP($R19,武学奇术!$A:$ZZ,9,FALSE)+SUM(_xlfn.XLOOKUP(S19:AL19,增益!$A:$A,增益!$I:$I,0)))/200,($F$11-$I$4+VLOOKUP($R19,武学奇术!$A:$ZZ,9,FALSE)+SUM(_xlfn.XLOOKUP(S19:AL19,增益!$A:$A,增益!$I:$I,0)))/100)} -> -0.14 | BB19: {=$G$11+VLOOKUP($R19,武学奇术!$A:$ZZ,10,FALSE)+SUM(_xlfn.XLOOKUP(S19:AL19,增益!$A:$A,增益!$J:$J,0))} -> 0.02 | BC19: =$D$12*(1+$AX19) -> 0 | BD19: =$E$12*(1+$AX19) -> 0 | BE19: {=IF($F$12-$I$4+VLOOKUP($R19,武学奇术!$A:$ZZ,11,FALSE)+SUM(_xlfn.XLOOKUP(S19:AL19,增益!$A:$A,增益!$K:$K,0))>0,($F$12-$I$4+VLOOKUP($R19,武学奇术!$A:$ZZ,11,FALSE)+SUM(_xlfn.XLOOKUP(S19:AL19,增益!$A:$A,增益!$K:$K,0)))/200,($F$12-$I$4+VLOOKUP($R19,武学奇术!$A:$ZZ,11,FALSE)+SUM(_xlfn.XLOOKUP(S19:AL19,增益!$A:$A,增益!$K:$K,0)))/100)} -> -0.14 | BF19: {=$G$12+VLOOKUP($R19,武学奇术!$A:$ZZ,12,FALSE)+SUM(_xlfn.XLOOKUP(S19:AL19,增益!$A:$A,增益!$L:$L,0))} -> 0.02 | BG19: =$D$13*(1+$AX19) -> 0 | BH19: =$E$13*(1+$AX19) -> 0 | BI19: {=IF($F$13-$I$4+VLOOKUP($R19,武学奇术!$A:$ZZ,13,FALSE)+SUM(_xlfn.XLOOKUP(S19:AL19,增益!$A:$A,增益!$M:$M,0))>0,($F$13-$I$4+VLOOKUP($R19,武学奇术!$A:$ZZ,13,FALSE)+SUM(_xlfn.XLOOKUP(S19:AL19,增益!$A:$A,增益!$K:$K,0)))/200,($F$13-$I$4+VLOOKUP($R19,武学奇术!$A:$ZZ,13,FALSE)+SUM(_xlfn.XLOOKUP(S19:AL19,增益!$A:$A,增益!$M:$M,0)))/100)} -> -0.14 | BJ19: {=$G$13+VLOOKUP($R19,武学奇术!$A:$ZZ,14,FALSE)+SUM(_xlfn.XLOOKUP(S19:AL19,增益!$A:$A,增益!$N:$N,0))} -> 0.02 | BK19: =$D$14*(1+$AX19) -> 618.2 | BL19: =$E$14*(1+$AX19) -> 1805 | BM19: {=IF($F$14-$I$4+VLOOKUP($R19,武学奇术!$A:$ZZ,15,FALSE)+SUM(_xlfn.XLOOKUP(S19:AL19,增益!$A:$A,增益!$O:$O,0))>0,($F$14-$I$4+VLOOKUP($R19,武学奇术!$A:$ZZ,15,FALSE)+SUM(_xlfn.XLOOKUP(S19:AL19,增益!$A:$A,增益!$O:$O,0)))/200,($F$14-$I$4+VLOOKUP($R19,武学奇术!$A:$ZZ,15,FALSE)+SUM(_xlfn.XLOOKUP(S19:AL19,增益!$A:$A,增益!$O:$O,0)))/100)} -> 0.13 | BN19: {=$G$14+VLOOKUP($R19,武学奇术!$A:$ZZ,16,FALSE)+SUM(_xlfn.XLOOKUP(S19:AL19,增益!$A:$A,增益!$P:$P,0))} -> 0.44 | BO19: =MIN(IF(VLOOKUP($R19,武学奇术!$A:$ZZ,23,FALSE)=1,100%,$B$8),100%) -> 0.9943 | BP19: {=IF(VLOOKUP($R19,武学奇术!$A:$ZZ,23,FALSE)=1,100%,MIN(80%,$B$9+VLOOKUP($R19,武学奇术!$A:$ZZ,17,FALSE)+SUM(_xlfn.XLOOKUP(S19:AL19,增益!$A:$A,增益!$Q:$Q,0)))+$B$11+SUM(_xlfn.XLOOKUP(S19:AL19,增益!$A:$A,增益!$U:$U,0)))*IF(VLOOKUP($R19,武学奇术!$A:$ZZ,24,FALSE)=1,0,1)} -> 0.887 | BQ19: {=1+$B$13+VLOOKUP($R19,武学奇术!$A:$ZZ,18,FALSE)+SUM(_xlfn.XLOOKUP(S19:AL19,增益!$A:$A,增益!$R:$R,0))} -> 2.314 | BR19: {=IF(VLOOKUP($R19,武学奇术!$A:$ZZ,24,FALSE)=1,100%,MIN(40%,$B$10+VLOOKUP($R19,武学奇术!$A:$ZZ,19,FALSE)+SUM(_xlfn.XLOOKUP(S19:AL19,增益!$A:$A,增益!$S:$S,0)))+$B$12+SUM(_xlfn.XLOOKUP(S19:AL19,增益!$A:$A,增益!$V:$V,0)))*IF(VLOOKUP($R19,武学奇术!$A:$ZZ,23,FALSE)=1,0,1)} -> 0.0913 | BS19: {=1+$B$14+VLOOKUP($R19,武学奇术!$A:$ZZ,20,FALSE)+SUM(_xlfn.XLOOKUP(S19:AL19,增益!$A:$A,增益!$T:$T,0))} -> 1.35 | BT19: =MIN((1-BR19)*BO19,BO19*BP19) -> 0.8819441 | BU19: =1-BR19-BT19-BV19 -> 0.02157631 | BV19: =IF(VLOOKUP($R19,武学奇术!$A:$ZZ,22,FALSE)=1,0,(1-$BO19))*(1-$BR19) -> 0.00517959 | BW19: {=SUM(_xlfn.XLOOKUP(S19:AL19,增益!$A:$A,增益!$W:$W,0))+$I$5} -> 0.11 | BX19: =VLOOKUP($R19,武学奇术!$A:$ZZ,32,FALSE) -> 0 | BY19: {=SUM(_xlfn.XLOOKUP($S19:$AL19,增益!$A:$A,增益!$X:$X,0))} -> 0
A20: 群体奇术增 | B20: 0 | C20: 影 | D20: √ | K20: =$L20*VLOOKUP($R20,武学奇术!$A:$ZZ,31,FALSE) -> 78708.285 | L20: =($M20*$BT20+$N20*$BR20+$O20*$BU20+$P20*$BV20) -> 70275.254 | M20: =((($AT20+$AU20)/2*$AN20+$AO20)*(1+$AV20)*(1+$AW20)+(($AY20+$AZ20)/2*IF($G$1="鸣金",$AP20,$AN20)+IF($G$1="鸣金",$AQ20*1.5,0))*(1+$BA20)*(1+$BB20)+(($BC20+$BD20)/2*IF($G$1="裂石",$AP20,$AN20)+IF($G$1="裂石",$AQ20*1.5,0))*(1+$BE20)*(1+$BF20)+(($BG20+$BH20)/2*IF($G$1="牵丝",$AP20,$AN20)+IF($G$1="牵丝",$AQ20*1.5,0))*(1+$BI20)*(1+$BJ20)+(($BK20+$BL20)/2*IF($G$1="破竹",$AP20,$AN20)+IF($G$1="破竹",$AQ20*1.5,0))*(1+$BM20)*(1+$BN20))*(1+$AR20)*$BQ20*$Q20*(1+IF(VLOOKUP($R20,武学奇术!$A:$ZZ,30,FALSE)="轻击",$B$21,0))*(1+IF(VLOOKUP($R20,武学奇术!$A:$ZZ,30,FALSE)="老鼠",$B$22,0))*(1+$BW20)*(1+$BX20) -> 73767.473 | N20: =((($AU20*$AN20+$AO20)*(1+$AV20)*(1+$AW20)+($AZ20*IF($G$1="鸣金",$AP20,$AN20)+IF($G$1="鸣金",$AQ20*1.5,0))*(1+$BA20)*(1+$BB20)+($BD20*IF($G$1="裂石",$AP20,$AN20)+IF($G$1="裂石",$AQ20*1.5,0))*(1+$BE20)*(1+$BF20)+($BH20*IF($G$1="牵丝",$AP20,$AN20)+IF($G$1="牵丝",$AQ20*1.5,0))*(1+$BI20)*(1+$BJ20)+($BL20*IF($G$1="破竹",$AP20,$AN20)+IF($G$1="破竹",$AQ20*1.5,0))*(1+$BM20)*(1+$BN20))*(1+$AR20)*$BS20*$Q20*(1+IF(VLOOKUP($R20,武学奇术!$A:$ZZ,30,FALSE)="轻击",$B$21,0))*(1+IF(VLOOKUP($R20,武学奇术!$A:$ZZ,30,FALSE)="老鼠",$B$22,0))*(1+$BW20))*(1+$BX20) -> 48051.983 | O20: =((($AT20+$AU20)/2*$AN20+$AO20)*(1+$AV20)*(1+$AW20)+(($AY20+$AZ20)/2*IF($G$1="鸣金",$AP20,$AN20)+IF($G$1="鸣金",$AQ20*1.5,0))*(1+$BA20)*(1+$BB20)+(($BC20+$BD20)/2*IF($G$1="裂石",$AP20,$AN20)+IF($G$1="裂石",$AQ20*1.5,0))*(1+$BE20)*(1+$BF20)+(($BG20+$BH20)/2*IF($G$1="牵丝",$AP20,$AN20)+IF($G$1="牵丝",$AQ20*1.5,0))*(1+$BI20)*(1+$BJ20)+(($BK20+$BL20)/2*IF($G$1="破竹",$AP20,$AN20)+IF($G$1="破竹",$AQ20*1.5,0))*(1+$BM20)*(1+$BN20))*(1+$AR20)*$Q20*(1+IF(VLOOKUP($R20,武学奇术!$A:$ZZ,30,FALSE)="轻击",$B$21,0))*(1+IF(VLOOKUP($R20,武学奇术!$A:$ZZ,30,FALSE)="老鼠",$B$22,0))*(1+$BW20)*(1+$BX20) -> 31741.598 | P20: =((($AT20*$AN20+$AO20)*(1+$AV20)*(1+$AW20)+($AY20*IF($G$1="鸣金",$AP20,$AN20)+IF($G$1="鸣金",$AQ20*1.5,0))*(1+$BA20)*(1+$BB20)+($BC20*IF($G$1="裂石",$AP20,$AN20)+IF($G$1="裂石",$AQ20*1.5,0))*(1+$BE20)*(1+$BF20)+($BG20*IF($G$1="牵丝",$AP20,$AN20)+IF($G$1="牵丝",$AQ20*1.5,0))*(1+$BI20)*(1+$BJ20)+($BK20*IF($G$1="破竹",$AP20,$AN20)+IF($G$1="破竹",$AQ20*1.5,0))*(1+$BM20)*(1+$BN20))*(1+$AR20))*$Q20*(1+IF(VLOOKUP($R20,武学奇术!$A:$ZZ,30,FALSE)="轻击",$B$21,0))*(1+IF(VLOOKUP($R20,武学奇术!$A:$ZZ,30,FALSE)="老鼠",$B$22,0))*(1+$BW20)*(1+$BX20) -> 27889.134 | Q20: 1 | R20: 红3 | S20: 易水歌4层 | T20: 沧海帖3层 | U20: 恶身 | V20: 苦果 | W20: 轮回 | X20: N/a | Y20: 燕归额外 | Z20: 嗔焰 | AA20: 惧刃(拐) | AB20: N/a | AC20: N/a | AD20: 迷踪 | AE20: 断石 | AF20: N/a | AG20: 无惧 | AH20: 离猎(拐) | AI20: N/a | AJ20: N/a | AK20: N/a | AL20: N/a | AM20: =VLOOKUP($R20,武学奇术!$A:$ZZ,25,FALSE) -> 双刀 | AN20: =VLOOKUP($R20,武学奇术!$A:$ZZ,26,FALSE) -> 1.4455 | AO20: =VLOOKUP($R20,武学奇术!$A:$ZZ,27,FALSE)*(1+IF(OR($AM20=$F$4,$AM20=$F$5),$B$23,0)) -> 641.6 | AP20: =VLOOKUP($R20,武学奇术!$A:$ZZ,28,FALSE) -> 2.1683 | AQ20: =VLOOKUP($R20,武学奇术!$A:$ZZ,29,FALSE)*(1+IF(OR($AM20=$F$4,$AM20=$F$5),$B$23,0)) -> 348.8 | AR20: {=$G$3+IFERROR(VLOOKUP($AM20,$F$4:$G$7,2,FALSE),0)+VLOOKUP($R20,武学奇术!$A:$ZZ,2,FALSE)+SUM(_xlfn.XLOOKUP($S20:$AL20,增益!$A:$A,增益!$B:$B,0))} -> 0.7643 | AS20: {=VLOOKUP($R20,武学奇术!$A:$ZZ,5,FALSE)+SUM(_xlfn.XLOOKUP($S20:$AL20,增益!$A:$A,增益!$E:$E,0))} -> 0 | AT20: {=$D$10*(1+$AS20)+VLOOKUP($R20,武学奇术!$A:$ZZ,3,FALSE)+SUM(_xlfn.XLOOKUP($S20:$AL20,增益!$A:$A,增益!$C:$C,0))-$I$2} -> 4150.4 | AU20: {=$E$10*(1+$AS20)+VLOOKUP($R20,武学奇术!$A:$ZZ,4,FALSE)+SUM(_xlfn.XLOOKUP($S20:$AL20,增益!$A:$A,增益!$D:$D,0))-$I$2} -> 4150.4 | AV20: {=IF($F$10-$I$3+VLOOKUP($R20,武学奇术!$A:$ZZ,6,FALSE)+SUM(_xlfn.XLOOKUP(S20:AL20,增益!$A:$A,增益!$F:$F,0))>0,($F$10-$I$3+VLOOKUP($R20,武学奇术!$A:$ZZ,6,FALSE)+SUM(_xlfn.XLOOKUP(S20:AL20,增益!$A:$A,增益!$F:$F,0)))/200,($F$10-$I$3+VLOOKUP($R20,武学奇术!$A:$ZZ,6,FALSE)+SUM(_xlfn.XLOOKUP(S20:AL20,增益!$A:$A,增益!$F:$F,0)))/100)} -> 0.4439 | AW20: {=$G$10+VLOOKUP($R20,武学奇术!$A:$ZZ,7,FALSE)+SUM(_xlfn.XLOOKUP(S20:AL20,增益!$A:$A,增益!$G:$G,0))} -> 0.08 | AX20: {=VLOOKUP($R20,武学奇术!$A:$ZZ,8,FALSE)+SUM(_xlfn.XLOOKUP(S20:AL20,增益!$A:$A,增益!$H:$H,0))} -> 0 | AY20: =$D$11*(1+$AX20) -> 0 | AZ20: =$E$11*(1+$AX20) -> 0 | BA20: {=IF($F$11-$I$4+VLOOKUP($R20,武学奇术!$A:$ZZ,9,FALSE)+SUM(_xlfn.XLOOKUP(S20:AL20,增益!$A:$A,增益!$I:$I,0))>0,($F$11-$I$4+VLOOKUP($R20,武学奇术!$A:$ZZ,9,FALSE)+SUM(_xlfn.XLOOKUP(S20:AL20,增益!$A:$A,增益!$I:$I,0)))/200,($F$11-$I$4+VLOOKUP($R20,武学奇术!$A:$ZZ,9,FALSE)+SUM(_xlfn.XLOOKUP(S20:AL20,增益!$A:$A,增益!$I:$I,0)))/100)} -> -0.14 | BB20: {=$G$11+VLOOKUP($R20,武学奇术!$A:$ZZ,10,FALSE)+SUM(_xlfn.XLOOKUP(S20:AL20,增益!$A:$A,增益!$J:$J,0))} -> 0.02 | BC20: =$D$12*(1+$AX20) -> 0 | BD20: =$E$12*(1+$AX20) -> 0 | BE20: {=IF($F$12-$I$4+VLOOKUP($R20,武学奇术!$A:$ZZ,11,FALSE)+SUM(_xlfn.XLOOKUP(S20:AL20,增益!$A:$A,增益!$K:$K,0))>0,($F$12-$I$4+VLOOKUP($R20,武学奇术!$A:$ZZ,11,FALSE)+SUM(_xlfn.XLOOKUP(S20:AL20,增益!$A:$A,增益!$K:$K,0)))/200,($F$12-$I$4+VLOOKUP($R20,武学奇术!$A:$ZZ,11,FALSE)+SUM(_xlfn.XLOOKUP(S20:AL20,增益!$A:$A,增益!$K:$K,0)))/100)} -> -0.14 | BF20: {=$G$12+VLOOKUP($R20,武学奇术!$A:$ZZ,12,FALSE)+SUM(_xlfn.XLOOKUP(S20:AL20,增益!$A:$A,增益!$L:$L,0))} -> 0.02 | BG20: =$D$13*(1+$AX20) -> 0 | BH20: =$E$13*(1+$AX20) -> 0 | BI20: {=IF($F$13-$I$4+VLOOKUP($R20,武学奇术!$A:$ZZ,13,FALSE)+SUM(_xlfn.XLOOKUP(S20:AL20,增益!$A:$A,增益!$M:$M,0))>0,($F$13-$I$4+VLOOKUP($R20,武学奇术!$A:$ZZ,13,FALSE)+SUM(_xlfn.XLOOKUP(S20:AL20,增益!$A:$A,增益!$K:$K,0)))/200,($F$13-$I$4+VLOOKUP($R20,武学奇术!$A:$ZZ,13,FALSE)+SUM(_xlfn.XLOOKUP(S20:AL20,增益!$A:$A,增益!$M:$M,0)))/100)} -> -0.14 | BJ20: {=$G$13+VLOOKUP($R20,武学奇术!$A:$ZZ,14,FALSE)+SUM(_xlfn.XLOOKUP(S20:AL20,增益!$A:$A,增益!$N:$N,0))} -> 0.02 | BK20: =$D$14*(1+$AX20) -> 618.2 | BL20: =$E$14*(1+$AX20) -> 1805 | BM20: {=IF($F$14-$I$4+VLOOKUP($R20,武学奇术!$A:$ZZ,15,FALSE)+SUM(_xlfn.XLOOKUP(S20:AL20,增益!$A:$A,增益!$O:$O,0))>0,($F$14-$I$4+VLOOKUP($R20,武学奇术!$A:$ZZ,15,FALSE)+SUM(_xlfn.XLOOKUP(S20:AL20,增益!$A:$A,增益!$O:$O,0)))/200,($F$14-$I$4+VLOOKUP($R20,武学奇术!$A:$ZZ,15,FALSE)+SUM(_xlfn.XLOOKUP(S20:AL20,增益!$A:$A,增益!$O:$O,0)))/100)} -> 0.13 | BN20: {=$G$14+VLOOKUP($R20,武学奇术!$A:$ZZ,16,FALSE)+SUM(_xlfn.XLOOKUP(S20:AL20,增益!$A:$A,增益!$P:$P,0))} -> 0.23 | BO20: =MIN(IF(VLOOKUP($R20,武学奇术!$A:$ZZ,23,FALSE)=1,100%,$B$8),100%) -> 0.9943 | BP20: {=IF(VLOOKUP($R20,武学奇术!$A:$ZZ,23,FALSE)=1,100%,MIN(80%,$B$9+VLOOKUP($R20,武学奇术!$A:$ZZ,17,FALSE)+SUM(_xlfn.XLOOKUP(S20:AL20,增益!$A:$A,增益!$Q:$Q,0)))+$B$11+SUM(_xlfn.XLOOKUP(S20:AL20,增益!$A:$A,增益!$U:$U,0)))*IF(VLOOKUP($R20,武学奇术!$A:$ZZ,24,FALSE)=1,0,1)} -> 0.887 | BQ20: {=1+$B$13+VLOOKUP($R20,武学奇术!$A:$ZZ,18,FALSE)+SUM(_xlfn.XLOOKUP(S20:AL20,增益!$A:$A,增益!$R:$R,0))} -> 2.324 | BR20: {=IF(VLOOKUP($R20,武学奇术!$A:$ZZ,24,FALSE)=1,100%,MIN(40%,$B$10+VLOOKUP($R20,武学奇术!$A:$ZZ,19,FALSE)+SUM(_xlfn.XLOOKUP(S20:AL20,增益!$A:$A,增益!$S:$S,0)))+$B$12+SUM(_xlfn.XLOOKUP(S20:AL20,增益!$A:$A,增益!$V:$V,0)))*IF(VLOOKUP($R20,武学奇术!$A:$ZZ,23,FALSE)=1,0,1)} -> 0.0913 | BS20: {=1+$B$14+VLOOKUP($R20,武学奇术!$A:$ZZ,20,FALSE)+SUM(_xlfn.XLOOKUP(S20:AL20,增益!$A:$A,增益!$T:$T,0))} -> 1.35 | BT20: =MIN((1-BR20)*BO20,BO20*BP20) -> 0.8819441 | BU20: =1-BR20-BT20-BV20 -> 0.02157631 | BV20: =IF(VLOOKUP($R20,武学奇术!$A:$ZZ,22,FALSE)=1,0,(1-$BO20))*(1-$BR20) -> 0.00517959 | BW20: {=SUM(_xlfn.XLOOKUP(S20:AL20,增益!$A:$A,增益!$W:$W,0))+$I$5} -> 0.11 | BX20: =VLOOKUP($R20,武学奇术!$A:$ZZ,32,FALSE) -> 0.1 | BY20: {=SUM(_xlfn.XLOOKUP($S20:$AL20,增益!$A:$A,增益!$X:$X,0))} -> 0
A21: 轻击定音 | B21: 0 | C21: 翊 | D21: × | E21: 第四心法 | K21: =$L21*VLOOKUP($R21,武学奇术!$A:$ZZ,31,FALSE) -> 94511.553 | L21: =($M21*$BT21+$N21*$BR21+$O21*$BU21+$P21*$BV21) -> 84385.315 | M21: =((($AT21+$AU21)/2*$AN21+$AO21)*(1+$AV21)*(1+$AW21)+(($AY21+$AZ21)/2*IF($G$1="鸣金",$AP21,$AN21)+IF($G$1="鸣金",$AQ21*1.5,0))*(1+$BA21)*(1+$BB21)+(($BC21+$BD21)/2*IF($G$1="裂石",$AP21,$AN21)+IF($G$1="裂石",$AQ21*1.5,0))*(1+$BE21)*(1+$BF21)+(($BG21+$BH21)/2*IF($G$1="牵丝",$AP21,$AN21)+IF($G$1="牵丝",$AQ21*1.5,0))*(1+$BI21)*(1+$BJ21)+(($BK21+$BL21)/2*IF($G$1="破竹",$AP21,$AN21)+IF($G$1="破竹",$AQ21*1.5,0))*(1+$BM21)*(1+$BN21))*(1+$AR21)*$BQ21*$Q21*(1+IF(VLOOKUP($R21,武学奇术!$A:$ZZ,30,FALSE)="轻击",$B$21,0))*(1+IF(VLOOKUP($R21,武学奇术!$A:$ZZ,30,FALSE)="老鼠",$B$22,0))*(1+$BW21)*(1+$BX21) -> 88578.701 | N21: =((($AU21*$AN21+$AO21)*(1+$AV21)*(1+$AW21)+($AZ21*IF($G$1="鸣金",$AP21,$AN21)+IF($G$1="鸣金",$AQ21*1.5,0))*(1+$BA21)*(1+$BB21)+($BD21*IF($G$1="裂石",$AP21,$AN21)+IF($G$1="裂石",$AQ21*1.5,0))*(1+$BE21)*(1+$BF21)+($BH21*IF($G$1="牵丝",$AP21,$AN21)+IF($G$1="牵丝",$AQ21*1.5,0))*(1+$BI21)*(1+$BJ21)+($BL21*IF($G$1="破竹",$AP21,$AN21)+IF($G$1="破竹",$AQ21*1.5,0))*(1+$BM21)*(1+$BN21))*(1+$AR21)*$BS21*$Q21*(1+IF(VLOOKUP($R21,武学奇术!$A:$ZZ,30,FALSE)="轻击",$B$21,0))*(1+IF(VLOOKUP($R21,武学奇术!$A:$ZZ,30,FALSE)="老鼠",$B$22,0))*(1+$BW21))*(1+$BX21) -> 57700.09 | O21: =((($AT21+$AU21)/2*$AN21+$AO21)*(1+$AV21)*(1+$AW21)+(($AY21+$AZ21)/2*IF($G$1="鸣金",$AP21,$AN21)+IF($G$1="鸣金",$AQ21*1.5,0))*(1+$BA21)*(1+$BB21)+(($BC21+$BD21)/2*IF($G$1="裂石",$AP21,$AN21)+IF($G$1="裂石",$AQ21*1.5,0))*(1+$BE21)*(1+$BF21)+(($BG21+$BH21)/2*IF($G$1="牵丝",$AP21,$AN21)+IF($G$1="牵丝",$AQ21*1.5,0))*(1+$BI21)*(1+$BJ21)+(($BK21+$BL21)/2*IF($G$1="破竹",$AP21,$AN21)+IF($G$1="破竹",$AQ21*1.5,0))*(1+$BM21)*(1+$BN21))*(1+$AR21)*$Q21*(1+IF(VLOOKUP($R21,武学奇术!$A:$ZZ,30,FALSE)="轻击",$B$21,0))*(1+IF(VLOOKUP($R21,武学奇术!$A:$ZZ,30,FALSE)="老鼠",$B$22,0))*(1+$BW21)*(1+$BX21) -> 38114.76 | P21: =((($AT21*$AN21+$AO21)*(1+$AV21)*(1+$AW21)+($AY21*IF($G$1="鸣金",$AP21,$AN21)+IF($G$1="鸣金",$AQ21*1.5,0))*(1+$BA21)*(1+$BB21)+($BC21*IF($G$1="裂石",$AP21,$AN21)+IF($G$1="裂石",$AQ21*1.5,0))*(1+$BE21)*(1+$BF21)+($BG21*IF($G$1="牵丝",$AP21,$AN21)+IF($G$1="牵丝",$AQ21*1.5,0))*(1+$BI21)*(1+$BJ21)+($BK21*IF($G$1="破竹",$AP21,$AN21)+IF($G$1="破竹",$AQ21*1.5,0))*(1+$BM21)*(1+$BN21))*(1+$AR21))*$Q21*(1+IF(VLOOKUP($R21,武学奇术!$A:$ZZ,30,FALSE)="轻击",$B$21,0))*(1+IF(VLOOKUP($R21,武学奇术!$A:$ZZ,30,FALSE)="老鼠",$B$22,0))*(1+$BW21)*(1+$BX21) -> 33488.712 | Q21: 1 | R21: 红4 | S21: 易水歌4层 | T21: 沧海帖3层 | U21: 恶身 | V21: 苦果 | W21: 轮回 | X21: N/a | Y21: 燕归额外 | Z21: 嗔焰 | AA21: 惧刃(拐) | AB21: N/a | AC21: N/a | AD21: 迷踪 | AE21: 断石 | AF21: N/a | AG21: 无惧 | AH21: 离猎(拐) | AI21: N/a | AJ21: N/a | AK21: N/a | AL21: N/a | AM21: =VLOOKUP($R21,武学奇术!$A:$ZZ,25,FALSE) -> 双刀 | AN21: =VLOOKUP($R21,武学奇术!$A:$ZZ,26,FALSE) -> 1.7358 | AO21: =VLOOKUP($R21,武学奇术!$A:$ZZ,27,FALSE)*(1+IF(OR($AM21=$F$4,$AM21=$F$5),$B$23,0)) -> 769.6 | AP21: =VLOOKUP($R21,武学奇术!$A:$ZZ,28,FALSE) -> 2.6037 | AQ21: =VLOOKUP($R21,武学奇术!$A:$ZZ,29,FALSE)*(1+IF(OR($AM21=$F$4,$AM21=$F$5),$B$23,0)) -> 419.2 | AR21: {=$G$3+IFERROR(VLOOKUP($AM21,$F$4:$G$7,2,FALSE),0)+VLOOKUP($R21,武学奇术!$A:$ZZ,2,FALSE)+SUM(_xlfn.XLOOKUP($S21:$AL21,增益!$A:$A,增益!$B:$B,0))} -> 0.7643 | AS21: {=VLOOKUP($R21,武学奇术!$A:$ZZ,5,FALSE)+SUM(_xlfn.XLOOKUP($S21:$AL21,增益!$A:$A,增益!$E:$E,0))} -> 0 | AT21: {=$D$10*(1+$AS21)+VLOOKUP($R21,武学奇术!$A:$ZZ,3,FALSE)+SUM(_xlfn.XLOOKUP($S21:$AL21,增益!$A:$A,增益!$C:$C,0))-$I$2} -> 4150.4 | AU21: {=$E$10*(1+$AS21)+VLOOKUP($R21,武学奇术!$A:$ZZ,4,FALSE)+SUM(_xlfn.XLOOKUP($S21:$AL21,增益!$A:$A,增益!$D:$D,0))-$I$2} -> 4150.4 | AV21: {=IF($F$10-$I$3+VLOOKUP($R21,武学奇术!$A:$ZZ,6,FALSE)+SUM(_xlfn.XLOOKUP(S21:AL21,增益!$A:$A,增益!$F:$F,0))>0,($F$10-$I$3+VLOOKUP($R21,武学奇术!$A:$ZZ,6,FALSE)+SUM(_xlfn.XLOOKUP(S21:AL21,增益!$A:$A,增益!$F:$F,0)))/200,($F$10-$I$3+VLOOKUP($R21,武学奇术!$A:$ZZ,6,FALSE)+SUM(_xlfn.XLOOKUP(S21:AL21,增益!$A:$A,增益!$F:$F,0)))/100)} -> 0.4439 | AW21: {=$G$10+VLOOKUP($R21,武学奇术!$A:$ZZ,7,FALSE)+SUM(_xlfn.XLOOKUP(S21:AL21,增益!$A:$A,增益!$G:$G,0))} -> 0.08 | AX21: {=VLOOKUP($R21,武学奇术!$A:$ZZ,8,FALSE)+SUM(_xlfn.XLOOKUP(S21:AL21,增益!$A:$A,增益!$H:$H,0))} -> 0 | AY21: =$D$11*(1+$AX21) -> 0 | AZ21: =$E$11*(1+$AX21) -> 0 | BA21: {=IF($F$11-$I$4+VLOOKUP($R21,武学奇术!$A:$ZZ,9,FALSE)+SUM(_xlfn.XLOOKUP(S21:AL21,增益!$A:$A,增益!$I:$I,0))>0,($F$11-$I$4+VLOOKUP($R21,武学奇术!$A:$ZZ,9,FALSE)+SUM(_xlfn.XLOOKUP(S21:AL21,增益!$A:$A,增益!$I:$I,0)))/200,($F$11-$I$4+VLOOKUP($R21,武学奇术!$A:$ZZ,9,FALSE)+SUM(_xlfn.XLOOKUP(S21:AL21,增益!$A:$A,增益!$I:$I,0)))/100)} -> -0.14 | BB21: {=$G$11+VLOOKUP($R21,武学奇术!$A:$ZZ,10,FALSE)+SUM(_xlfn.XLOOKUP(S21:AL21,增益!$A:$A,增益!$J:$J,0))} -> 0.02 | BC21: =$D$12*(1+$AX21) -> 0 | BD21: =$E$12*(1+$AX21) -> 0 | BE21: {=IF($F$12-$I$4+VLOOKUP($R21,武学奇术!$A:$ZZ,11,FALSE)+SUM(_xlfn.XLOOKUP(S21:AL21,增益!$A:$A,增益!$K:$K,0))>0,($F$12-$I$4+VLOOKUP($R21,武学奇术!$A:$ZZ,11,FALSE)+SUM(_xlfn.XLOOKUP(S21:AL21,增益!$A:$A,增益!$K:$K,0)))/200,($F$12-$I$4+VLOOKUP($R21,武学奇术!$A:$ZZ,11,FALSE)+SUM(_xlfn.XLOOKUP(S21:AL21,增益!$A:$A,增益!$K:$K,0)))/100)} -> -0.14 | BF21: {=$G$12+VLOOKUP($R21,武学奇术!$A:$ZZ,12,FALSE)+SUM(_xlfn.XLOOKUP(S21:AL21,增益!$A:$A,增益!$L:$L,0))} -> 0.02 | BG21: =$D$13*(1+$AX21) -> 0 | BH21: =$E$13*(1+$AX21) -> 0 | BI21: {=IF($F$13-$I$4+VLOOKUP($R21,武学奇术!$A:$ZZ,13,FALSE)+SUM(_xlfn.XLOOKUP(S21:AL21,增益!$A:$A,增益!$M:$M,0))>0,($F$13-$I$4+VLOOKUP($R21,武学奇术!$A:$ZZ,13,FALSE)+SUM(_xlfn.XLOOKUP(S21:AL21,增益!$A:$A,增益!$K:$K,0)))/200,($F$13-$I$4+VLOOKUP($R21,武学奇术!$A:$ZZ,13,FALSE)+SUM(_xlfn.XLOOKUP(S21:AL21,增益!$A:$A,增益!$M:$M,0)))/100)} -> -0.14 | BJ21: {=$G$13+VLOOKUP($R21,武学奇术!$A:$ZZ,14,FALSE)+SUM(_xlfn.XLOOKUP(S21:AL21,增益!$A:$A,增益!$N:$N,0))} -> 0.02 | BK21: =$D$14*(1+$AX21) -> 618.2 | BL21: =$E$14*(1+$AX21) -> 1805 | BM21: {=IF($F$14-$I$4+VLOOKUP($R21,武学奇术!$A:$ZZ,15,FALSE)+SUM(_xlfn.XLOOKUP(S21:AL21,增益!$A:$A,增益!$O:$O,0))>0,($F$14-$I$4+VLOOKUP($R21,武学奇术!$A:$ZZ,15,FALSE)+SUM(_xlfn.XLOOKUP(S21:AL21,增益!$A:$A,增益!$O:$O,0)))/200,($F$14-$I$4+VLOOKUP($R21,武学奇术!$A:$ZZ,15,FALSE)+SUM(_xlfn.XLOOKUP(S21:AL21,增益!$A:$A,增益!$O:$O,0)))/100)} -> 0.13 | BN21: {=$G$14+VLOOKUP($R21,武学奇术!$A:$ZZ,16,FALSE)+SUM(_xlfn.XLOOKUP(S21:AL21,增益!$A:$A,增益!$P:$P,0))} -> 0.23 | BO21: =MIN(IF(VLOOKUP($R21,武学奇术!$A:$ZZ,23,FALSE)=1,100%,$B$8),100%) -> 0.9943 | BP21: {=IF(VLOOKUP($R21,武学奇术!$A:$ZZ,23,FALSE)=1,100%,MIN(80%,$B$9+VLOOKUP($R21,武学奇术!$A:$ZZ,17,FALSE)+SUM(_xlfn.XLOOKUP(S21:AL21,增益!$A:$A,增益!$Q:$Q,0)))+$B$11+SUM(_xlfn.XLOOKUP(S21:AL21,增益!$A:$A,增益!$U:$U,0)))*IF(VLOOKUP($R21,武学奇术!$A:$ZZ,24,FALSE)=1,0,1)} -> 0.887 | BQ21: {=1+$B$13+VLOOKUP($R21,武学奇术!$A:$ZZ,18,FALSE)+SUM(_xlfn.XLOOKUP(S21:AL21,增益!$A:$A,增益!$R:$R,0))} -> 2.324 | BR21: {=IF(VLOOKUP($R21,武学奇术!$A:$ZZ,24,FALSE)=1,100%,MIN(40%,$B$10+VLOOKUP($R21,武学奇术!$A:$ZZ,19,FALSE)+SUM(_xlfn.XLOOKUP(S21:AL21,增益!$A:$A,增益!$S:$S,0)))+$B$12+SUM(_xlfn.XLOOKUP(S21:AL21,增益!$A:$A,增益!$V:$V,0)))*IF(VLOOKUP($R21,武学奇术!$A:$ZZ,23,FALSE)=1,0,1)} -> 0.0913 | BS21: {=1+$B$14+VLOOKUP($R21,武学奇术!$A:$ZZ,20,FALSE)+SUM(_xlfn.XLOOKUP(S21:AL21,增益!$A:$A,增益!$T:$T,0))} -> 1.35 | BT21: =MIN((1-BR21)*BO21,BO21*BP21) -> 0.8819441 | BU21: =1-BR21-BT21-BV21 -> 0.02157631 | BV21: =IF(VLOOKUP($R21,武学奇术!$A:$ZZ,22,FALSE)=1,0,(1-$BO21))*(1-$BR21) -> 0.00517959 | BW21: {=SUM(_xlfn.XLOOKUP(S21:AL21,增益!$A:$A,增益!$W:$W,0))+$I$5} -> 0.11 | BX21: =VLOOKUP($R21,武学奇术!$A:$ZZ,32,FALSE) -> 0.1 | BY21: {=SUM(_xlfn.XLOOKUP($S21:$AL21,增益!$A:$A,增益!$X:$X,0))} -> 0
A22: 老鼠定音 | B22: 0.3206 | C22: 樽 | D22: √ | E22: 易水歌 | K22: =$L22*VLOOKUP($R22,武学奇术!$A:$ZZ,31,FALSE) -> 133467.53 | L22: =($M22*$BT22+$N22*$BR22+$O22*$BU22+$P22*$BV22) -> 130850.52 | M22: =((($AT22+$AU22)/2*$AN22+$AO22)*(1+$AV22)*(1+$AW22)+(($AY22+$AZ22)/2*IF($G$1="鸣金",$AP22,$AN22)+IF($G$1="鸣金",$AQ22*1.5,0))*(1+$BA22)*(1+$BB22)+(($BC22+$BD22)/2*IF($G$1="裂石",$AP22,$AN22)+IF($G$1="裂石",$AQ22*1.5,0))*(1+$BE22)*(1+$BF22)+(($BG22+$BH22)/2*IF($G$1="牵丝",$AP22,$AN22)+IF($G$1="牵丝",$AQ22*1.5,0))*(1+$BI22)*(1+$BJ22)+(($BK22+$BL22)/2*IF($G$1="破竹",$AP22,$AN22)+IF($G$1="破竹",$AQ22*1.5,0))*(1+$BM22)*(1+$BN22))*(1+$AR22)*$BQ22*$Q22*(1+IF(VLOOKUP($R22,武学奇术!$A:$ZZ,30,FALSE)="轻击",$B$21,0))*(1+IF(VLOOKUP($R22,武学奇术!$A:$ZZ,30,FALSE)="老鼠",$B$22,0))*(1+$BW22)*(1+$BX22) -> 137249.4 | N22: =((($AU22*$AN22+$AO22)*(1+$AV22)*(1+$AW22)+($AZ22*IF($G$1="鸣金",$AP22,$AN22)+IF($G$1="鸣金",$AQ22*1.5,0))*(1+$BA22)*(1+$BB22)+($BD22*IF($G$1="裂石",$AP22,$AN22)+IF($G$1="裂石",$AQ22*1.5,0))*(1+$BE22)*(1+$BF22)+($BH22*IF($G$1="牵丝",$AP22,$AN22)+IF($G$1="牵丝",$AQ22*1.5,0))*(1+$BI22)*(1+$BJ22)+($BL22*IF($G$1="破竹",$AP22,$AN22)+IF($G$1="破竹",$AQ22*1.5,0))*(1+$BM22)*(1+$BN22))*(1+$AR22)*$BS22*$Q22*(1+IF(VLOOKUP($R22,武学奇术!$A:$ZZ,30,FALSE)="轻击",$B$21,0))*(1+IF(VLOOKUP($R22,武学奇术!$A:$ZZ,30,FALSE)="老鼠",$B$22,0))*(1+$BW22))*(1+$BX22) -> 90531.723 | O22: =((($AT22+$AU22)/2*$AN22+$AO22)*(1+$AV22)*(1+$AW22)+(($AY22+$AZ22)/2*IF($G$1="鸣金",$AP22,$AN22)+IF($G$1="鸣金",$AQ22*1.5,0))*(1+$BA22)*(1+$BB22)+(($BC22+$BD22)/2*IF($G$1="裂石",$AP22,$AN22)+IF($G$1="裂石",$AQ22*1.5,0))*(1+$BE22)*(1+$BF22)+(($BG22+$BH22)/2*IF($G$1="牵丝",$AP22,$AN22)+IF($G$1="牵丝",$AQ22*1.5,0))*(1+$BI22)*(1+$BJ22)+(($BK22+$BL22)/2*IF($G$1="破竹",$AP22,$AN22)+IF($G$1="破竹",$AQ22*1.5,0))*(1+$BM22)*(1+$BN22))*(1+$AR22)*$Q22*(1+IF(VLOOKUP($R22,武学奇术!$A:$ZZ,30,FALSE)="轻击",$B$21,0))*(1+IF(VLOOKUP($R22,武学奇术!$A:$ZZ,30,FALSE)="老鼠",$B$22,0))*(1+$BW22)*(1+$BX22) -> 59057.4 | P22: =((($AT22*$AN22+$AO22)*(1+$AV22)*(1+$AW22)+($AY22*IF($G$1="鸣金",$AP22,$AN22)+IF($G$1="鸣金",$AQ22*1.5,0))*(1+$BA22)*(1+$BB22)+($BC22*IF($G$1="裂石",$AP22,$AN22)+IF($G$1="裂石",$AQ22*1.5,0))*(1+$BE22)*(1+$BF22)+($BG22*IF($G$1="牵丝",$AP22,$AN22)+IF($G$1="牵丝",$AQ22*1.5,0))*(1+$BI22)*(1+$BJ22)+($BK22*IF($G$1="破竹",$AP22,$AN22)+IF($G$1="破竹",$AQ22*1.5,0))*(1+$BM22)*(1+$BN22))*(1+$AR22))*$Q22*(1+IF(VLOOKUP($R22,武学奇术!$A:$ZZ,30,FALSE)="轻击",$B$21,0))*(1+IF(VLOOKUP($R22,武学奇术!$A:$ZZ,30,FALSE)="老鼠",$B$22,0))*(1+$BW22)*(1+$BX22) -> 51054.264 | Q22: 4 | R22: 老鼠 | S22: 易水歌4层 | T22: 沧海帖3层 | U22: 恶身 | V22: 苦果 | W22: 轮回 | X22: N/a | Y22: 燕归额外 | Z22: 嗔焰 | AA22: 惧刃(拐) | AB22: N/a | AC22: N/a | AD22: 迷踪 | AE22: 断石 | AF22: N/a | AG22: 无惧 | AH22: 离猎(拐) | AI22: N/a | AJ22: N/a | AK22: N/a | AL22: N/a | AM22: =VLOOKUP($R22,武学奇术!$A:$ZZ,25,FALSE) -> 绳镖 | AN22: =VLOOKUP($R22,武学奇术!$A:$ZZ,26,FALSE) -> 0.3675 | AO22: =VLOOKUP($R22,武学奇术!$A:$ZZ,27,FALSE)*(1+IF(OR($AM22=$F$4,$AM22=$F$5),$B$23,0)) -> 0 | AP22: =VLOOKUP($R22,武学奇术!$A:$ZZ,28,FALSE) -> 0.55125 | AQ22: =VLOOKUP($R22,武学奇术!$A:$ZZ,29,FALSE)*(1+IF(OR($AM22=$F$4,$AM22=$F$5),$B$23,0)) -> 0 | AR22: {=$G$3+IFERROR(VLOOKUP($AM22,$F$4:$G$7,2,FALSE),0)+VLOOKUP($R22,武学奇术!$A:$ZZ,2,FALSE)+SUM(_xlfn.XLOOKUP($S22:$AL22,增益!$A:$A,增益!$B:$B,0))} -> 1.5643 | AS22: {=VLOOKUP($R22,武学奇术!$A:$ZZ,5,FALSE)+SUM(_xlfn.XLOOKUP($S22:$AL22,增益!$A:$A,增益!$E:$E,0))} -> 0 | AT22: {=$D$10*(1+$AS22)+VLOOKUP($R22,武学奇术!$A:$ZZ,3,FALSE)+SUM(_xlfn.XLOOKUP($S22:$AL22,增益!$A:$A,增益!$C:$C,0))-$I$2} -> 4150.4 | AU22: {=$E$10*(1+$AS22)+VLOOKUP($R22,武学奇术!$A:$ZZ,4,FALSE)+SUM(_xlfn.XLOOKUP($S22:$AL22,增益!$A:$A,增益!$D:$D,0))-$I$2} -> 4150.4 | AV22: {=IF($F$10-$I$3+VLOOKUP($R22,武学奇术!$A:$ZZ,6,FALSE)+SUM(_xlfn.XLOOKUP(S22:AL22,增益!$A:$A,增益!$F:$F,0))>0,($F$10-$I$3+VLOOKUP($R22,武学奇术!$A:$ZZ,6,FALSE)+SUM(_xlfn.XLOOKUP(S22:AL22,增益!$A:$A,增益!$F:$F,0)))/200,($F$10-$I$3+VLOOKUP($R22,武学奇术!$A:$ZZ,6,FALSE)+SUM(_xlfn.XLOOKUP(S22:AL22,增益!$A:$A,增益!$F:$F,0)))/100)} -> 0.4439 | AW22: {=$G$10+VLOOKUP($R22,武学奇术!$A:$ZZ,7,FALSE)+SUM(_xlfn.XLOOKUP(S22:AL22,增益!$A:$A,增益!$G:$G,0))} -> 0.29 | AX22: {=VLOOKUP($R22,武学奇术!$A:$ZZ,8,FALSE)+SUM(_xlfn.XLOOKUP(S22:AL22,增益!$A:$A,增益!$H:$H,0))} -> 0 | AY22: =$D$11*(1+$AX22) -> 0 | AZ22: =$E$11*(1+$AX22) -> 0 | BA22: {=IF($F$11-$I$4+VLOOKUP($R22,武学奇术!$A:$ZZ,9,FALSE)+SUM(_xlfn.XLOOKUP(S22:AL22,增益!$A:$A,增益!$I:$I,0))>0,($F$11-$I$4+VLOOKUP($R22,武学奇术!$A:$ZZ,9,FALSE)+SUM(_xlfn.XLOOKUP(S22:AL22,增益!$A:$A,增益!$I:$I,0)))/200,($F$11-$I$4+VLOOKUP($R22,武学奇术!$A:$ZZ,9,FALSE)+SUM(_xlfn.XLOOKUP(S22:AL22,增益!$A:$A,增益!$I:$I,0)))/100)} -> -0.14 | BB22: {=$G$11+VLOOKUP($R22,武学奇术!$A:$ZZ,10,FALSE)+SUM(_xlfn.XLOOKUP(S22:AL22,增益!$A:$A,增益!$J:$J,0))} -> 0.02 | BC22: =$D$12*(1+$AX22) -> 0 | BD22: =$E$12*(1+$AX22) -> 0 | BE22: {=IF($F$12-$I$4+VLOOKUP($R22,武学奇术!$A:$ZZ,11,FALSE)+SUM(_xlfn.XLOOKUP(S22:AL22,增益!$A:$A,增益!$K:$K,0))>0,($F$12-$I$4+VLOOKUP($R22,武学奇术!$A:$ZZ,11,FALSE)+SUM(_xlfn.XLOOKUP(S22:AL22,增益!$A:$A,增益!$K:$K,0)))/200,($F$12-$I$4+VLOOKUP($R22,武学奇术!$A:$ZZ,11,FALSE)+SUM(_xlfn.XLOOKUP(S22:AL22,增益!$A:$A,增益!$K:$K,0)))/100)} -> -0.14 | BF22: {=$G$12+VLOOKUP($R22,武学奇术!$A:$ZZ,12,FALSE)+SUM(_xlfn.XLOOKUP(S22:AL22,增益!$A:$A,增益!$L:$L,0))} -> 0.02 | BG22: =$D$13*(1+$AX22) -> 0 | BH22: =$E$13*(1+$AX22) -> 0 | BI22: {=IF($F$13-$I$4+VLOOKUP($R22,武学奇术!$A:$ZZ,13,FALSE)+SUM(_xlfn.XLOOKUP(S22:AL22,增益!$A:$A,增益!$M:$M,0))>0,($F$13-$I$4+VLOOKUP($R22,武学奇术!$A:$ZZ,13,FALSE)+SUM(_xlfn.XLOOKUP(S22:AL22,增益!$A:$A,增益!$K:$K,0)))/200,($F$13-$I$4+VLOOKUP($R22,武学奇术!$A:$ZZ,13,FALSE)+SUM(_xlfn.XLOOKUP(S22:AL22,增益!$A:$A,增益!$M:$M,0)))/100)} -> -0.14 | BJ22: {=$G$13+VLOOKUP($R22,武学奇术!$A:$ZZ,14,FALSE)+SUM(_xlfn.XLOOKUP(S22:AL22,增益!$A:$A,增益!$N:$N,0))} -> 0.02 | BK22: =$D$14*(1+$AX22) -> 618.2 | BL22: =$E$14*(1+$AX22) -> 1805 | BM22: {=IF($F$14-$I$4+VLOOKUP($R22,武学奇术!$A:$ZZ,15,FALSE)+SUM(_xlfn.XLOOKUP(S22:AL22,增益!$A:$A,增益!$O:$O,0))>0,($F$14-$I$4+VLOOKUP($R22,武学奇术!$A:$ZZ,15,FALSE)+SUM(_xlfn.XLOOKUP(S22:AL22,增益!$A:$A,增益!$O:$O,0)))/200,($F$14-$I$4+VLOOKUP($R22,武学奇术!$A:$ZZ,15,FALSE)+SUM(_xlfn.XLOOKUP(S22:AL22,增益!$A:$A,增益!$O:$O,0)))/100)} -> 0.13 | BN22: {=$G$14+VLOOKUP($R22,武学奇术!$A:$ZZ,16,FALSE)+SUM(_xlfn.XLOOKUP(S22:AL22,增益!$A:$A,增益!$P:$P,0))} -> 0.44 | BO22: =MIN(IF(VLOOKUP($R22,武学奇术!$A:$ZZ,23,FALSE)=1,100%,$B$8),100%) -> 0.9943 | BP22: {=IF(VLOOKUP($R22,武学奇术!$A:$ZZ,23,FALSE)=1,100%,MIN(80%,$B$9+VLOOKUP($R22,武学奇术!$A:$ZZ,17,FALSE)+SUM(_xlfn.XLOOKUP(S22:AL22,增益!$A:$A,增益!$Q:$Q,0)))+$B$11+SUM(_xlfn.XLOOKUP(S22:AL22,增益!$A:$A,增益!$U:$U,0)))*IF(VLOOKUP($R22,武学奇术!$A:$ZZ,24,FALSE)=1,0,1)} -> 0.887 | BQ22: {=1+$B$13+VLOOKUP($R22,武学奇术!$A:$ZZ,18,FALSE)+SUM(_xlfn.XLOOKUP(S22:AL22,增益!$A:$A,增益!$R:$R,0))} -> 2.324 | BR22: {=IF(VLOOKUP($R22,武学奇术!$A:$ZZ,24,FALSE)=1,100%,MIN(40%,$B$10+VLOOKUP($R22,武学奇术!$A:$ZZ,19,FALSE)+SUM(_xlfn.XLOOKUP(S22:AL22,增益!$A:$A,增益!$S:$S,0)))+$B$12+SUM(_xlfn.XLOOKUP(S22:AL22,增益!$A:$A,增益!$V:$V,0)))*IF(VLOOKUP($R22,武学奇术!$A:$ZZ,23,FALSE)=1,0,1)} -> 0.0913 | BS22: {=1+$B$14+VLOOKUP($R22,武学奇术!$A:$ZZ,20,FALSE)+SUM(_xlfn.XLOOKUP(S22:AL22,增益!$A:$A,增益!$T:$T,0))} -> 1.35 | BT22: =MIN((1-BR22)*BO22,BO22*BP22) -> 0.8819441 | BU22: =1-BR22-BT22-BV22 -> 0.02157631 | BV22: =IF(VLOOKUP($R22,武学奇术!$A:$ZZ,22,FALSE)=1,0,(1-$BO22))*(1-$BR22) -> 0.00517959 | BW22: {=SUM(_xlfn.XLOOKUP(S22:AL22,增益!$A:$A,增益!$W:$W,0))+$I$5} -> 0.11 | BX22: =VLOOKUP($R22,武学奇术!$A:$ZZ,32,FALSE) -> 0 | BY22: {=SUM(_xlfn.XLOOKUP($S22:$AL22,增益!$A:$A,增益!$X:$X,0))} -> 0
A23: 固伤加成 | B23: 0.6 | K23: =$L23*VLOOKUP($R23,武学奇术!$A:$ZZ,31,FALSE) -> 139423.06 | L23: =($M23*$BT23+$N23*$BR23+$O23*$BU23+$P23*$BV23) -> 124484.87 | M23: =((($AT23+$AU23)/2*$AN23+$AO23)*(1+$AV23)*(1+$AW23)+(($AY23+$AZ23)/2*IF($G$1="鸣金",$AP23,$AN23)+IF($G$1="鸣金",$AQ23*1.5,0))*(1+$BA23)*(1+$BB23)+(($BC23+$BD23)/2*IF($G$1="裂石",$AP23,$AN23)+IF($G$1="裂石",$AQ23*1.5,0))*(1+$BE23)*(1+$BF23)+(($BG23+$BH23)/2*IF($G$1="牵丝",$AP23,$AN23)+IF($G$1="牵丝",$AQ23*1.5,0))*(1+$BI23)*(1+$BJ23)+(($BK23+$BL23)/2*IF($G$1="破竹",$AP23,$AN23)+IF($G$1="破竹",$AQ23*1.5,0))*(1+$BM23)*(1+$BN23))*(1+$AR23)*$BQ23*$Q23*(1+IF(VLOOKUP($R23,武学奇术!$A:$ZZ,30,FALSE)="轻击",$B$21,0))*(1+IF(VLOOKUP($R23,武学奇术!$A:$ZZ,30,FALSE)="老鼠",$B$22,0))*(1+$BW23)*(1+$BX23) -> 130674.98 | N23: =((($AU23*$AN23+$AO23)*(1+$AV23)*(1+$AW23)+($AZ23*IF($G$1="鸣金",$AP23,$AN23)+IF($G$1="鸣金",$AQ23*1.5,0))*(1+$BA23)*(1+$BB23)+($BD23*IF($G$1="裂石",$AP23,$AN23)+IF($G$1="裂石",$AQ23*1.5,0))*(1+$BE23)*(1+$BF23)+($BH23*IF($G$1="牵丝",$AP23,$AN23)+IF($G$1="牵丝",$AQ23*1.5,0))*(1+$BI23)*(1+$BJ23)+($BL23*IF($G$1="破竹",$AP23,$AN23)+IF($G$1="破竹",$AQ23*1.5,0))*(1+$BM23)*(1+$BN23))*(1+$AR23)*$BS23*$Q23*(1+IF(VLOOKUP($R23,武学奇术!$A:$ZZ,30,FALSE)="轻击",$B$21,0))*(1+IF(VLOOKUP($R23,武学奇术!$A:$ZZ,30,FALSE)="老鼠",$B$22,0))*(1+$BW23))*(1+$BX23) -> 85077.576 | O23: =((($AT23+$AU23)/2*$AN23+$AO23)*(1+$AV23)*(1+$AW23)+(($AY23+$AZ23)/2*IF($G$1="鸣金",$AP23,$AN23)+IF($G$1="鸣金",$AQ23*1.5,0))*(1+$BA23)*(1+$BB23)+(($BC23+$BD23)/2*IF($G$1="裂石",$AP23,$AN23)+IF($G$1="裂石",$AQ23*1.5,0))*(1+$BE23)*(1+$BF23)+(($BG23+$BH23)/2*IF($G$1="牵丝",$AP23,$AN23)+IF($G$1="牵丝",$AQ23*1.5,0))*(1+$BI23)*(1+$BJ23)+(($BK23+$BL23)/2*IF($G$1="破竹",$AP23,$AN23)+IF($G$1="破竹",$AQ23*1.5,0))*(1+$BM23)*(1+$BN23))*(1+$AR23)*$Q23*(1+IF(VLOOKUP($R23,武学奇术!$A:$ZZ,30,FALSE)="轻击",$B$21,0))*(1+IF(VLOOKUP($R23,武学奇术!$A:$ZZ,30,FALSE)="老鼠",$B$22,0))*(1+$BW23)*(1+$BX23) -> 56228.476 | P23: =((($AT23*$AN23+$AO23)*(1+$AV23)*(1+$AW23)+($AY23*IF($G$1="鸣金",$AP23,$AN23)+IF($G$1="鸣金",$AQ23*1.5,0))*(1+$BA23)*(1+$BB23)+($BC23*IF($G$1="裂石",$AP23,$AN23)+IF($G$1="裂石",$AQ23*1.5,0))*(1+$BE23)*(1+$BF23)+($BG23*IF($G$1="牵丝",$AP23,$AN23)+IF($G$1="牵丝",$AQ23*1.5,0))*(1+$BI23)*(1+$BJ23)+($BK23*IF($G$1="破竹",$AP23,$AN23)+IF($G$1="破竹",$AQ23*1.5,0))*(1+$BM23)*(1+$BN23))*(1+$AR23))*$Q23*(1+IF(VLOOKUP($R23,武学奇术!$A:$ZZ,30,FALSE)="轻击",$B$21,0))*(1+IF(VLOOKUP($R23,武学奇术!$A:$ZZ,30,FALSE)="老鼠",$B$22,0))*(1+$BW23)*(1+$BX23) -> 49436.525 | Q23: 1 | R23: 红5 | S23: 易水歌5层 | T23: 沧海帖3层 | U23: 恶身 | V23: 苦果 | W23: 轮回 | X23: N/a | Y23: 燕归额外 | Z23: 嗔焰 | AA23: 惧刃(拐) | AB23: N/a | AC23: N/a | AD23: 迷踪 | AE23: 断石 | AF23: N/a | AG23: 无惧 | AH23: 离猎(拐) | AI23: N/a | AJ23: N/a | AK23: N/a | AL23: N/a | AM23: =VLOOKUP($R23,武学奇术!$A:$ZZ,25,FALSE) -> 双刀 | AN23: =VLOOKUP($R23,武学奇术!$A:$ZZ,26,FALSE) -> 2.5342 | AO23: =VLOOKUP($R23,武学奇术!$A:$ZZ,27,FALSE)*(1+IF(OR($AM23=$F$4,$AM23=$F$5),$B$23,0)) -> 1123.2 | AP23: =VLOOKUP($R23,武学奇术!$A:$ZZ,28,FALSE) -> 3.8012 | AQ23: =VLOOKUP($R23,武学奇术!$A:$ZZ,29,FALSE)*(1+IF(OR($AM23=$F$4,$AM23=$F$5),$B$23,0)) -> 611.2 | AR23: {=$G$3+IFERROR(VLOOKUP($AM23,$F$4:$G$7,2,FALSE),0)+VLOOKUP($R23,武学奇术!$A:$ZZ,2,FALSE)+SUM(_xlfn.XLOOKUP($S23:$AL23,增益!$A:$A,增益!$B:$B,0))} -> 0.7743 | AS23: {=VLOOKUP($R23,武学奇术!$A:$ZZ,5,FALSE)+SUM(_xlfn.XLOOKUP($S23:$AL23,增益!$A:$A,增益!$E:$E,0))} -> 0 | AT23: {=$D$10*(1+$AS23)+VLOOKUP($R23,武学奇术!$A:$ZZ,3,FALSE)+SUM(_xlfn.XLOOKUP($S23:$AL23,增益!$A:$A,增益!$C:$C,0))-$I$2} -> 4150.4 | AU23: {=$E$10*(1+$AS23)+VLOOKUP($R23,武学奇术!$A:$ZZ,4,FALSE)+SUM(_xlfn.XLOOKUP($S23:$AL23,增益!$A:$A,增益!$D:$D,0))-$I$2} -> 4150.4 | AV23: {=IF($F$10-$I$3+VLOOKUP($R23,武学奇术!$A:$ZZ,6,FALSE)+SUM(_xlfn.XLOOKUP(S23:AL23,增益!$A:$A,增益!$F:$F,0))>0,($F$10-$I$3+VLOOKUP($R23,武学奇术!$A:$ZZ,6,FALSE)+SUM(_xlfn.XLOOKUP(S23:AL23,增益!$A:$A,增益!$F:$F,0)))/200,($F$10-$I$3+VLOOKUP($R23,武学奇术!$A:$ZZ,6,FALSE)+SUM(_xlfn.XLOOKUP(S23:AL23,增益!$A:$A,增益!$F:$F,0)))/100)} -> 0.4539 | AW23: {=$G$10+VLOOKUP($R23,武学奇术!$A:$ZZ,7,FALSE)+SUM(_xlfn.XLOOKUP(S23:AL23,增益!$A:$A,增益!$G:$G,0))} -> 0.08 | AX23: {=VLOOKUP($R23,武学奇术!$A:$ZZ,8,FALSE)+SUM(_xlfn.XLOOKUP(S23:AL23,增益!$A:$A,增益!$H:$H,0))} -> 0 | AY23: =$D$11*(1+$AX23) -> 0 | AZ23: =$E$11*(1+$AX23) -> 0 | BA23: {=IF($F$11-$I$4+VLOOKUP($R23,武学奇术!$A:$ZZ,9,FALSE)+SUM(_xlfn.XLOOKUP(S23:AL23,增益!$A:$A,增益!$I:$I,0))>0,($F$11-$I$4+VLOOKUP($R23,武学奇术!$A:$ZZ,9,FALSE)+SUM(_xlfn.XLOOKUP(S23:AL23,增益!$A:$A,增益!$I:$I,0)))/200,($F$11-$I$4+VLOOKUP($R23,武学奇术!$A:$ZZ,9,FALSE)+SUM(_xlfn.XLOOKUP(S23:AL23,增益!$A:$A,增益!$I:$I,0)))/100)} -> -0.14 | BB23: {=$G$11+VLOOKUP($R23,武学奇术!$A:$ZZ,10,FALSE)+SUM(_xlfn.XLOOKUP(S23:AL23,增益!$A:$A,增益!$J:$J,0))} -> 0.02 | BC23: =$D$12*(1+$AX23) -> 0 | BD23: =$E$12*(1+$AX23) -> 0 | BE23: {=IF($F$12-$I$4+VLOOKUP($R23,武学奇术!$A:$ZZ,11,FALSE)+SUM(_xlfn.XLOOKUP(S23:AL23,增益!$A:$A,增益!$K:$K,0))>0,($F$12-$I$4+VLOOKUP($R23,武学奇术!$A:$ZZ,11,FALSE)+SUM(_xlfn.XLOOKUP(S23:AL23,增益!$A:$A,增益!$K:$K,0)))/200,($F$12-$I$4+VLOOKUP($R23,武学奇术!$A:$ZZ,11,FALSE)+SUM(_xlfn.XLOOKUP(S23:AL23,增益!$A:$A,增益!$K:$K,0)))/100)} -> -0.14 | BF23: {=$G$12+VLOOKUP($R23,武学奇术!$A:$ZZ,12,FALSE)+SUM(_xlfn.XLOOKUP(S23:AL23,增益!$A:$A,增益!$L:$L,0))} -> 0.02 | BG23: =$D$13*(1+$AX23) -> 0 | BH23: =$E$13*(1+$AX23) -> 0 | BI23: {=IF($F$13-$I$4+VLOOKUP($R23,武学奇术!$A:$ZZ,13,FALSE)+SUM(_xlfn.XLOOKUP(S23:AL23,增益!$A:$A,增益!$M:$M,0))>0,($F$13-$I$4+VLOOKUP($R23,武学奇术!$A:$ZZ,13,FALSE)+SUM(_xlfn.XLOOKUP(S23:AL23,增益!$A:$A,增益!$K:$K,0)))/200,($F$13-$I$4+VLOOKUP($R23,武学奇术!$A:$ZZ,13,FALSE)+SUM(_xlfn.XLOOKUP(S23:AL23,增益!$A:$A,增益!$M:$M,0)))/100)} -> -0.14 | BJ23: {=$G$13+VLOOKUP($R23,武学奇术!$A:$ZZ,14,FALSE)+SUM(_xlfn.XLOOKUP(S23:AL23,增益!$A:$A,增益!$N:$N,0))} -> 0.02 | BK23: =$D$14*(1+$AX23) -> 618.2 | BL23: =$E$14*(1+$AX23) -> 1805 | BM23: {=IF($F$14-$I$4+VLOOKUP($R23,武学奇术!$A:$ZZ,15,FALSE)+SUM(_xlfn.XLOOKUP(S23:AL23,增益!$A:$A,增益!$O:$O,0))>0,($F$14-$I$4+VLOOKUP($R23,武学奇术!$A:$ZZ,15,FALSE)+SUM(_xlfn.XLOOKUP(S23:AL23,增益!$A:$A,增益!$O:$O,0)))/200,($F$14-$I$4+VLOOKUP($R23,武学奇术!$A:$ZZ,15,FALSE)+SUM(_xlfn.XLOOKUP(S23:AL23,增益!$A:$A,增益!$O:$O,0)))/100)} -> 0.13 | BN23: {=$G$14+VLOOKUP($R23,武学奇术!$A:$ZZ,16,FALSE)+SUM(_xlfn.XLOOKUP(S23:AL23,增益!$A:$A,增益!$P:$P,0))} -> 0.23 | BO23: =MIN(IF(VLOOKUP($R23,武学奇术!$A:$ZZ,23,FALSE)=1,100%,$B$8),100%) -> 0.9943 | BP23: {=IF(VLOOKUP($R23,武学奇术!$A:$ZZ,23,FALSE)=1,100%,MIN(80%,$B$9+VLOOKUP($R23,武学奇术!$A:$ZZ,17,FALSE)+SUM(_xlfn.XLOOKUP(S23:AL23,增益!$A:$A,增益!$Q:$Q,0)))+$B$11+SUM(_xlfn.XLOOKUP(S23:AL23,增益!$A:$A,增益!$U:$U,0)))*IF(VLOOKUP($R23,武学奇术!$A:$ZZ,24,FALSE)=1,0,1)} -> 0.887 | BQ23: {=1+$B$13+VLOOKUP($R23,武学奇术!$A:$ZZ,18,FALSE)+SUM(_xlfn.XLOOKUP(S23:AL23,增益!$A:$A,增益!$R:$R,0))} -> 2.324 | BR23: {=IF(VLOOKUP($R23,武学奇术!$A:$ZZ,24,FALSE)=1,100%,MIN(40%,$B$10+VLOOKUP($R23,武学奇术!$A:$ZZ,19,FALSE)+SUM(_xlfn.XLOOKUP(S23:AL23,增益!$A:$A,增益!$S:$S,0)))+$B$12+SUM(_xlfn.XLOOKUP(S23:AL23,增益!$A:$A,增益!$V:$V,0)))*IF(VLOOKUP($R23,武学奇术!$A:$ZZ,23,FALSE)=1,0,1)} -> 0.0913 | BS23: {=1+$B$14+VLOOKUP($R23,武学奇术!$A:$ZZ,20,FALSE)+SUM(_xlfn.XLOOKUP(S23:AL23,增益!$A:$A,增益!$T:$T,0))} -> 1.35 | BT23: =MIN((1-BR23)*BO23,BO23*BP23) -> 0.8819441 | BU23: =1-BR23-BT23-BV23 -> 0.02157631 | BV23: =IF(VLOOKUP($R23,武学奇术!$A:$ZZ,22,FALSE)=1,0,(1-$BO23))*(1-$BR23) -> 0.00517959 | BW23: {=SUM(_xlfn.XLOOKUP(S23:AL23,增益!$A:$A,增益!$W:$W,0))+$I$5} -> 0.11 | BX23: =VLOOKUP($R23,武学奇术!$A:$ZZ,32,FALSE) -> 0.1 | BY23: {=SUM(_xlfn.XLOOKUP($S23:$AL23,增益!$A:$A,增益!$X:$X,0))} -> 0
A24: 食物加成 | B24: 240 | K24: =$L24*VLOOKUP($R24,武学奇术!$A:$ZZ,31,FALSE) -> 53178.528 | L24: =($M24*$BT24+$N24*$BR24+$O24*$BU24+$P24*$BV24) -> 52135.812 | M24: =((($AT24+$AU24)/2*$AN24+$AO24)*(1+$AV24)*(1+$AW24)+(($AY24+$AZ24)/2*IF($G$1="鸣金",$AP24,$AN24)+IF($G$1="鸣金",$AQ24*1.5,0))*(1+$BA24)*(1+$BB24)+(($BC24+$BD24)/2*IF($G$1="裂石",$AP24,$AN24)+IF($G$1="裂石",$AQ24*1.5,0))*(1+$BE24)*(1+$BF24)+(($BG24+$BH24)/2*IF($G$1="牵丝",$AP24,$AN24)+IF($G$1="牵丝",$AQ24*1.5,0))*(1+$BI24)*(1+$BJ24)+(($BK24+$BL24)/2*IF($G$1="破竹",$AP24,$AN24)+IF($G$1="破竹",$AQ24*1.5,0))*(1+$BM24)*(1+$BN24))*(1+$AR24)*$BQ24*$Q24*(1+IF(VLOOKUP($R24,武学奇术!$A:$ZZ,30,FALSE)="轻击",$B$21,0))*(1+IF(VLOOKUP($R24,武学奇术!$A:$ZZ,30,FALSE)="老鼠",$B$22,0))*(1+$BW24)*(1+$BX24) -> 54734.102 | N24: =((($AU24*$AN24+$AO24)*(1+$AV24)*(1+$AW24)+($AZ24*IF($G$1="鸣金",$AP24,$AN24)+IF($G$1="鸣金",$AQ24*1.5,0))*(1+$BA24)*(1+$BB24)+($BD24*IF($G$1="裂石",$AP24,$AN24)+IF($G$1="裂石",$AQ24*1.5,0))*(1+$BE24)*(1+$BF24)+($BH24*IF($G$1="牵丝",$AP24,$AN24)+IF($G$1="牵丝",$AQ24*1.5,0))*(1+$BI24)*(1+$BJ24)+($BL24*IF($G$1="破竹",$AP24,$AN24)+IF($G$1="破竹",$AQ24*1.5,0))*(1+$BM24)*(1+$BN24))*(1+$AR24)*$BS24*$Q24*(1+IF(VLOOKUP($R24,武学奇术!$A:$ZZ,30,FALSE)="轻击",$B$21,0))*(1+IF(VLOOKUP($R24,武学奇术!$A:$ZZ,30,FALSE)="老鼠",$B$22,0))*(1+$BW24))*(1+$BX24) -> 35572.181 | O24: =((($AT24+$AU24)/2*$AN24+$AO24)*(1+$AV24)*(1+$AW24)+(($AY24+$AZ24)/2*IF($G$1="鸣金",$AP24,$AN24)+IF($G$1="鸣金",$AQ24*1.5,0))*(1+$BA24)*(1+$BB24)+(($BC24+$BD24)/2*IF($G$1="裂石",$AP24,$AN24)+IF($G$1="裂石",$AQ24*1.5,0))*(1+$BE24)*(1+$BF24)+(($BG24+$BH24)/2*IF($G$1="牵丝",$AP24,$AN24)+IF($G$1="牵丝",$AQ24*1.5,0))*(1+$BI24)*(1+$BJ24)+(($BK24+$BL24)/2*IF($G$1="破竹",$AP24,$AN24)+IF($G$1="破竹",$AQ24*1.5,0))*(1+$BM24)*(1+$BN24))*(1+$AR24)*$Q24*(1+IF(VLOOKUP($R24,武学奇术!$A:$ZZ,30,FALSE)="轻击",$B$21,0))*(1+IF(VLOOKUP($R24,武学奇术!$A:$ZZ,30,FALSE)="老鼠",$B$22,0))*(1+$BW24)*(1+$BX24) -> 23551.679 | P24: =((($AT24*$AN24+$AO24)*(1+$AV24)*(1+$AW24)+($AY24*IF($G$1="鸣金",$AP24,$AN24)+IF($G$1="鸣金",$AQ24*1.5,0))*(1+$BA24)*(1+$BB24)+($BC24*IF($G$1="裂石",$AP24,$AN24)+IF($G$1="裂石",$AQ24*1.5,0))*(1+$BE24)*(1+$BF24)+($BG24*IF($G$1="牵丝",$AP24,$AN24)+IF($G$1="牵丝",$AQ24*1.5,0))*(1+$BI24)*(1+$BJ24)+($BK24*IF($G$1="破竹",$AP24,$AN24)+IF($G$1="破竹",$AQ24*1.5,0))*(1+$BM24)*(1+$BN24))*(1+$AR24))*$Q24*(1+IF(VLOOKUP($R24,武学奇术!$A:$ZZ,30,FALSE)="轻击",$B$21,0))*(1+IF(VLOOKUP($R24,武学奇术!$A:$ZZ,30,FALSE)="老鼠",$B$22,0))*(1+$BW24)*(1+$BX24) -> 20753.594 | Q24: 1 | R24: 双刀Q | S24: 易水歌5层 | T24: 沧海帖3层 | U24: N/a | V24: N/a | W24: 轮回 | X24: N/a | Y24: N/a | Z24: 嗔焰 | AA24: 惧刃(拐) | AB24: N/a | AC24: N/a | AD24: 迷踪 | AE24: 断石 | AF24: N/a | AG24: 无惧 | AH24: 离猎(拐) | AI24: N/a | AJ24: N/a | AK24: N/a | AL24: N/a | AM24: =VLOOKUP($R24,武学奇术!$A:$ZZ,25,FALSE) -> 双刀 | AN24: =VLOOKUP($R24,武学奇术!$A:$ZZ,26,FALSE) -> 1.3548 | AO24: =VLOOKUP($R24,武学奇术!$A:$ZZ,27,FALSE)*(1+IF(OR($AM24=$F$4,$AM24=$F$5),$B$23,0)) -> 601.6 | AP24: =VLOOKUP($R24,武学奇术!$A:$ZZ,28,FALSE) -> 2.0322 | AQ24: =VLOOKUP($R24,武学奇术!$A:$ZZ,29,FALSE)*(1+IF(OR($AM24=$F$4,$AM24=$F$5),$B$23,0)) -> 328 | AR24: {=$G$3+IFERROR(VLOOKUP($AM24,$F$4:$G$7,2,FALSE),0)+VLOOKUP($R24,武学奇术!$A:$ZZ,2,FALSE)+SUM(_xlfn.XLOOKUP($S24:$AL24,增益!$A:$A,增益!$B:$B,0))} -> 0.6543 | AS24: {=VLOOKUP($R24,武学奇术!$A:$ZZ,5,FALSE)+SUM(_xlfn.XLOOKUP($S24:$AL24,增益!$A:$A,增益!$E:$E,0))} -> 0 | AT24: {=$D$10*(1+$AS24)+VLOOKUP($R24,武学奇术!$A:$ZZ,3,FALSE)+SUM(_xlfn.XLOOKUP($S24:$AL24,增益!$A:$A,增益!$C:$C,0))-$I$2} -> 4081.7 | AU24: {=$E$10*(1+$AS24)+VLOOKUP($R24,武学奇术!$A:$ZZ,4,FALSE)+SUM(_xlfn.XLOOKUP($S24:$AL24,增益!$A:$A,增益!$D:$D,0))-$I$2} -> 4081.7 | AV24: {=IF($F$10-$I$3+VLOOKUP($R24,武学奇术!$A:$ZZ,6,FALSE)+SUM(_xlfn.XLOOKUP(S24:AL24,增益!$A:$A,增益!$F:$F,0))>0,($F$10-$I$3+VLOOKUP($R24,武学奇术!$A:$ZZ,6,FALSE)+SUM(_xlfn.XLOOKUP(S24:AL24,增益!$A:$A,增益!$F:$F,0)))/200,($F$10-$I$3+VLOOKUP($R24,武学奇术!$A:$ZZ,6,FALSE)+SUM(_xlfn.XLOOKUP(S24:AL24,增益!$A:$A,增益!$F:$F,0)))/100)} -> 0.4539 | AW24: {=$G$10+VLOOKUP($R24,武学奇术!$A:$ZZ,7,FALSE)+SUM(_xlfn.XLOOKUP(S24:AL24,增益!$A:$A,增益!$G:$G,0))} -> 0.02 | AX24: {=VLOOKUP($R24,武学奇术!$A:$ZZ,8,FALSE)+SUM(_xlfn.XLOOKUP(S24:AL24,增益!$A:$A,增益!$H:$H,0))} -> 0 | AY24: =$D$11*(1+$AX24) -> 0 | AZ24: =$E$11*(1+$AX24) -> 0 | BA24: {=IF($F$11-$I$4+VLOOKUP($R24,武学奇术!$A:$ZZ,9,FALSE)+SUM(_xlfn.XLOOKUP(S24:AL24,增益!$A:$A,增益!$I:$I,0))>0,($F$11-$I$4+VLOOKUP($R24,武学奇术!$A:$ZZ,9,FALSE)+SUM(_xlfn.XLOOKUP(S24:AL24,增益!$A:$A,增益!$I:$I,0)))/200,($F$11-$I$4+VLOOKUP($R24,武学奇术!$A:$ZZ,9,FALSE)+SUM(_xlfn.XLOOKUP(S24:AL24,增益!$A:$A,增益!$I:$I,0)))/100)} -> -0.14 | BB24: {=$G$11+VLOOKUP($R24,武学奇术!$A:$ZZ,10,FALSE)+SUM(_xlfn.XLOOKUP(S24:AL24,增益!$A:$A,增益!$J:$J,0))} -> 0.02 | BC24: =$D$12*(1+$AX24) -> 0 | BD24: =$E$12*(1+$AX24) -> 0 | BE24: {=IF($F$12-$I$4+VLOOKUP($R24,武学奇术!$A:$ZZ,11,FALSE)+SUM(_xlfn.XLOOKUP(S24:AL24,增益!$A:$A,增益!$K:$K,0))>0,($F$12-$I$4+VLOOKUP($R24,武学奇术!$A:$ZZ,11,FALSE)+SUM(_xlfn.XLOOKUP(S24:AL24,增益!$A:$A,增益!$K:$K,0)))/200,($F$12-$I$4+VLOOKUP($R24,武学奇术!$A:$ZZ,11,FALSE)+SUM(_xlfn.XLOOKUP(S24:AL24,增益!$A:$A,增益!$K:$K,0)))/100)} -> -0.14 | BF24: {=$G$12+VLOOKUP($R24,武学奇术!$A:$ZZ,12,FALSE)+SUM(_xlfn.XLOOKUP(S24:AL24,增益!$A:$A,增益!$L:$L,0))} -> 0.02 | BG24: =$D$13*(1+$AX24) -> 0 | BH24: =$E$13*(1+$AX24) -> 0 | BI24: {=IF($F$13-$I$4+VLOOKUP($R24,武学奇术!$A:$ZZ,13,FALSE)+SUM(_xlfn.XLOOKUP(S24:AL24,增益!$A:$A,增益!$M:$M,0))>0,($F$13-$I$4+VLOOKUP($R24,武学奇术!$A:$ZZ,13,FALSE)+SUM(_xlfn.XLOOKUP(S24:AL24,增益!$A:$A,增益!$K:$K,0)))/200,($F$13-$I$4+VLOOKUP($R24,武学奇术!$A:$ZZ,13,FALSE)+SUM(_xlfn.XLOOKUP(S24:AL24,增益!$A:$A,增益!$M:$M,0)))/100)} -> -0.14 | BJ24: {=$G$13+VLOOKUP($R24,武学奇术!$A:$ZZ,14,FALSE)+SUM(_xlfn.XLOOKUP(S24:AL24,增益!$A:$A,增益!$N:$N,0))} -> 0.02 | BK24: =$D$14*(1+$AX24) -> 618.2 | BL24: =$E$14*(1+$AX24) -> 1805 | BM24: {=IF($F$14-$I$4+VLOOKUP($R24,武学奇术!$A:$ZZ,15,FALSE)+SUM(_xlfn.XLOOKUP(S24:AL24,增益!$A:$A,增益!$O:$O,0))>0,($F$14-$I$4+VLOOKUP($R24,武学奇术!$A:$ZZ,15,FALSE)+SUM(_xlfn.XLOOKUP(S24:AL24,增益!$A:$A,增益!$O:$O,0)))/200,($F$14-$I$4+VLOOKUP($R24,武学奇术!$A:$ZZ,15,FALSE)+SUM(_xlfn.XLOOKUP(S24:AL24,增益!$A:$A,增益!$O:$O,0)))/100)} -> 0.08 | BN24: {=$G$14+VLOOKUP($R24,武学奇术!$A:$ZZ,16,FALSE)+SUM(_xlfn.XLOOKUP(S24:AL24,增益!$A:$A,增益!$P:$P,0))} -> 0.17 | BO24: =MIN(IF(VLOOKUP($R24,武学奇术!$A:$ZZ,23,FALSE)=1,100%,$B$8),100%) -> 0.9943 | BP24: {=IF(VLOOKUP($R24,武学奇术!$A:$ZZ,23,FALSE)=1,100%,MIN(80%,$B$9+VLOOKUP($R24,武学奇术!$A:$ZZ,17,FALSE)+SUM(_xlfn.XLOOKUP(S24:AL24,增益!$A:$A,增益!$Q:$Q,0)))+$B$11+SUM(_xlfn.XLOOKUP(S24:AL24,增益!$A:$A,增益!$U:$U,0)))*IF(VLOOKUP($R24,武学奇术!$A:$ZZ,24,FALSE)=1,0,1)} -> 0.887 | BQ24: {=1+$B$13+VLOOKUP($R24,武学奇术!$A:$ZZ,18,FALSE)+SUM(_xlfn.XLOOKUP(S24:AL24,增益!$A:$A,增益!$R:$R,0))} -> 2.324 | BR24: {=IF(VLOOKUP($R24,武学奇术!$A:$ZZ,24,FALSE)=1,100%,MIN(40%,$B$10+VLOOKUP($R24,武学奇术!$A:$ZZ,19,FALSE)+SUM(_xlfn.XLOOKUP(S24:AL24,增益!$A:$A,增益!$S:$S,0)))+$B$12+SUM(_xlfn.XLOOKUP(S24:AL24,增益!$A:$A,增益!$V:$V,0)))*IF(VLOOKUP($R24,武学奇术!$A:$ZZ,23,FALSE)=1,0,1)} -> 0.0913 | BS24: {=1+$B$14+VLOOKUP($R24,武学奇术!$A:$ZZ,20,FALSE)+SUM(_xlfn.XLOOKUP(S24:AL24,增益!$A:$A,增益!$T:$T,0))} -> 1.35 | BT24: =MIN((1-BR24)*BO24,BO24*BP24) -> 0.8819441 | BU24: =1-BR24-BT24-BV24 -> 0.02157631 | BV24: =IF(VLOOKUP($R24,武学奇术!$A:$ZZ,22,FALSE)=1,0,(1-$BO24))*(1-$BR24) -> 0.00517959 | BW24: {=SUM(_xlfn.XLOOKUP(S24:AL24,增益!$A:$A,增益!$W:$W,0))+$I$5} -> 0.11 | BX24: =VLOOKUP($R24,武学奇术!$A:$ZZ,32,FALSE) -> 0 | BY24: {=SUM(_xlfn.XLOOKUP($S24:$AL24,增益!$A:$A,增益!$X:$X,0))} -> 0
B25: 480 | K25: =$L25*VLOOKUP($R25,武学奇术!$A:$ZZ,31,FALSE) -> 134654.37 | L25: =($M25*$BT25+$N25*$BR25+$O25*$BU25+$P25*$BV25) -> 132014.09 | M25: =((($AT25+$AU25)/2*$AN25+$AO25)*(1+$AV25)*(1+$AW25)+(($AY25+$AZ25)/2*IF($G$1="鸣金",$AP25,$AN25)+IF($G$1="鸣金",$AQ25*1.5,0))*(1+$BA25)*(1+$BB25)+(($BC25+$BD25)/2*IF($G$1="裂石",$AP25,$AN25)+IF($G$1="裂石",$AQ25*1.5,0))*(1+$BE25)*(1+$BF25)+(($BG25+$BH25)/2*IF($G$1="牵丝",$AP25,$AN25)+IF($G$1="牵丝",$AQ25*1.5,0))*(1+$BI25)*(1+$BJ25)+(($BK25+$BL25)/2*IF($G$1="破竹",$AP25,$AN25)+IF($G$1="破竹",$AQ25*1.5,0))*(1+$BM25)*(1+$BN25))*(1+$AR25)*$BQ25*$Q25*(1+IF(VLOOKUP($R25,武学奇术!$A:$ZZ,30,FALSE)="轻击",$B$21,0))*(1+IF(VLOOKUP($R25,武学奇术!$A:$ZZ,30,FALSE)="老鼠",$B$22,0))*(1+$BW25)*(1+$BX25) -> 138474.85 | N25: =((($AU25*$AN25+$AO25)*(1+$AV25)*(1+$AW25)+($AZ25*IF($G$1="鸣金",$AP25,$AN25)+IF($G$1="鸣金",$AQ25*1.5,0))*(1+$BA25)*(1+$BB25)+($BD25*IF($G$1="裂石",$AP25,$AN25)+IF($G$1="裂石",$AQ25*1.5,0))*(1+$BE25)*(1+$BF25)+($BH25*IF($G$1="牵丝",$AP25,$AN25)+IF($G$1="牵丝",$AQ25*1.5,0))*(1+$BI25)*(1+$BJ25)+($BL25*IF($G$1="破竹",$AP25,$AN25)+IF($G$1="破竹",$AQ25*1.5,0))*(1+$BM25)*(1+$BN25))*(1+$AR25)*$BS25*$Q25*(1+IF(VLOOKUP($R25,武学奇术!$A:$ZZ,30,FALSE)="轻击",$B$21,0))*(1+IF(VLOOKUP($R25,武学奇术!$A:$ZZ,30,FALSE)="老鼠",$B$22,0))*(1+$BW25))*(1+$BX25) -> 91285.714 | O25: =((($AT25+$AU25)/2*$AN25+$AO25)*(1+$AV25)*(1+$AW25)+(($AY25+$AZ25)/2*IF($G$1="鸣金",$AP25,$AN25)+IF($G$1="鸣金",$AQ25*1.5,0))*(1+$BA25)*(1+$BB25)+(($BC25+$BD25)/2*IF($G$1="裂石",$AP25,$AN25)+IF($G$1="裂石",$AQ25*1.5,0))*(1+$BE25)*(1+$BF25)+(($BG25+$BH25)/2*IF($G$1="牵丝",$AP25,$AN25)+IF($G$1="牵丝",$AQ25*1.5,0))*(1+$BI25)*(1+$BJ25)+(($BK25+$BL25)/2*IF($G$1="破竹",$AP25,$AN25)+IF($G$1="破竹",$AQ25*1.5,0))*(1+$BM25)*(1+$BN25))*(1+$AR25)*$Q25*(1+IF(VLOOKUP($R25,武学奇术!$A:$ZZ,30,FALSE)="轻击",$B$21,0))*(1+IF(VLOOKUP($R25,武学奇术!$A:$ZZ,30,FALSE)="老鼠",$B$22,0))*(1+$BW25)*(1+$BX25) -> 59584.702 | P25: =((($AT25*$AN25+$AO25)*(1+$AV25)*(1+$AW25)+($AY25*IF($G$1="鸣金",$AP25,$AN25)+IF($G$1="鸣金",$AQ25*1.5,0))*(1+$BA25)*(1+$BB25)+($BC25*IF($G$1="裂石",$AP25,$AN25)+IF($G$1="裂石",$AQ25*1.5,0))*(1+$BE25)*(1+$BF25)+($BG25*IF($G$1="牵丝",$AP25,$AN25)+IF($G$1="牵丝",$AQ25*1.5,0))*(1+$BI25)*(1+$BJ25)+($BK25*IF($G$1="破竹",$AP25,$AN25)+IF($G$1="破竹",$AQ25*1.5,0))*(1+$BM25)*(1+$BN25))*(1+$AR25))*$Q25*(1+IF(VLOOKUP($R25,武学奇术!$A:$ZZ,30,FALSE)="轻击",$B$21,0))*(1+IF(VLOOKUP($R25,武学奇术!$A:$ZZ,30,FALSE)="老鼠",$B$22,0))*(1+$BW25)*(1+$BX25) -> 51550.357 | Q25: 4 | R25: 老鼠 | S25: 易水歌5层 | T25: 沧海帖3层 | U25: 恶身 | V25: 苦果 | W25: 轮回 | X25: N/a | Y25: 燕归额外 | Z25: 嗔焰 | AA25: 惧刃(拐) | AB25: N/a | AC25: N/a | AD25: 迷踪 | AE25: 断石 | AF25: N/a | AG25: 无惧 | AH25: 离猎(拐) | AI25: N/a | AJ25: N/a | AK25: N/a | AL25: N/a | AM25: =VLOOKUP($R25,武学奇术!$A:$ZZ,25,FALSE) -> 绳镖 | AN25: =VLOOKUP($R25,武学奇术!$A:$ZZ,26,FALSE) -> 0.3675 | AO25: =VLOOKUP($R25,武学奇术!$A:$ZZ,27,FALSE)*(1+IF(OR($AM25=$F$4,$AM25=$F$5),$B$23,0)) -> 0 | AP25: =VLOOKUP($R25,武学奇术!$A:$ZZ,28,FALSE) -> 0.55125 | AQ25: =VLOOKUP($R25,武学奇术!$A:$ZZ,29,FALSE)*(1+IF(OR($AM25=$F$4,$AM25=$F$5),$B$23,0)) -> 0 | AR25: {=$G$3+IFERROR(VLOOKUP($AM25,$F$4:$G$7,2,FALSE),0)+VLOOKUP($R25,武学奇术!$A:$ZZ,2,FALSE)+SUM(_xlfn.XLOOKUP($S25:$AL25,增益!$A:$A,增益!$B:$B,0))} -> 1.5743 | AS25: {=VLOOKUP($R25,武学奇术!$A:$ZZ,5,FALSE)+SUM(_xlfn.XLOOKUP($S25:$AL25,增益!$A:$A,增益!$E:$E,0))} -> 0 | AT25: {=$D$10*(1+$AS25)+VLOOKUP($R25,武学奇术!$A:$ZZ,3,FALSE)+SUM(_xlfn.XLOOKUP($S25:$AL25,增益!$A:$A,增益!$C:$C,0))-$I$2} -> 4150.4 | AU25: {=$E$10*(1+$AS25)+VLOOKUP($R25,武学奇术!$A:$ZZ,4,FALSE)+SUM(_xlfn.XLOOKUP($S25:$AL25,增益!$A:$A,增益!$D:$D,0))-$I$2} -> 4150.4 | AV25: {=IF($F$10-$I$3+VLOOKUP($R25,武学奇术!$A:$ZZ,6,FALSE)+SUM(_xlfn.XLOOKUP(S25:AL25,增益!$A:$A,增益!$F:$F,0))>0,($F$10-$I$3+VLOOKUP($R25,武学奇术!$A:$ZZ,6,FALSE)+SUM(_xlfn.XLOOKUP(S25:AL25,增益!$A:$A,增益!$F:$F,0)))/200,($F$10-$I$3+VLOOKUP($R25,武学奇术!$A:$ZZ,6,FALSE)+SUM(_xlfn.XLOOKUP(S25:AL25,增益!$A:$A,增益!$F:$F,0)))/100)} -> 0.4539 | AW25: {=$G$10+VLOOKUP($R25,武学奇术!$A:$ZZ,7,FALSE)+SUM(_xlfn.XLOOKUP(S25:AL25,增益!$A:$A,增益!$G:$G,0))} -> 0.29 | AX25: {=VLOOKUP($R25,武学奇术!$A:$ZZ,8,FALSE)+SUM(_xlfn.XLOOKUP(S25:AL25,增益!$A:$A,增益!$H:$H,0))} -> 0 | AY25: =$D$11*(1+$AX25) -> 0 | AZ25: =$E$11*(1+$AX25) -> 0 | BA25: {=IF($F$11-$I$4+VLOOKUP($R25,武学奇术!$A:$ZZ,9,FALSE)+SUM(_xlfn.XLOOKUP(S25:AL25,增益!$A:$A,增益!$I:$I,0))>0,($F$11-$I$4+VLOOKUP($R25,武学奇术!$A:$ZZ,9,FALSE)+SUM(_xlfn.XLOOKUP(S25:AL25,增益!$A:$A,增益!$I:$I,0)))/200,($F$11-$I$4+VLOOKUP($R25,武学奇术!$A:$ZZ,9,FALSE)+SUM(_xlfn.XLOOKUP(S25:AL25,增益!$A:$A,增益!$I:$I,0)))/100)} -> -0.14 | BB25: {=$G$11+VLOOKUP($R25,武学奇术!$A:$ZZ,10,FALSE)+SUM(_xlfn.XLOOKUP(S25:AL25,增益!$A:$A,增益!$J:$J,0))} -> 0.02 | BC25: =$D$12*(1+$AX25) -> 0 | BD25: =$E$12*(1+$AX25) -> 0 | BE25: {=IF($F$12-$I$4+VLOOKUP($R25,武学奇术!$A:$ZZ,11,FALSE)+SUM(_xlfn.XLOOKUP(S25:AL25,增益!$A:$A,增益!$K:$K,0))>0,($F$12-$I$4+VLOOKUP($R25,武学奇术!$A:$ZZ,11,FALSE)+SUM(_xlfn.XLOOKUP(S25:AL25,增益!$A:$A,增益!$K:$K,0)))/200,($F$12-$I$4+VLOOKUP($R25,武学奇术!$A:$ZZ,11,FALSE)+SUM(_xlfn.XLOOKUP(S25:AL25,增益!$A:$A,增益!$K:$K,0)))/100)} -> -0.14 | BF25: {=$G$12+VLOOKUP($R25,武学奇术!$A:$ZZ,12,FALSE)+SUM(_xlfn.XLOOKUP(S25:AL25,增益!$A:$A,增益!$L:$L,0))} -> 0.02 | BG25: =$D$13*(1+$AX25) -> 0 | BH25: =$E$13*(1+$AX25) -> 0 | BI25: {=IF($F$13-$I$4+VLOOKUP($R25,武学奇术!$A:$ZZ,13,FALSE)+SUM(_xlfn.XLOOKUP(S25:AL25,增益!$A:$A,增益!$M:$M,0))>0,($F$13-$I$4+VLOOKUP($R25,武学奇术!$A:$ZZ,13,FALSE)+SUM(_xlfn.XLOOKUP(S25:AL25,增益!$A:$A,增益!$K:$K,0)))/200,($F$13-$I$4+VLOOKUP($R25,武学奇术!$A:$ZZ,13,FALSE)+SUM(_xlfn.XLOOKUP(S25:AL25,增益!$A:$A,增益!$M:$M,0)))/100)} -> -0.14 | BJ25: {=$G$13+VLOOKUP($R25,武学奇术!$A:$ZZ,14,FALSE)+SUM(_xlfn.XLOOKUP(S25:AL25,增益!$A:$A,增益!$N:$N,0))} -> 0.02 | BK25: =$D$14*(1+$AX25) -> 618.2 | BL25: =$E$14*(1+$AX25) -> 1805 | BM25: {=IF($F$14-$I$4+VLOOKUP($R25,武学奇术!$A:$ZZ,15,FALSE)+SUM(_xlfn.XLOOKUP(S25:AL25,增益!$A:$A,增益!$O:$O,0))>0,($F$14-$I$4+VLOOKUP($R25,武学奇术!$A:$ZZ,15,FALSE)+SUM(_xlfn.XLOOKUP(S25:AL25,增益!$A:$A,增益!$O:$O,0)))/200,($F$14-$I$4+VLOOKUP($R25,武学奇术!$A:$ZZ,15,FALSE)+SUM(_xlfn.XLOOKUP(S25:AL25,增益!$A:$A,增益!$O:$O,0)))/100)} -> 0.13 | BN25: {=$G$14+VLOOKUP($R25,武学奇术!$A:$ZZ,16,FALSE)+SUM(_xlfn.XLOOKUP(S25:AL25,增益!$A:$A,增益!$P:$P,0))} -> 0.44 | BO25: =MIN(IF(VLOOKUP($R25,武学奇术!$A:$ZZ,23,FALSE)=1,100%,$B$8),100%) -> 0.9943 | BP25: {=IF(VLOOKUP($R25,武学奇术!$A:$ZZ,23,FALSE)=1,100%,MIN(80%,$B$9+VLOOKUP($R25,武学奇术!$A:$ZZ,17,FALSE)+SUM(_xlfn.XLOOKUP(S25:AL25,增益!$A:$A,增益!$Q:$Q,0)))+$B$11+SUM(_xlfn.XLOOKUP(S25:AL25,增益!$A:$A,增益!$U:$U,0)))*IF(VLOOKUP($R25,武学奇术!$A:$ZZ,24,FALSE)=1,0,1)} -> 0.887 | BQ25: {=1+$B$13+VLOOKUP($R25,武学奇术!$A:$ZZ,18,FALSE)+SUM(_xlfn.XLOOKUP(S25:AL25,增益!$A:$A,增益!$R:$R,0))} -> 2.324 | BR25: {=IF(VLOOKUP($R25,武学奇术!$A:$ZZ,24,FALSE)=1,100%,MIN(40%,$B$10+VLOOKUP($R25,武学奇术!$A:$ZZ,19,FALSE)+SUM(_xlfn.XLOOKUP(S25:AL25,增益!$A:$A,增益!$S:$S,0)))+$B$12+SUM(_xlfn.XLOOKUP(S25:AL25,增益!$A:$A,增益!$V:$V,0)))*IF(VLOOKUP($R25,武学奇术!$A:$ZZ,23,FALSE)=1,0,1)} -> 0.0913 | BS25: {=1+$B$14+VLOOKUP($R25,武学奇术!$A:$ZZ,20,FALSE)+SUM(_xlfn.XLOOKUP(S25:AL25,增益!$A:$A,增益!$T:$T,0))} -> 1.35 | BT25: =MIN((1-BR25)*BO25,BO25*BP25) -> 0.8819441 | BU25: =1-BR25-BT25-BV25 -> 0.02157631 | BV25: =IF(VLOOKUP($R25,武学奇术!$A:$ZZ,22,FALSE)=1,0,(1-$BO25))*(1-$BR25) -> 0.00517959 | BW25: {=SUM(_xlfn.XLOOKUP(S25:AL25,增益!$A:$A,增益!$W:$W,0))+$I$5} -> 0.11 | BX25: =VLOOKUP($R25,武学奇术!$A:$ZZ,32,FALSE) -> 0 | BY25: {=SUM(_xlfn.XLOOKUP($S25:$AL25,增益!$A:$A,增益!$X:$X,0))} -> 0
K26: =$L26*VLOOKUP($R26,武学奇术!$A:$ZZ,31,FALSE) -> 35766.407 | L26: =($M26*$BT26+$N26*$BR26+$O26*$BU26+$P26*$BV26) -> 31934.292 | M26: =((($AT26+$AU26)/2*$AN26+$AO26)*(1+$AV26)*(1+$AW26)+(($AY26+$AZ26)/2*IF($G$1="鸣金",$AP26,$AN26)+IF($G$1="鸣金",$AQ26*1.5,0))*(1+$BA26)*(1+$BB26)+(($BC26+$BD26)/2*IF($G$1="裂石",$AP26,$AN26)+IF($G$1="裂石",$AQ26*1.5,0))*(1+$BE26)*(1+$BF26)+(($BG26+$BH26)/2*IF($G$1="牵丝",$AP26,$AN26)+IF($G$1="牵丝",$AQ26*1.5,0))*(1+$BI26)*(1+$BJ26)+(($BK26+$BL26)/2*IF($G$1="破竹",$AP26,$AN26)+IF($G$1="破竹",$AQ26*1.5,0))*(1+$BM26)*(1+$BN26))*(1+$AR26)*$BQ26*$Q26*(1+IF(VLOOKUP($R26,武学奇术!$A:$ZZ,30,FALSE)="轻击",$B$21,0))*(1+IF(VLOOKUP($R26,武学奇术!$A:$ZZ,30,FALSE)="老鼠",$B$22,0))*(1+$BW26)*(1+$BX26) -> 33533.012 | N26: =((($AU26*$AN26+$AO26)*(1+$AV26)*(1+$AW26)+($AZ26*IF($G$1="鸣金",$AP26,$AN26)+IF($G$1="鸣金",$AQ26*1.5,0))*(1+$BA26)*(1+$BB26)+($BD26*IF($G$1="裂石",$AP26,$AN26)+IF($G$1="裂石",$AQ26*1.5,0))*(1+$BE26)*(1+$BF26)+($BH26*IF($G$1="牵丝",$AP26,$AN26)+IF($G$1="牵丝",$AQ26*1.5,0))*(1+$BI26)*(1+$BJ26)+($BL26*IF($G$1="破竹",$AP26,$AN26)+IF($G$1="破竹",$AQ26*1.5,0))*(1+$BM26)*(1+$BN26))*(1+$AR26)*$BS26*$Q26*(1+IF(VLOOKUP($R26,武学奇术!$A:$ZZ,30,FALSE)="轻击",$B$21,0))*(1+IF(VLOOKUP($R26,武学奇术!$A:$ZZ,30,FALSE)="老鼠",$B$22,0))*(1+$BW26))*(1+$BX26) -> 21737.434 | O26: =((($AT26+$AU26)/2*$AN26+$AO26)*(1+$AV26)*(1+$AW26)+(($AY26+$AZ26)/2*IF($G$1="鸣金",$AP26,$AN26)+IF($G$1="鸣金",$AQ26*1.5,0))*(1+$BA26)*(1+$BB26)+(($BC26+$BD26)/2*IF($G$1="裂石",$AP26,$AN26)+IF($G$1="裂石",$AQ26*1.5,0))*(1+$BE26)*(1+$BF26)+(($BG26+$BH26)/2*IF($G$1="牵丝",$AP26,$AN26)+IF($G$1="牵丝",$AQ26*1.5,0))*(1+$BI26)*(1+$BJ26)+(($BK26+$BL26)/2*IF($G$1="破竹",$AP26,$AN26)+IF($G$1="破竹",$AQ26*1.5,0))*(1+$BM26)*(1+$BN26))*(1+$AR26)*$Q26*(1+IF(VLOOKUP($R26,武学奇术!$A:$ZZ,30,FALSE)="轻击",$B$21,0))*(1+IF(VLOOKUP($R26,武学奇术!$A:$ZZ,30,FALSE)="老鼠",$B$22,0))*(1+$BW26)*(1+$BX26) -> 14367.186 | P26: =((($AT26*$AN26+$AO26)*(1+$AV26)*(1+$AW26)+($AY26*IF($G$1="鸣金",$AP26,$AN26)+IF($G$1="鸣金",$AQ26*1.5,0))*(1+$BA26)*(1+$BB26)+($BC26*IF($G$1="裂石",$AP26,$AN26)+IF($G$1="裂石",$AQ26*1.5,0))*(1+$BE26)*(1+$BF26)+($BG26*IF($G$1="牵丝",$AP26,$AN26)+IF($G$1="牵丝",$AQ26*1.5,0))*(1+$BI26)*(1+$BJ26)+($BK26*IF($G$1="破竹",$AP26,$AN26)+IF($G$1="破竹",$AQ26*1.5,0))*(1+$BM26)*(1+$BN26))*(1+$AR26))*$Q26*(1+IF(VLOOKUP($R26,武学奇术!$A:$ZZ,30,FALSE)="轻击",$B$21,0))*(1+IF(VLOOKUP($R26,武学奇术!$A:$ZZ,30,FALSE)="老鼠",$B$22,0))*(1+$BW26)*(1+$BX26) -> 12632.569 | Q26: 1 | R26: 红1 | S26: 易水歌5层 | T26: 沧海帖4层 | U26: 恶身 | V26: 苦果 | W26: 轮回 | X26: N/a | Y26: 燕归额外 | Z26: 嗔焰 | AA26: 惧刃(拐) | AB26: N/a | AC26: N/a | AD26: 迷踪 | AE26: 断石 | AF26: N/a | AG26: 无惧 | AH26: 离猎(拐) | AI26: N/a | AJ26: N/a | AK26: N/a | AL26: N/a | AM26: =VLOOKUP($R26,武学奇术!$A:$ZZ,25,FALSE) -> 双刀 | AN26: =VLOOKUP($R26,武学奇术!$A:$ZZ,26,FALSE) -> 0.6472 | AO26: =VLOOKUP($R26,武学奇术!$A:$ZZ,27,FALSE)*(1+IF(OR($AM26=$F$4,$AM26=$F$5),$B$23,0)) -> 288 | AP26: =VLOOKUP($R26,武学奇术!$A:$ZZ,28,FALSE) -> 0.9708 | AQ26: =VLOOKUP($R26,武学奇术!$A:$ZZ,29,FALSE)*(1+IF(OR($AM26=$F$4,$AM26=$F$5),$B$23,0)) -> 156.8 | AR26: {=$G$3+IFERROR(VLOOKUP($AM26,$F$4:$G$7,2,FALSE),0)+VLOOKUP($R26,武学奇术!$A:$ZZ,2,FALSE)+SUM(_xlfn.XLOOKUP($S26:$AL26,增益!$A:$A,增益!$B:$B,0))} -> 0.7743 | AS26: {=VLOOKUP($R26,武学奇术!$A:$ZZ,5,FALSE)+SUM(_xlfn.XLOOKUP($S26:$AL26,增益!$A:$A,增益!$E:$E,0))} -> 0 | AT26: {=$D$10*(1+$AS26)+VLOOKUP($R26,武学奇术!$A:$ZZ,3,FALSE)+SUM(_xlfn.XLOOKUP($S26:$AL26,增益!$A:$A,增益!$C:$C,0))-$I$2} -> 4150.4 | AU26: {=$E$10*(1+$AS26)+VLOOKUP($R26,武学奇术!$A:$ZZ,4,FALSE)+SUM(_xlfn.XLOOKUP($S26:$AL26,增益!$A:$A,增益!$D:$D,0))-$I$2} -> 4150.4 | AV26: {=IF($F$10-$I$3+VLOOKUP($R26,武学奇术!$A:$ZZ,6,FALSE)+SUM(_xlfn.XLOOKUP(S26:AL26,增益!$A:$A,增益!$F:$F,0))>0,($F$10-$I$3+VLOOKUP($R26,武学奇术!$A:$ZZ,6,FALSE)+SUM(_xlfn.XLOOKUP(S26:AL26,增益!$A:$A,增益!$F:$F,0)))/200,($F$10-$I$3+VLOOKUP($R26,武学奇术!$A:$ZZ,6,FALSE)+SUM(_xlfn.XLOOKUP(S26:AL26,增益!$A:$A,增益!$F:$F,0)))/100)} -> 0.4539 | AW26: {=$G$10+VLOOKUP($R26,武学奇术!$A:$ZZ,7,FALSE)+SUM(_xlfn.XLOOKUP(S26:AL26,增益!$A:$A,增益!$G:$G,0))} -> 0.08 | AX26: {=VLOOKUP($R26,武学奇术!$A:$ZZ,8,FALSE)+SUM(_xlfn.XLOOKUP(S26:AL26,增益!$A:$A,增益!$H:$H,0))} -> 0 | AY26: =$D$11*(1+$AX26) -> 0 | AZ26: =$E$11*(1+$AX26) -> 0 | BA26: {=IF($F$11-$I$4+VLOOKUP($R26,武学奇术!$A:$ZZ,9,FALSE)+SUM(_xlfn.XLOOKUP(S26:AL26,增益!$A:$A,增益!$I:$I,0))>0,($F$11-$I$4+VLOOKUP($R26,武学奇术!$A:$ZZ,9,FALSE)+SUM(_xlfn.XLOOKUP(S26:AL26,增益!$A:$A,增益!$I:$I,0)))/200,($F$11-$I$4+VLOOKUP($R26,武学奇术!$A:$ZZ,9,FALSE)+SUM(_xlfn.XLOOKUP(S26:AL26,增益!$A:$A,增益!$I:$I,0)))/100)} -> -0.14 | BB26: {=$G$11+VLOOKUP($R26,武学奇术!$A:$ZZ,10,FALSE)+SUM(_xlfn.XLOOKUP(S26:AL26,增益!$A:$A,增益!$J:$J,0))} -> 0.02 | BC26: =$D$12*(1+$AX26) -> 0 | BD26: =$E$12*(1+$AX26) -> 0 | BE26: {=IF($F$12-$I$4+VLOOKUP($R26,武学奇术!$A:$ZZ,11,FALSE)+SUM(_xlfn.XLOOKUP(S26:AL26,增益!$A:$A,增益!$K:$K,0))>0,($F$12-$I$4+VLOOKUP($R26,武学奇术!$A:$ZZ,11,FALSE)+SUM(_xlfn.XLOOKUP(S26:AL26,增益!$A:$A,增益!$K:$K,0)))/200,($F$12-$I$4+VLOOKUP($R26,武学奇术!$A:$ZZ,11,FALSE)+SUM(_xlfn.XLOOKUP(S26:AL26,增益!$A:$A,增益!$K:$K,0)))/100)} -> -0.14 | BF26: {=$G$12+VLOOKUP($R26,武学奇术!$A:$ZZ,12,FALSE)+SUM(_xlfn.XLOOKUP(S26:AL26,增益!$A:$A,增益!$L:$L,0))} -> 0.02 | BG26: =$D$13*(1+$AX26) -> 0 | BH26: =$E$13*(1+$AX26) -> 0 | BI26: {=IF($F$13-$I$4+VLOOKUP($R26,武学奇术!$A:$ZZ,13,FALSE)+SUM(_xlfn.XLOOKUP(S26:AL26,增益!$A:$A,增益!$M:$M,0))>0,($F$13-$I$4+VLOOKUP($R26,武学奇术!$A:$ZZ,13,FALSE)+SUM(_xlfn.XLOOKUP(S26:AL26,增益!$A:$A,增益!$K:$K,0)))/200,($F$13-$I$4+VLOOKUP($R26,武学奇术!$A:$ZZ,13,FALSE)+SUM(_xlfn.XLOOKUP(S26:AL26,增益!$A:$A,增益!$M:$M,0)))/100)} -> -0.14 | BJ26: {=$G$13+VLOOKUP($R26,武学奇术!$A:$ZZ,14,FALSE)+SUM(_xlfn.XLOOKUP(S26:AL26,增益!$A:$A,增益!$N:$N,0))} -> 0.02 | BK26: =$D$14*(1+$AX26) -> 618.2 | BL26: =$E$14*(1+$AX26) -> 1805 | BM26: {=IF($F$14-$I$4+VLOOKUP($R26,武学奇术!$A:$ZZ,15,FALSE)+SUM(_xlfn.XLOOKUP(S26:AL26,增益!$A:$A,增益!$O:$O,0))>0,($F$14-$I$4+VLOOKUP($R26,武学奇术!$A:$ZZ,15,FALSE)+SUM(_xlfn.XLOOKUP(S26:AL26,增益!$A:$A,增益!$O:$O,0)))/200,($F$14-$I$4+VLOOKUP($R26,武学奇术!$A:$ZZ,15,FALSE)+SUM(_xlfn.XLOOKUP(S26:AL26,增益!$A:$A,增益!$O:$O,0)))/100)} -> 0.13 | BN26: {=$G$14+VLOOKUP($R26,武学奇术!$A:$ZZ,16,FALSE)+SUM(_xlfn.XLOOKUP(S26:AL26,增益!$A:$A,增益!$P:$P,0))} -> 0.23 | BO26: =MIN(IF(VLOOKUP($R26,武学奇术!$A:$ZZ,23,FALSE)=1,100%,$B$8),100%) -> 0.9943 | BP26: {=IF(VLOOKUP($R26,武学奇术!$A:$ZZ,23,FALSE)=1,100%,MIN(80%,$B$9+VLOOKUP($R26,武学奇术!$A:$ZZ,17,FALSE)+SUM(_xlfn.XLOOKUP(S26:AL26,增益!$A:$A,增益!$Q:$Q,0)))+$B$11+SUM(_xlfn.XLOOKUP(S26:AL26,增益!$A:$A,增益!$U:$U,0)))*IF(VLOOKUP($R26,武学奇术!$A:$ZZ,24,FALSE)=1,0,1)} -> 0.887 | BQ26: {=1+$B$13+VLOOKUP($R26,武学奇术!$A:$ZZ,18,FALSE)+SUM(_xlfn.XLOOKUP(S26:AL26,增益!$A:$A,增益!$R:$R,0))} -> 2.334 | BR26: {=IF(VLOOKUP($R26,武学奇术!$A:$ZZ,24,FALSE)=1,100%,MIN(40%,$B$10+VLOOKUP($R26,武学奇术!$A:$ZZ,19,FALSE)+SUM(_xlfn.XLOOKUP(S26:AL26,增益!$A:$A,增益!$S:$S,0)))+$B$12+SUM(_xlfn.XLOOKUP(S26:AL26,增益!$A:$A,增益!$V:$V,0)))*IF(VLOOKUP($R26,武学奇术!$A:$ZZ,23,FALSE)=1,0,1)} -> 0.0913 | BS26: {=1+$B$14+VLOOKUP($R26,武学奇术!$A:$ZZ,20,FALSE)+SUM(_xlfn.XLOOKUP(S26:AL26,增益!$A:$A,增益!$T:$T,0))} -> 1.35 | BT26: =MIN((1-BR26)*BO26,BO26*BP26) -> 0.8819441 | BU26: =1-BR26-BT26-BV26 -> 0.02157631 | BV26: =IF(VLOOKUP($R26,武学奇术!$A:$ZZ,22,FALSE)=1,0,(1-$BO26))*(1-$BR26) -> 0.00517959 | BW26: {=SUM(_xlfn.XLOOKUP(S26:AL26,增益!$A:$A,增益!$W:$W,0))+$I$5} -> 0.11 | BX26: =VLOOKUP($R26,武学奇术!$A:$ZZ,32,FALSE) -> 0.1 | BY26: {=SUM(_xlfn.XLOOKUP($S26:$AL26,增益!$A:$A,增益!$X:$X,0))} -> 0
K27: =$L27*VLOOKUP($R27,武学奇术!$A:$ZZ,31,FALSE) -> 49786.39 | L27: =($M27*$BT27+$N27*$BR27+$O27*$BU27+$P27*$BV27) -> 44452.134 | M27: =((($AT27+$AU27)/2*$AN27+$AO27)*(1+$AV27)*(1+$AW27)+(($AY27+$AZ27)/2*IF($G$1="鸣金",$AP27,$AN27)+IF($G$1="鸣金",$AQ27*1.5,0))*(1+$BA27)*(1+$BB27)+(($BC27+$BD27)/2*IF($G$1="裂石",$AP27,$AN27)+IF($G$1="裂石",$AQ27*1.5,0))*(1+$BE27)*(1+$BF27)+(($BG27+$BH27)/2*IF($G$1="牵丝",$AP27,$AN27)+IF($G$1="牵丝",$AQ27*1.5,0))*(1+$BI27)*(1+$BJ27)+(($BK27+$BL27)/2*IF($G$1="破竹",$AP27,$AN27)+IF($G$1="破竹",$AQ27*1.5,0))*(1+$BM27)*(1+$BN27))*(1+$AR27)*$BQ27*$Q27*(1+IF(VLOOKUP($R27,武学奇术!$A:$ZZ,30,FALSE)="轻击",$B$21,0))*(1+IF(VLOOKUP($R27,武学奇术!$A:$ZZ,30,FALSE)="老鼠",$B$22,0))*(1+$BW27)*(1+$BX27) -> 46677.43 | N27: =((($AU27*$AN27+$AO27)*(1+$AV27)*(1+$AW27)+($AZ27*IF($G$1="鸣金",$AP27,$AN27)+IF($G$1="鸣金",$AQ27*1.5,0))*(1+$BA27)*(1+$BB27)+($BD27*IF($G$1="裂石",$AP27,$AN27)+IF($G$1="裂石",$AQ27*1.5,0))*(1+$BE27)*(1+$BF27)+($BH27*IF($G$1="牵丝",$AP27,$AN27)+IF($G$1="牵丝",$AQ27*1.5,0))*(1+$BI27)*(1+$BJ27)+($BL27*IF($G$1="破竹",$AP27,$AN27)+IF($G$1="破竹",$AQ27*1.5,0))*(1+$BM27)*(1+$BN27))*(1+$AR27)*$BS27*$Q27*(1+IF(VLOOKUP($R27,武学奇术!$A:$ZZ,30,FALSE)="轻击",$B$21,0))*(1+IF(VLOOKUP($R27,武学奇术!$A:$ZZ,30,FALSE)="老鼠",$B$22,0))*(1+$BW27))*(1+$BX27) -> 30259.282 | O27: =((($AT27+$AU27)/2*$AN27+$AO27)*(1+$AV27)*(1+$AW27)+(($AY27+$AZ27)/2*IF($G$1="鸣金",$AP27,$AN27)+IF($G$1="鸣金",$AQ27*1.5,0))*(1+$BA27)*(1+$BB27)+(($BC27+$BD27)/2*IF($G$1="裂石",$AP27,$AN27)+IF($G$1="裂石",$AQ27*1.5,0))*(1+$BE27)*(1+$BF27)+(($BG27+$BH27)/2*IF($G$1="牵丝",$AP27,$AN27)+IF($G$1="牵丝",$AQ27*1.5,0))*(1+$BI27)*(1+$BJ27)+(($BK27+$BL27)/2*IF($G$1="破竹",$AP27,$AN27)+IF($G$1="破竹",$AQ27*1.5,0))*(1+$BM27)*(1+$BN27))*(1+$AR27)*$Q27*(1+IF(VLOOKUP($R27,武学奇术!$A:$ZZ,30,FALSE)="轻击",$B$21,0))*(1+IF(VLOOKUP($R27,武学奇术!$A:$ZZ,30,FALSE)="老鼠",$B$22,0))*(1+$BW27)*(1+$BX27) -> 19998.899 | P27: =((($AT27*$AN27+$AO27)*(1+$AV27)*(1+$AW27)+($AY27*IF($G$1="鸣金",$AP27,$AN27)+IF($G$1="鸣金",$AQ27*1.5,0))*(1+$BA27)*(1+$BB27)+($BC27*IF($G$1="裂石",$AP27,$AN27)+IF($G$1="裂石",$AQ27*1.5,0))*(1+$BE27)*(1+$BF27)+($BG27*IF($G$1="牵丝",$AP27,$AN27)+IF($G$1="牵丝",$AQ27*1.5,0))*(1+$BI27)*(1+$BJ27)+($BK27*IF($G$1="破竹",$AP27,$AN27)+IF($G$1="破竹",$AQ27*1.5,0))*(1+$BM27)*(1+$BN27))*(1+$AR27))*$Q27*(1+IF(VLOOKUP($R27,武学奇术!$A:$ZZ,30,FALSE)="轻击",$B$21,0))*(1+IF(VLOOKUP($R27,武学奇术!$A:$ZZ,30,FALSE)="老鼠",$B$22,0))*(1+$BW27)*(1+$BX27) -> 17583.515 | Q27: 1 | R27: 红2 | S27: 易水歌5层 | T27: 沧海帖4层 | U27: 恶身 | V27: 苦果 | W27: 轮回 | X27: N/a | Y27: 燕归额外 | Z27: 嗔焰 | AA27: 惧刃(拐) | AB27: N/a | AC27: N/a | AD27: 迷踪 | AE27: 断石 | AF27: N/a | AG27: 无惧 | AH27: 离猎(拐) | AI27: N/a | AJ27: N/a | AK27: N/a | AL27: N/a | AM27: =VLOOKUP($R27,武学奇术!$A:$ZZ,25,FALSE) -> 双刀 | AN27: =VLOOKUP($R27,武学奇术!$A:$ZZ,26,FALSE) -> 0.9012 | AO27: =VLOOKUP($R27,武学奇术!$A:$ZZ,27,FALSE)*(1+IF(OR($AM27=$F$4,$AM27=$F$5),$B$23,0)) -> 400 | AP27: =VLOOKUP($R27,武学奇术!$A:$ZZ,28,FALSE) -> 1.3518 | AQ27: =VLOOKUP($R27,武学奇术!$A:$ZZ,29,FALSE)*(1+IF(OR($AM27=$F$4,$AM27=$F$5),$B$23,0)) -> 217.6 | AR27: {=$G$3+IFERROR(VLOOKUP($AM27,$F$4:$G$7,2,FALSE),0)+VLOOKUP($R27,武学奇术!$A:$ZZ,2,FALSE)+SUM(_xlfn.XLOOKUP($S27:$AL27,增益!$A:$A,增益!$B:$B,0))} -> 0.7743 | AS27: {=VLOOKUP($R27,武学奇术!$A:$ZZ,5,FALSE)+SUM(_xlfn.XLOOKUP($S27:$AL27,增益!$A:$A,增益!$E:$E,0))} -> 0 | AT27: {=$D$10*(1+$AS27)+VLOOKUP($R27,武学奇术!$A:$ZZ,3,FALSE)+SUM(_xlfn.XLOOKUP($S27:$AL27,增益!$A:$A,增益!$C:$C,0))-$I$2} -> 4150.4 | AU27: {=$E$10*(1+$AS27)+VLOOKUP($R27,武学奇术!$A:$ZZ,4,FALSE)+SUM(_xlfn.XLOOKUP($S27:$AL27,增益!$A:$A,增益!$D:$D,0))-$I$2} -> 4150.4 | AV27: {=IF($F$10-$I$3+VLOOKUP($R27,武学奇术!$A:$ZZ,6,FALSE)+SUM(_xlfn.XLOOKUP(S27:AL27,增益!$A:$A,增益!$F:$F,0))>0,($F$10-$I$3+VLOOKUP($R27,武学奇术!$A:$ZZ,6,FALSE)+SUM(_xlfn.XLOOKUP(S27:AL27,增益!$A:$A,增益!$F:$F,0)))/200,($F$10-$I$3+VLOOKUP($R27,武学奇术!$A:$ZZ,6,FALSE)+SUM(_xlfn.XLOOKUP(S27:AL27,增益!$A:$A,增益!$F:$F,0)))/100)} -> 0.4539 | AW27: {=$G$10+VLOOKUP($R27,武学奇术!$A:$ZZ,7,FALSE)+SUM(_xlfn.XLOOKUP(S27:AL27,增益!$A:$A,增益!$G:$G,0))} -> 0.08 | AX27: {=VLOOKUP($R27,武学奇术!$A:$ZZ,8,FALSE)+SUM(_xlfn.XLOOKUP(S27:AL27,增益!$A:$A,增益!$H:$H,0))} -> 0 | AY27: =$D$11*(1+$AX27) -> 0 | AZ27: =$E$11*(1+$AX27) -> 0 | BA27: {=IF($F$11-$I$4+VLOOKUP($R27,武学奇术!$A:$ZZ,9,FALSE)+SUM(_xlfn.XLOOKUP(S27:AL27,增益!$A:$A,增益!$I:$I,0))>0,($F$11-$I$4+VLOOKUP($R27,武学奇术!$A:$ZZ,9,FALSE)+SUM(_xlfn.XLOOKUP(S27:AL27,增益!$A:$A,增益!$I:$I,0)))/200,($F$11-$I$4+VLOOKUP($R27,武学奇术!$A:$ZZ,9,FALSE)+SUM(_xlfn.XLOOKUP(S27:AL27,增益!$A:$A,增益!$I:$I,0)))/100)} -> -0.14 | BB27: {=$G$11+VLOOKUP($R27,武学奇术!$A:$ZZ,10,FALSE)+SUM(_xlfn.XLOOKUP(S27:AL27,增益!$A:$A,增益!$J:$J,0))} -> 0.02 | BC27: =$D$12*(1+$AX27) -> 0 | BD27: =$E$12*(1+$AX27) -> 0 | BE27: {=IF($F$12-$I$4+VLOOKUP($R27,武学奇术!$A:$ZZ,11,FALSE)+SUM(_xlfn.XLOOKUP(S27:AL27,增益!$A:$A,增益!$K:$K,0))>0,($F$12-$I$4+VLOOKUP($R27,武学奇术!$A:$ZZ,11,FALSE)+SUM(_xlfn.XLOOKUP(S27:AL27,增益!$A:$A,增益!$K:$K,0)))/200,($F$12-$I$4+VLOOKUP($R27,武学奇术!$A:$ZZ,11,FALSE)+SUM(_xlfn.XLOOKUP(S27:AL27,增益!$A:$A,增益!$K:$K,0)))/100)} -> -0.14 | BF27: {=$G$12+VLOOKUP($R27,武学奇术!$A:$ZZ,12,FALSE)+SUM(_xlfn.XLOOKUP(S27:AL27,增益!$A:$A,增益!$L:$L,0))} -> 0.02 | BG27: =$D$13*(1+$AX27) -> 0 | BH27: =$E$13*(1+$AX27) -> 0 | BI27: {=IF($F$13-$I$4+VLOOKUP($R27,武学奇术!$A:$ZZ,13,FALSE)+SUM(_xlfn.XLOOKUP(S27:AL27,增益!$A:$A,增益!$M:$M,0))>0,($F$13-$I$4+VLOOKUP($R27,武学奇术!$A:$ZZ,13,FALSE)+SUM(_xlfn.XLOOKUP(S27:AL27,增益!$A:$A,增益!$K:$K,0)))/200,($F$13-$I$4+VLOOKUP($R27,武学奇术!$A:$ZZ,13,FALSE)+SUM(_xlfn.XLOOKUP(S27:AL27,增益!$A:$A,增益!$M:$M,0)))/100)} -> -0.14 | BJ27: {=$G$13+VLOOKUP($R27,武学奇术!$A:$ZZ,14,FALSE)+SUM(_xlfn.XLOOKUP(S27:AL27,增益!$A:$A,增益!$N:$N,0))} -> 0.02 | BK27: =$D$14*(1+$AX27) -> 618.2 | BL27: =$E$14*(1+$AX27) -> 1805 | BM27: {=IF($F$14-$I$4+VLOOKUP($R27,武学奇术!$A:$ZZ,15,FALSE)+SUM(_xlfn.XLOOKUP(S27:AL27,增益!$A:$A,增益!$O:$O,0))>0,($F$14-$I$4+VLOOKUP($R27,武学奇术!$A:$ZZ,15,FALSE)+SUM(_xlfn.XLOOKUP(S27:AL27,增益!$A:$A,增益!$O:$O,0)))/200,($F$14-$I$4+VLOOKUP($R27,武学奇术!$A:$ZZ,15,FALSE)+SUM(_xlfn.XLOOKUP(S27:AL27,增益!$A:$A,增益!$O:$O,0)))/100)} -> 0.13 | BN27: {=$G$14+VLOOKUP($R27,武学奇术!$A:$ZZ,16,FALSE)+SUM(_xlfn.XLOOKUP(S27:AL27,增益!$A:$A,增益!$P:$P,0))} -> 0.23 | BO27: =MIN(IF(VLOOKUP($R27,武学奇术!$A:$ZZ,23,FALSE)=1,100%,$B$8),100%) -> 0.9943 | BP27: {=IF(VLOOKUP($R27,武学奇术!$A:$ZZ,23,FALSE)=1,100%,MIN(80%,$B$9+VLOOKUP($R27,武学奇术!$A:$ZZ,17,FALSE)+SUM(_xlfn.XLOOKUP(S27:AL27,增益!$A:$A,增益!$Q:$Q,0)))+$B$11+SUM(_xlfn.XLOOKUP(S27:AL27,增益!$A:$A,增益!$U:$U,0)))*IF(VLOOKUP($R27,武学奇术!$A:$ZZ,24,FALSE)=1,0,1)} -> 0.887 | BQ27: {=1+$B$13+VLOOKUP($R27,武学奇术!$A:$ZZ,18,FALSE)+SUM(_xlfn.XLOOKUP(S27:AL27,增益!$A:$A,增益!$R:$R,0))} -> 2.334 | BR27: {=IF(VLOOKUP($R27,武学奇术!$A:$ZZ,24,FALSE)=1,100%,MIN(40%,$B$10+VLOOKUP($R27,武学奇术!$A:$ZZ,19,FALSE)+SUM(_xlfn.XLOOKUP(S27:AL27,增益!$A:$A,增益!$S:$S,0)))+$B$12+SUM(_xlfn.XLOOKUP(S27:AL27,增益!$A:$A,增益!$V:$V,0)))*IF(VLOOKUP($R27,武学奇术!$A:$ZZ,23,FALSE)=1,0,1)} -> 0.0913 | BS27: {=1+$B$14+VLOOKUP($R27,武学奇术!$A:$ZZ,20,FALSE)+SUM(_xlfn.XLOOKUP(S27:AL27,增益!$A:$A,增益!$T:$T,0))} -> 1.35 | BT27: =MIN((1-BR27)*BO27,BO27*BP27) -> 0.8819441 | BU27: =1-BR27-BT27-BV27 -> 0.02157631 | BV27: =IF(VLOOKUP($R27,武学奇术!$A:$ZZ,22,FALSE)=1,0,(1-$BO27))*(1-$BR27) -> 0.00517959 | BW27: {=SUM(_xlfn.XLOOKUP(S27:AL27,增益!$A:$A,增益!$W:$W,0))+$I$5} -> 0.11 | BX27: =VLOOKUP($R27,武学奇术!$A:$ZZ,32,FALSE) -> 0.1 | BY27: {=SUM(_xlfn.XLOOKUP($S27:$AL27,增益!$A:$A,增益!$X:$X,0))} -> 0
A28: 绳～ | B28: 1 | C28: 前置 | D28: 阴阳 | H28: 3 | K28: =$L28*VLOOKUP($R28,武学奇术!$A:$ZZ,31,FALSE) -> 101392.79 | L28: =($M28*$BT28+$N28*$BR28+$O28*$BU28+$P28*$BV28) -> 99404.694 | M28: =((($AT28+$AU28)/2*$AN28+$AO28)*(1+$AV28)*(1+$AW28)+(($AY28+$AZ28)/2*IF($G$1="鸣金",$AP28,$AN28)+IF($G$1="鸣金",$AQ28*1.5,0))*(1+$BA28)*(1+$BB28)+(($BC28+$BD28)/2*IF($G$1="裂石",$AP28,$AN28)+IF($G$1="裂石",$AQ28*1.5,0))*(1+$BE28)*(1+$BF28)+(($BG28+$BH28)/2*IF($G$1="牵丝",$AP28,$AN28)+IF($G$1="牵丝",$AQ28*1.5,0))*(1+$BI28)*(1+$BJ28)+(($BK28+$BL28)/2*IF($G$1="破竹",$AP28,$AN28)+IF($G$1="破竹",$AQ28*1.5,0))*(1+$BM28)*(1+$BN28))*(1+$AR28)*$BQ28*$Q28*(1+IF(VLOOKUP($R28,武学奇术!$A:$ZZ,30,FALSE)="轻击",$B$21,0))*(1+IF(VLOOKUP($R28,武学奇术!$A:$ZZ,30,FALSE)="老鼠",$B$22,0))*(1+$BW28)*(1+$BX28) -> 104303.02 | N28: =((($AU28*$AN28+$AO28)*(1+$AV28)*(1+$AW28)+($AZ28*IF($G$1="鸣金",$AP28,$AN28)+IF($G$1="鸣金",$AQ28*1.5,0))*(1+$BA28)*(1+$BB28)+($BD28*IF($G$1="裂石",$AP28,$AN28)+IF($G$1="裂石",$AQ28*1.5,0))*(1+$BE28)*(1+$BF28)+($BH28*IF($G$1="牵丝",$AP28,$AN28)+IF($G$1="牵丝",$AQ28*1.5,0))*(1+$BI28)*(1+$BJ28)+($BL28*IF($G$1="破竹",$AP28,$AN28)+IF($G$1="破竹",$AQ28*1.5,0))*(1+$BM28)*(1+$BN28))*(1+$AR28)*$BS28*$Q28*(1+IF(VLOOKUP($R28,武学奇术!$A:$ZZ,30,FALSE)="轻击",$B$21,0))*(1+IF(VLOOKUP($R28,武学奇术!$A:$ZZ,30,FALSE)="老鼠",$B$22,0))*(1+$BW28))*(1+$BX28) -> 68464.286 | O28: =((($AT28+$AU28)/2*$AN28+$AO28)*(1+$AV28)*(1+$AW28)+(($AY28+$AZ28)/2*IF($G$1="鸣金",$AP28,$AN28)+IF($G$1="鸣金",$AQ28*1.5,0))*(1+$BA28)*(1+$BB28)+(($BC28+$BD28)/2*IF($G$1="裂石",$AP28,$AN28)+IF($G$1="裂石",$AQ28*1.5,0))*(1+$BE28)*(1+$BF28)+(($BG28+$BH28)/2*IF($G$1="牵丝",$AP28,$AN28)+IF($G$1="牵丝",$AQ28*1.5,0))*(1+$BI28)*(1+$BJ28)+(($BK28+$BL28)/2*IF($G$1="破竹",$AP28,$AN28)+IF($G$1="破竹",$AQ28*1.5,0))*(1+$BM28)*(1+$BN28))*(1+$AR28)*$Q28*(1+IF(VLOOKUP($R28,武学奇术!$A:$ZZ,30,FALSE)="轻击",$B$21,0))*(1+IF(VLOOKUP($R28,武学奇术!$A:$ZZ,30,FALSE)="老鼠",$B$22,0))*(1+$BW28)*(1+$BX28) -> 44688.527 | P28: =((($AT28*$AN28+$AO28)*(1+$AV28)*(1+$AW28)+($AY28*IF($G$1="鸣金",$AP28,$AN28)+IF($G$1="鸣金",$AQ28*1.5,0))*(1+$BA28)*(1+$BB28)+($BC28*IF($G$1="裂石",$AP28,$AN28)+IF($G$1="裂石",$AQ28*1.5,0))*(1+$BE28)*(1+$BF28)+($BG28*IF($G$1="牵丝",$AP28,$AN28)+IF($G$1="牵丝",$AQ28*1.5,0))*(1+$BI28)*(1+$BJ28)+($BK28*IF($G$1="破竹",$AP28,$AN28)+IF($G$1="破竹",$AQ28*1.5,0))*(1+$BM28)*(1+$BN28))*(1+$AR28))*$Q28*(1+IF(VLOOKUP($R28,武学奇术!$A:$ZZ,30,FALSE)="轻击",$B$21,0))*(1+IF(VLOOKUP($R28,武学奇术!$A:$ZZ,30,FALSE)="老鼠",$B$22,0))*(1+$BW28)*(1+$BX28) -> 38662.767 | Q28: 3 | R28: 老鼠 | S28: 易水歌5层 | T28: 沧海帖4层 | U28: 恶身 | V28: 苦果 | W28: 轮回 | X28: N/a | Y28: 燕归额外 | Z28: 嗔焰 | AA28: 惧刃(拐) | AB28: N/a | AC28: N/a | AD28: 迷踪 | AE28: 断石 | AF28: N/a | AG28: 无惧 | AH28: 离猎(拐) | AI28: N/a | AJ28: N/a | AK28: N/a | AL28: N/a | AM28: =VLOOKUP($R28,武学奇术!$A:$ZZ,25,FALSE) -> 绳镖 | AN28: =VLOOKUP($R28,武学奇术!$A:$ZZ,26,FALSE) -> 0.3675 | AO28: =VLOOKUP($R28,武学奇术!$A:$ZZ,27,FALSE)*(1+IF(OR($AM28=$F$4,$AM28=$F$5),$B$23,0)) -> 0 | AP28: =VLOOKUP($R28,武学奇术!$A:$ZZ,28,FALSE) -> 0.55125 | AQ28: =VLOOKUP($R28,武学奇术!$A:$ZZ,29,FALSE)*(1+IF(OR($AM28=$F$4,$AM28=$F$5),$B$23,0)) -> 0 | AR28: {=$G$3+IFERROR(VLOOKUP($AM28,$F$4:$G$7,2,FALSE),0)+VLOOKUP($R28,武学奇术!$A:$ZZ,2,FALSE)+SUM(_xlfn.XLOOKUP($S28:$AL28,增益!$A:$A,增益!$B:$B,0))} -> 1.5743 | AS28: {=VLOOKUP($R28,武学奇术!$A:$ZZ,5,FALSE)+SUM(_xlfn.XLOOKUP($S28:$AL28,增益!$A:$A,增益!$E:$E,0))} -> 0 | AT28: {=$D$10*(1+$AS28)+VLOOKUP($R28,武学奇术!$A:$ZZ,3,FALSE)+SUM(_xlfn.XLOOKUP($S28:$AL28,增益!$A:$A,增益!$C:$C,0))-$I$2} -> 4150.4 | AU28: {=$E$10*(1+$AS28)+VLOOKUP($R28,武学奇术!$A:$ZZ,4,FALSE)+SUM(_xlfn.XLOOKUP($S28:$AL28,增益!$A:$A,增益!$D:$D,0))-$I$2} -> 4150.4 | AV28: {=IF($F$10-$I$3+VLOOKUP($R28,武学奇术!$A:$ZZ,6,FALSE)+SUM(_xlfn.XLOOKUP(S28:AL28,增益!$A:$A,增益!$F:$F,0))>0,($F$10-$I$3+VLOOKUP($R28,武学奇术!$A:$ZZ,6,FALSE)+SUM(_xlfn.XLOOKUP(S28:AL28,增益!$A:$A,增益!$F:$F,0)))/200,($F$10-$I$3+VLOOKUP($R28,武学奇术!$A:$ZZ,6,FALSE)+SUM(_xlfn.XLOOKUP(S28:AL28,增益!$A:$A,增益!$F:$F,0)))/100)} -> 0.4539 | AW28: {=$G$10+VLOOKUP($R28,武学奇术!$A:$ZZ,7,FALSE)+SUM(_xlfn.XLOOKUP(S28:AL28,增益!$A:$A,增益!$G:$G,0))} -> 0.29 | AX28: {=VLOOKUP($R28,武学奇术!$A:$ZZ,8,FALSE)+SUM(_xlfn.XLOOKUP(S28:AL28,增益!$A:$A,增益!$H:$H,0))} -> 0 | AY28: =$D$11*(1+$AX28) -> 0 | AZ28: =$E$11*(1+$AX28) -> 0 | BA28: {=IF($F$11-$I$4+VLOOKUP($R28,武学奇术!$A:$ZZ,9,FALSE)+SUM(_xlfn.XLOOKUP(S28:AL28,增益!$A:$A,增益!$I:$I,0))>0,($F$11-$I$4+VLOOKUP($R28,武学奇术!$A:$ZZ,9,FALSE)+SUM(_xlfn.XLOOKUP(S28:AL28,增益!$A:$A,增益!$I:$I,0)))/200,($F$11-$I$4+VLOOKUP($R28,武学奇术!$A:$ZZ,9,FALSE)+SUM(_xlfn.XLOOKUP(S28:AL28,增益!$A:$A,增益!$I:$I,0)))/100)} -> -0.14 | BB28: {=$G$11+VLOOKUP($R28,武学奇术!$A:$ZZ,10,FALSE)+SUM(_xlfn.XLOOKUP(S28:AL28,增益!$A:$A,增益!$J:$J,0))} -> 0.02 | BC28: =$D$12*(1+$AX28) -> 0 | BD28: =$E$12*(1+$AX28) -> 0 | BE28: {=IF($F$12-$I$4+VLOOKUP($R28,武学奇术!$A:$ZZ,11,FALSE)+SUM(_xlfn.XLOOKUP(S28:AL28,增益!$A:$A,增益!$K:$K,0))>0,($F$12-$I$4+VLOOKUP($R28,武学奇术!$A:$ZZ,11,FALSE)+SUM(_xlfn.XLOOKUP(S28:AL28,增益!$A:$A,增益!$K:$K,0)))/200,($F$12-$I$4+VLOOKUP($R28,武学奇术!$A:$ZZ,11,FALSE)+SUM(_xlfn.XLOOKUP(S28:AL28,增益!$A:$A,增益!$K:$K,0)))/100)} -> -0.14 | BF28: {=$G$12+VLOOKUP($R28,武学奇术!$A:$ZZ,12,FALSE)+SUM(_xlfn.XLOOKUP(S28:AL28,增益!$A:$A,增益!$L:$L,0))} -> 0.02 | BG28: =$D$13*(1+$AX28) -> 0 | BH28: =$E$13*(1+$AX28) -> 0 | BI28: {=IF($F$13-$I$4+VLOOKUP($R28,武学奇术!$A:$ZZ,13,FALSE)+SUM(_xlfn.XLOOKUP(S28:AL28,增益!$A:$A,增益!$M:$M,0))>0,($F$13-$I$4+VLOOKUP($R28,武学奇术!$A:$ZZ,13,FALSE)+SUM(_xlfn.XLOOKUP(S28:AL28,增益!$A:$A,增益!$K:$K,0)))/200,($F$13-$I$4+VLOOKUP($R28,武学奇术!$A:$ZZ,13,FALSE)+SUM(_xlfn.XLOOKUP(S28:AL28,增益!$A:$A,增益!$M:$M,0)))/100)} -> -0.14 | BJ28: {=$G$13+VLOOKUP($R28,武学奇术!$A:$ZZ,14,FALSE)+SUM(_xlfn.XLOOKUP(S28:AL28,增益!$A:$A,增益!$N:$N,0))} -> 0.02 | BK28: =$D$14*(1+$AX28) -> 618.2 | BL28: =$E$14*(1+$AX28) -> 1805 | BM28: {=IF($F$14-$I$4+VLOOKUP($R28,武学奇术!$A:$ZZ,15,FALSE)+SUM(_xlfn.XLOOKUP(S28:AL28,增益!$A:$A,增益!$O:$O,0))>0,($F$14-$I$4+VLOOKUP($R28,武学奇术!$A:$ZZ,15,FALSE)+SUM(_xlfn.XLOOKUP(S28:AL28,增益!$A:$A,增益!$O:$O,0)))/200,($F$14-$I$4+VLOOKUP($R28,武学奇术!$A:$ZZ,15,FALSE)+SUM(_xlfn.XLOOKUP(S28:AL28,增益!$A:$A,增益!$O:$O,0)))/100)} -> 0.13 | BN28: {=$G$14+VLOOKUP($R28,武学奇术!$A:$ZZ,16,FALSE)+SUM(_xlfn.XLOOKUP(S28:AL28,增益!$A:$A,增益!$P:$P,0))} -> 0.44 | BO28: =MIN(IF(VLOOKUP($R28,武学奇术!$A:$ZZ,23,FALSE)=1,100%,$B$8),100%) -> 0.9943 | BP28: {=IF(VLOOKUP($R28,武学奇术!$A:$ZZ,23,FALSE)=1,100%,MIN(80%,$B$9+VLOOKUP($R28,武学奇术!$A:$ZZ,17,FALSE)+SUM(_xlfn.XLOOKUP(S28:AL28,增益!$A:$A,增益!$Q:$Q,0)))+$B$11+SUM(_xlfn.XLOOKUP(S28:AL28,增益!$A:$A,增益!$U:$U,0)))*IF(VLOOKUP($R28,武学奇术!$A:$ZZ,24,FALSE)=1,0,1)} -> 0.887 | BQ28: {=1+$B$13+VLOOKUP($R28,武学奇术!$A:$ZZ,18,FALSE)+SUM(_xlfn.XLOOKUP(S28:AL28,增益!$A:$A,增益!$R:$R,0))} -> 2.334 | BR28: {=IF(VLOOKUP($R28,武学奇术!$A:$ZZ,24,FALSE)=1,100%,MIN(40%,$B$10+VLOOKUP($R28,武学奇术!$A:$ZZ,19,FALSE)+SUM(_xlfn.XLOOKUP(S28:AL28,增益!$A:$A,增益!$S:$S,0)))+$B$12+SUM(_xlfn.XLOOKUP(S28:AL28,增益!$A:$A,增益!$V:$V,0)))*IF(VLOOKUP($R28,武学奇术!$A:$ZZ,23,FALSE)=1,0,1)} -> 0.0913 | BS28: {=1+$B$14+VLOOKUP($R28,武学奇术!$A:$ZZ,20,FALSE)+SUM(_xlfn.XLOOKUP(S28:AL28,增益!$A:$A,增益!$T:$T,0))} -> 1.35 | BT28: =MIN((1-BR28)*BO28,BO28*BP28) -> 0.8819441 | BU28: =1-BR28-BT28-BV28 -> 0.02157631 | BV28: =IF(VLOOKUP($R28,武学奇术!$A:$ZZ,22,FALSE)=1,0,(1-$BO28))*(1-$BR28) -> 0.00517959 | BW28: {=SUM(_xlfn.XLOOKUP(S28:AL28,增益!$A:$A,增益!$W:$W,0))+$I$5} -> 0.11 | BX28: =VLOOKUP($R28,武学奇术!$A:$ZZ,32,FALSE) -> 0 | BY28: {=SUM(_xlfn.XLOOKUP($S28:$AL28,增益!$A:$A,增益!$X:$X,0))} -> 0
