Workbook

Sheet 期望
B1: 最小攻击 | C1: 最大攻击 | D1: 穿透 | E1: 伤害加成 | F1: 武学属性 | G1: 鸣金 | H1: 怪物属性 | K1: 真气比列 | L1: 期望 | M1: 会心期望 | N1: 会意期望 | O1: 普通期望 | P1: 擦伤期望 | Q1: 次数 | R1: 技能 | S1: 增益1 | T1: 增益2 | U1: 增益3 | V1: 增益4 | W1: 增益5 | X1: 增益6 | Y1: 增益7 | Z1: 增益8 | AA1: 增益9 | AB1: 增益10 | AC1: 增益11 | AD1: 增益12 | AE1: 增益13 | AF1: 增益14 | AG1: 增益15 | AH1: 类型 | AI1: 外功倍率 | AJ1: 外攻固伤 | AK1: 属性倍率 | AL1: 属性固伤 | AM1: 通用增伤 | AN1: 外攻加成 | AO1: 即时小外 | AP1: 即时大外 | AQ1: 外穿加成 | AR1: 外伤加成 | AS1: 属攻加成 | AT1: 即时小鸣 | AU1: 即时大鸣 | AV1: 鸣金穿透 | AW1: 鸣金加成 | AX1: 即时小裂 | AY1: 即时大裂 | AZ1: 裂石穿透 | BA1: 裂石加成 | BB1: 即时小牵 | BC1: 即时大牵 | BD1: 牵丝穿透 | BE1: 牵丝加成 | BF1: 即时小破 | BG1: 即时大破 | BH1: 破竹穿透 | BI1: 破竹加成 | BJ1: 生效精准 | BK1: 生效会心 | BL1: 生效会心伤害 | BM1: 生效会意 | BN1: 生效会意伤害 | BO1: 会心占比 | BP1: 普攻占比 | BQ1: 擦伤占比 | BR1: 特殊增伤
A2: 外功 | B2: 1994.8 | C2: 7187.6 | D2: 63.8 | F2: 套装 | G2: 飞隼 | H2: 防御 | I2: =620*IF(F17="√",0.94,1) -> 582.8 | K2: =$L2*VLOOKUP($R2,武学奇术!$A:$ZZ,31,FALSE) -> 24725.152 | L2: =($M2*$BO2+$N2*$BM2+$O2*$BP2+$P2*$BQ2) -> 24725.152 | M2: =((($AO2+$AP2)/2*$AI2+$AJ2)*(1+$AQ2)*(1+$AR2)+(($AT2+$AU2)/2*IF($G$1="鸣金",$AK2,$AI2)+IF($G$1="鸣金",$AL2*1.5,0))*(1+$AV2)*(1+$AW2)+(($AX2+$AY2)/2*IF($G$1="裂石",$AK2,$AI2)+IF($G$1="裂石",$AL2*1.5,0))*(1+$AZ2)*(1+$BA2)+(($BB2+$BC2)/2*IF($G$1="牵丝",$AK2,$AI2)+IF($G$1="牵丝",$AL2*1.5,0))*(1+$BD2)*(1+$BE2)+(($BF2+$BG2)/2*IF($G$1="破竹",$AK2,$AI2)+IF($G$1="破竹",$AL2*1.5,0))*(1+$BH2)*(1+$BI2))*(1+$AM2)*$BL2*$Q2*(1+IF(VLOOKUP($R2,武学奇术!$A:$ZZ,30,FALSE)="流血",$B$21,0))*(1+$BR2) -> 24597.577 | N2: =(($AP2*$AI2+$AJ2)*(1+$AQ2)*(1+$AR2)+($AU2*IF($G$1="鸣金",$AK2,$AI2)+IF($G$1="鸣金",$AL2*1.5,0))*(1+$AV2)*(1+$AW2)+($AY2*IF($G$1="裂石",$AK2,$AI2)+IF($G$1="裂石",$AL2*1.5,0))*(1+$AZ2)*(1+$BA2)+($BC2*IF($G$1="牵丝",$AK2,$AI2)+IF($G$1="牵丝",$AL2*1.5,0))*(1+$BD2)*(1+$BE2)+($BG2*IF($G$1="破竹",$AK2,$AI2)+IF($G$1="破竹",$AL2*1.5,0))*(1+$BH2)*(1+$BI2))*(1+$AM2)*$BN2*$Q2*(1+IF(VLOOKUP($R2,武学奇术!$A:$ZZ,30,FALSE)="流血",$B$21,0))*(1+$BR2) -> 34550.417 | O2: =((($AO2+$AP2)/2*$AI2+$AJ2)*(1+$AQ2)*(1+$AR2)+(($AT2+$AU2)/2*IF($G$1="鸣金",$AK2,$AI2)+IF($G$1="鸣金",$AL2*1.5,0))*(1+$AV2)*(1+$AW2)+(($AX2+$AY2)/2*IF($G$1="裂石",$AK2,$AI2)+IF($G$1="裂石",$AL2*1.5,0))*(1+$AZ2)*(1+$BA2)+(($BB2+$BC2)/2*IF($G$1="牵丝",$AK2,$AI2)+IF($G$1="牵丝",$AL2*1.5,0))*(1+$BD2)*(1+$BE2)+(($BF2+$BG2)/2*IF($G$1="破竹",$AK2,$AI2)+IF($G$1="破竹",$AL2*1.5,0))*(1+$BH2)*(1+$BI2))*(1+$AM2)*$Q2*(1+IF(VLOOKUP($R2,武学奇术!$A:$ZZ,30,FALSE)="流血",$B$21,0))*(1+$BR2) -> 16398.384 | P2: =((($AO2*$AI2+$AJ2)*(1+$AQ2)*(1+$AR2)+($AT2*IF($G$1="鸣金",$AK2,$AI2)+IF($G$1="鸣金",$AL2*1.5,0))*(1+$AV2)*(1+$AW2)+($AX2*IF($G$1="裂石",$AK2,$AI2)+IF($G$1="裂石",$AL2*1.5,0))*(1+$AZ2)*(1+$BA2)+($BB2*IF($G$1="牵丝",$AK2,$AI2)+IF($G$1="牵丝",$AL2*1.5,0))*(1+$BD2)*(1+$BE2)+($BF2*IF($G$1="破竹",$AK2,$AI2)+IF($G$1="破竹",$AL2*1.5,0))*(1+$BH2)*(1+$BI2))*(1+$AM2))*$Q2*(1+IF(VLOOKUP($R2,武学奇术!$A:$ZZ,30,FALSE)="流血",$B$21,0))*(1+$BR2) -> 8327.6352 | Q2: 1 | R2: 剑R一段前4hit | S2: 滴水 | T2: N/a | U2: N/a | V2: N/a | W2: N/a | X2: 易水歌1层 | Y2: N/a | Z2: N/a | AA2: N/a | AB2: 裁云(拐) | AC2: 扶风(拐) | AD2: N/a | AE2: N/a | AF2: 近战笛 | AG2: 秋瞑帖1层 | AH2: =VLOOKUP($R2,武学奇术!$A:$ZZ,25,FALSE) -> 剑 | AI2: =VLOOKUP($R2,武学奇术!$A:$ZZ,26,FALSE) -> 1.2087643 | AJ2: =VLOOKUP($R2,武学奇术!$A:$ZZ,27,FALSE)*(1+IF(OR($AH2=$F$4,$AH2=$F$5),$B$22,0)) -> 501.42857 | AK2: =VLOOKUP($R2,武学奇术!$A:$ZZ,28,FALSE) -> 1.8131786 | AL2: =VLOOKUP($R2,武学奇术!$A:$ZZ,29,FALSE)*(1+IF(OR($AH2=$F$4,$AH2=$F$5),$B$22,0)) -> 272.89286 | AM2: {=$G$3+IFERROR(VLOOKUP($AH2,$F$4:$G$7,2,FALSE),0)+VLOOKUP($R2,武学奇术!$A:$ZZ,2,FALSE)+SUM(_xlfn.XLOOKUP($S2:$AG2,增益!$A:$A,增益!$B:$B,0))} -> 0.4841 | AN2: {=VLOOKUP($R2,武学奇术!$A:$ZZ,5,FALSE)+SUM(_xlfn.XLOOKUP($S2:$AG2,增益!$A:$A,增益!$E:$E,0))} -> 0 | AO2: {=$D$10*(1+$AN2)+VLOOKUP($R2,武学奇术!$A:$ZZ,3,FALSE)+SUM(_xlfn.XLOOKUP($S2:$AG2,增益!$A:$A,增益!$C:$C,0))-$I$2} -> 1831.48 | AP2: {=$E$10*(1+$AN2)+VLOOKUP($R2,武学奇术!$A:$ZZ,4,FALSE)+SUM(_xlfn.XLOOKUP($S2:$AG2,增益!$A:$A,增益!$D:$D,0))-$I$2} -> 7763.56 | AQ2: {=IF($F$10-$I$3+VLOOKUP($R2,武学奇术!$A:$ZZ,6,FALSE)+SUM(_xlfn.XLOOKUP(S2:AG2,增益!$A:$A,增益!$F:$F,0))>0,($F$10-$I$3+VLOOKUP($R2,武学奇术!$A:$ZZ,6,FALSE)+SUM(_xlfn.XLOOKUP(S2:AG2,增益!$A:$A,增益!$F:$F,0)))/200,($F$10-$I$3+VLOOKUP($R2,武学奇术!$A:$ZZ,6,FALSE)+SUM(_xlfn.XLOOKUP(S2:AG2,增益!$A:$A,增益!$F:$F,0)))/100)} -> 0.254 | AR2: {=$G$10+VLOOKUP($R2,武学奇术!$A:$ZZ,7,FALSE)+SUM(_xlfn.XLOOKUP(S2:AG2,增益!$A:$A,增益!$G:$G,0))} -> 0 | AS2: {=VLOOKUP($R2,武学奇术!$A:$ZZ,8,FALSE)+SUM(_xlfn.XLOOKUP(S2:AG2,增益!$A:$A,增益!$H:$H,0))} -> 0 | AT2: =$D$11*(1+$AS2) -> 680.02 | AU2: =$E$11*(1+$AS2) -> 1288.54 | AV2: {=IF($F$11-$I$4+VLOOKUP($R2,武学奇术!$A:$ZZ,9,FALSE)+SUM(_xlfn.XLOOKUP(S2:AG2,增益!$A:$A,增益!$I:$I,0))>0,($F$11-$I$4+VLOOKUP($R2,武学奇术!$A:$ZZ,9,FALSE)+SUM(_xlfn.XLOOKUP(S2:AG2,增益!$A:$A,增益!$I:$I,0)))/200,($F$11-$I$4+VLOOKUP($R2,武学奇术!$A:$ZZ,9,FALSE)+SUM(_xlfn.XLOOKUP(S2:AG2,增益!$A:$A,增益!$I:$I,0)))/100)} -> 0 | AW2: {=$G$11+VLOOKUP($R2,武学奇术!$A:$ZZ,10,FALSE)+SUM(_xlfn.XLOOKUP(S2:AG2,增益!$A:$A,增益!$J:$J,0))} -> 0.15 | AX2: =$D$12*(1+$AS2) -> 0 | AY2: =$E$12*(1+$AS2) -> 0 | AZ2: {=IF($F$12-$I$4+VLOOKUP($R2,武学奇术!$A:$ZZ,11,FALSE)+SUM(_xlfn.XLOOKUP(S2:AG2,增益!$A:$A,增益!$K:$K,0))>0,($F$12-$I$4+VLOOKUP($R2,武学奇术!$A:$ZZ,11,FALSE)+SUM(_xlfn.XLOOKUP(S2:AG2,增益!$A:$A,增益!$K:$K,0)))/200,($F$12-$I$4+VLOOKUP($R2,武学奇术!$A:$ZZ,11,FALSE)+SUM(_xlfn.XLOOKUP(S2:AG2,增益!$A:$A,增益!$K:$K,0)))/100)} -> -0.3 | BA2: {=$G$12+VLOOKUP($R2,武学奇术!$A:$ZZ,12,FALSE)+SUM(_xlfn.XLOOKUP(S2:AG2,增益!$A:$A,增益!$L:$L,0))} -> 0 | BB2: =$D$13*(1+$AS2) -> 0 | BC2: =$E$13*(1+$AS2) -> 0 | BD2: {=IF($F$13-$I$4+VLOOKUP($R2,武学奇术!$A:$ZZ,13,FALSE)+SUM(_xlfn.XLOOKUP(S2:AG2,增益!$A:$A,增益!$M:$M,0))>0,($F$13-$I$4+VLOOKUP($R2,武学奇术!$A:$ZZ,13,FALSE)+SUM(_xlfn.XLOOKUP(S2:AG2,增益!$A:$A,增益!$K:$K,0)))/200,($F$13-$I$4+VLOOKUP($R2,武学奇术!$A:$ZZ,13,FALSE)+SUM(_xlfn.XLOOKUP(S2:AG2,增益!$A:$A,增益!$M:$M,0)))/100)} -> -0.3 | BE2: {=$G$13+VLOOKUP($R2,武学奇术!$A:$ZZ,14,FALSE)+SUM(_xlfn.XLOOKUP(S2:AG2,增益!$A:$A,增益!$N:$N,0))} -> 0 | BF2: =$D$14*(1+$AS2) -> 0 | BG2: =$E$14*(1+$AS2) -> 0 | BH2: {=IF($F$14-$I$4+VLOOKUP($R2,武学奇术!$A:$ZZ,15,FALSE)+SUM(_xlfn.XLOOKUP(S2:AG2,增益!$A:$A,增益!$O:$O,0))>0,($F$14-$I$4+VLOOKUP($R2,武学奇术!$A:$ZZ,15,FALSE)+SUM(_xlfn.XLOOKUP(S2:AG2,增益!$A:$A,增益!$O:$O,0)))/200,($F$14-$I$4+VLOOKUP($R2,武学奇术!$A:$ZZ,15,FALSE)+SUM(_xlfn.XLOOKUP(S2:AG2,增益!$A:$A,增益!$O:$O,0)))/100)} -> -0.3 | BI2: {=$G$14+VLOOKUP($R2,武学奇术!$A:$ZZ,16,FALSE)+SUM(_xlfn.XLOOKUP(S2:AG2,增益!$A:$A,增益!$P:$P,0))} -> 0 | BJ2: =MIN(IF(VLOOKUP($R2,武学奇术!$A:$ZZ,23,FALSE)=1,100%,$B$8),100%) -> 0.8229 | BK2: {=IF(VLOOKUP($R2,武学奇术!$A:$ZZ,23,FALSE)=1,100%,MIN(80%,$B$9+VLOOKUP($R2,武学奇术!$A:$ZZ,17,FALSE)+SUM(_xlfn.XLOOKUP(S2:AG2,增益!$A:$A,增益!$Q:$Q,0)))+$B$11+SUM(_xlfn.XLOOKUP(S2:AG2,增益!$A:$A,增益!$U:$U,0)))*IF(VLOOKUP($R2,武学奇术!$A:$ZZ,24,FALSE)=1,0,1)} -> 0.2285 | BL2: {=1+$B$13+VLOOKUP($R2,武学奇术!$A:$ZZ,18,FALSE)+SUM(_xlfn.XLOOKUP(S2:AG2,增益!$A:$A,增益!$R:$R,0))} -> 1.5 | BM2: {=IF(VLOOKUP($R2,武学奇术!$A:$ZZ,24,FALSE)=1,100%,MIN(40%,$B$10+VLOOKUP($R2,武学奇术!$A:$ZZ,19,FALSE)+SUM(_xlfn.XLOOKUP(S2:AG2,增益!$A:$A,增益!$S:$S,0)))+$B$12+SUM(_xlfn.XLOOKUP(S2:AG2,增益!$A:$A,增益!$V:$V,0)))*IF(VLOOKUP($R2,武学奇术!$A:$ZZ,23,FALSE)=1,0,1)} -> 0.4195 | BN2: {=1+$B$14+VLOOKUP($R2,武学奇术!$A:$ZZ,20,FALSE)+SUM(_xlfn.XLOOKUP(S2:AG2,增益!$A:$A,增益!$T:$T,0))} -> 1.412 | BO2: =MIN((1-BM2)*BJ2,BJ2*BK2) -> 0.18803265 | BP2: =1-BM2-BO2-BQ2 -> 0.2896608 | BQ2: =IF(VLOOKUP($R2,武学奇术!$A:$ZZ,22,FALSE)=1,0,(1-$BJ2))*(1-$BM2) -> 0.10280655 | BR2: {=SUM(_xlfn.XLOOKUP(S2:AG2,增益!$A:$A,增益!$W:$W,0))+$I$5} -> 0.06
A3: 鸣金 | B3: 539 | C3: 1079 | D3: 30 | E3: 0.15 | F3: 通用增伤 | G3: =B16+1.5%+IF($D$16="√",8%,0) -> 0.1842 | H3: 外抗 | I3: =25-IF(D17="√",10,0)-IF(F17="√",10,0) -> 15 | K3: =$L3*VLOOKUP($R3,武学奇术!$A:$ZZ,31,FALSE) -> 41238.373 | L3: =($M3*$BO3+$N3*$BM3+$O3*$BP3+$P3*$BQ3) -> 41238.373 | M3: =((($AO3+$AP3)/2*$AI3+$AJ3)*(1+$AQ3)*(1+$AR3)+(($AT3+$AU3)/2*IF($G$1="鸣金",$AK3,$AI3)+IF($G$1="鸣金",$AL3*1.5,0))*(1+$AV3)*(1+$AW3)+(($AX3+$AY3)/2*IF($G$1="裂石",$AK3,$AI3)+IF($G$1="裂石",$AL3*1.5,0))*(1+$AZ3)*(1+$BA3)+(($BB3+$BC3)/2*IF($G$1="牵丝",$AK3,$AI3)+IF($G$1="牵丝",$AL3*1.5,0))*(1+$BD3)*(1+$BE3)+(($BF3+$BG3)/2*IF($G$1="破竹",$AK3,$AI3)+IF($G$1="破竹",$AL3*1.5,0))*(1+$BH3)*(1+$BI3))*(1+$AM3)*$BL3*$Q3*(1+IF(VLOOKUP($R3,武学奇术!$A:$ZZ,30,FALSE)="流血",$B$21,0))*(1+$BR3) -> 41021.072 | N3: =(($AP3*$AI3+$AJ3)*(1+$AQ3)*(1+$AR3)+($AU3*IF($G$1="鸣金",$AK3,$AI3)+IF($G$1="鸣金",$AL3*1.5,0))*(1+$AV3)*(1+$AW3)+($AY3*IF($G$1="裂石",$AK3,$AI3)+IF($G$1="裂石",$AL3*1.5,0))*(1+$AZ3)*(1+$BA3)+($BC3*IF($G$1="牵丝",$AK3,$AI3)+IF($G$1="牵丝",$AL3*1.5,0))*(1+$BD3)*(1+$BE3)+($BG3*IF($G$1="破竹",$AK3,$AI3)+IF($G$1="破竹",$AL3*1.5,0))*(1+$BH3)*(1+$BI3))*(1+$AM3)*$BN3*$Q3*(1+IF(VLOOKUP($R3,武学奇术!$A:$ZZ,30,FALSE)="流血",$B$21,0))*(1+$BR3) -> 57632.409 | O3: =((($AO3+$AP3)/2*$AI3+$AJ3)*(1+$AQ3)*(1+$AR3)+(($AT3+$AU3)/2*IF($G$1="鸣金",$AK3,$AI3)+IF($G$1="鸣金",$AL3*1.5,0))*(1+$AV3)*(1+$AW3)+(($AX3+$AY3)/2*IF($G$1="裂石",$AK3,$AI3)+IF($G$1="裂石",$AL3*1.5,0))*(1+$AZ3)*(1+$BA3)+(($BB3+$BC3)/2*IF($G$1="牵丝",$AK3,$AI3)+IF($G$1="牵丝",$AL3*1.5,0))*(1+$BD3)*(1+$BE3)+(($BF3+$BG3)/2*IF($G$1="破竹",$AK3,$AI3)+IF($G$1="破竹",$AL3*1.5,0))*(1+$BH3)*(1+$BI3))*(1+$AM3)*$Q3*(1+IF(VLOOKUP($R3,武学奇术!$A:$ZZ,30,FALSE)="流血",$B$21,0))*(1+$BR3) -> 27347.381 | P3: =((($AO3*$AI3+$AJ3)*(1+$AQ3)*(1+$AR3)+($AT3*IF($G$1="鸣金",$AK3,$AI3)+IF($G$1="鸣金",$AL3*1.5,0))*(1+$AV3)*(1+$AW3)+($AX3*IF($G$1="裂石",$AK3,$AI3)+IF($G$1="裂石",$AL3*1.5,0))*(1+$AZ3)*(1+$BA3)+($BB3*IF($G$1="牵丝",$AK3,$AI3)+IF($G$1="牵丝",$AL3*1.5,0))*(1+$BD3)*(1+$BE3)+($BF3*IF($G$1="破竹",$AK3,$AI3)+IF($G$1="破竹",$AL3*1.5,0))*(1+$BH3)*(1+$BI3))*(1+$AM3))*$Q3*(1+IF(VLOOKUP($R3,武学奇术!$A:$ZZ,30,FALSE)="流血",$B$21,0))*(1+$BR3) -> 13878.609 | Q3: 1 | R3: 枪Q | S3: 滴水 | T3: N/a | U3: N/a | V3: N/a | W3: N/a | X3: 易水歌1层 | Y3: N/a | Z3: N/a | AA3: 惧刃(拐) | AB3: 裁云(拐) | AC3: 扶风(拐) | AD3: 离猎(拐) | AE3: N/a | AF3: 近战笛 | AG3: 秋瞑帖1层 | AH3: =VLOOKUP($R3,武学奇术!$A:$ZZ,25,FALSE) -> 枪 | AI3: =VLOOKUP($R3,武学奇术!$A:$ZZ,26,FALSE) -> 2.1401 | AJ3: =VLOOKUP($R3,武学奇术!$A:$ZZ,27,FALSE)*(1+IF(OR($AH3=$F$4,$AH3=$F$5),$B$22,0)) -> 882 | AK3: =VLOOKUP($R3,武学奇术!$A:$ZZ,28,FALSE) -> 3.2101 | AL3: =VLOOKUP($R3,武学奇术!$A:$ZZ,29,FALSE)*(1+IF(OR($AH3=$F$4,$AH3=$F$5),$B$22,0)) -> 480 | AM3: {=$G$3+IFERROR(VLOOKUP($AH3,$F$4:$G$7,2,FALSE),0)+VLOOKUP($R3,武学奇术!$A:$ZZ,2,FALSE)+SUM(_xlfn.XLOOKUP($S3:$AG3,增益!$A:$A,增益!$B:$B,0))} -> 0.3989 | AN3: {=VLOOKUP($R3,武学奇术!$A:$ZZ,5,FALSE)+SUM(_xlfn.XLOOKUP($S3:$AG3,增益!$A:$A,增益!$E:$E,0))} -> 0 | AO3: {=$D$10*(1+$AN3)+VLOOKUP($R3,武学奇术!$A:$ZZ,3,FALSE)+SUM(_xlfn.XLOOKUP($S3:$AG3,增益!$A:$A,增益!$C:$C,0))-$I$2} -> 1831.48 | AP3: {=$E$10*(1+$AN3)+VLOOKUP($R3,武学奇术!$A:$ZZ,4,FALSE)+SUM(_xlfn.XLOOKUP($S3:$AG3,增益!$A:$A,增益!$D:$D,0))-$I$2} -> 7763.56 | AQ3: {=IF($F$10-$I$3+VLOOKUP($R3,武学奇术!$A:$ZZ,6,FALSE)+SUM(_xlfn.XLOOKUP(S3:AG3,增益!$A:$A,增益!$F:$F,0))>0,($F$10-$I$3+VLOOKUP($R3,武学奇术!$A:$ZZ,6,FALSE)+SUM(_xlfn.XLOOKUP(S3:AG3,增益!$A:$A,增益!$F:$F,0)))/200,($F$10-$I$3+VLOOKUP($R3,武学奇术!$A:$ZZ,6,FALSE)+SUM(_xlfn.XLOOKUP(S3:AG3,增益!$A:$A,增益!$F:$F,0)))/100)} -> 0.254 | AR3: {=$G$10+VLOOKUP($R3,武学奇术!$A:$ZZ,7,FALSE)+SUM(_xlfn.XLOOKUP(S3:AG3,增益!$A:$A,增益!$G:$G,0))} -> 0 | AS3: {=VLOOKUP($R3,武学奇术!$A:$ZZ,8,FALSE)+SUM(_xlfn.XLOOKUP(S3:AG3,增益!$A:$A,增益!$H:$H,0))} -> 0 | AT3: =$D$11*(1+$AS3) -> 680.02 | AU3: =$E$11*(1+$AS3) -> 1288.54 | AV3: {=IF($F$11-$I$4+VLOOKUP($R3,武学奇术!$A:$ZZ,9,FALSE)+SUM(_xlfn.XLOOKUP(S3:AG3,增益!$A:$A,增益!$I:$I,0))>0,($F$11-$I$4+VLOOKUP($R3,武学奇术!$A:$ZZ,9,FALSE)+SUM(_xlfn.XLOOKUP(S3:AG3,增益!$A:$A,增益!$I:$I,0)))/200,($F$11-$I$4+VLOOKUP($R3,武学奇术!$A:$ZZ,9,FALSE)+SUM(_xlfn.XLOOKUP(S3:AG3,增益!$A:$A,增益!$I:$I,0)))/100)} -> 0 | AW3: {=$G$11+VLOOKUP($R3,武学奇术!$A:$ZZ,10,FALSE)+SUM(_xlfn.XLOOKUP(S3:AG3,增益!$A:$A,增益!$J:$J,0))} -> 0.15 | AX3: =$D$12*(1+$AS3) -> 0 | AY3: =$E$12*(1+$AS3) -> 0 | AZ3: {=IF($F$12-$I$4+VLOOKUP($R3,武学奇术!$A:$ZZ,11,FALSE)+SUM(_xlfn.XLOOKUP(S3:AG3,增益!$A:$A,增益!$K:$K,0))>0,($F$12-$I$4+VLOOKUP($R3,武学奇术!$A:$ZZ,11,FALSE)+SUM(_xlfn.XLOOKUP(S3:AG3,增益!$A:$A,增益!$K:$K,0)))/200,($F$12-$I$4+VLOOKUP($R3,武学奇术!$A:$ZZ,11,FALSE)+SUM(_xlfn.XLOOKUP(S3:AG3,增益!$A:$A,增益!$K:$K,0)))/100)} -> -0.3 | BA3: {=$G$12+VLOOKUP($R3,武学奇术!$A:$ZZ,12,FALSE)+SUM(_xlfn.XLOOKUP(S3:AG3,增益!$A:$A,增益!$L:$L,0))} -> 0 | BB3: =$D$13*(1+$AS3) -> 0 | BC3: =$E$13*(1+$AS3) -> 0 | BD3: {=IF($F$13-$I$4+VLOOKUP($R3,武学奇术!$A:$ZZ,13,FALSE)+SUM(_xlfn.XLOOKUP(S3:AG3,增益!$A:$A,增益!$M:$M,0))>0,($F$13-$I$4+VLOOKUP($R3,武学奇术!$A:$ZZ,13,FALSE)+SUM(_xlfn.XLOOKUP(S3:AG3,增益!$A:$A,增益!$K:$K,0)))/200,($F$13-$I$4+VLOOKUP($R3,武学奇术!$A:$ZZ,13,FALSE)+SUM(_xlfn.XLOOKUP(S3:AG3,增益!$A:$A,增益!$M:$M,0)))/100)} -> -0.3 | BE3: {=$G$13+VLOOKUP($R3,武学奇术!$A:$ZZ,14,FALSE)+SUM(_xlfn.XLOOKUP(S3:AG3,增益!$A:$A,增益!$N:$N,0))} -> 0 | BF3: =$D$14*(1+$AS3) -> 0 | BG3: =$E$14*(1+$AS3) -> 0 | BH3: {=IF($F$14-$I$4+VLOOKUP($R3,武学奇术!$A:$ZZ,15,FALSE)+SUM(_xlfn.XLOOKUP(S3:AG3,增益!$A:$A,增益!$O:$O,0))>0,($F$14-$I$4+VLOOKUP($R3,武学奇术!$A:$ZZ,15,FALSE)+SUM(_xlfn.XLOOKUP(S3:AG3,增益!$A:$A,增益!$O:$O,0)))/200,($F$14-$I$4+VLOOKUP($R3,武学奇术!$A:$ZZ,15,FALSE)+SUM(_xlfn.XLOOKUP(S3:AG3,增益!$A:$A,增益!$O:$O,0)))/100)} -> -0.3 | BI3: {=$G$14+VLOOKUP($R3,武学奇术!$A:$ZZ,16,FALSE)+SUM(_xlfn.XLOOKUP(S3:AG3,增益!$A:$A,增益!$P:$P,0))} -> 0 | BJ3: =MIN(IF(VLOOKUP($R3,武学奇术!$A:$ZZ,23,FALSE)=1,100%,$B$8),100%) -> 0.8229 | BK3: {=IF(VLOOKUP($R3,武学奇术!$A:$ZZ,23,FALSE)=1,100%,MIN(80%,$B$9+VLOOKUP($R3,武学奇术!$A:$ZZ,17,FALSE)+SUM(_xlfn.XLOOKUP(S3:AG3,增益!$A:$A,增益!$Q:$Q,0)))+$B$11+SUM(_xlfn.XLOOKUP(S3:AG3,增益!$A:$A,增益!$U:$U,0)))*IF(VLOOKUP($R3,武学奇术!$A:$ZZ,24,FALSE)=1,0,1)} -> 0.2285 | BL3: {=1+$B$13+VLOOKUP($R3,武学奇术!$A:$ZZ,18,FALSE)+SUM(_xlfn.XLOOKUP(S3:AG3,增益!$A:$A,增益!$R:$R,0))} -> 1.5 | BM3: {=IF(VLOOKUP($R3,武学奇术!$A:$ZZ,24,FALSE)=1,100%,MIN(40%,$B$10+VLOOKUP($R3,武学奇术!$A:$ZZ,19,FALSE)+SUM(_xlfn.XLOOKUP(S3:AG3,增益!$A:$A,增益!$S:$S,0)))+$B$12+SUM(_xlfn.XLOOKUP(S3:AG3,增益!$A:$A,增益!$V:$V,0)))*IF(VLOOKUP($R3,武学奇术!$A:$ZZ,23,FALSE)=1,0,1)} -> 0.4195 | BN3: {=1+$B$14+VLOOKUP($R3,武学奇术!$A:$ZZ,20,FALSE)+SUM(_xlfn.XLOOKUP(S3:AG3,增益!$A:$A,增益!$T:$T,0))} -> 1.412 | BO3: =MIN((1-BM3)*BJ3,BJ3*BK3) -> 0.18803265 | BP3: =1-BM3-BO3-BQ3 -> 0.2896608 | BQ3: =IF(VLOOKUP($R3,武学奇术!$A:$ZZ,22,FALSE)=1,0,(1-$BJ3))*(1-$BM3) -> 0.10280655 | BR3: {=SUM(_xlfn.XLOOKUP(S3:AG3,增益!$A:$A,增益!$W:$W,0))+$I$5} -> 0.06
A4: 裂石 | F4: 剑 | G4: =B15+B17 -> 0.1699 | H4: 属抗 | I4: =30 -> 30 | K4: =$L4*VLOOKUP($R4,武学奇术!$A:$ZZ,31,FALSE) -> 31729.418 | L4: =($M4*$BO4+$N4*$BM4+$O4*$BP4+$P4*$BQ4) -> 31729.418 | M4: =((($AO4+$AP4)/2*$AI4+$AJ4)*(1+$AQ4)*(1+$AR4)+(($AT4+$AU4)/2*IF($G$1="鸣金",$AK4,$AI4)+IF($G$1="鸣金",$AL4*1.5,0))*(1+$AV4)*(1+$AW4)+(($AX4+$AY4)/2*IF($G$1="裂石",$AK4,$AI4)+IF($G$1="裂石",$AL4*1.5,0))*(1+$AZ4)*(1+$BA4)+(($BB4+$BC4)/2*IF($G$1="牵丝",$AK4,$AI4)+IF($G$1="牵丝",$AL4*1.5,0))*(1+$BD4)*(1+$BE4)+(($BF4+$BG4)/2*IF($G$1="破竹",$AK4,$AI4)+IF($G$1="破竹",$AL4*1.5,0))*(1+$BH4)*(1+$BI4))*(1+$AM4)*$BL4*$Q4*(1+IF(VLOOKUP($R4,武学奇术!$A:$ZZ,30,FALSE)="流血",$B$21,0))*(1+$BR4) -> 31430.249 | N4: =(($AP4*$AI4+$AJ4)*(1+$AQ4)*(1+$AR4)+($AU4*IF($G$1="鸣金",$AK4,$AI4)+IF($G$1="鸣金",$AL4*1.5,0))*(1+$AV4)*(1+$AW4)+($AY4*IF($G$1="裂石",$AK4,$AI4)+IF($G$1="裂石",$AL4*1.5,0))*(1+$AZ4)*(1+$BA4)+($BC4*IF($G$1="牵丝",$AK4,$AI4)+IF($G$1="牵丝",$AL4*1.5,0))*(1+$BD4)*(1+$BE4)+($BG4*IF($G$1="破竹",$AK4,$AI4)+IF($G$1="破竹",$AL4*1.5,0))*(1+$BH4)*(1+$BI4))*(1+$AM4)*$BN4*$Q4*(1+IF(VLOOKUP($R4,武学奇术!$A:$ZZ,30,FALSE)="流血",$B$21,0))*(1+$BR4) -> 44474.818 | O4: =((($AO4+$AP4)/2*$AI4+$AJ4)*(1+$AQ4)*(1+$AR4)+(($AT4+$AU4)/2*IF($G$1="鸣金",$AK4,$AI4)+IF($G$1="鸣金",$AL4*1.5,0))*(1+$AV4)*(1+$AW4)+(($AX4+$AY4)/2*IF($G$1="裂石",$AK4,$AI4)+IF($G$1="裂石",$AL4*1.5,0))*(1+$AZ4)*(1+$BA4)+(($BB4+$BC4)/2*IF($G$1="牵丝",$AK4,$AI4)+IF($G$1="牵丝",$AL4*1.5,0))*(1+$BD4)*(1+$BE4)+(($BF4+$BG4)/2*IF($G$1="破竹",$AK4,$AI4)+IF($G$1="破竹",$AL4*1.5,0))*(1+$BH4)*(1+$BI4))*(1+$AM4)*$Q4*(1+IF(VLOOKUP($R4,武学奇术!$A:$ZZ,30,FALSE)="流血",$B$21,0))*(1+$BR4) -> 20953.499 | P4: =((($AO4*$AI4+$AJ4)*(1+$AQ4)*(1+$AR4)+($AT4*IF($G$1="鸣金",$AK4,$AI4)+IF($G$1="鸣金",$AL4*1.5,0))*(1+$AV4)*(1+$AW4)+($AX4*IF($G$1="裂石",$AK4,$AI4)+IF($G$1="裂石",$AL4*1.5,0))*(1+$AZ4)*(1+$BA4)+($BB4*IF($G$1="牵丝",$AK4,$AI4)+IF($G$1="牵丝",$AL4*1.5,0))*(1+$BD4)*(1+$BE4)+($BF4*IF($G$1="破竹",$AK4,$AI4)+IF($G$1="破竹",$AL4*1.5,0))*(1+$BH4)*(1+$BI4))*(1+$AM4))*$Q4*(1+IF(VLOOKUP($R4,武学奇术!$A:$ZZ,30,FALSE)="流血",$B$21,0))*(1+$BR4) -> 10630.756 | Q4: 1 | R4: 剑～ | S4: 强效江流 | T4: N/a | U4: N/a | V4: N/a | W4: N/a | X4: 易水歌2层 | Y4: N/a | Z4: N/a | AA4: 惧刃(拐) | AB4: 裁云(拐) | AC4: 烁鼓(拐) | AD4: 离猎(拐) | AE4: 伞增(拐) | AF4: 近战笛 | AG4: 秋瞑帖2层 | AH4: =VLOOKUP($R4,武学奇术!$A:$ZZ,25,FALSE) -> 剑 | AI4: =VLOOKUP($R4,武学奇术!$A:$ZZ,26,FALSE) -> 1.1781 | AJ4: =VLOOKUP($R4,武学奇术!$A:$ZZ,27,FALSE)*(1+IF(OR($AH4=$F$4,$AH4=$F$5),$B$22,0)) -> 489 | AK4: =VLOOKUP($R4,武学奇术!$A:$ZZ,28,FALSE) -> 1.7672 | AL4: =VLOOKUP($R4,武学奇术!$A:$ZZ,29,FALSE)*(1+IF(OR($AH4=$F$4,$AH4=$F$5),$B$22,0)) -> 265.5 | AM4: {=$G$3+IFERROR(VLOOKUP($AH4,$F$4:$G$7,2,FALSE),0)+VLOOKUP($R4,武学奇术!$A:$ZZ,2,FALSE)+SUM(_xlfn.XLOOKUP($S4:$AG4,增益!$A:$A,增益!$B:$B,0))} -> 0.9341 | AN4: {=VLOOKUP($R4,武学奇术!$A:$ZZ,5,FALSE)+SUM(_xlfn.XLOOKUP($S4:$AG4,增益!$A:$A,增益!$E:$E,0))} -> 0 | AO4: {=$D$10*(1+$AN4)+VLOOKUP($R4,武学奇术!$A:$ZZ,3,FALSE)+SUM(_xlfn.XLOOKUP($S4:$AG4,增益!$A:$A,增益!$C:$C,0))-$I$2} -> 1831.48 | AP4: {=$E$10*(1+$AN4)+VLOOKUP($R4,武学奇术!$A:$ZZ,4,FALSE)+SUM(_xlfn.XLOOKUP($S4:$AG4,增益!$A:$A,增益!$D:$D,0))-$I$2} -> 7763.56 | AQ4: {=IF($F$10-$I$3+VLOOKUP($R4,武学奇术!$A:$ZZ,6,FALSE)+SUM(_xlfn.XLOOKUP(S4:AG4,增益!$A:$A,增益!$F:$F,0))>0,($F$10-$I$3+VLOOKUP($R4,武学奇术!$A:$ZZ,6,FALSE)+SUM(_xlfn.XLOOKUP(S4:AG4,增益!$A:$A,增益!$F:$F,0)))/200,($F$10-$I$3+VLOOKUP($R4,武学奇术!$A:$ZZ,6,FALSE)+SUM(_xlfn.XLOOKUP(S4:AG4,增益!$A:$A,增益!$F:$F,0)))/100)} -> 0.264 | AR4: {=$G$10+VLOOKUP($R4,武学奇术!$A:$ZZ,7,FALSE)+SUM(_xlfn.XLOOKUP(S4:AG4,增益!$A:$A,增益!$G:$G,0))} -> 0 | AS4: {=VLOOKUP($R4,武学奇术!$A:$ZZ,8,FALSE)+SUM(_xlfn.XLOOKUP(S4:AG4,增益!$A:$A,增益!$H:$H,0))} -> 0 | AT4: =$D$11*(1+$AS4) -> 680.02 | AU4: =$E$11*(1+$AS4) -> 1288.54 | AV4: {=IF($F$11-$I$4+VLOOKUP($R4,武学奇术!$A:$ZZ,9,FALSE)+SUM(_xlfn.XLOOKUP(S4:AG4,增益!$A:$A,增益!$I:$I,0))>0,($F$11-$I$4+VLOOKUP($R4,武学奇术!$A:$ZZ,9,FALSE)+SUM(_xlfn.XLOOKUP(S4:AG4,增益!$A:$A,增益!$I:$I,0)))/200,($F$11-$I$4+VLOOKUP($R4,武学奇术!$A:$ZZ,9,FALSE)+SUM(_xlfn.XLOOKUP(S4:AG4,增益!$A:$A,增益!$I:$I,0)))/100)} -> 0 | AW4: {=$G$11+VLOOKUP($R4,武学奇术!$A:$ZZ,10,FALSE)+SUM(_xlfn.XLOOKUP(S4:AG4,增益!$A:$A,增益!$J:$J,0))} -> 0.15 | AX4: =$D$12*(1+$AS4) -> 0 | AY4: =$E$12*(1+$AS4) -> 0 | AZ4: {=IF($F$12-$I$4+VLOOKUP($R4,武学奇术!$A:$ZZ,11,FALSE)+SUM(_xlfn.XLOOKUP(S4:AG4,增益!$A:$A,增益!$K:$K,0))>0,($F$12-$I$4+VLOOKUP($R4,武学奇术!$A:$ZZ,11,FALSE)+SUM(_xlfn.XLOOKUP(S4:AG4,增益!$A:$A,增益!$K:$K,0)))/200,($F$12-$I$4+VLOOKUP($R4,武学奇术!$A:$ZZ,11,FALSE)+SUM(_xlfn.XLOOKUP(S4:AG4,增益!$A:$A,增益!$K:$K,0)))/100)} -> -0.3 | BA4: {=$G$12+VLOOKUP($R4,武学奇术!$A:$ZZ,12,FALSE)+SUM(_xlfn.XLOOKUP(S4:AG4,增益!$A:$A,增益!$L:$L,0))} -> 0 | BB4: =$D$13*(1+$AS4) -> 0 | BC4: =$E$13*(1+$AS4) -> 0 | BD4: {=IF($F$13-$I$4+VLOOKUP($R4,武学奇术!$A:$ZZ,13,FALSE)+SUM(_xlfn.XLOOKUP(S4:AG4,增益!$A:$A,增益!$M:$M,0))>0,($F$13-$I$4+VLOOKUP($R4,武学奇术!$A:$ZZ,13,FALSE)+SUM(_xlfn.XLOOKUP(S4:AG4,增益!$A:$A,增益!$K:$K,0)))/200,($F$13-$I$4+VLOOKUP($R4,武学奇术!$A:$ZZ,13,FALSE)+SUM(_xlfn.XLOOKUP(S4:AG4,增益!$A:$A,增益!$M:$M,0)))/100)} -> -0.3 | BE4: {=$G$13+VLOOKUP($R4,武学奇术!$A:$ZZ,14,FALSE)+SUM(_xlfn.XLOOKUP(S4:AG4,增益!$A:$A,增益!$N:$N,0))} -> 0 | BF4: =$D$14*(1+$AS4) -> 0 | BG4: =$E$14*(1+$AS4) -> 0 | BH4: {=IF($F$14-$I$4+VLOOKUP($R4,武学奇术!$A:$ZZ,15,FALSE)+SUM(_xlfn.XLOOKUP(S4:AG4,增益!$A:$A,增益!$O:$O,0))>0,($F$14-$I$4+VLOOKUP($R4,武学奇术!$A:$ZZ,15,FALSE)+SUM(_xlfn.XLOOKUP(S4:AG4,增益!$A:$A,增益!$O:$O,0)))/200,($F$14-$I$4+VLOOKUP($R4,武学奇术!$A:$ZZ,15,FALSE)+SUM(_xlfn.XLOOKUP(S4:AG4,增益!$A:$A,增益!$O:$O,0)))/100)} -> -0.3 | BI4: {=$G$14+VLOOKUP($R4,武学奇术!$A:$ZZ,16,FALSE)+SUM(_xlfn.XLOOKUP(S4:AG4,增益!$A:$A,增益!$P:$P,0))} -> 0 | BJ4: =MIN(IF(VLOOKUP($R4,武学奇术!$A:$ZZ,23,FALSE)=1,100%,$B$8),100%) -> 0.8229 | BK4: {=IF(VLOOKUP($R4,武学奇术!$A:$ZZ,23,FALSE)=1,100%,MIN(80%,$B$9+VLOOKUP($R4,武学奇术!$A:$ZZ,17,FALSE)+SUM(_xlfn.XLOOKUP(S4:AG4,增益!$A:$A,增益!$Q:$Q,0)))+$B$11+SUM(_xlfn.XLOOKUP(S4:AG4,增益!$A:$A,增益!$U:$U,0)))*IF(VLOOKUP($R4,武学奇术!$A:$ZZ,24,FALSE)=1,0,1)} -> 0.2285 | BL4: {=1+$B$13+VLOOKUP($R4,武学奇术!$A:$ZZ,18,FALSE)+SUM(_xlfn.XLOOKUP(S4:AG4,增益!$A:$A,增益!$R:$R,0))} -> 1.5 | BM4: {=IF(VLOOKUP($R4,武学奇术!$A:$ZZ,24,FALSE)=1,100%,MIN(40%,$B$10+VLOOKUP($R4,武学奇术!$A:$ZZ,19,FALSE)+SUM(_xlfn.XLOOKUP(S4:AG4,增益!$A:$A,增益!$S:$S,0)))+$B$12+SUM(_xlfn.XLOOKUP(S4:AG4,增益!$A:$A,增益!$V:$V,0)))*IF(VLOOKUP($R4,武学奇术!$A:$ZZ,23,FALSE)=1,0,1)} -> 0.4195 | BN4: {=1+$B$14+VLOOKUP($R4,武学奇术!$A:$ZZ,20,FALSE)+SUM(_xlfn.XLOOKUP(S4:AG4,增益!$A:$A,增益!$T:$T,0))} -> 1.422 | BO4: =MIN((1-BM4)*BJ4,BJ4*BK4) -> 0.18803265 | BP4: =1-BM4-BO4-BQ4 -> 0.2896608 | BQ4: =IF(VLOOKUP($R4,武学奇术!$A:$ZZ,22,FALSE)=1,0,(1-$BJ4))*(1-$BM4) -> 0.10280655 | BR4: {=SUM(_xlfn.XLOOKUP(S4:AG4,增益!$A:$A,增益!$W:$W,0))+$I$5} -> 0.06
A5: 牵丝 | F5: 枪 | G5: =B15+B18 -> 0.0847 | H5: 副本天赋 | I5: 0.06 | K5: =$L5*VLOOKUP($R5,武学奇术!$A:$ZZ,31,FALSE) -> 83685.736 | L5: =($M5*$BO5+$N5*$BM5+$O5*$BP5+$P5*$BQ5) -> 139476.23 | M5: =((($AO5+$AP5)/2*$AI5+$AJ5)*(1+$AQ5)*(1+$AR5)+(($AT5+$AU5)/2*IF($G$1="鸣金",$AK5,$AI5)+IF($G$1="鸣金",$AL5*1.5,0))*(1+$AV5)*(1+$AW5)+(($AX5+$AY5)/2*IF($G$1="裂石",$AK5,$AI5)+IF($G$1="裂石",$AL5*1.5,0))*(1+$AZ5)*(1+$BA5)+(($BB5+$BC5)/2*IF($G$1="牵丝",$AK5,$AI5)+IF($G$1="牵丝",$AL5*1.5,0))*(1+$BD5)*(1+$BE5)+(($BF5+$BG5)/2*IF($G$1="破竹",$AK5,$AI5)+IF($G$1="破竹",$AL5*1.5,0))*(1+$BH5)*(1+$BI5))*(1+$AM5)*$BL5*$Q5*(1+IF(VLOOKUP($R5,武学奇术!$A:$ZZ,30,FALSE)="流血",$B$21,0))*(1+$BR5) -> 117759.87 | N5: =(($AP5*$AI5+$AJ5)*(1+$AQ5)*(1+$AR5)+($AU5*IF($G$1="鸣金",$AK5,$AI5)+IF($G$1="鸣金",$AL5*1.5,0))*(1+$AV5)*(1+$AW5)+($AY5*IF($G$1="裂石",$AK5,$AI5)+IF($G$1="裂石",$AL5*1.5,0))*(1+$AZ5)*(1+$BA5)+($BC5*IF($G$1="牵丝",$AK5,$AI5)+IF($G$1="牵丝",$AL5*1.5,0))*(1+$BD5)*(1+$BE5)+($BG5*IF($G$1="破竹",$AK5,$AI5)+IF($G$1="破竹",$AL5*1.5,0))*(1+$BH5)*(1+$BI5))*(1+$AM5)*$BN5*$Q5*(1+IF(VLOOKUP($R5,武学奇术!$A:$ZZ,30,FALSE)="流血",$B$21,0))*(1+$BR5) -> 207087.69 | O5: =((($AO5+$AP5)/2*$AI5+$AJ5)*(1+$AQ5)*(1+$AR5)+(($AT5+$AU5)/2*IF($G$1="鸣金",$AK5,$AI5)+IF($G$1="鸣金",$AL5*1.5,0))*(1+$AV5)*(1+$AW5)+(($AX5+$AY5)/2*IF($G$1="裂石",$AK5,$AI5)+IF($G$1="裂石",$AL5*1.5,0))*(1+$AZ5)*(1+$BA5)+(($BB5+$BC5)/2*IF($G$1="牵丝",$AK5,$AI5)+IF($G$1="牵丝",$AL5*1.5,0))*(1+$BD5)*(1+$BE5)+(($BF5+$BG5)/2*IF($G$1="破竹",$AK5,$AI5)+IF($G$1="破竹",$AL5*1.5,0))*(1+$BH5)*(1+$BI5))*(1+$AM5)*$Q5*(1+IF(VLOOKUP($R5,武学奇术!$A:$ZZ,30,FALSE)="流血",$B$21,0))*(1+$BR5) -> 78506.581 | P5: =((($AO5*$AI5+$AJ5)*(1+$AQ5)*(1+$AR5)+($AT5*IF($G$1="鸣金",$AK5,$AI5)+IF($G$1="鸣金",$AL5*1.5,0))*(1+$AV5)*(1+$AW5)+($AX5*IF($G$1="裂石",$AK5,$AI5)+IF($G$1="裂石",$AL5*1.5,0))*(1+$AZ5)*(1+$BA5)+($BB5*IF($G$1="牵丝",$AK5,$AI5)+IF($G$1="牵丝",$AL5*1.5,0))*(1+$BD5)*(1+$BE5)+($BF5*IF($G$1="破竹",$AK5,$AI5)+IF($G$1="破竹",$AL5*1.5,0))*(1+$BH5)*(1+$BI5))*(1+$AM5))*$Q5*(1+IF(VLOOKUP($R5,武学奇术!$A:$ZZ,30,FALSE)="流血",$B$21,0))*(1+$BR5) -> 35340.022 | Q5: 1 | R5: 爆血(剑) | S5: 强效江流 | T5: 看破(持续) | U5: 惊神5 | V5: 纵横剑意 | W5: N/a | X5: 易水歌2层 | Y5: N/a | Z5: N/a | AA5: 惧刃(拐) | AB5: 裁云(拐) | AC5: 烁鼓(拐) | AD5: 离猎(拐) | AE5: 伞增(拐) | AF5: 近战笛 | AG5: 秋瞑帖2层 | AH5: =VLOOKUP($R5,武学奇术!$A:$ZZ,25,FALSE) -> 剑 | AI5: =VLOOKUP($R5,武学奇术!$A:$ZZ,26,FALSE) -> 2.52 | AJ5: =VLOOKUP($R5,武学奇术!$A:$ZZ,27,FALSE)*(1+IF(OR($AH5=$F$4,$AH5=$F$5),$B$22,0)) -> 0 | AK5: =VLOOKUP($R5,武学奇术!$A:$ZZ,28,FALSE) -> 3.78 | AL5: =VLOOKUP($R5,武学奇术!$A:$ZZ,29,FALSE)*(1+IF(OR($AH5=$F$4,$AH5=$F$5),$B$22,0)) -> 0 | AM5: {=$G$3+IFERROR(VLOOKUP($AH5,$F$4:$G$7,2,FALSE),0)+VLOOKUP($R5,武学奇术!$A:$ZZ,2,FALSE)+SUM(_xlfn.XLOOKUP($S5:$AG5,增益!$A:$A,增益!$B:$B,0))} -> 1.6991 | AN5: {=VLOOKUP($R5,武学奇术!$A:$ZZ,5,FALSE)+SUM(_xlfn.XLOOKUP($S5:$AG5,增益!$A:$A,增益!$E:$E,0))} -> 0 | AO5: {=$D$10*(1+$AN5)+VLOOKUP($R5,武学奇术!$A:$ZZ,3,FALSE)+SUM(_xlfn.XLOOKUP($S5:$AG5,增益!$A:$A,增益!$C:$C,0))-$I$2} -> 1831.48 | AP5: {=$E$10*(1+$AN5)+VLOOKUP($R5,武学奇术!$A:$ZZ,4,FALSE)+SUM(_xlfn.XLOOKUP($S5:$AG5,增益!$A:$A,增益!$D:$D,0))-$I$2} -> 7763.56 | AQ5: {=IF($F$10-$I$3+VLOOKUP($R5,武学奇术!$A:$ZZ,6,FALSE)+SUM(_xlfn.XLOOKUP(S5:AG5,增益!$A:$A,增益!$F:$F,0))>0,($F$10-$I$3+VLOOKUP($R5,武学奇术!$A:$ZZ,6,FALSE)+SUM(_xlfn.XLOOKUP(S5:AG5,增益!$A:$A,增益!$F:$F,0)))/200,($F$10-$I$3+VLOOKUP($R5,武学奇术!$A:$ZZ,6,FALSE)+SUM(_xlfn.XLOOKUP(S5:AG5,增益!$A:$A,增益!$F:$F,0)))/100)} -> 0.339 | AR5: {=$G$10+VLOOKUP($R5,武学奇术!$A:$ZZ,7,FALSE)+SUM(_xlfn.XLOOKUP(S5:AG5,增益!$A:$A,增益!$G:$G,0))} -> 0 | AS5: {=VLOOKUP($R5,武学奇术!$A:$ZZ,8,FALSE)+SUM(_xlfn.XLOOKUP(S5:AG5,增益!$A:$A,增益!$H:$H,0))} -> 0 | AT5: =$D$11*(1+$AS5) -> 680.02 | AU5: =$E$11*(1+$AS5) -> 1288.54 | AV5: {=IF($F$11-$I$4+VLOOKUP($R5,武学奇术!$A:$ZZ,9,FALSE)+SUM(_xlfn.XLOOKUP(S5:AG5,增益!$A:$A,增益!$I:$I,0))>0,($F$11-$I$4+VLOOKUP($R5,武学奇术!$A:$ZZ,9,FALSE)+SUM(_xlfn.XLOOKUP(S5:AG5,增益!$A:$A,增益!$I:$I,0)))/200,($F$11-$I$4+VLOOKUP($R5,武学奇术!$A:$ZZ,9,FALSE)+SUM(_xlfn.XLOOKUP(S5:AG5,增益!$A:$A,增益!$I:$I,0)))/100)} -> 0.075 | AW5: {=$G$11+VLOOKUP($R5,武学奇术!$A:$ZZ,10,FALSE)+SUM(_xlfn.XLOOKUP(S5:AG5,增益!$A:$A,增益!$J:$J,0))} -> 0.15 | AX5: =$D$12*(1+$AS5) -> 0 | AY5: =$E$12*(1+$AS5) -> 0 | AZ5: {=IF($F$12-$I$4+VLOOKUP($R5,武学奇术!$A:$ZZ,11,FALSE)+SUM(_xlfn.XLOOKUP(S5:AG5,增益!$A:$A,增益!$K:$K,0))>0,($F$12-$I$4+VLOOKUP($R5,武学奇术!$A:$ZZ,11,FALSE)+SUM(_xlfn.XLOOKUP(S5:AG5,增益!$A:$A,增益!$K:$K,0)))/200,($F$12-$I$4+VLOOKUP($R5,武学奇术!$A:$ZZ,11,FALSE)+SUM(_xlfn.XLOOKUP(S5:AG5,增益!$A:$A,增益!$K:$K,0)))/100)} -> -0.3 | BA5: {=$G$12+VLOOKUP($R5,武学奇术!$A:$ZZ,12,FALSE)+SUM(_xlfn.XLOOKUP(S5:AG5,增益!$A:$A,增益!$L:$L,0))} -> 0 | BB5: =$D$13*(1+$AS5) -> 0 | BC5: =$E$13*(1+$AS5) -> 0 | BD5: {=IF($F$13-$I$4+VLOOKUP($R5,武学奇术!$A:$ZZ,13,FALSE)+SUM(_xlfn.XLOOKUP(S5:AG5,增益!$A:$A,增益!$M:$M,0))>0,($F$13-$I$4+VLOOKUP($R5,武学奇术!$A:$ZZ,13,FALSE)+SUM(_xlfn.XLOOKUP(S5:AG5,增益!$A:$A,增益!$K:$K,0)))/200,($F$13-$I$4+VLOOKUP($R5,武学奇术!$A:$ZZ,13,FALSE)+SUM(_xlfn.XLOOKUP(S5:AG5,增益!$A:$A,增益!$M:$M,0)))/100)} -> -0.3 | BE5: {=$G$13+VLOOKUP($R5,武学奇术!$A:$ZZ,14,FALSE)+SUM(_xlfn.XLOOKUP(S5:AG5,增益!$A:$A,增益!$N:$N,0))} -> 0 | BF5: =$D$14*(1+$AS5) -> 0 | BG5: =$E$14*(1+$AS5) -> 0 | BH5: {=IF($F$14-$I$4+VLOOKUP($R5,武学奇术!$A:$ZZ,15,FALSE)+SUM(_xlfn.XLOOKUP(S5:AG5,增益!$A:$A,增益!$O:$O,0))>0,($F$14-$I$4+VLOOKUP($R5,武学奇术!$A:$ZZ,15,FALSE)+SUM(_xlfn.XLOOKUP(S5:AG5,增益!$A:$A,增益!$O:$O,0)))/200,($F$14-$I$4+VLOOKUP($R5,武学奇术!$A:$ZZ,15,FALSE)+SUM(_xlfn.XLOOKUP(S5:AG5,增益!$A:$A,增益!$O:$O,0)))/100)} -> -0.3 | BI5: {=$G$14+VLOOKUP($R5,武学奇术!$A:$ZZ,16,FALSE)+SUM(_xlfn.XLOOKUP(S5:AG5,增益!$A:$A,增益!$P:$P,0))} -> 0 | BJ5: =MIN(IF(VLOOKUP($R5,武学奇术!$A:$ZZ,23,FALSE)=1,100%,$B$8),100%) -> 0.8229 | BK5: {=IF(VLOOKUP($R5,武学奇术!$A:$ZZ,23,FALSE)=1,100%,MIN(80%,$B$9+VLOOKUP($R5,武学奇术!$A:$ZZ,17,FALSE)+SUM(_xlfn.XLOOKUP(S5:AG5,增益!$A:$A,增益!$Q:$Q,0)))+$B$11+SUM(_xlfn.XLOOKUP(S5:AG5,增益!$A:$A,增益!$U:$U,0)))*IF(VLOOKUP($R5,武学奇术!$A:$ZZ,24,FALSE)=1,0,1)} -> 0.2285 | BL5: {=1+$B$13+VLOOKUP($R5,武学奇术!$A:$ZZ,18,FALSE)+SUM(_xlfn.XLOOKUP(S5:AG5,增益!$A:$A,增益!$R:$R,0))} -> 1.5 | BM5: {=IF(VLOOKUP($R5,武学奇术!$A:$ZZ,24,FALSE)=1,100%,MIN(40%,$B$10+VLOOKUP($R5,武学奇术!$A:$ZZ,19,FALSE)+SUM(_xlfn.XLOOKUP(S5:AG5,增益!$A:$A,增益!$S:$S,0)))+$B$12+SUM(_xlfn.XLOOKUP(S5:AG5,增益!$A:$A,增益!$V:$V,0)))*IF(VLOOKUP($R5,武学奇术!$A:$ZZ,23,FALSE)=1,0,1)} -> 0.4495 | BN5: {=1+$B$14+VLOOKUP($R5,武学奇术!$A:$ZZ,20,FALSE)+SUM(_xlfn.XLOOKUP(S5:AG5,增益!$A:$A,增益!$T:$T,0))} -> 1.702 | BO5: =MIN((1-BM5)*BJ5,BJ5*BK5) -> 0.18803265 | BP5: =1-BM5-BO5-BQ5 -> 0.2649738 | BQ5: =IF(VLOOKUP($R5,武学奇术!$A:$ZZ,22,FALSE)=1,0,(1-$BJ5))*(1-$BM5) -> 0.09749355 | BR5: {=SUM(_xlfn.XLOOKUP(S5:AG5,增益!$A:$A,增益!$W:$W,0))+$I$5} -> 0.06
A6: 破竹 | F6: 单体奇术 | G6: =B19 -> 0.1338 | K6: =$L6*VLOOKUP($R6,武学奇术!$A:$ZZ,31,FALSE) -> 83685.736 | L6: =($M6*$BO6+$N6*$BM6+$O6*$BP6+$P6*$BQ6) -> 139476.23 | M6: =((($AO6+$AP6)/2*$AI6+$AJ6)*(1+$AQ6)*(1+$AR6)+(($AT6+$AU6)/2*IF($G$1="鸣金",$AK6,$AI6)+IF($G$1="鸣金",$AL6*1.5,0))*(1+$AV6)*(1+$AW6)+(($AX6+$AY6)/2*IF($G$1="裂石",$AK6,$AI6)+IF($G$1="裂石",$AL6*1.5,0))*(1+$AZ6)*(1+$BA6)+(($BB6+$BC6)/2*IF($G$1="牵丝",$AK6,$AI6)+IF($G$1="牵丝",$AL6*1.5,0))*(1+$BD6)*(1+$BE6)+(($BF6+$BG6)/2*IF($G$1="破竹",$AK6,$AI6)+IF($G$1="破竹",$AL6*1.5,0))*(1+$BH6)*(1+$BI6))*(1+$AM6)*$BL6*$Q6*(1+IF(VLOOKUP($R6,武学奇术!$A:$ZZ,30,FALSE)="流血",$B$21,0))*(1+$BR6) -> 117759.87 | N6: =(($AP6*$AI6+$AJ6)*(1+$AQ6)*(1+$AR6)+($AU6*IF($G$1="鸣金",$AK6,$AI6)+IF($G$1="鸣金",$AL6*1.5,0))*(1+$AV6)*(1+$AW6)+($AY6*IF($G$1="裂石",$AK6,$AI6)+IF($G$1="裂石",$AL6*1.5,0))*(1+$AZ6)*(1+$BA6)+($BC6*IF($G$1="牵丝",$AK6,$AI6)+IF($G$1="牵丝",$AL6*1.5,0))*(1+$BD6)*(1+$BE6)+($BG6*IF($G$1="破竹",$AK6,$AI6)+IF($G$1="破竹",$AL6*1.5,0))*(1+$BH6)*(1+$BI6))*(1+$AM6)*$BN6*$Q6*(1+IF(VLOOKUP($R6,武学奇术!$A:$ZZ,30,FALSE)="流血",$B$21,0))*(1+$BR6) -> 207087.69 | O6: =((($AO6+$AP6)/2*$AI6+$AJ6)*(1+$AQ6)*(1+$AR6)+(($AT6+$AU6)/2*IF($G$1="鸣金",$AK6,$AI6)+IF($G$1="鸣金",$AL6*1.5,0))*(1+$AV6)*(1+$AW6)+(($AX6+$AY6)/2*IF($G$1="裂石",$AK6,$AI6)+IF($G$1="裂石",$AL6*1.5,0))*(1+$AZ6)*(1+$BA6)+(($BB6+$BC6)/2*IF($G$1="牵丝",$AK6,$AI6)+IF($G$1="牵丝",$AL6*1.5,0))*(1+$BD6)*(1+$BE6)+(($BF6+$BG6)/2*IF($G$1="破竹",$AK6,$AI6)+IF($G$1="破竹",$AL6*1.5,0))*(1+$BH6)*(1+$BI6))*(1+$AM6)*$Q6*(1+IF(VLOOKUP($R6,武学奇术!$A:$ZZ,30,FALSE)="流血",$B$21,0))*(1+$BR6) -> 78506.581 | P6: =((($AO6*$AI6+$AJ6)*(1+$AQ6)*(1+$AR6)+($AT6*IF($G$1="鸣金",$AK6,$AI6)+IF($G$1="鸣金",$AL6*1.5,0))*(1+$AV6)*(1+$AW6)+($AX6*IF($G$1="裂石",$AK6,$AI6)+IF($G$1="裂石",$AL6*1.5,0))*(1+$AZ6)*(1+$BA6)+($BB6*IF($G$1="牵丝",$AK6,$AI6)+IF($G$1="牵丝",$AL6*1.5,0))*(1+$BD6)*(1+$BE6)+($BF6*IF($G$1="破竹",$AK6,$AI6)+IF($G$1="破竹",$AL6*1.5,0))*(1+$BH6)*(1+$BI6))*(1+$AM6))*$Q6*(1+IF(VLOOKUP($R6,武学奇术!$A:$ZZ,30,FALSE)="流血",$B$21,0))*(1+$BR6) -> 35340.022 | Q6: 1 | R6: 爆血(剑) | S6: 强效江流 | T6: 看破(持续) | U6: 惊神5 | V6: 纵横剑意 | W6: N/a | X6: 易水歌2层 | Y6: N/a | Z6: N/a | AA6: 惧刃(拐) | AB6: 裁云(拐) | AC6: 烁鼓(拐) | AD6: 离猎(拐) | AE6: 伞增(拐) | AF6: 近战笛 | AG6: 秋瞑帖2层 | AH6: =VLOOKUP($R6,武学奇术!$A:$ZZ,25,FALSE) -> 剑 | AI6: =VLOOKUP($R6,武学奇术!$A:$ZZ,26,FALSE) -> 2.52 | AJ6: =VLOOKUP($R6,武学奇术!$A:$ZZ,27,FALSE)*(1+IF(OR($AH6=$F$4,$AH6=$F$5),$B$22,0)) -> 0 | AK6: =VLOOKUP($R6,武学奇术!$A:$ZZ,28,FALSE) -> 3.78 | AL6: =VLOOKUP($R6,武学奇术!$A:$ZZ,29,FALSE)*(1+IF(OR($AH6=$F$4,$AH6=$F$5),$B$22,0)) -> 0 | AM6: {=$G$3+IFERROR(VLOOKUP($AH6,$F$4:$G$7,2,FALSE),0)+VLOOKUP($R6,武学奇术!$A:$ZZ,2,FALSE)+SUM(_xlfn.XLOOKUP($S6:$AG6,增益!$A:$A,增益!$B:$B,0))} -> 1.6991 | AN6: {=VLOOKUP($R6,武学奇术!$A:$ZZ,5,FALSE)+SUM(_xlfn.XLOOKUP($S6:$AG6,增益!$A:$A,增益!$E:$E,0))} -> 0 | AO6: {=$D$10*(1+$AN6)+VLOOKUP($R6,武学奇术!$A:$ZZ,3,FALSE)+SUM(_xlfn.XLOOKUP($S6:$AG6,增益!$A:$A,增益!$C:$C,0))-$I$2} -> 1831.48 | AP6: {=$E$10*(1+$AN6)+VLOOKUP($R6,武学奇术!$A:$ZZ,4,FALSE)+SUM(_xlfn.XLOOKUP($S6:$AG6,增益!$A:$A,增益!$D:$D,0))-$I$2} -> 7763.56 | AQ6: {=IF($F$10-$I$3+VLOOKUP($R6,武学奇术!$A:$ZZ,6,FALSE)+SUM(_xlfn.XLOOKUP(S6:AG6,增益!$A:$A,增益!$F:$F,0))>0,($F$10-$I$3+VLOOKUP($R6,武学奇术!$A:$ZZ,6,FALSE)+SUM(_xlfn.XLOOKUP(S6:AG6,增益!$A:$A,增益!$F:$F,0)))/200,($F$10-$I$3+VLOOKUP($R6,武学奇术!$A:$ZZ,6,FALSE)+SUM(_xlfn.XLOOKUP(S6:AG6,增益!$A:$A,增益!$F:$F,0)))/100)} -> 0.339 | AR6: {=$G$10+VLOOKUP($R6,武学奇术!$A:$ZZ,7,FALSE)+SUM(_xlfn.XLOOKUP(S6:AG6,增益!$A:$A,增益!$G:$G,0))} -> 0 | AS6: {=VLOOKUP($R6,武学奇术!$A:$ZZ,8,FALSE)+SUM(_xlfn.XLOOKUP(S6:AG6,增益!$A:$A,增益!$H:$H,0))} -> 0 | AT6: =$D$11*(1+$AS6) -> 680.02 | AU6: =$E$11*(1+$AS6) -> 1288.54 | AV6: {=IF($F$11-$I$4+VLOOKUP($R6,武学奇术!$A:$ZZ,9,FALSE)+SUM(_xlfn.XLOOKUP(S6:AG6,增益!$A:$A,增益!$I:$I,0))>0,($F$11-$I$4+VLOOKUP($R6,武学奇术!$A:$ZZ,9,FALSE)+SUM(_xlfn.XLOOKUP(S6:AG6,增益!$A:$A,增益!$I:$I,0)))/200,($F$11-$I$4+VLOOKUP($R6,武学奇术!$A:$ZZ,9,FALSE)+SUM(_xlfn.XLOOKUP(S6:AG6,增益!$A:$A,增益!$I:$I,0)))/100)} -> 0.075 | AW6: {=$G$11+VLOOKUP($R6,武学奇术!$A:$ZZ,10,FALSE)+SUM(_xlfn.XLOOKUP(S6:AG6,增益!$A:$A,增益!$J:$J,0))} -> 0.15 | AX6: =$D$12*(1+$AS6) -> 0 | AY6: =$E$12*(1+$AS6) -> 0 | AZ6: {=IF($F$12-$I$4+VLOOKUP($R6,武学奇术!$A:$ZZ,11,FALSE)+SUM(_xlfn.XLOOKUP(S6:AG6,增益!$A:$A,增益!$K:$K,0))>0,($F$12-$I$4+VLOOKUP($R6,武学奇术!$A:$ZZ,11,FALSE)+SUM(_xlfn.XLOOKUP(S6:AG6,增益!$A:$A,增益!$K:$K,0)))/200,($F$12-$I$4+VLOOKUP($R6,武学奇术!$A:$ZZ,11,FALSE)+SUM(_xlfn.XLOOKUP(S6:AG6,增益!$A:$A,增益!$K:$K,0)))/100)} -> -0.3 | BA6: {=$G$12+VLOOKUP($R6,武学奇术!$A:$ZZ,12,FALSE)+SUM(_xlfn.XLOOKUP(S6:AG6,增益!$A:$A,增益!$L:$L,0))} -> 0 | BB6: =$D$13*(1+$AS6) -> 0 | BC6: =$E$13*(1+$AS6) -> 0 | BD6: {=IF($F$13-$I$4+VLOOKUP($R6,武学奇术!$A:$ZZ,13,FALSE)+SUM(_xlfn.XLOOKUP(S6:AG6,增益!$A:$A,增益!$M:$M,0))>0,($F$13-$I$4+VLOOKUP($R6,武学奇术!$A:$ZZ,13,FALSE)+SUM(_xlfn.XLOOKUP(S6:AG6,增益!$A:$A,增益!$K:$K,0)))/200,($F$13-$I$4+VLOOKUP($R6,武学奇术!$A:$ZZ,13,FALSE)+SUM(_xlfn.XLOOKUP(S6:AG6,增益!$A:$A,增益!$M:$M,0)))/100)} -> -0.3 | BE6: {=$G$13+VLOOKUP($R6,武学奇术!$A:$ZZ,14,FALSE)+SUM(_xlfn.XLOOKUP(S6:AG6,增益!$A:$A,增益!$N:$N,0))} -> 0 | BF6: =$D$14*(1+$AS6) -> 0 | BG6: =$E$14*(1+$AS6) -> 0 | BH6: {=IF($F$14-$I$4+VLOOKUP($R6,武学奇术!$A:$ZZ,15,FALSE)+SUM(_xlfn.XLOOKUP(S6:AG6,增益!$A:$A,增益!$O:$O,0))>0,($F$14-$I$4+VLOOKUP($R6,武学奇术!$A:$ZZ,15,FALSE)+SUM(_xlfn.XLOOKUP(S6:AG6,增益!$A:$A,增益!$O:$O,0)))/200,($F$14-$I$4+VLOOKUP($R6,武学奇术!$A:$ZZ,15,FALSE)+SUM(_xlfn.XLOOKUP(S6:AG6,增益!$A:$A,增益!$O:$O,0)))/100)} -> -0.3 | BI6: {=$G$14+VLOOKUP($R6,武学奇术!$A:$ZZ,16,FALSE)+SUM(_xlfn.XLOOKUP(S6:AG6,增益!$A:$A,增益!$P:$P,0))} -> 0 | BJ6: =MIN(IF(VLOOKUP($R6,武学奇术!$A:$ZZ,23,FALSE)=1,100%,$B$8),100%) -> 0.8229 | BK6: {=IF(VLOOKUP($R6,武学奇术!$A:$ZZ,23,FALSE)=1,100%,MIN(80%,$B$9+VLOOKUP($R6,武学奇术!$A:$ZZ,17,FALSE)+SUM(_xlfn.XLOOKUP(S6:AG6,增益!$A:$A,增益!$Q:$Q,0)))+$B$11+SUM(_xlfn.XLOOKUP(S6:AG6,增益!$A:$A,增益!$U:$U,0)))*IF(VLOOKUP($R6,武学奇术!$A:$ZZ,24,FALSE)=1,0,1)} -> 0.2285 | BL6: {=1+$B$13+VLOOKUP($R6,武学奇术!$A:$ZZ,18,FALSE)+SUM(_xlfn.XLOOKUP(S6:AG6,增益!$A:$A,增益!$R:$R,0))} -> 1.5 | BM6: {=IF(VLOOKUP($R6,武学奇术!$A:$ZZ,24,FALSE)=1,100%,MIN(40%,$B$10+VLOOKUP($R6,武学奇术!$A:$ZZ,19,FALSE)+SUM(_xlfn.XLOOKUP(S6:AG6,增益!$A:$A,增益!$S:$S,0)))+$B$12+SUM(_xlfn.XLOOKUP(S6:AG6,增益!$A:$A,增益!$V:$V,0)))*IF(VLOOKUP($R6,武学奇术!$A:$ZZ,23,FALSE)=1,0,1)} -> 0.4495 | BN6: {=1+$B$14+VLOOKUP($R6,武学奇术!$A:$ZZ,20,FALSE)+SUM(_xlfn.XLOOKUP(S6:AG6,增益!$A:$A,增益!$T:$T,0))} -> 1.702 | BO6: =MIN((1-BM6)*BJ6,BJ6*BK6) -> 0.18803265 | BP6: =1-BM6-BO6-BQ6 -> 0.2649738 | BQ6: =IF(VLOOKUP($R6,武学奇术!$A:$ZZ,22,FALSE)=1,0,(1-$BJ6))*(1-$BM6) -> 0.09749355 | BR6: {=SUM(_xlfn.XLOOKUP(S6:AG6,增益!$A:$A,增益!$W:$W,0))+$I$5} -> 0.06
A7: 无相 | B7: 79.2 | C7: 92.4 | F7: 群体奇术 | G7: =B20 -> 0 | K7: =$L7*VLOOKUP($R7,武学奇术!$A:$ZZ,31,FALSE) -> 16554.492 | L7: =($M7*$BO7+$N7*$BM7+$O7*$BP7+$P7*$BQ7) -> 16554.492 | M7: =((($AO7+$AP7)/2*$AI7+$AJ7)*(1+$AQ7)*(1+$AR7)+(($AT7+$AU7)/2*IF($G$1="鸣金",$AK7,$AI7)+IF($G$1="鸣金",$AL7*1.5,0))*(1+$AV7)*(1+$AW7)+(($AX7+$AY7)/2*IF($G$1="裂石",$AK7,$AI7)+IF($G$1="裂石",$AL7*1.5,0))*(1+$AZ7)*(1+$BA7)+(($BB7+$BC7)/2*IF($G$1="牵丝",$AK7,$AI7)+IF($G$1="牵丝",$AL7*1.5,0))*(1+$BD7)*(1+$BE7)+(($BF7+$BG7)/2*IF($G$1="破竹",$AK7,$AI7)+IF($G$1="破竹",$AL7*1.5,0))*(1+$BH7)*(1+$BI7))*(1+$AM7)*$BL7*$Q7*(1+IF(VLOOKUP($R7,武学奇术!$A:$ZZ,30,FALSE)="流血",$B$21,0))*(1+$BR7) -> 15034.258 | N7: =(($AP7*$AI7+$AJ7)*(1+$AQ7)*(1+$AR7)+($AU7*IF($G$1="鸣金",$AK7,$AI7)+IF($G$1="鸣金",$AL7*1.5,0))*(1+$AV7)*(1+$AW7)+($AY7*IF($G$1="裂石",$AK7,$AI7)+IF($G$1="裂石",$AL7*1.5,0))*(1+$AZ7)*(1+$BA7)+($BC7*IF($G$1="牵丝",$AK7,$AI7)+IF($G$1="牵丝",$AL7*1.5,0))*(1+$BD7)*(1+$BE7)+($BG7*IF($G$1="破竹",$AK7,$AI7)+IF($G$1="破竹",$AL7*1.5,0))*(1+$BH7)*(1+$BI7))*(1+$AM7)*$BN7*$Q7*(1+IF(VLOOKUP($R7,武学奇术!$A:$ZZ,30,FALSE)="流血",$B$21,0))*(1+$BR7) -> 23654.414 | O7: =((($AO7+$AP7)/2*$AI7+$AJ7)*(1+$AQ7)*(1+$AR7)+(($AT7+$AU7)/2*IF($G$1="鸣金",$AK7,$AI7)+IF($G$1="鸣金",$AL7*1.5,0))*(1+$AV7)*(1+$AW7)+(($AX7+$AY7)/2*IF($G$1="裂石",$AK7,$AI7)+IF($G$1="裂石",$AL7*1.5,0))*(1+$AZ7)*(1+$BA7)+(($BB7+$BC7)/2*IF($G$1="牵丝",$AK7,$AI7)+IF($G$1="牵丝",$AL7*1.5,0))*(1+$BD7)*(1+$BE7)+(($BF7+$BG7)/2*IF($G$1="破竹",$AK7,$AI7)+IF($G$1="破竹",$AL7*1.5,0))*(1+$BH7)*(1+$BI7))*(1+$AM7)*$Q7*(1+IF(VLOOKUP($R7,武学奇术!$A:$ZZ,30,FALSE)="流血",$B$21,0))*(1+$BR7) -> 10022.839 | P7: =((($AO7*$AI7+$AJ7)*(1+$AQ7)*(1+$AR7)+($AT7*IF($G$1="鸣金",$AK7,$AI7)+IF($G$1="鸣金",$AL7*1.5,0))*(1+$AV7)*(1+$AW7)+($AX7*IF($G$1="裂石",$AK7,$AI7)+IF($G$1="裂石",$AL7*1.5,0))*(1+$AZ7)*(1+$BA7)+($BB7*IF($G$1="牵丝",$AK7,$AI7)+IF($G$1="牵丝",$AL7*1.5,0))*(1+$BD7)*(1+$BE7)+($BF7*IF($G$1="破竹",$AK7,$AI7)+IF($G$1="破竹",$AL7*1.5,0))*(1+$BH7)*(1+$BI7))*(1+$AM7))*$Q7*(1+IF(VLOOKUP($R7,武学奇术!$A:$ZZ,30,FALSE)="流血",$B$21,0))*(1+$BR7) -> 4504.0128 | Q7: 1 | R7: 纵横剑(剑～) | S7: 强效江流 | T7: 看破 | U7: N/a | V7: N/a | W7: N/a | X7: 易水歌2层 | Y7: N/a | Z7: N/a | AA7: 惧刃(拐) | AB7: 裁云(拐) | AC7: 烁鼓(拐) | AD7: 离猎(拐) | AE7: 伞增(拐) | AF7: 近战笛 | AG7: 秋瞑帖2层 | AH7: =VLOOKUP($R7,武学奇术!$A:$ZZ,25,FALSE) -> 剑 | AI7: =VLOOKUP($R7,武学奇术!$A:$ZZ,26,FALSE) -> 0.625 | AJ7: =VLOOKUP($R7,武学奇术!$A:$ZZ,27,FALSE)*(1+IF(OR($AH7=$F$4,$AH7=$F$5),$B$22,0)) -> 0 | AK7: =VLOOKUP($R7,武学奇术!$A:$ZZ,28,FALSE) -> 0.9375 | AL7: =VLOOKUP($R7,武学奇术!$A:$ZZ,29,FALSE)*(1+IF(OR($AH7=$F$4,$AH7=$F$5),$B$22,0)) -> 0 | AM7: {=$G$3+IFERROR(VLOOKUP($AH7,$F$4:$G$7,2,FALSE),0)+VLOOKUP($R7,武学奇术!$A:$ZZ,2,FALSE)+SUM(_xlfn.XLOOKUP($S7:$AG7,增益!$A:$A,增益!$B:$B,0))} -> 0.9491 | AN7: {=VLOOKUP($R7,武学奇术!$A:$ZZ,5,FALSE)+SUM(_xlfn.XLOOKUP($S7:$AG7,增益!$A:$A,增益!$E:$E,0))} -> 0 | AO7: {=$D$10*(1+$AN7)+VLOOKUP($R7,武学奇术!$A:$ZZ,3,FALSE)+SUM(_xlfn.XLOOKUP($S7:$AG7,增益!$A:$A,增益!$C:$C,0))-$I$2} -> 1831.48 | AP7: {=$E$10*(1+$AN7)+VLOOKUP($R7,武学奇术!$A:$ZZ,4,FALSE)+SUM(_xlfn.XLOOKUP($S7:$AG7,增益!$A:$A,增益!$D:$D,0))-$I$2} -> 7763.56 | AQ7: {=IF($F$10-$I$3+VLOOKUP($R7,武学奇术!$A:$ZZ,6,FALSE)+SUM(_xlfn.XLOOKUP(S7:AG7,增益!$A:$A,增益!$F:$F,0))>0,($F$10-$I$3+VLOOKUP($R7,武学奇术!$A:$ZZ,6,FALSE)+SUM(_xlfn.XLOOKUP(S7:AG7,增益!$A:$A,增益!$F:$F,0)))/200,($F$10-$I$3+VLOOKUP($R7,武学奇术!$A:$ZZ,6,FALSE)+SUM(_xlfn.XLOOKUP(S7:AG7,增益!$A:$A,增益!$F:$F,0)))/100)} -> 0.264 | AR7: {=$G$10+VLOOKUP($R7,武学奇术!$A:$ZZ,7,FALSE)+SUM(_xlfn.XLOOKUP(S7:AG7,增益!$A:$A,增益!$G:$G,0))} -> 0 | AS7: {=VLOOKUP($R7,武学奇术!$A:$ZZ,8,FALSE)+SUM(_xlfn.XLOOKUP(S7:AG7,增益!$A:$A,增益!$H:$H,0))} -> 0 | AT7: =$D$11*(1+$AS7) -> 680.02 | AU7: =$E$11*(1+$AS7) -> 1288.54 | AV7: {=IF($F$11-$I$4+VLOOKUP($R7,武学奇术!$A:$ZZ,9,FALSE)+SUM(_xlfn.XLOOKUP(S7:AG7,增益!$A:$A,增益!$I:$I,0))>0,($F$11-$I$4+VLOOKUP($R7,武学奇术!$A:$ZZ,9,FALSE)+SUM(_xlfn.XLOOKUP(S7:AG7,增益!$A:$A,增益!$I:$I,0)))/200,($F$11-$I$4+VLOOKUP($R7,武学奇术!$A:$ZZ,9,FALSE)+SUM(_xlfn.XLOOKUP(S7:AG7,增益!$A:$A,增益!$I:$I,0)))/100)} -> 0 | AW7: {=$G$11+VLOOKUP($R7,武学奇术!$A:$ZZ,10,FALSE)+SUM(_xlfn.XLOOKUP(S7:AG7,增益!$A:$A,增益!$J:$J,0))} -> 0.15 | AX7: =$D$12*(1+$AS7) -> 0 | AY7: =$E$12*(1+$AS7) -> 0 | AZ7: {=IF($F$12-$I$4+VLOOKUP($R7,武学奇术!$A:$ZZ,11,FALSE)+SUM(_xlfn.XLOOKUP(S7:AG7,增益!$A:$A,增益!$K:$K,0))>0,($F$12-$I$4+VLOOKUP($R7,武学奇术!$A:$ZZ,11,FALSE)+SUM(_xlfn.XLOOKUP(S7:AG7,增益!$A:$A,增益!$K:$K,0)))/200,($F$12-$I$4+VLOOKUP($R7,武学奇术!$A:$ZZ,11,FALSE)+SUM(_xlfn.XLOOKUP(S7:AG7,增益!$A:$A,增益!$K:$K,0)))/100)} -> -0.3 | BA7: {=$G$12+VLOOKUP($R7,武学奇术!$A:$ZZ,12,FALSE)+SUM(_xlfn.XLOOKUP(S7:AG7,增益!$A:$A,增益!$L:$L,0))} -> 0 | BB7: =$D$13*(1+$AS7) -> 0 | BC7: =$E$13*(1+$AS7) -> 0 | BD7: {=IF($F$13-$I$4+VLOOKUP($R7,武学奇术!$A:$ZZ,13,FALSE)+SUM(_xlfn.XLOOKUP(S7:AG7,增益!$A:$A,增益!$M:$M,0))>0,($F$13-$I$4+VLOOKUP($R7,武学奇术!$A:$ZZ,13,FALSE)+SUM(_xlfn.XLOOKUP(S7:AG7,增益!$A:$A,增益!$K:$K,0)))/200,($F$13-$I$4+VLOOKUP($R7,武学奇术!$A:$ZZ,13,FALSE)+SUM(_xlfn.XLOOKUP(S7:AG7,增益!$A:$A,增益!$M:$M,0)))/100)} -> -0.3 | BE7: {=$G$13+VLOOKUP($R7,武学奇术!$A:$ZZ,14,FALSE)+SUM(_xlfn.XLOOKUP(S7:AG7,增益!$A:$A,增益!$N:$N,0))} -> 0 | BF7: =$D$14*(1+$AS7) -> 0 | BG7: =$E$14*(1+$AS7) -> 0 | BH7: {=IF($F$14-$I$4+VLOOKUP($R7,武学奇术!$A:$ZZ,15,FALSE)+SUM(_xlfn.XLOOKUP(S7:AG7,增益!$A:$A,增益!$O:$O,0))>0,($F$14-$I$4+VLOOKUP($R7,武学奇术!$A:$ZZ,15,FALSE)+SUM(_xlfn.XLOOKUP(S7:AG7,增益!$A:$A,增益!$O:$O,0)))/200,($F$14-$I$4+VLOOKUP($R7,武学奇术!$A:$ZZ,15,FALSE)+SUM(_xlfn.XLOOKUP(S7:AG7,增益!$A:$A,增益!$O:$O,0)))/100)} -> -0.3 | BI7: {=$G$14+VLOOKUP($R7,武学奇术!$A:$ZZ,16,FALSE)+SUM(_xlfn.XLOOKUP(S7:AG7,增益!$A:$A,增益!$P:$P,0))} -> 0 | BJ7: =MIN(IF(VLOOKUP($R7,武学奇术!$A:$ZZ,23,FALSE)=1,100%,$B$8),100%) -> 0.8229 | BK7: {=IF(VLOOKUP($R7,武学奇术!$A:$ZZ,23,FALSE)=1,100%,MIN(80%,$B$9+VLOOKUP($R7,武学奇术!$A:$ZZ,17,FALSE)+SUM(_xlfn.XLOOKUP(S7:AG7,增益!$A:$A,增益!$Q:$Q,0)))+$B$11+SUM(_xlfn.XLOOKUP(S7:AG7,增益!$A:$A,增益!$U:$U,0)))*IF(VLOOKUP($R7,武学奇术!$A:$ZZ,24,FALSE)=1,0,1)} -> 0.2285 | BL7: {=1+$B$13+VLOOKUP($R7,武学奇术!$A:$ZZ,18,FALSE)+SUM(_xlfn.XLOOKUP(S7:AG7,增益!$A:$A,增益!$R:$R,0))} -> 1.5 | BM7: {=IF(VLOOKUP($R7,武学奇术!$A:$ZZ,24,FALSE)=1,100%,MIN(40%,$B$10+VLOOKUP($R7,武学奇术!$A:$ZZ,19,FALSE)+SUM(_xlfn.XLOOKUP(S7:AG7,增益!$A:$A,增益!$S:$S,0)))+$B$12+SUM(_xlfn.XLOOKUP(S7:AG7,增益!$A:$A,增益!$V:$V,0)))*IF(VLOOKUP($R7,武学奇术!$A:$ZZ,23,FALSE)=1,0,1)} -> 0.4495 | BN7: {=1+$B$14+VLOOKUP($R7,武学奇术!$A:$ZZ,20,FALSE)+SUM(_xlfn.XLOOKUP(S7:AG7,增益!$A:$A,增益!$T:$T,0))} -> 1.522 | BO7: =MIN((1-BM7)*BJ7,BJ7*BK7) -> 0.18803265 | BP7: =1-BM7-BO7-BQ7 -> 0.2649738 | BQ7: =IF(VLOOKUP($R7,武学奇术!$A:$ZZ,22,FALSE)=1,0,(1-$BJ7))*(1-$BM7) -> 0.09749355 | BR7: {=SUM(_xlfn.XLOOKUP(S7:AG7,增益!$A:$A,增益!$W:$W,0))+$I$5} -> 0.06
A8: 精准率 | B8: 0.8229 | C8: 实际属性 | H8: 战斗时间 | I8: 91.5 | K8: =$L8*VLOOKUP($R8,武学奇术!$A:$ZZ,31,FALSE) -> 28817.933 | L8: =($M8*$BO8+$N8*$BM8+$O8*$BP8+$P8*$BQ8) -> 28817.933 | M8: =((($AO8+$AP8)/2*$AI8+$AJ8)*(1+$AQ8)*(1+$AR8)+(($AT8+$AU8)/2*IF($G$1="鸣金",$AK8,$AI8)+IF($G$1="鸣金",$AL8*1.5,0))*(1+$AV8)*(1+$AW8)+(($AX8+$AY8)/2*IF($G$1="裂石",$AK8,$AI8)+IF($G$1="裂石",$AL8*1.5,0))*(1+$AZ8)*(1+$BA8)+(($BB8+$BC8)/2*IF($G$1="牵丝",$AK8,$AI8)+IF($G$1="牵丝",$AL8*1.5,0))*(1+$BD8)*(1+$BE8)+(($BF8+$BG8)/2*IF($G$1="破竹",$AK8,$AI8)+IF($G$1="破竹",$AL8*1.5,0))*(1+$BH8)*(1+$BI8))*(1+$AM8)*$BL8*$Q8*(1+IF(VLOOKUP($R8,武学奇术!$A:$ZZ,30,FALSE)="流血",$B$21,0))*(1+$BR8) -> 26718.083 | N8: =(($AP8*$AI8+$AJ8)*(1+$AQ8)*(1+$AR8)+($AU8*IF($G$1="鸣金",$AK8,$AI8)+IF($G$1="鸣金",$AL8*1.5,0))*(1+$AV8)*(1+$AW8)+($AY8*IF($G$1="裂石",$AK8,$AI8)+IF($G$1="裂石",$AL8*1.5,0))*(1+$AZ8)*(1+$BA8)+($BC8*IF($G$1="牵丝",$AK8,$AI8)+IF($G$1="牵丝",$AL8*1.5,0))*(1+$BD8)*(1+$BE8)+($BG8*IF($G$1="破竹",$AK8,$AI8)+IF($G$1="破竹",$AL8*1.5,0))*(1+$BH8)*(1+$BI8))*(1+$AM8)*$BN8*$Q8*(1+IF(VLOOKUP($R8,武学奇术!$A:$ZZ,30,FALSE)="流血",$B$21,0))*(1+$BR8) -> 40475.972 | O8: =((($AO8+$AP8)/2*$AI8+$AJ8)*(1+$AQ8)*(1+$AR8)+(($AT8+$AU8)/2*IF($G$1="鸣金",$AK8,$AI8)+IF($G$1="鸣金",$AL8*1.5,0))*(1+$AV8)*(1+$AW8)+(($AX8+$AY8)/2*IF($G$1="裂石",$AK8,$AI8)+IF($G$1="裂石",$AL8*1.5,0))*(1+$AZ8)*(1+$BA8)+(($BB8+$BC8)/2*IF($G$1="牵丝",$AK8,$AI8)+IF($G$1="牵丝",$AL8*1.5,0))*(1+$BD8)*(1+$BE8)+(($BF8+$BG8)/2*IF($G$1="破竹",$AK8,$AI8)+IF($G$1="破竹",$AL8*1.5,0))*(1+$BH8)*(1+$BI8))*(1+$AM8)*$Q8*(1+IF(VLOOKUP($R8,武学奇术!$A:$ZZ,30,FALSE)="流血",$B$21,0))*(1+$BR8) -> 17812.056 | P8: =((($AO8*$AI8+$AJ8)*(1+$AQ8)*(1+$AR8)+($AT8*IF($G$1="鸣金",$AK8,$AI8)+IF($G$1="鸣金",$AL8*1.5,0))*(1+$AV8)*(1+$AW8)+($AX8*IF($G$1="裂石",$AK8,$AI8)+IF($G$1="裂石",$AL8*1.5,0))*(1+$AZ8)*(1+$BA8)+($BB8*IF($G$1="牵丝",$AK8,$AI8)+IF($G$1="牵丝",$AL8*1.5,0))*(1+$BD8)*(1+$BE8)+($BF8*IF($G$1="破竹",$AK8,$AI8)+IF($G$1="破竹",$AL8*1.5,0))*(1+$BH8)*(1+$BI8))*(1+$AM8))*$Q8*(1+IF(VLOOKUP($R8,武学奇术!$A:$ZZ,30,FALSE)="流血",$B$21,0))*(1+$BR8) -> 9030.1743 | Q8: 1 | R8: 枪～一段(江流) | S8: 强效江流 | T8: 看破 | U8: N/a | V8: N/a | W8: N/a | X8: 易水歌3层 | Y8: N/a | Z8: N/a | AA8: 惧刃(拐) | AB8: 裁云(拐) | AC8: 烁鼓(拐) | AD8: 离猎(拐) | AE8: 伞增(拐) | AF8: 近战笛 | AG8: 秋瞑帖2层 | AH8: =VLOOKUP($R8,武学奇术!$A:$ZZ,25,FALSE) -> 枪 | AI8: =VLOOKUP($R8,武学奇术!$A:$ZZ,26,FALSE) -> 1.02732 | AJ8: =VLOOKUP($R8,武学奇术!$A:$ZZ,27,FALSE)*(1+IF(OR($AH8=$F$4,$AH8=$F$5),$B$22,0)) -> 426.6 | AK8: =VLOOKUP($R8,武学奇术!$A:$ZZ,28,FALSE) -> 1.54096 | AL8: =VLOOKUP($R8,武学奇术!$A:$ZZ,29,FALSE)*(1+IF(OR($AH8=$F$4,$AH8=$F$5),$B$22,0)) -> 232.2 | AM8: {=$G$3+IFERROR(VLOOKUP($AH8,$F$4:$G$7,2,FALSE),0)+VLOOKUP($R8,武学奇术!$A:$ZZ,2,FALSE)+SUM(_xlfn.XLOOKUP($S8:$AG8,增益!$A:$A,增益!$B:$B,0))} -> 0.8739 | AN8: {=VLOOKUP($R8,武学奇术!$A:$ZZ,5,FALSE)+SUM(_xlfn.XLOOKUP($S8:$AG8,增益!$A:$A,增益!$E:$E,0))} -> 0 | AO8: {=$D$10*(1+$AN8)+VLOOKUP($R8,武学奇术!$A:$ZZ,3,FALSE)+SUM(_xlfn.XLOOKUP($S8:$AG8,增益!$A:$A,增益!$C:$C,0))-$I$2} -> 1831.48 | AP8: {=$E$10*(1+$AN8)+VLOOKUP($R8,武学奇术!$A:$ZZ,4,FALSE)+SUM(_xlfn.XLOOKUP($S8:$AG8,增益!$A:$A,增益!$D:$D,0))-$I$2} -> 7763.56 | AQ8: {=IF($F$10-$I$3+VLOOKUP($R8,武学奇术!$A:$ZZ,6,FALSE)+SUM(_xlfn.XLOOKUP(S8:AG8,增益!$A:$A,增益!$F:$F,0))>0,($F$10-$I$3+VLOOKUP($R8,武学奇术!$A:$ZZ,6,FALSE)+SUM(_xlfn.XLOOKUP(S8:AG8,增益!$A:$A,增益!$F:$F,0)))/200,($F$10-$I$3+VLOOKUP($R8,武学奇术!$A:$ZZ,6,FALSE)+SUM(_xlfn.XLOOKUP(S8:AG8,增益!$A:$A,增益!$F:$F,0)))/100)} -> 0.274 | AR8: {=$G$10+VLOOKUP($R8,武学奇术!$A:$ZZ,7,FALSE)+SUM(_xlfn.XLOOKUP(S8:AG8,增益!$A:$A,增益!$G:$G,0))} -> 0 | AS8: {=VLOOKUP($R8,武学奇术!$A:$ZZ,8,FALSE)+SUM(_xlfn.XLOOKUP(S8:AG8,增益!$A:$A,增益!$H:$H,0))} -> 0 | AT8: =$D$11*(1+$AS8) -> 680.02 | AU8: =$E$11*(1+$AS8) -> 1288.54 | AV8: {=IF($F$11-$I$4+VLOOKUP($R8,武学奇术!$A:$ZZ,9,FALSE)+SUM(_xlfn.XLOOKUP(S8:AG8,增益!$A:$A,增益!$I:$I,0))>0,($F$11-$I$4+VLOOKUP($R8,武学奇术!$A:$ZZ,9,FALSE)+SUM(_xlfn.XLOOKUP(S8:AG8,增益!$A:$A,增益!$I:$I,0)))/200,($F$11-$I$4+VLOOKUP($R8,武学奇术!$A:$ZZ,9,FALSE)+SUM(_xlfn.XLOOKUP(S8:AG8,增益!$A:$A,增益!$I:$I,0)))/100)} -> 0 | AW8: {=$G$11+VLOOKUP($R8,武学奇术!$A:$ZZ,10,FALSE)+SUM(_xlfn.XLOOKUP(S8:AG8,增益!$A:$A,增益!$J:$J,0))} -> 0.15 | AX8: =$D$12*(1+$AS8) -> 0 | AY8: =$E$12*(1+$AS8) -> 0 | AZ8: {=IF($F$12-$I$4+VLOOKUP($R8,武学奇术!$A:$ZZ,11,FALSE)+SUM(_xlfn.XLOOKUP(S8:AG8,增益!$A:$A,增益!$K:$K,0))>0,($F$12-$I$4+VLOOKUP($R8,武学奇术!$A:$ZZ,11,FALSE)+SUM(_xlfn.XLOOKUP(S8:AG8,增益!$A:$A,增益!$K:$K,0)))/200,($F$12-$I$4+VLOOKUP($R8,武学奇术!$A:$ZZ,11,FALSE)+SUM(_xlfn.XLOOKUP(S8:AG8,增益!$A:$A,增益!$K:$K,0)))/100)} -> -0.3 | BA8: {=$G$12+VLOOKUP($R8,武学奇术!$A:$ZZ,12,FALSE)+SUM(_xlfn.XLOOKUP(S8:AG8,增益!$A:$A,增益!$L:$L,0))} -> 0 | BB8: =$D$13*(1+$AS8) -> 0 | BC8: =$E$13*(1+$AS8) -> 0 | BD8: {=IF($F$13-$I$4+VLOOKUP($R8,武学奇术!$A:$ZZ,13,FALSE)+SUM(_xlfn.XLOOKUP(S8:AG8,增益!$A:$A,增益!$M:$M,0))>0,($F$13-$I$4+VLOOKUP($R8,武学奇术!$A:$ZZ,13,FALSE)+SUM(_xlfn.XLOOKUP(S8:AG8,增益!$A:$A,增益!$K:$K,0)))/200,($F$13-$I$4+VLOOKUP($R8,武学奇术!$A:$ZZ,13,FALSE)+SUM(_xlfn.XLOOKUP(S8:AG8,增益!$A:$A,增益!$M:$M,0)))/100)} -> -0.3 | BE8: {=$G$13+VLOOKUP($R8,武学奇术!$A:$ZZ,14,FALSE)+SUM(_xlfn.XLOOKUP(S8:AG8,增益!$A:$A,增益!$N:$N,0))} -> 0 | BF8: =$D$14*(1+$AS8) -> 0 | BG8: =$E$14*(1+$AS8) -> 0 | BH8: {=IF($F$14-$I$4+VLOOKUP($R8,武学奇术!$A:$ZZ,15,FALSE)+SUM(_xlfn.XLOOKUP(S8:AG8,增益!$A:$A,增益!$O:$O,0))>0,($F$14-$I$4+VLOOKUP($R8,武学奇术!$A:$ZZ,15,FALSE)+SUM(_xlfn.XLOOKUP(S8:AG8,增益!$A:$A,增益!$O:$O,0)))/200,($F$14-$I$4+VLOOKUP($R8,武学奇术!$A:$ZZ,15,FALSE)+SUM(_xlfn.XLOOKUP(S8:AG8,增益!$A:$A,增益!$O:$O,0)))/100)} -> -0.3 | BI8: {=$G$14+VLOOKUP($R8,武学奇术!$A:$ZZ,16,FALSE)+SUM(_xlfn.XLOOKUP(S8:AG8,增益!$A:$A,增益!$P:$P,0))} -> 0 | BJ8: =MIN(IF(VLOOKUP($R8,武学奇术!$A:$ZZ,23,FALSE)=1,100%,$B$8),100%) -> 0.8229 | BK8: {=IF(VLOOKUP($R8,武学奇术!$A:$ZZ,23,FALSE)=1,100%,MIN(80%,$B$9+VLOOKUP($R8,武学奇术!$A:$ZZ,17,FALSE)+SUM(_xlfn.XLOOKUP(S8:AG8,增益!$A:$A,增益!$Q:$Q,0)))+$B$11+SUM(_xlfn.XLOOKUP(S8:AG8,增益!$A:$A,增益!$U:$U,0)))*IF(VLOOKUP($R8,武学奇术!$A:$ZZ,24,FALSE)=1,0,1)} -> 0.2285 | BL8: {=1+$B$13+VLOOKUP($R8,武学奇术!$A:$ZZ,18,FALSE)+SUM(_xlfn.XLOOKUP(S8:AG8,增益!$A:$A,增益!$R:$R,0))} -> 1.5 | BM8: {=IF(VLOOKUP($R8,武学奇术!$A:$ZZ,24,FALSE)=1,100%,MIN(40%,$B$10+VLOOKUP($R8,武学奇术!$A:$ZZ,19,FALSE)+SUM(_xlfn.XLOOKUP(S8:AG8,增益!$A:$A,增益!$S:$S,0)))+$B$12+SUM(_xlfn.XLOOKUP(S8:AG8,增益!$A:$A,增益!$V:$V,0)))*IF(VLOOKUP($R8,武学奇术!$A:$ZZ,23,FALSE)=1,0,1)} -> 0.4495 | BN8: {=1+$B$14+VLOOKUP($R8,武学奇术!$A:$ZZ,20,FALSE)+SUM(_xlfn.XLOOKUP(S8:AG8,增益!$A:$A,增益!$T:$T,0))} -> 1.522 | BO8: =MIN((1-BM8)*BJ8,BJ8*BK8) -> 0.18803265 | BP8: =1-BM8-BO8-BQ8 -> 0.2649738 | BQ8: =IF(VLOOKUP($R8,武学奇术!$A:$ZZ,22,FALSE)=1,0,(1-$BJ8))*(1-$BM8) -> 0.09749355 | BR8: {=SUM(_xlfn.XLOOKUP(S8:AG8,增益!$A:$A,增益!$W:$W,0))+$I$5} -> 0.06
A9: 会心率 | B9: 0.1825 | D9: 最小攻击 | E9: 最大攻击 | F9: 穿透 | G9: 伤害加成 | K9: =$L9*VLOOKUP($R9,武学奇术!$A:$ZZ,31,FALSE) -> 84834.688 | L9: =($M9*$BO9+$N9*$BM9+$O9*$BP9+$P9*$BQ9) -> 141391.15 | M9: =((($AO9+$AP9)/2*$AI9+$AJ9)*(1+$AQ9)*(1+$AR9)+(($AT9+$AU9)/2*IF($G$1="鸣金",$AK9,$AI9)+IF($G$1="鸣金",$AL9*1.5,0))*(1+$AV9)*(1+$AW9)+(($AX9+$AY9)/2*IF($G$1="裂石",$AK9,$AI9)+IF($G$1="裂石",$AL9*1.5,0))*(1+$AZ9)*(1+$BA9)+(($BB9+$BC9)/2*IF($G$1="牵丝",$AK9,$AI9)+IF($G$1="牵丝",$AL9*1.5,0))*(1+$BD9)*(1+$BE9)+(($BF9+$BG9)/2*IF($G$1="破竹",$AK9,$AI9)+IF($G$1="破竹",$AL9*1.5,0))*(1+$BH9)*(1+$BI9))*(1+$AM9)*$BL9*$Q9*(1+IF(VLOOKUP($R9,武学奇术!$A:$ZZ,30,FALSE)="流血",$B$21,0))*(1+$BR9) -> 119482.77 | N9: =(($AP9*$AI9+$AJ9)*(1+$AQ9)*(1+$AR9)+($AU9*IF($G$1="鸣金",$AK9,$AI9)+IF($G$1="鸣金",$AL9*1.5,0))*(1+$AV9)*(1+$AW9)+($AY9*IF($G$1="裂石",$AK9,$AI9)+IF($G$1="裂石",$AL9*1.5,0))*(1+$AZ9)*(1+$BA9)+($BC9*IF($G$1="牵丝",$AK9,$AI9)+IF($G$1="牵丝",$AL9*1.5,0))*(1+$BD9)*(1+$BE9)+($BG9*IF($G$1="破竹",$AK9,$AI9)+IF($G$1="破竹",$AL9*1.5,0))*(1+$BH9)*(1+$BI9))*(1+$AM9)*$BN9*$Q9*(1+IF(VLOOKUP($R9,武学奇术!$A:$ZZ,30,FALSE)="流血",$B$21,0))*(1+$BR9) -> 209797.02 | O9: =((($AO9+$AP9)/2*$AI9+$AJ9)*(1+$AQ9)*(1+$AR9)+(($AT9+$AU9)/2*IF($G$1="鸣金",$AK9,$AI9)+IF($G$1="鸣金",$AL9*1.5,0))*(1+$AV9)*(1+$AW9)+(($AX9+$AY9)/2*IF($G$1="裂石",$AK9,$AI9)+IF($G$1="裂石",$AL9*1.5,0))*(1+$AZ9)*(1+$BA9)+(($BB9+$BC9)/2*IF($G$1="牵丝",$AK9,$AI9)+IF($G$1="牵丝",$AL9*1.5,0))*(1+$BD9)*(1+$BE9)+(($BF9+$BG9)/2*IF($G$1="破竹",$AK9,$AI9)+IF($G$1="破竹",$AL9*1.5,0))*(1+$BH9)*(1+$BI9))*(1+$AM9)*$Q9*(1+IF(VLOOKUP($R9,武学奇术!$A:$ZZ,30,FALSE)="流血",$B$21,0))*(1+$BR9) -> 79655.179 | P9: =((($AO9*$AI9+$AJ9)*(1+$AQ9)*(1+$AR9)+($AT9*IF($G$1="鸣金",$AK9,$AI9)+IF($G$1="鸣金",$AL9*1.5,0))*(1+$AV9)*(1+$AW9)+($AX9*IF($G$1="裂石",$AK9,$AI9)+IF($G$1="裂石",$AL9*1.5,0))*(1+$AZ9)*(1+$BA9)+($BB9*IF($G$1="牵丝",$AK9,$AI9)+IF($G$1="牵丝",$AL9*1.5,0))*(1+$BD9)*(1+$BE9)+($BF9*IF($G$1="破竹",$AK9,$AI9)+IF($G$1="破竹",$AL9*1.5,0))*(1+$BH9)*(1+$BI9))*(1+$AM9))*$Q9*(1+IF(VLOOKUP($R9,武学奇术!$A:$ZZ,30,FALSE)="流血",$B$21,0))*(1+$BR9) -> 36045.367 | Q9: 1 | R9: 爆血(剑) | S9: 强效江流 | T9: 看破(持续) | U9: 惊神5 | V9: 纵横剑意 | W9: 特殊技减防 | X9: 易水歌3层 | Y9: N/a | Z9: N/a | AA9: 惧刃(拐) | AB9: 裁云(拐) | AC9: 烁鼓(拐) | AD9: 离猎(拐) | AE9: 伞增(拐) | AF9: 近战笛 | AG9: 秋瞑帖2层 | AH9: =VLOOKUP($R9,武学奇术!$A:$ZZ,25,FALSE) -> 剑 | AI9: =VLOOKUP($R9,武学奇术!$A:$ZZ,26,FALSE) -> 2.52 | AJ9: =VLOOKUP($R9,武学奇术!$A:$ZZ,27,FALSE)*(1+IF(OR($AH9=$F$4,$AH9=$F$5),$B$22,0)) -> 0 | AK9: =VLOOKUP($R9,武学奇术!$A:$ZZ,28,FALSE) -> 3.78 | AL9: =VLOOKUP($R9,武学奇术!$A:$ZZ,29,FALSE)*(1+IF(OR($AH9=$F$4,$AH9=$F$5),$B$22,0)) -> 0 | AM9: {=$G$3+IFERROR(VLOOKUP($AH9,$F$4:$G$7,2,FALSE),0)+VLOOKUP($R9,武学奇术!$A:$ZZ,2,FALSE)+SUM(_xlfn.XLOOKUP($S9:$AG9,增益!$A:$A,增益!$B:$B,0))} -> 1.7091 | AN9: {=VLOOKUP($R9,武学奇术!$A:$ZZ,5,FALSE)+SUM(_xlfn.XLOOKUP($S9:$AG9,增益!$A:$A,增益!$E:$E,0))} -> 0 | AO9: {=$D$10*(1+$AN9)+VLOOKUP($R9,武学奇术!$A:$ZZ,3,FALSE)+SUM(_xlfn.XLOOKUP($S9:$AG9,增益!$A:$A,增益!$C:$C,0))-$I$2} -> 1862.48 | AP9: {=$E$10*(1+$AN9)+VLOOKUP($R9,武学奇术!$A:$ZZ,4,FALSE)+SUM(_xlfn.XLOOKUP($S9:$AG9,增益!$A:$A,增益!$D:$D,0))-$I$2} -> 7794.56 | AQ9: {=IF($F$10-$I$3+VLOOKUP($R9,武学奇术!$A:$ZZ,6,FALSE)+SUM(_xlfn.XLOOKUP(S9:AG9,增益!$A:$A,增益!$F:$F,0))>0,($F$10-$I$3+VLOOKUP($R9,武学奇术!$A:$ZZ,6,FALSE)+SUM(_xlfn.XLOOKUP(S9:AG9,增益!$A:$A,增益!$F:$F,0)))/200,($F$10-$I$3+VLOOKUP($R9,武学奇术!$A:$ZZ,6,FALSE)+SUM(_xlfn.XLOOKUP(S9:AG9,增益!$A:$A,增益!$F:$F,0)))/100)} -> 0.349 | AR9: {=$G$10+VLOOKUP($R9,武学奇术!$A:$ZZ,7,FALSE)+SUM(_xlfn.XLOOKUP(S9:AG9,增益!$A:$A,增益!$G:$G,0))} -> 0 | AS9: {=VLOOKUP($R9,武学奇术!$A:$ZZ,8,FALSE)+SUM(_xlfn.XLOOKUP(S9:AG9,增益!$A:$A,增益!$H:$H,0))} -> 0 | AT9: =$D$11*(1+$AS9) -> 680.02 | AU9: =$E$11*(1+$AS9) -> 1288.54 | AV9: {=IF($F$11-$I$4+VLOOKUP($R9,武学奇术!$A:$ZZ,9,FALSE)+SUM(_xlfn.XLOOKUP(S9:AG9,增益!$A:$A,增益!$I:$I,0))>0,($F$11-$I$4+VLOOKUP($R9,武学奇术!$A:$ZZ,9,FALSE)+SUM(_xlfn.XLOOKUP(S9:AG9,增益!$A:$A,增益!$I:$I,0)))/200,($F$11-$I$4+VLOOKUP($R9,武学奇术!$A:$ZZ,9,FALSE)+SUM(_xlfn.XLOOKUP(S9:AG9,增益!$A:$A,增益!$I:$I,0)))/100)} -> 0.075 | AW9: {=$G$11+VLOOKUP($R9,武学奇术!$A:$ZZ,10,FALSE)+SUM(_xlfn.XLOOKUP(S9:AG9,增益!$A:$A,增益!$J:$J,0))} -> 0.15 | AX9: =$D$12*(1+$AS9) -> 0 | AY9: =$E$12*(1+$AS9) -> 0 | AZ9: {=IF($F$12-$I$4+VLOOKUP($R9,武学奇术!$A:$ZZ,11,FALSE)+SUM(_xlfn.XLOOKUP(S9:AG9,增益!$A:$A,增益!$K:$K,0))>0,($F$12-$I$4+VLOOKUP($R9,武学奇术!$A:$ZZ,11,FALSE)+SUM(_xlfn.XLOOKUP(S9:AG9,增益!$A:$A,增益!$K:$K,0)))/200,($F$12-$I$4+VLOOKUP($R9,武学奇术!$A:$ZZ,11,FALSE)+SUM(_xlfn.XLOOKUP(S9:AG9,增益!$A:$A,增益!$K:$K,0)))/100)} -> -0.3 | BA9: {=$G$12+VLOOKUP($R9,武学奇术!$A:$ZZ,12,FALSE)+SUM(_xlfn.XLOOKUP(S9:AG9,增益!$A:$A,增益!$L:$L,0))} -> 0 | BB9: =$D$13*(1+$AS9) -> 0 | BC9: =$E$13*(1+$AS9) -> 0 | BD9: {=IF($F$13-$I$4+VLOOKUP($R9,武学奇术!$A:$ZZ,13,FALSE)+SUM(_xlfn.XLOOKUP(S9:AG9,增益!$A:$A,增益!$M:$M,0))>0,($F$13-$I$4+VLOOKUP($R9,武学奇术!$A:$ZZ,13,FALSE)+SUM(_xlfn.XLOOKUP(S9:AG9,增益!$A:$A,增益!$K:$K,0)))/200,($F$13-$I$4+VLOOKUP($R9,武学奇术!$A:$ZZ,13,FALSE)+SUM(_xlfn.XLOOKUP(S9:AG9,增益!$A:$A,增益!$M:$M,0)))/100)} -> -0.3 | BE9: {=$G$13+VLOOKUP($R9,武学奇术!$A:$ZZ,14,FALSE)+SUM(_xlfn.XLOOKUP(S9:AG9,增益!$A:$A,增益!$N:$N,0))} -> 0 | BF9: =$D$14*(1+$AS9) -> 0 | BG9: =$E$14*(1+$AS9) -> 0 | BH9: {=IF($F$14-$I$4+VLOOKUP($R9,武学奇术!$A:$ZZ,15,FALSE)+SUM(_xlfn.XLOOKUP(S9:AG9,增益!$A:$A,增益!$O:$O,0))>0,($F$14-$I$4+VLOOKUP($R9,武学奇术!$A:$ZZ,15,FALSE)+SUM(_xlfn.XLOOKUP(S9:AG9,增益!$A:$A,增益!$O:$O,0)))/200,($F$14-$I$4+VLOOKUP($R9,武学奇术!$A:$ZZ,15,FALSE)+SUM(_xlfn.XLOOKUP(S9:AG9,增益!$A:$A,增益!$O:$O,0)))/100)} -> -0.3 | BI9: {=$G$14+VLOOKUP($R9,武学奇术!$A:$ZZ,16,FALSE)+SUM(_xlfn.XLOOKUP(S9:AG9,增益!$A:$A,增益!$P:$P,0))} -> 0 | BJ9: =MIN(IF(VLOOKUP($R9,武学奇术!$A:$ZZ,23,FALSE)=1,100%,$B$8),100%) -> 0.8229 | BK9: {=IF(VLOOKUP($R9,武学奇术!$A:$ZZ,23,FALSE)=1,100%,MIN(80%,$B$9+VLOOKUP($R9,武学奇术!$A:$ZZ,17,FALSE)+SUM(_xlfn.XLOOKUP(S9:AG9,增益!$A:$A,增益!$Q:$Q,0)))+$B$11+SUM(_xlfn.XLOOKUP(S9:AG9,增益!$A:$A,增益!$U:$U,0)))*IF(VLOOKUP($R9,武学奇术!$A:$ZZ,24,FALSE)=1,0,1)} -> 0.2285 | BL9: {=1+$B$13+VLOOKUP($R9,武学奇术!$A:$ZZ,18,FALSE)+SUM(_xlfn.XLOOKUP(S9:AG9,增益!$A:$A,增益!$R:$R,0))} -> 1.5 | BM9: {=IF(VLOOKUP($R9,武学奇术!$A:$ZZ,24,FALSE)=1,100%,MIN(40%,$B$10+VLOOKUP($R9,武学奇术!$A:$ZZ,19,FALSE)+SUM(_xlfn.XLOOKUP(S9:AG9,增益!$A:$A,增益!$S:$S,0)))+$B$12+SUM(_xlfn.XLOOKUP(S9:AG9,增益!$A:$A,增益!$V:$V,0)))*IF(VLOOKUP($R9,武学奇术!$A:$ZZ,23,FALSE)=1,0,1)} -> 0.4495 | BN9: {=1+$B$14+VLOOKUP($R9,武学奇术!$A:$ZZ,20,FALSE)+SUM(_xlfn.XLOOKUP(S9:AG9,增益!$A:$A,增益!$T:$T,0))} -> 1.702 | BO9: =MIN((1-BM9)*BJ9,BJ9*BK9) -> 0.18803265 | BP9: =1-BM9-BO9-BQ9 -> 0.2649738 | BQ9: =IF(VLOOKUP($R9,武学奇术!$A:$ZZ,22,FALSE)=1,0,(1-$BJ9))*(1-$BM9) -> 0.09749355 | BR9: {=SUM(_xlfn.XLOOKUP(S9:AG9,增益!$A:$A,增益!$W:$W,0))+$I$5} -> 0.06
A10: 会意率 | B10: 0.3965 | C10: 外功 | D10: =(B2+B23)*IF($G$2="飞隼",1.1,1) -> 2414.28 | E10: =MAX(B2+B23,C2+B24)*IF($G$2="飞隼",1.1,1) -> 8346.36 | F10: =D2 -> 63.8 | G10: =E2 -> 0 | H10: 总伤 | I10: =SUM(L:L) -> 15884397 | K10: =$L10*VLOOKUP($R10,武学奇术!$A:$ZZ,31,FALSE) -> 34797.617 | L10: =($M10*$BO10+$N10*$BM10+$O10*$BP10+$P10*$BQ10) -> 34797.617 | M10: =((($AO10+$AP10)/2*$AI10+$AJ10)*(1+$AQ10)*(1+$AR10)+(($AT10+$AU10)/2*IF($G$1="鸣金",$AK10,$AI10)+IF($G$1="鸣金",$AL10*1.5,0))*(1+$AV10)*(1+$AW10)+(($AX10+$AY10)/2*IF($G$1="裂石",$AK10,$AI10)+IF($G$1="裂石",$AL10*1.5,0))*(1+$AZ10)*(1+$BA10)+(($BB10+$BC10)/2*IF($G$1="牵丝",$AK10,$AI10)+IF($G$1="牵丝",$AL10*1.5,0))*(1+$BD10)*(1+$BE10)+(($BF10+$BG10)/2*IF($G$1="破竹",$AK10,$AI10)+IF($G$1="破竹",$AL10*1.5,0))*(1+$BH10)*(1+$BI10))*(1+$AM10)*$BL10*$Q10*(1+IF(VLOOKUP($R10,武学奇术!$A:$ZZ,30,FALSE)="流血",$B$21,0))*(1+$BR10) -> 31819.116 | N10: =(($AP10*$AI10+$AJ10)*(1+$AQ10)*(1+$AR10)+($AU10*IF($G$1="鸣金",$AK10,$AI10)+IF($G$1="鸣金",$AL10*1.5,0))*(1+$AV10)*(1+$AW10)+($AY10*IF($G$1="裂石",$AK10,$AI10)+IF($G$1="裂石",$AL10*1.5,0))*(1+$AZ10)*(1+$BA10)+($BC10*IF($G$1="牵丝",$AK10,$AI10)+IF($G$1="牵丝",$AL10*1.5,0))*(1+$BD10)*(1+$BE10)+($BG10*IF($G$1="破竹",$AK10,$AI10)+IF($G$1="破竹",$AL10*1.5,0))*(1+$BH10)*(1+$BI10))*(1+$AM10)*$BN10*$Q10*(1+IF(VLOOKUP($R10,武学奇术!$A:$ZZ,30,FALSE)="流血",$B$21,0))*(1+$BR10) -> 49443.14 | O10: =((($AO10+$AP10)/2*$AI10+$AJ10)*(1+$AQ10)*(1+$AR10)+(($AT10+$AU10)/2*IF($G$1="鸣金",$AK10,$AI10)+IF($G$1="鸣金",$AL10*1.5,0))*(1+$AV10)*(1+$AW10)+(($AX10+$AY10)/2*IF($G$1="裂石",$AK10,$AI10)+IF($G$1="裂石",$AL10*1.5,0))*(1+$AZ10)*(1+$BA10)+(($BB10+$BC10)/2*IF($G$1="牵丝",$AK10,$AI10)+IF($G$1="牵丝",$AL10*1.5,0))*(1+$BD10)*(1+$BE10)+(($BF10+$BG10)/2*IF($G$1="破竹",$AK10,$AI10)+IF($G$1="破竹",$AL10*1.5,0))*(1+$BH10)*(1+$BI10))*(1+$AM10)*$Q10*(1+IF(VLOOKUP($R10,武学奇术!$A:$ZZ,30,FALSE)="流血",$B$21,0))*(1+$BR10) -> 21212.744 | P10: =((($AO10*$AI10+$AJ10)*(1+$AQ10)*(1+$AR10)+($AT10*IF($G$1="鸣金",$AK10,$AI10)+IF($G$1="鸣金",$AL10*1.5,0))*(1+$AV10)*(1+$AW10)+($AX10*IF($G$1="裂石",$AK10,$AI10)+IF($G$1="裂石",$AL10*1.5,0))*(1+$AZ10)*(1+$BA10)+($BB10*IF($G$1="牵丝",$AK10,$AI10)+IF($G$1="牵丝",$AL10*1.5,0))*(1+$BD10)*(1+$BE10)+($BF10*IF($G$1="破竹",$AK10,$AI10)+IF($G$1="破竹",$AL10*1.5,0))*(1+$BH10)*(1+$BI10))*(1+$AM10))*$Q10*(1+IF(VLOOKUP($R10,武学奇术!$A:$ZZ,30,FALSE)="流血",$B$21,0))*(1+$BR10) -> 9939.8503 | Q10: 1 | R10: 神龙吐火暗灼1hit | S10: 强效江流 | T10: 看破 | U10: N/a | V10: N/a | W10: 特殊技减防 | X10: 易水歌3层 | Y10: N/a | Z10: N/a | AA10: 惧刃(拐) | AB10: 裁云(拐) | AC10: 烁鼓(拐) | AD10: 离猎(拐) | AE10: 伞增(拐) | AF10: 近战笛 | AG10: 秋瞑帖2层 | AH10: =VLOOKUP($R10,武学奇术!$A:$ZZ,25,FALSE) -> 单体奇术 | AI10: =VLOOKUP($R10,武学奇术!$A:$ZZ,26,FALSE) -> 1.28505 | AJ10: =VLOOKUP($R10,武学奇术!$A:$ZZ,27,FALSE)*(1+IF(OR($AH10=$F$4,$AH10=$F$5),$B$22,0)) -> 251 | AK10: =VLOOKUP($R10,武学奇术!$A:$ZZ,28,FALSE) -> 1.927575 | AL10: =VLOOKUP($R10,武学奇术!$A:$ZZ,29,FALSE)*(1+IF(OR($AH10=$F$4,$AH10=$F$5),$B$22,0)) -> 0 | AM10: {=$G$3+IFERROR(VLOOKUP($AH10,$F$4:$G$7,2,FALSE),0)+VLOOKUP($R10,武学奇术!$A:$ZZ,2,FALSE)+SUM(_xlfn.XLOOKUP($S10:$AG10,增益!$A:$A,增益!$B:$B,0))} -> 0.923 | AN10: {=VLOOKUP($R10,武学奇术!$A:$ZZ,5,FALSE)+SUM(_xlfn.XLOOKUP($S10:$AG10,增益!$A:$A,增益!$E:$E,0))} -> 0 | AO10: {=$D$10*(1+$AN10)+VLOOKUP($R10,武学奇术!$A:$ZZ,3,FALSE)+SUM(_xlfn.XLOOKUP($S10:$AG10,增益!$A:$A,增益!$C:$C,0))-$I$2} -> 1862.48 | AP10: {=$E$10*(1+$AN10)+VLOOKUP($R10,武学奇术!$A:$ZZ,4,FALSE)+SUM(_xlfn.XLOOKUP($S10:$AG10,增益!$A:$A,增益!$D:$D,0))-$I$2} -> 7794.56 | AQ10: {=IF($F$10-$I$3+VLOOKUP($R10,武学奇术!$A:$ZZ,6,FALSE)+SUM(_xlfn.XLOOKUP(S10:AG10,增益!$A:$A,增益!$F:$F,0))>0,($F$10-$I$3+VLOOKUP($R10,武学奇术!$A:$ZZ,6,FALSE)+SUM(_xlfn.XLOOKUP(S10:AG10,增益!$A:$A,增益!$F:$F,0)))/200,($F$10-$I$3+VLOOKUP($R10,武学奇术!$A:$ZZ,6,FALSE)+SUM(_xlfn.XLOOKUP(S10:AG10,增益!$A:$A,增益!$F:$F,0)))/100)} -> 0.274 | AR10: {=$G$10+VLOOKUP($R10,武学奇术!$A:$ZZ,7,FALSE)+SUM(_xlfn.XLOOKUP(S10:AG10,增益!$A:$A,增益!$G:$G,0))} -> 0 | AS10: {=VLOOKUP($R10,武学奇术!$A:$ZZ,8,FALSE)+SUM(_xlfn.XLOOKUP(S10:AG10,增益!$A:$A,增益!$H:$H,0))} -> 0 | AT10: =$D$11*(1+$AS10) -> 680.02 | AU10: =$E$11*(1+$AS10) -> 1288.54 | AV10: {=IF($F$11-$I$4+VLOOKUP($R10,武学奇术!$A:$ZZ,9,FALSE)+SUM(_xlfn.XLOOKUP(S10:AG10,增益!$A:$A,增益!$I:$I,0))>0,($F$11-$I$4+VLOOKUP($R10,武学奇术!$A:$ZZ,9,FALSE)+SUM(_xlfn.XLOOKUP(S10:AG10,增益!$A:$A,增益!$I:$I,0)))/200,($F$11-$I$4+VLOOKUP($R10,武学奇术!$A:$ZZ,9,FALSE)+SUM(_xlfn.XLOOKUP(S10:AG10,增益!$A:$A,增益!$I:$I,0)))/100)} -> 0 | AW10: {=$G$11+VLOOKUP($R10,武学奇术!$A:$ZZ,10,FALSE)+SUM(_xlfn.XLOOKUP(S10:AG10,增益!$A:$A,增益!$J:$J,0))} -> 0.15 | AX10: =$D$12*(1+$AS10) -> 0 | AY10: =$E$12*(1+$AS10) -> 0 | AZ10: {=IF($F$12-$I$4+VLOOKUP($R10,武学奇术!$A:$ZZ,11,FALSE)+SUM(_xlfn.XLOOKUP(S10:AG10,增益!$A:$A,增益!$K:$K,0))>0,($F$12-$I$4+VLOOKUP($R10,武学奇术!$A:$ZZ,11,FALSE)+SUM(_xlfn.XLOOKUP(S10:AG10,增益!$A:$A,增益!$K:$K,0)))/200,($F$12-$I$4+VLOOKUP($R10,武学奇术!$A:$ZZ,11,FALSE)+SUM(_xlfn.XLOOKUP(S10:AG10,增益!$A:$A,增益!$K:$K,0)))/100)} -> -0.3 | BA10: {=$G$12+VLOOKUP($R10,武学奇术!$A:$ZZ,12,FALSE)+SUM(_xlfn.XLOOKUP(S10:AG10,增益!$A:$A,增益!$L:$L,0))} -> 0 | BB10: =$D$13*(1+$AS10) -> 0 | BC10: =$E$13*(1+$AS10) -> 0 | BD10: {=IF($F$13-$I$4+VLOOKUP($R10,武学奇术!$A:$ZZ,13,FALSE)+SUM(_xlfn.XLOOKUP(S10:AG10,增益!$A:$A,增益!$M:$M,0))>0,($F$13-$I$4+VLOOKUP($R10,武学奇术!$A:$ZZ,13,FALSE)+SUM(_xlfn.XLOOKUP(S10:AG10,增益!$A:$A,增益!$K:$K,0)))/200,($F$13-$I$4+VLOOKUP($R10,武学奇术!$A:$ZZ,13,FALSE)+SUM(_xlfn.XLOOKUP(S10:AG10,增益!$A:$A,增益!$M:$M,0)))/100)} -> -0.3 | BE10: {=$G$13+VLOOKUP($R10,武学奇术!$A:$ZZ,14,FALSE)+SUM(_xlfn.XLOOKUP(S10:AG10,增益!$A:$A,增益!$N:$N,0))} -> 0 | BF10: =$D$14*(1+$AS10) -> 0 | BG10: =$E$14*(1+$AS10) -> 0 | BH10: {=IF($F$14-$I$4+VLOOKUP($R10,武学奇术!$A:$ZZ,15,FALSE)+SUM(_xlfn.XLOOKUP(S10:AG10,增益!$A:$A,增益!$O:$O,0))>0,($F$14-$I$4+VLOOKUP($R10,武学奇术!$A:$ZZ,15,FALSE)+SUM(_xlfn.XLOOKUP(S10:AG10,增益!$A:$A,增益!$O:$O,0)))/200,($F$14-$I$4+VLOOKUP($R10,武学奇术!$A:$ZZ,15,FALSE)+SUM(_xlfn.XLOOKUP(S10:AG10,增益!$A:$A,增益!$O:$O,0)))/100)} -> -0.3 | BI10: {=$G$14+VLOOKUP($R10,武学奇术!$A:$ZZ,16,FALSE)+SUM(_xlfn.XLOOKUP(S10:AG10,增益!$A:$A,增益!$P:$P,0))} -> 0 | BJ10: =MIN(IF(VLOOKUP($R10,武学奇术!$A:$ZZ,23,FALSE)=1,100%,$B$8),100%) -> 0.8229 | BK10: {=IF(VLOOKUP($R10,武学奇术!$A:$ZZ,23,FALSE)=1,100%,MIN(80%,$B$9+VLOOKUP($R10,武学奇术!$A:$ZZ,17,FALSE)+SUM(_xlfn.XLOOKUP(S10:AG10,增益!$A:$A,增益!$Q:$Q,0)))+$B$11+SUM(_xlfn.XLOOKUP(S10:AG10,增益!$A:$A,增益!$U:$U,0)))*IF(VLOOKUP($R10,武学奇术!$A:$ZZ,24,FALSE)=1,0,1)} -> 0.2285 | BL10: {=1+$B$13+VLOOKUP($R10,武学奇术!$A:$ZZ,18,FALSE)+SUM(_xlfn.XLOOKUP(S10:AG10,增益!$A:$A,增益!$R:$R,0))} -> 1.5 | BM10: {=IF(VLOOKUP($R10,武学奇术!$A:$ZZ,24,FALSE)=1,100%,MIN(40%,$B$10+VLOOKUP($R10,武学奇术!$A:$ZZ,19,FALSE)+SUM(_xlfn.XLOOKUP(S10:AG10,增益!$A:$A,增益!$S:$S,0)))+$B$12+SUM(_xlfn.XLOOKUP(S10:AG10,增益!$A:$A,增益!$V:$V,0)))*IF(VLOOKUP($R10,武学奇术!$A:$ZZ,23,FALSE)=1,0,1)} -> 0.4495 | BN10: {=1+$B$14+VLOOKUP($R10,武学奇术!$A:$ZZ,20,FALSE)+SUM(_xlfn.XLOOKUP(S10:AG10,增益!$A:$A,增益!$T:$T,0))} -> 1.522 | BO10: =MIN((1-BM10)*BJ10,BJ10*BK10) -> 0.18803265 | BP10: =1-BM10-BO10-BQ10 -> 0.2649738 | BQ10: =IF(VLOOKUP($R10,武学奇术!$A:$ZZ,22,FALSE)=1,0,(1-$BJ10))*(1-$BM10) -> 0.09749355 | BR10: {=SUM(_xlfn.XLOOKUP(S10:AG10,增益!$A:$A,增益!$W:$W,0))+$I$5} -> 0.06
A11: 直接会心率 | B11: 0.046 | C11: 鸣金 | D11: =(B3+IF($G$1=$C11,$B$7,0))*IF($G$2="飞隼",1.1,1) -> 680.02 | E11: =(MAX(B3,C3)+IF($G$1=$C11,$C$7,0))*IF($G$2="飞隼",1.1,1) -> 1288.54 | F11: =D3 -> 30 | G11: =E3 -> 0.15 | K11: =$L11*VLOOKUP($R11,武学奇术!$A:$ZZ,31,FALSE) -> 35210.76 | L11: =($M11*$BO11+$N11*$BM11+$O11*$BP11+$P11*$BQ11) -> 35210.76 | M11: =((($AO11+$AP11)/2*$AI11+$AJ11)*(1+$AQ11)*(1+$AR11)+(($AT11+$AU11)/2*IF($G$1="鸣金",$AK11,$AI11)+IF($G$1="鸣金",$AL11*1.5,0))*(1+$AV11)*(1+$AW11)+(($AX11+$AY11)/2*IF($G$1="裂石",$AK11,$AI11)+IF($G$1="裂石",$AL11*1.5,0))*(1+$AZ11)*(1+$BA11)+(($BB11+$BC11)/2*IF($G$1="牵丝",$AK11,$AI11)+IF($G$1="牵丝",$AL11*1.5,0))*(1+$BD11)*(1+$BE11)+(($BF11+$BG11)/2*IF($G$1="破竹",$AK11,$AI11)+IF($G$1="破竹",$AL11*1.5,0))*(1+$BH11)*(1+$BI11))*(1+$AM11)*$BL11*$Q11*(1+IF(VLOOKUP($R11,武学奇术!$A:$ZZ,30,FALSE)="流血",$B$21,0))*(1+$BR11) -> 32530.366 | N11: =(($AP11*$AI11+$AJ11)*(1+$AQ11)*(1+$AR11)+($AU11*IF($G$1="鸣金",$AK11,$AI11)+IF($G$1="鸣金",$AL11*1.5,0))*(1+$AV11)*(1+$AW11)+($AY11*IF($G$1="裂石",$AK11,$AI11)+IF($G$1="裂石",$AL11*1.5,0))*(1+$AZ11)*(1+$BA11)+($BC11*IF($G$1="牵丝",$AK11,$AI11)+IF($G$1="牵丝",$AL11*1.5,0))*(1+$BD11)*(1+$BE11)+($BG11*IF($G$1="破竹",$AK11,$AI11)+IF($G$1="破竹",$AL11*1.5,0))*(1+$BH11)*(1+$BI11))*(1+$AM11)*$BN11*$Q11*(1+IF(VLOOKUP($R11,武学奇术!$A:$ZZ,30,FALSE)="流血",$B$21,0))*(1+$BR11) -> 49548.445 | O11: =((($AO11+$AP11)/2*$AI11+$AJ11)*(1+$AQ11)*(1+$AR11)+(($AT11+$AU11)/2*IF($G$1="鸣金",$AK11,$AI11)+IF($G$1="鸣金",$AL11*1.5,0))*(1+$AV11)*(1+$AW11)+(($AX11+$AY11)/2*IF($G$1="裂石",$AK11,$AI11)+IF($G$1="裂石",$AL11*1.5,0))*(1+$AZ11)*(1+$BA11)+(($BB11+$BC11)/2*IF($G$1="牵丝",$AK11,$AI11)+IF($G$1="牵丝",$AL11*1.5,0))*(1+$BD11)*(1+$BE11)+(($BF11+$BG11)/2*IF($G$1="破竹",$AK11,$AI11)+IF($G$1="破竹",$AL11*1.5,0))*(1+$BH11)*(1+$BI11))*(1+$AM11)*$Q11*(1+IF(VLOOKUP($R11,武学奇术!$A:$ZZ,30,FALSE)="流血",$B$21,0))*(1+$BR11) -> 21686.911 | P11: =((($AO11*$AI11+$AJ11)*(1+$AQ11)*(1+$AR11)+($AT11*IF($G$1="鸣金",$AK11,$AI11)+IF($G$1="鸣金",$AL11*1.5,0))*(1+$AV11)*(1+$AW11)+($AX11*IF($G$1="裂石",$AK11,$AI11)+IF($G$1="裂石",$AL11*1.5,0))*(1+$AZ11)*(1+$BA11)+($BB11*IF($G$1="牵丝",$AK11,$AI11)+IF($G$1="牵丝",$AL11*1.5,0))*(1+$BD11)*(1+$BE11)+($BF11*IF($G$1="破竹",$AK11,$AI11)+IF($G$1="破竹",$AL11*1.5,0))*(1+$BH11)*(1+$BI11))*(1+$AM11))*$Q11*(1+IF(VLOOKUP($R11,武学奇术!$A:$ZZ,30,FALSE)="流血",$B$21,0))*(1+$BR11) -> 11031.495 | Q11: 1 | R11: 剑～ | S11: 强效江流 | T11: 看破 | U11: N/a | V11: N/a | W11: 特殊技减防 | X11: 易水歌4层 | Y11: N/a | Z11: N/a | AA11: 惧刃(拐) | AB11: 裁云(拐) | AC11: 烁鼓(拐) | AD11: 离猎(拐) | AE11: 伞增(拐) | AF11: 近战笛 | AG11: 秋瞑帖3层 | AH11: =VLOOKUP($R11,武学奇术!$A:$ZZ,25,FALSE) -> 剑 | AI11: =VLOOKUP($R11,武学奇术!$A:$ZZ,26,FALSE) -> 1.1781 | AJ11: =VLOOKUP($R11,武学奇术!$A:$ZZ,27,FALSE)*(1+IF(OR($AH11=$F$4,$AH11=$F$5),$B$22,0)) -> 489 | AK11: =VLOOKUP($R11,武学奇术!$A:$ZZ,28,FALSE) -> 1.7672 | AL11: =VLOOKUP($R11,武学奇术!$A:$ZZ,29,FALSE)*(1+IF(OR($AH11=$F$4,$AH11=$F$5),$B$22,0)) -> 265.5 | AM11: {=$G$3+IFERROR(VLOOKUP($AH11,$F$4:$G$7,2,FALSE),0)+VLOOKUP($R11,武学奇术!$A:$ZZ,2,FALSE)+SUM(_xlfn.XLOOKUP($S11:$AG11,增益!$A:$A,增益!$B:$B,0))} -> 0.9691 | AN11: {=VLOOKUP($R11,武学奇术!$A:$ZZ,5,FALSE)+SUM(_xlfn.XLOOKUP($S11:$AG11,增益!$A:$A,增益!$E:$E,0))} -> 0 | AO11: {=$D$10*(1+$AN11)+VLOOKUP($R11,武学奇术!$A:$ZZ,3,FALSE)+SUM(_xlfn.XLOOKUP($S11:$AG11,增益!$A:$A,增益!$C:$C,0))-$I$2} -> 1862.48 | AP11: {=$E$10*(1+$AN11)+VLOOKUP($R11,武学奇术!$A:$ZZ,4,FALSE)+SUM(_xlfn.XLOOKUP($S11:$AG11,增益!$A:$A,增益!$D:$D,0))-$I$2} -> 7794.56 | AQ11: {=IF($F$10-$I$3+VLOOKUP($R11,武学奇术!$A:$ZZ,6,FALSE)+SUM(_xlfn.XLOOKUP(S11:AG11,增益!$A:$A,增益!$F:$F,0))>0,($F$10-$I$3+VLOOKUP($R11,武学奇术!$A:$ZZ,6,FALSE)+SUM(_xlfn.XLOOKUP(S11:AG11,增益!$A:$A,增益!$F:$F,0)))/200,($F$10-$I$3+VLOOKUP($R11,武学奇术!$A:$ZZ,6,FALSE)+SUM(_xlfn.XLOOKUP(S11:AG11,增益!$A:$A,增益!$F:$F,0)))/100)} -> 0.284 | AR11: {=$G$10+VLOOKUP($R11,武学奇术!$A:$ZZ,7,FALSE)+SUM(_xlfn.XLOOKUP(S11:AG11,增益!$A:$A,增益!$G:$G,0))} -> 0 | AS11: {=VLOOKUP($R11,武学奇术!$A:$ZZ,8,FALSE)+SUM(_xlfn.XLOOKUP(S11:AG11,增益!$A:$A,增益!$H:$H,0))} -> 0 | AT11: =$D$11*(1+$AS11) -> 680.02 | AU11: =$E$11*(1+$AS11) -> 1288.54 | AV11: {=IF($F$11-$I$4+VLOOKUP($R11,武学奇术!$A:$ZZ,9,FALSE)+SUM(_xlfn.XLOOKUP(S11:AG11,增益!$A:$A,增益!$I:$I,0))>0,($F$11-$I$4+VLOOKUP($R11,武学奇术!$A:$ZZ,9,FALSE)+SUM(_xlfn.XLOOKUP(S11:AG11,增益!$A:$A,增益!$I:$I,0)))/200,($F$11-$I$4+VLOOKUP($R11,武学奇术!$A:$ZZ,9,FALSE)+SUM(_xlfn.XLOOKUP(S11:AG11,增益!$A:$A,增益!$I:$I,0)))/100)} -> 0 | AW11: {=$G$11+VLOOKUP($R11,武学奇术!$A:$ZZ,10,FALSE)+SUM(_xlfn.XLOOKUP(S11:AG11,增益!$A:$A,增益!$J:$J,0))} -> 0.15 | AX11: =$D$12*(1+$AS11) -> 0 | AY11: =$E$12*(1+$AS11) -> 0 | AZ11: {=IF($F$12-$I$4+VLOOKUP($R11,武学奇术!$A:$ZZ,11,FALSE)+SUM(_xlfn.XLOOKUP(S11:AG11,增益!$A:$A,增益!$K:$K,0))>0,($F$12-$I$4+VLOOKUP($R11,武学奇术!$A:$ZZ,11,FALSE)+SUM(_xlfn.XLOOKUP(S11:AG11,增益!$A:$A,增益!$K:$K,0)))/200,($F$12-$I$4+VLOOKUP($R11,武学奇术!$A:$ZZ,11,FALSE)+SUM(_xlfn.XLOOKUP(S11:AG11,增益!$A:$A,增益!$K:$K,0)))/100)} -> -0.3 | BA11: {=$G$12+VLOOKUP($R11,武学奇术!$A:$ZZ,12,FALSE)+SUM(_xlfn.XLOOKUP(S11:AG11,增益!$A:$A,增益!$L:$L,0))} -> 0 | BB11: =$D$13*(1+$AS11) -> 0 | BC11: =$E$13*(1+$AS11) -> 0 | BD11: {=IF($F$13-$I$4+VLOOKUP($R11,武学奇术!$A:$ZZ,13,FALSE)+SUM(_xlfn.XLOOKUP(S11:AG11,增益!$A:$A,增益!$M:$M,0))>0,($F$13-$I$4+VLOOKUP($R11,武学奇术!$A:$ZZ,13,FALSE)+SUM(_xlfn.XLOOKUP(S11:AG11,增益!$A:$A,增益!$K:$K,0)))/200,($F$13-$I$4+VLOOKUP($R11,武学奇术!$A:$ZZ,13,FALSE)+SUM(_xlfn.XLOOKUP(S11:AG11,增益!$A:$A,增益!$M:$M,0)))/100)} -> -0.3 | BE11: {=$G$13+VLOOKUP($R11,武学奇术!$A:$ZZ,14,FALSE)+SUM(_xlfn.XLOOKUP(S11:AG11,增益!$A:$A,增益!$N:$N,0))} -> 0 | BF11: =$D$14*(1+$AS11) -> 0 | BG11: =$E$14*(1+$AS11) -> 0 | BH11: {=IF($F$14-$I$4+VLOOKUP($R11,武学奇术!$A:$ZZ,15,FALSE)+SUM(_xlfn.XLOOKUP(S11:AG11,增益!$A:$A,增益!$O:$O,0))>0,($F$14-$I$4+VLOOKUP($R11,武学奇术!$A:$ZZ,15,FALSE)+SUM(_xlfn.XLOOKUP(S11:AG11,增益!$A:$A,增益!$O:$O,0)))/200,($F$14-$I$4+VLOOKUP($R11,武学奇术!$A:$ZZ,15,FALSE)+SUM(_xlfn.XLOOKUP(S11:AG11,增益!$A:$A,增益!$O:$O,0)))/100)} -> -0.3 | BI11: {=$G$14+VLOOKUP($R11,武学奇术!$A:$ZZ,16,FALSE)+SUM(_xlfn.XLOOKUP(S11:AG11,增益!$A:$A,增益!$P:$P,0))} -> 0 | BJ11: =MIN(IF(VLOOKUP($R11,武学奇术!$A:$ZZ,23,FALSE)=1,100%,$B$8),100%) -> 0.8229 | BK11: {=IF(VLOOKUP($R11,武学奇术!$A:$ZZ,23,FALSE)=1,100%,MIN(80%,$B$9+VLOOKUP($R11,武学奇术!$A:$ZZ,17,FALSE)+SUM(_xlfn.XLOOKUP(S11:AG11,增益!$A:$A,增益!$Q:$Q,0)))+$B$11+SUM(_xlfn.XLOOKUP(S11:AG11,增益!$A:$A,增益!$U:$U,0)))*IF(VLOOKUP($R11,武学奇术!$A:$ZZ,24,FALSE)=1,0,1)} -> 0.2285 | BL11: {=1+$B$13+VLOOKUP($R11,武学奇术!$A:$ZZ,18,FALSE)+SUM(_xlfn.XLOOKUP(S11:AG11,增益!$A:$A,增益!$R:$R,0))} -> 1.5 | BM11: {=IF(VLOOKUP($R11,武学奇术!$A:$ZZ,24,FALSE)=1,100%,MIN(40%,$B$10+VLOOKUP($R11,武学奇术!$A:$ZZ,19,FALSE)+SUM(_xlfn.XLOOKUP(S11:AG11,增益!$A:$A,增益!$S:$S,0)))+$B$12+SUM(_xlfn.XLOOKUP(S11:AG11,增益!$A:$A,增益!$V:$V,0)))*IF(VLOOKUP($R11,武学奇术!$A:$ZZ,23,FALSE)=1,0,1)} -> 0.4495 | BN11: {=1+$B$14+VLOOKUP($R11,武学奇术!$A:$ZZ,20,FALSE)+SUM(_xlfn.XLOOKUP(S11:AG11,增益!$A:$A,增益!$T:$T,0))} -> 1.532 | BO11: =MIN((1-BM11)*BJ11,BJ11*BK11) -> 0.18803265 | BP11: =1-BM11-BO11-BQ11 -> 0.2649738 | BQ11: =IF(VLOOKUP($R11,武学奇术!$A:$ZZ,22,FALSE)=1,0,(1-$BJ11))*(1-$BM11) -> 0.09749355 | BR11: {=SUM(_xlfn.XLOOKUP(S11:AG11,增益!$A:$A,增益!$W:$W,0))+$I$5} -> 0.06
A12: 直接会意率 | B12: 0.023 | C12: 裂石 | D12: =B4+IF($G$1=$C12,$B$7,0) -> 0 | E12: =MAX(B4,C4)+IF($G$1=$C12,$C$7,0) -> 0 | F12: =D4 -> 0 | G12: =E4 -> 0 | H12: ADPS | I12: =I10/I8 -> 173599.96 | K12: =$L12*VLOOKUP($R12,武学奇术!$A:$ZZ,31,FALSE) -> 127852.81 | L12: =($M12*$BO12+$N12*$BM12+$O12*$BP12+$P12*$BQ12) -> 213088.02 | M12: =((($AO12+$AP12)/2*$AI12+$AJ12)*(1+$AQ12)*(1+$AR12)+(($AT12+$AU12)/2*IF($G$1="鸣金",$AK12,$AI12)+IF($G$1="鸣金",$AL12*1.5,0))*(1+$AV12)*(1+$AW12)+(($AX12+$AY12)/2*IF($G$1="裂石",$AK12,$AI12)+IF($G$1="裂石",$AL12*1.5,0))*(1+$AZ12)*(1+$BA12)+(($BB12+$BC12)/2*IF($G$1="牵丝",$AK12,$AI12)+IF($G$1="牵丝",$AL12*1.5,0))*(1+$BD12)*(1+$BE12)+(($BF12+$BG12)/2*IF($G$1="破竹",$AK12,$AI12)+IF($G$1="破竹",$AL12*1.5,0))*(1+$BH12)*(1+$BI12))*(1+$AM12)*$BL12*$Q12*(1+IF(VLOOKUP($R12,武学奇术!$A:$ZZ,30,FALSE)="流血",$B$21,0))*(1+$BR12) -> 120618.21 | N12: =(($AP12*$AI12+$AJ12)*(1+$AQ12)*(1+$AR12)+($AU12*IF($G$1="鸣金",$AK12,$AI12)+IF($G$1="鸣金",$AL12*1.5,0))*(1+$AV12)*(1+$AW12)+($AY12*IF($G$1="裂石",$AK12,$AI12)+IF($G$1="裂石",$AL12*1.5,0))*(1+$AZ12)*(1+$BA12)+($BC12*IF($G$1="牵丝",$AK12,$AI12)+IF($G$1="牵丝",$AL12*1.5,0))*(1+$BD12)*(1+$BE12)+($BG12*IF($G$1="破竹",$AK12,$AI12)+IF($G$1="破竹",$AL12*1.5,0))*(1+$BH12)*(1+$BI12))*(1+$AM12)*$BN12*$Q12*(1+IF(VLOOKUP($R12,武学奇术!$A:$ZZ,30,FALSE)="流血",$B$21,0))*(1+$BR12) -> 213088.02 | O12: =((($AO12+$AP12)/2*$AI12+$AJ12)*(1+$AQ12)*(1+$AR12)+(($AT12+$AU12)/2*IF($G$1="鸣金",$AK12,$AI12)+IF($G$1="鸣金",$AL12*1.5,0))*(1+$AV12)*(1+$AW12)+(($AX12+$AY12)/2*IF($G$1="裂石",$AK12,$AI12)+IF($G$1="裂石",$AL12*1.5,0))*(1+$AZ12)*(1+$BA12)+(($BB12+$BC12)/2*IF($G$1="牵丝",$AK12,$AI12)+IF($G$1="牵丝",$AL12*1.5,0))*(1+$BD12)*(1+$BE12)+(($BF12+$BG12)/2*IF($G$1="破竹",$AK12,$AI12)+IF($G$1="破竹",$AL12*1.5,0))*(1+$BH12)*(1+$BI12))*(1+$AM12)*$Q12*(1+IF(VLOOKUP($R12,武学奇术!$A:$ZZ,30,FALSE)="流血",$B$21,0))*(1+$BR12) -> 80412.142 | P12: =((($AO12*$AI12+$AJ12)*(1+$AQ12)*(1+$AR12)+($AT12*IF($G$1="鸣金",$AK12,$AI12)+IF($G$1="鸣金",$AL12*1.5,0))*(1+$AV12)*(1+$AW12)+($AX12*IF($G$1="裂石",$AK12,$AI12)+IF($G$1="裂石",$AL12*1.5,0))*(1+$AZ12)*(1+$BA12)+($BB12*IF($G$1="牵丝",$AK12,$AI12)+IF($G$1="牵丝",$AL12*1.5,0))*(1+$BD12)*(1+$BE12)+($BF12*IF($G$1="破竹",$AK12,$AI12)+IF($G$1="破竹",$AL12*1.5,0))*(1+$BH12)*(1+$BI12))*(1+$AM12))*$Q12*(1+IF(VLOOKUP($R12,武学奇术!$A:$ZZ,30,FALSE)="流血",$B$21,0))*(1+$BR12) -> 36356.985 | Q12: 1 | R12: 爆血(剑)必定会意 | S12: 强效江流 | T12: 看破(持续) | U12: 惊神5 | V12: 纵横剑意 | W12: 特殊技减防 | X12: 易水歌4层 | Y12: N/a | Z12: N/a | AA12: 惧刃(拐) | AB12: 裁云(拐) | AC12: 烁鼓(拐) | AD12: 离猎(拐) | AE12: 伞增(拐) | AF12: 近战笛 | AG12: 秋瞑帖3层 | AH12: =VLOOKUP($R12,武学奇术!$A:$ZZ,25,FALSE) -> 剑 | AI12: =VLOOKUP($R12,武学奇术!$A:$ZZ,26,FALSE) -> 2.52 | AJ12: =VLOOKUP($R12,武学奇术!$A:$ZZ,27,FALSE)*(1+IF(OR($AH12=$F$4,$AH12=$F$5),$B$22,0)) -> 0 | AK12: =VLOOKUP($R12,武学奇术!$A:$ZZ,28,FALSE) -> 3.78 | AL12: =VLOOKUP($R12,武学奇术!$A:$ZZ,29,FALSE)*(1+IF(OR($AH12=$F$4,$AH12=$F$5),$B$22,0)) -> 0 | AM12: {=$G$3+IFERROR(VLOOKUP($AH12,$F$4:$G$7,2,FALSE),0)+VLOOKUP($R12,武学奇术!$A:$ZZ,2,FALSE)+SUM(_xlfn.XLOOKUP($S12:$AG12,增益!$A:$A,增益!$B:$B,0))} -> 1.7191 | AN12: {=VLOOKUP($R12,武学奇术!$A:$ZZ,5,FALSE)+SUM(_xlfn.XLOOKUP($S12:$AG12,增益!$A:$A,增益!$E:$E,0))} -> 0 | AO12: {=$D$10*(1+$AN12)+VLOOKUP($R12,武学奇术!$A:$ZZ,3,FALSE)+SUM(_xlfn.XLOOKUP($S12:$AG12,增益!$A:$A,增益!$C:$C,0))-$I$2} -> 1862.48 | AP12: {=$E$10*(1+$AN12)+VLOOKUP($R12,武学奇术!$A:$ZZ,4,FALSE)+SUM(_xlfn.XLOOKUP($S12:$AG12,增益!$A:$A,增益!$D:$D,0))-$I$2} -> 7794.56 | AQ12: {=IF($F$10-$I$3+VLOOKUP($R12,武学奇术!$A:$ZZ,6,FALSE)+SUM(_xlfn.XLOOKUP(S12:AG12,增益!$A:$A,增益!$F:$F,0))>0,($F$10-$I$3+VLOOKUP($R12,武学奇术!$A:$ZZ,6,FALSE)+SUM(_xlfn.XLOOKUP(S12:AG12,增益!$A:$A,增益!$F:$F,0)))/200,($F$10-$I$3+VLOOKUP($R12,武学奇术!$A:$ZZ,6,FALSE)+SUM(_xlfn.XLOOKUP(S12:AG12,增益!$A:$A,增益!$F:$F,0)))/100)} -> 0.359 | AR12: {=$G$10+VLOOKUP($R12,武学奇术!$A:$ZZ,7,FALSE)+SUM(_xlfn.XLOOKUP(S12:AG12,增益!$A:$A,增益!$G:$G,0))} -> 0 | AS12: {=VLOOKUP($R12,武学奇术!$A:$ZZ,8,FALSE)+SUM(_xlfn.XLOOKUP(S12:AG12,增益!$A:$A,增益!$H:$H,0))} -> 0 | AT12: =$D$11*(1+$AS12) -> 680.02 | AU12: =$E$11*(1+$AS12) -> 1288.54 | AV12: {=IF($F$11-$I$4+VLOOKUP($R12,武学奇术!$A:$ZZ,9,FALSE)+SUM(_xlfn.XLOOKUP(S12:AG12,增益!$A:$A,增益!$I:$I,0))>0,($F$11-$I$4+VLOOKUP($R12,武学奇术!$A:$ZZ,9,FALSE)+SUM(_xlfn.XLOOKUP(S12:AG12,增益!$A:$A,增益!$I:$I,0)))/200,($F$11-$I$4+VLOOKUP($R12,武学奇术!$A:$ZZ,9,FALSE)+SUM(_xlfn.XLOOKUP(S12:AG12,增益!$A:$A,增益!$I:$I,0)))/100)} -> 0.075 | AW12: {=$G$11+VLOOKUP($R12,武学奇术!$A:$ZZ,10,FALSE)+SUM(_xlfn.XLOOKUP(S12:AG12,增益!$A:$A,增益!$J:$J,0))} -> 0.15 | AX12: =$D$12*(1+$AS12) -> 0 | AY12: =$E$12*(1+$AS12) -> 0 | AZ12: {=IF($F$12-$I$4+VLOOKUP($R12,武学奇术!$A:$ZZ,11,FALSE)+SUM(_xlfn.XLOOKUP(S12:AG12,增益!$A:$A,增益!$K:$K,0))>0,($F$12-$I$4+VLOOKUP($R12,武学奇术!$A:$ZZ,11,FALSE)+SUM(_xlfn.XLOOKUP(S12:AG12,增益!$A:$A,增益!$K:$K,0)))/200,($F$12-$I$4+VLOOKUP($R12,武学奇术!$A:$ZZ,11,FALSE)+SUM(_xlfn.XLOOKUP(S12:AG12,增益!$A:$A,增益!$K:$K,0)))/100)} -> -0.3 | BA12: {=$G$12+VLOOKUP($R12,武学奇术!$A:$ZZ,12,FALSE)+SUM(_xlfn.XLOOKUP(S12:AG12,增益!$A:$A,增益!$L:$L,0))} -> 0 | BB12: =$D$13*(1+$AS12) -> 0 | BC12: =$E$13*(1+$AS12) -> 0 | BD12: {=IF($F$13-$I$4+VLOOKUP($R12,武学奇术!$A:$ZZ,13,FALSE)+SUM(_xlfn.XLOOKUP(S12:AG12,增益!$A:$A,增益!$M:$M,0))>0,($F$13-$I$4+VLOOKUP($R12,武学奇术!$A:$ZZ,13,FALSE)+SUM(_xlfn.XLOOKUP(S12:AG12,增益!$A:$A,增益!$K:$K,0)))/200,($F$13-$I$4+VLOOKUP($R12,武学奇术!$A:$ZZ,13,FALSE)+SUM(_xlfn.XLOOKUP(S12:AG12,增益!$A:$A,增益!$M:$M,0)))/100)} -> -0.3 | BE12: {=$G$13+VLOOKUP($R12,武学奇术!$A:$ZZ,14,FALSE)+SUM(_xlfn.XLOOKUP(S12:AG12,增益!$A:$A,增益!$N:$N,0))} -> 0 | BF12: =$D$14*(1+$AS12) -> 0 | BG12: =$E$14*(1+$AS12) -> 0 | BH12: {=IF($F$14-$I$4+VLOOKUP($R12,武学奇术!$A:$ZZ,15,FALSE)+SUM(_xlfn.XLOOKUP(S12:AG12,增益!$A:$A,增益!$O:$O,0))>0,($F$14-$I$4+VLOOKUP($R12,武学奇术!$A:$ZZ,15,FALSE)+SUM(_xlfn.XLOOKUP(S12:AG12,增益!$A:$A,增益!$O:$O,0)))/200,($F$14-$I$4+VLOOKUP($R12,武学奇术!$A:$ZZ,15,FALSE)+SUM(_xlfn.XLOOKUP(S12:AG12,增益!$A:$A,增益!$O:$O,0)))/100)} -> -0.3 | BI12: {=$G$14+VLOOKUP($R12,武学奇术!$A:$ZZ,16,FALSE)+SUM(_xlfn.XLOOKUP(S12:AG12,增益!$A:$A,增益!$P:$P,0))} -> 0 | BJ12: =MIN(IF(VLOOKUP($R12,武学奇术!$A:$ZZ,23,FALSE)=1,100%,$B$8),100%) -> 0.8229 | BK12: {=IF(VLOOKUP($R12,武学奇术!$A:$ZZ,23,FALSE)=1,100%,MIN(80%,$B$9+VLOOKUP($R12,武学奇术!$A:$ZZ,17,FALSE)+SUM(_xlfn.XLOOKUP(S12:AG12,增益!$A:$A,增益!$Q:$Q,0)))+$B$11+SUM(_xlfn.XLOOKUP(S12:AG12,增益!$A:$A,增益!$U:$U,0)))*IF(VLOOKUP($R12,武学奇术!$A:$ZZ,24,FALSE)=1,0,1)} -> 0 | BL12: {=1+$B$13+VLOOKUP($R12,武学奇术!$A:$ZZ,18,FALSE)+SUM(_xlfn.XLOOKUP(S12:AG12,增益!$A:$A,增益!$R:$R,0))} -> 1.5 | BM12: {=IF(VLOOKUP($R12,武学奇术!$A:$ZZ,24,FALSE)=1,100%,MIN(40%,$B$10+VLOOKUP($R12,武学奇术!$A:$ZZ,19,FALSE)+SUM(_xlfn.XLOOKUP(S12:AG12,增益!$A:$A,增益!$S:$S,0)))+$B$12+SUM(_xlfn.XLOOKUP(S12:AG12,增益!$A:$A,增益!$V:$V,0)))*IF(VLOOKUP($R12,武学奇术!$A:$ZZ,23,FALSE)=1,0,1)} -> 1 | BN12: {=1+$B$14+VLOOKUP($R12,武学奇术!$A:$ZZ,20,FALSE)+SUM(_xlfn.XLOOKUP(S12:AG12,增益!$A:$A,增益!$T:$T,0))} -> 1.712 | BO12: =MIN((1-BM12)*BJ12,BJ12*BK12) -> 0 | BP12: =1-BM12-BO12-BQ12 -> 0 | BQ12: =IF(VLOOKUP($R12,武学奇术!$A:$ZZ,22,FALSE)=1,0,(1-$BJ12))*(1-$BM12) -> 0 | BR12: {=SUM(_xlfn.XLOOKUP(S12:AG12,增益!$A:$A,增益!$W:$W,0))+$I$5} -> 0.06
A13: 会心伤害加成 | B13: 0.5 | C13: 牵丝 | D13: =B5+IF($G$1=$C13,$B$7,0) -> 0 | E13: =MAX(B5,C5)+IF($G$1=$C13,$C$7,0) -> 0 | F13: =D5 -> 0 | G13: =E5 -> 0 | K13: =$L13*VLOOKUP($R13,武学奇术!$A:$ZZ,31,FALSE) -> 85988.945 | L13: =($M13*$BO13+$N13*$BM13+$O13*$BP13+$P13*$BQ13) -> 143314.91 | M13: =((($AO13+$AP13)/2*$AI13+$AJ13)*(1+$AQ13)*(1+$AR13)+(($AT13+$AU13)/2*IF($G$1="鸣金",$AK13,$AI13)+IF($G$1="鸣金",$AL13*1.5,0))*(1+$AV13)*(1+$AW13)+(($AX13+$AY13)/2*IF($G$1="裂石",$AK13,$AI13)+IF($G$1="裂石",$AL13*1.5,0))*(1+$AZ13)*(1+$BA13)+(($BB13+$BC13)/2*IF($G$1="牵丝",$AK13,$AI13)+IF($G$1="牵丝",$AL13*1.5,0))*(1+$BD13)*(1+$BE13)+(($BF13+$BG13)/2*IF($G$1="破竹",$AK13,$AI13)+IF($G$1="破竹",$AL13*1.5,0))*(1+$BH13)*(1+$BI13))*(1+$AM13)*$BL13*$Q13*(1+IF(VLOOKUP($R13,武学奇术!$A:$ZZ,30,FALSE)="流血",$B$21,0))*(1+$BR13) -> 120618.21 | N13: =(($AP13*$AI13+$AJ13)*(1+$AQ13)*(1+$AR13)+($AU13*IF($G$1="鸣金",$AK13,$AI13)+IF($G$1="鸣金",$AL13*1.5,0))*(1+$AV13)*(1+$AW13)+($AY13*IF($G$1="裂石",$AK13,$AI13)+IF($G$1="裂石",$AL13*1.5,0))*(1+$AZ13)*(1+$BA13)+($BC13*IF($G$1="牵丝",$AK13,$AI13)+IF($G$1="牵丝",$AL13*1.5,0))*(1+$BD13)*(1+$BE13)+($BG13*IF($G$1="破竹",$AK13,$AI13)+IF($G$1="破竹",$AL13*1.5,0))*(1+$BH13)*(1+$BI13))*(1+$AM13)*$BN13*$Q13*(1+IF(VLOOKUP($R13,武学奇术!$A:$ZZ,30,FALSE)="流血",$B$21,0))*(1+$BR13) -> 213088.02 | O13: =((($AO13+$AP13)/2*$AI13+$AJ13)*(1+$AQ13)*(1+$AR13)+(($AT13+$AU13)/2*IF($G$1="鸣金",$AK13,$AI13)+IF($G$1="鸣金",$AL13*1.5,0))*(1+$AV13)*(1+$AW13)+(($AX13+$AY13)/2*IF($G$1="裂石",$AK13,$AI13)+IF($G$1="裂石",$AL13*1.5,0))*(1+$AZ13)*(1+$BA13)+(($BB13+$BC13)/2*IF($G$1="牵丝",$AK13,$AI13)+IF($G$1="牵丝",$AL13*1.5,0))*(1+$BD13)*(1+$BE13)+(($BF13+$BG13)/2*IF($G$1="破竹",$AK13,$AI13)+IF($G$1="破竹",$AL13*1.5,0))*(1+$BH13)*(1+$BI13))*(1+$AM13)*$Q13*(1+IF(VLOOKUP($R13,武学奇术!$A:$ZZ,30,FALSE)="流血",$B$21,0))*(1+$BR13) -> 80412.142 | P13: =((($AO13*$AI13+$AJ13)*(1+$AQ13)*(1+$AR13)+($AT13*IF($G$1="鸣金",$AK13,$AI13)+IF($G$1="鸣金",$AL13*1.5,0))*(1+$AV13)*(1+$AW13)+($AX13*IF($G$1="裂石",$AK13,$AI13)+IF($G$1="裂石",$AL13*1.5,0))*(1+$AZ13)*(1+$BA13)+($BB13*IF($G$1="牵丝",$AK13,$AI13)+IF($G$1="牵丝",$AL13*1.5,0))*(1+$BD13)*(1+$BE13)+($BF13*IF($G$1="破竹",$AK13,$AI13)+IF($G$1="破竹",$AL13*1.5,0))*(1+$BH13)*(1+$BI13))*(1+$AM13))*$Q13*(1+IF(VLOOKUP($R13,武学奇术!$A:$ZZ,30,FALSE)="流血",$B$21,0))*(1+$BR13) -> 36356.985 | Q13: 1 | R13: 爆血(剑) | S13: 强效江流 | T13: 看破(持续) | U13: 惊神5 | V13: 纵横剑意 | W13: 特殊技减防 | X13: 易水歌4层 | Y13: N/a | Z13: N/a | AA13: 惧刃(拐) | AB13: 裁云(拐) | AC13: 烁鼓(拐) | AD13: 离猎(拐) | AE13: 伞增(拐) | AF13: 近战笛 | AG13: 秋瞑帖3层 | AH13: =VLOOKUP($R13,武学奇术!$A:$ZZ,25,FALSE) -> 剑 | AI13: =VLOOKUP($R13,武学奇术!$A:$ZZ,26,FALSE) -> 2.52 | AJ13: =VLOOKUP($R13,武学奇术!$A:$ZZ,27,FALSE)*(1+IF(OR($AH13=$F$4,$AH13=$F$5),$B$22,0)) -> 0 | AK13: =VLOOKUP($R13,武学奇术!$A:$ZZ,28,FALSE) -> 3.78 | AL13: =VLOOKUP($R13,武学奇术!$A:$ZZ,29,FALSE)*(1+IF(OR($AH13=$F$4,$AH13=$F$5),$B$22,0)) -> 0 | AM13: {=$G$3+IFERROR(VLOOKUP($AH13,$F$4:$G$7,2,FALSE),0)+VLOOKUP($R13,武学奇术!$A:$ZZ,2,FALSE)+SUM(_xlfn.XLOOKUP($S13:$AG13,增益!$A:$A,增益!$B:$B,0))} -> 1.7191 | AN13: {=VLOOKUP($R13,武学奇术!$A:$ZZ,5,FALSE)+SUM(_xlfn.XLOOKUP($S13:$AG13,增益!$A:$A,增益!$E:$E,0))} -> 0 | AO13: {=$D$10*(1+$AN13)+VLOOKUP($R13,武学奇术!$A:$ZZ,3,FALSE)+SUM(_xlfn.XLOOKUP($S13:$AG13,增益!$A:$A,增益!$C:$C,0))-$I$2} -> 1862.48 | AP13: {=$E$10*(1+$AN13)+VLOOKUP($R13,武学奇术!$A:$ZZ,4,FALSE)+SUM(_xlfn.XLOOKUP($S13:$AG13,增益!$A:$A,增益!$D:$D,0))-$I$2} -> 7794.56 | AQ13: {=IF($F$10-$I$3+VLOOKUP($R13,武学奇术!$A:$ZZ,6,FALSE)+SUM(_xlfn.XLOOKUP(S13:AG13,增益!$A:$A,增益!$F:$F,0))>0,($F$10-$I$3+VLOOKUP($R13,武学奇术!$A:$ZZ,6,FALSE)+SUM(_xlfn.XLOOKUP(S13:AG13,增益!$A:$A,增益!$F:$F,0)))/200,($F$10-$I$3+VLOOKUP($R13,武学奇术!$A:$ZZ,6,FALSE)+SUM(_xlfn.XLOOKUP(S13:AG13,增益!$A:$A,增益!$F:$F,0)))/100)} -> 0.359 | AR13: {=$G$10+VLOOKUP($R13,武学奇术!$A:$ZZ,7,FALSE)+SUM(_xlfn.XLOOKUP(S13:AG13,增益!$A:$A,增益!$G:$G,0))} -> 0 | AS13: {=VLOOKUP($R13,武学奇术!$A:$ZZ,8,FALSE)+SUM(_xlfn.XLOOKUP(S13:AG13,增益!$A:$A,增益!$H:$H,0))} -> 0 | AT13: =$D$11*(1+$AS13) -> 680.02 | AU13: =$E$11*(1+$AS13) -> 1288.54 | AV13: {=IF($F$11-$I$4+VLOOKUP($R13,武学奇术!$A:$ZZ,9,FALSE)+SUM(_xlfn.XLOOKUP(S13:AG13,增益!$A:$A,增益!$I:$I,0))>0,($F$11-$I$4+VLOOKUP($R13,武学奇术!$A:$ZZ,9,FALSE)+SUM(_xlfn.XLOOKUP(S13:AG13,增益!$A:$A,增益!$I:$I,0)))/200,($F$11-$I$4+VLOOKUP($R13,武学奇术!$A:$ZZ,9,FALSE)+SUM(_xlfn.XLOOKUP(S13:AG13,增益!$A:$A,增益!$I:$I,0)))/100)} -> 0.075 | AW13: {=$G$11+VLOOKUP($R13,武学奇术!$A:$ZZ,10,FALSE)+SUM(_xlfn.XLOOKUP(S13:AG13,增益!$A:$A,增益!$J:$J,0))} -> 0.15 | AX13: =$D$12*(1+$AS13) -> 0 | AY13: =$E$12*(1+$AS13) -> 0 | AZ13: {=IF($F$12-$I$4+VLOOKUP($R13,武学奇术!$A:$ZZ,11,FALSE)+SUM(_xlfn.XLOOKUP(S13:AG13,增益!$A:$A,增益!$K:$K,0))>0,($F$12-$I$4+VLOOKUP($R13,武学奇术!$A:$ZZ,11,FALSE)+SUM(_xlfn.XLOOKUP(S13:AG13,增益!$A:$A,增益!$K:$K,0)))/200,($F$12-$I$4+VLOOKUP($R13,武学奇术!$A:$ZZ,11,FALSE)+SUM(_xlfn.XLOOKUP(S13:AG13,增益!$A:$A,增益!$K:$K,0)))/100)} -> -0.3 | BA13: {=$G$12+VLOOKUP($R13,武学奇术!$A:$ZZ,12,FALSE)+SUM(_xlfn.XLOOKUP(S13:AG13,增益!$A:$A,增益!$L:$L,0))} -> 0 | BB13: =$D$13*(1+$AS13) -> 0 | BC13: =$E$13*(1+$AS13) -> 0 | BD13: {=IF($F$13-$I$4+VLOOKUP($R13,武学奇术!$A:$ZZ,13,FALSE)+SUM(_xlfn.XLOOKUP(S13:AG13,增益!$A:$A,增益!$M:$M,0))>0,($F$13-$I$4+VLOOKUP($R13,武学奇术!$A:$ZZ,13,FALSE)+SUM(_xlfn.XLOOKUP(S13:AG13,增益!$A:$A,增益!$K:$K,0)))/200,($F$13-$I$4+VLOOKUP($R13,武学奇术!$A:$ZZ,13,FALSE)+SUM(_xlfn.XLOOKUP(S13:AG13,增益!$A:$A,增益!$M:$M,0)))/100)} -> -0.3 | BE13: {=$G$13+VLOOKUP($R13,武学奇术!$A:$ZZ,14,FALSE)+SUM(_xlfn.XLOOKUP(S13:AG13,增益!$A:$A,增益!$N:$N,0))} -> 0 | BF13: =$D$14*(1+$AS13) -> 0 | BG13: =$E$14*(1+$AS13) -> 0 | BH13: {=IF($F$14-$I$4+VLOOKUP($R13,武学奇术!$A:$ZZ,15,FALSE)+SUM(_xlfn.XLOOKUP(S13:AG13,增益!$A:$A,增益!$O:$O,0))>0,($F$14-$I$4+VLOOKUP($R13,武学奇术!$A:$ZZ,15,FALSE)+SUM(_xlfn.XLOOKUP(S13:AG13,增益!$A:$A,增益!$O:$O,0)))/200,($F$14-$I$4+VLOOKUP($R13,武学奇术!$A:$ZZ,15,FALSE)+SUM(_xlfn.XLOOKUP(S13:AG13,增益!$A:$A,增益!$O:$O,0)))/100)} -> -0.3 | BI13: {=$G$14+VLOOKUP($R13,武学奇术!$A:$ZZ,16,FALSE)+SUM(_xlfn.XLOOKUP(S13:AG13,增益!$A:$A,增益!$P:$P,0))} -> 0 | BJ13: =MIN(IF(VLOOKUP($R13,武学奇术!$A:$ZZ,23,FALSE)=1,100%,$B$8),100%) -> 0.8229 | BK13: {=IF(VLOOKUP($R13,武学奇术!$A:$ZZ,23,FALSE)=1,100%,MIN(80%,$B$9+VLOOKUP($R13,武学奇术!$A:$ZZ,17,FALSE)+SUM(_xlfn.XLOOKUP(S13:AG13,增益!$A:$A,增益!$Q:$Q,0)))+$B$11+SUM(_xlfn.XLOOKUP(S13:AG13,增益!$A:$A,增益!$U:$U,0)))*IF(VLOOKUP($R13,武学奇术!$A:$ZZ,24,FALSE)=1,0,1)} -> 0.2285 | BL13: {=1+$B$13+VLOOKUP($R13,武学奇术!$A:$ZZ,18,FALSE)+SUM(_xlfn.XLOOKUP(S13:AG13,增益!$A:$A,增益!$R:$R,0))} -> 1.5 | BM13: {=IF(VLOOKUP($R13,武学奇术!$A:$ZZ,24,FALSE)=1,100%,MIN(40%,$B$10+VLOOKUP($R13,武学奇术!$A:$ZZ,19,FALSE)+SUM(_xlfn.XLOOKUP(S13:AG13,增益!$A:$A,增益!$S:$S,0)))+$B$12+SUM(_xlfn.XLOOKUP(S13:AG13,增益!$A:$A,增益!$V:$V,0)))*IF(VLOOKUP($R13,武学奇术!$A:$ZZ,23,FALSE)=1,0,1)} -> 0.4495 | BN13: {=1+$B$14+VLOOKUP($R13,武学奇术!$A:$ZZ,20,FALSE)+SUM(_xlfn.XLOOKUP(S13:AG13,增益!$A:$A,增益!$T:$T,0))} -> 1.712 | BO13: =MIN((1-BM13)*BJ13,BJ13*BK13) -> 0.18803265 | BP13: =1-BM13-BO13-BQ13 -> 0.2649738 | BQ13: =IF(VLOOKUP($R13,武学奇术!$A:$ZZ,22,FALSE)=1,0,(1-$BJ13))*(1-$BM13) -> 0.09749355 | BR13: {=SUM(_xlfn.XLOOKUP(S13:AG13,增益!$A:$A,增益!$W:$W,0))+$I$5} -> 0.06
A14: 会意伤害加成 | B14: 0.402 | C14: 破竹 | D14: =B6+IF($G$1=$C14,B7,0) -> 0 | E14: =MAX(B6,C6)+IF($G$1=$C14,$C$7,0) -> 0 | F14: =D6 -> 0 | G14: =E6 -> 0 | H14: RDPS | I14: =RD!I14 -> 165010.7 | K14: =$L14*VLOOKUP($R14,武学奇术!$A:$ZZ,31,FALSE) -> 28099.884 | L14: =($M14*$BO14+$N14*$BM14+$O14*$BP14+$P14*$BQ14) -> 28099.884 | M14: =((($AO14+$AP14)/2*$AI14+$AJ14)*(1+$AQ14)*(1+$AR14)+(($AT14+$AU14)/2*IF($G$1="鸣金",$AK14,$AI14)+IF($G$1="鸣金",$AL14*1.5,0))*(1+$AV14)*(1+$AW14)+(($AX14+$AY14)/2*IF($G$1="裂石",$AK14,$AI14)+IF($G$1="裂石",$AL14*1.5,0))*(1+$AZ14)*(1+$BA14)+(($BB14+$BC14)/2*IF($G$1="牵丝",$AK14,$AI14)+IF($G$1="牵丝",$AL14*1.5,0))*(1+$BD14)*(1+$BE14)+(($BF14+$BG14)/2*IF($G$1="破竹",$AK14,$AI14)+IF($G$1="破竹",$AL14*1.5,0))*(1+$BH14)*(1+$BI14))*(1+$AM14)*$BL14*$Q14*(1+IF(VLOOKUP($R14,武学奇术!$A:$ZZ,30,FALSE)="流血",$B$21,0))*(1+$BR14) -> 25960.993 | N14: =(($AP14*$AI14+$AJ14)*(1+$AQ14)*(1+$AR14)+($AU14*IF($G$1="鸣金",$AK14,$AI14)+IF($G$1="鸣金",$AL14*1.5,0))*(1+$AV14)*(1+$AW14)+($AY14*IF($G$1="裂石",$AK14,$AI14)+IF($G$1="裂石",$AL14*1.5,0))*(1+$AZ14)*(1+$BA14)+($BC14*IF($G$1="牵丝",$AK14,$AI14)+IF($G$1="牵丝",$AL14*1.5,0))*(1+$BD14)*(1+$BE14)+($BG14*IF($G$1="破竹",$AK14,$AI14)+IF($G$1="破竹",$AL14*1.5,0))*(1+$BH14)*(1+$BI14))*(1+$AM14)*$BN14*$Q14*(1+IF(VLOOKUP($R14,武学奇术!$A:$ZZ,30,FALSE)="流血",$B$21,0))*(1+$BR14) -> 39541.803 | O14: =((($AO14+$AP14)/2*$AI14+$AJ14)*(1+$AQ14)*(1+$AR14)+(($AT14+$AU14)/2*IF($G$1="鸣金",$AK14,$AI14)+IF($G$1="鸣金",$AL14*1.5,0))*(1+$AV14)*(1+$AW14)+(($AX14+$AY14)/2*IF($G$1="裂石",$AK14,$AI14)+IF($G$1="裂石",$AL14*1.5,0))*(1+$AZ14)*(1+$BA14)+(($BB14+$BC14)/2*IF($G$1="牵丝",$AK14,$AI14)+IF($G$1="牵丝",$AL14*1.5,0))*(1+$BD14)*(1+$BE14)+(($BF14+$BG14)/2*IF($G$1="破竹",$AK14,$AI14)+IF($G$1="破竹",$AL14*1.5,0))*(1+$BH14)*(1+$BI14))*(1+$AM14)*$Q14*(1+IF(VLOOKUP($R14,武学奇术!$A:$ZZ,30,FALSE)="流血",$B$21,0))*(1+$BR14) -> 17307.328 | P14: =((($AO14*$AI14+$AJ14)*(1+$AQ14)*(1+$AR14)+($AT14*IF($G$1="鸣金",$AK14,$AI14)+IF($G$1="鸣金",$AL14*1.5,0))*(1+$AV14)*(1+$AW14)+($AX14*IF($G$1="裂石",$AK14,$AI14)+IF($G$1="裂石",$AL14*1.5,0))*(1+$AZ14)*(1+$BA14)+($BB14*IF($G$1="牵丝",$AK14,$AI14)+IF($G$1="牵丝",$AL14*1.5,0))*(1+$BD14)*(1+$BE14)+($BF14*IF($G$1="破竹",$AK14,$AI14)+IF($G$1="破竹",$AL14*1.5,0))*(1+$BH14)*(1+$BI14))*(1+$AM14))*$Q14*(1+IF(VLOOKUP($R14,武学奇术!$A:$ZZ,30,FALSE)="流血",$B$21,0))*(1+$BR14) -> 8804.0804 | Q14: 1 | R14: 剑R一段前3hit | S14: 强效江流 | T14: 看破 | U14: N/a | V14: N/a | W14: 特殊技减防 | X14: 易水歌4层 | Y14: N/a | Z14: N/a | AA14: 惧刃(拐) | AB14: 裁云(拐) | AC14: 烁鼓(拐) | AD14: 离猎(拐) | AE14: 伞增(拐) | AF14: 近战笛 | AG14: 秋瞑帖3层 | AH14: =VLOOKUP($R14,武学奇术!$A:$ZZ,25,FALSE) -> 剑 | AI14: =VLOOKUP($R14,武学奇术!$A:$ZZ,26,FALSE) -> 0.94015 | AJ14: =VLOOKUP($R14,武学奇术!$A:$ZZ,27,FALSE)*(1+IF(OR($AH14=$F$4,$AH14=$F$5),$B$22,0)) -> 390 | AK14: =VLOOKUP($R14,武学奇术!$A:$ZZ,28,FALSE) -> 1.41025 | AL14: =VLOOKUP($R14,武学奇术!$A:$ZZ,29,FALSE)*(1+IF(OR($AH14=$F$4,$AH14=$F$5),$B$22,0)) -> 212.25 | AM14: {=$G$3+IFERROR(VLOOKUP($AH14,$F$4:$G$7,2,FALSE),0)+VLOOKUP($R14,武学奇术!$A:$ZZ,2,FALSE)+SUM(_xlfn.XLOOKUP($S14:$AG14,增益!$A:$A,增益!$B:$B,0))} -> 0.9691 | AN14: {=VLOOKUP($R14,武学奇术!$A:$ZZ,5,FALSE)+SUM(_xlfn.XLOOKUP($S14:$AG14,增益!$A:$A,增益!$E:$E,0))} -> 0 | AO14: {=$D$10*(1+$AN14)+VLOOKUP($R14,武学奇术!$A:$ZZ,3,FALSE)+SUM(_xlfn.XLOOKUP($S14:$AG14,增益!$A:$A,增益!$C:$C,0))-$I$2} -> 1862.48 | AP14: {=$E$10*(1+$AN14)+VLOOKUP($R14,武学奇术!$A:$ZZ,4,FALSE)+SUM(_xlfn.XLOOKUP($S14:$AG14,增益!$A:$A,增益!$D:$D,0))-$I$2} -> 7794.56 | AQ14: {=IF($F$10-$I$3+VLOOKUP($R14,武学奇术!$A:$ZZ,6,FALSE)+SUM(_xlfn.XLOOKUP(S14:AG14,增益!$A:$A,增益!$F:$F,0))>0,($F$10-$I$3+VLOOKUP($R14,武学奇术!$A:$ZZ,6,FALSE)+SUM(_xlfn.XLOOKUP(S14:AG14,增益!$A:$A,增益!$F:$F,0)))/200,($F$10-$I$3+VLOOKUP($R14,武学奇术!$A:$ZZ,6,FALSE)+SUM(_xlfn.XLOOKUP(S14:AG14,增益!$A:$A,增益!$F:$F,0)))/100)} -> 0.284 | AR14: {=$G$10+VLOOKUP($R14,武学奇术!$A:$ZZ,7,FALSE)+SUM(_xlfn.XLOOKUP(S14:AG14,增益!$A:$A,增益!$G:$G,0))} -> 0 | AS14: {=VLOOKUP($R14,武学奇术!$A:$ZZ,8,FALSE)+SUM(_xlfn.XLOOKUP(S14:AG14,增益!$A:$A,增益!$H:$H,0))} -> 0 | AT14: =$D$11*(1+$AS14) -> 680.02 | AU14: =$E$11*(1+$AS14) -> 1288.54 | AV14: {=IF($F$11-$I$4+VLOOKUP($R14,武学奇术!$A:$ZZ,9,FALSE)+SUM(_xlfn.XLOOKUP(S14:AG14,增益!$A:$A,增益!$I:$I,0))>0,($F$11-$I$4+VLOOKUP($R14,武学奇术!$A:$ZZ,9,FALSE)+SUM(_xlfn.XLOOKUP(S14:AG14,增益!$A:$A,增益!$I:$I,0)))/200,($F$11-$I$4+VLOOKUP($R14,武学奇术!$A:$ZZ,9,FALSE)+SUM(_xlfn.XLOOKUP(S14:AG14,增益!$A:$A,增益!$I:$I,0)))/100)} -> 0 | AW14: {=$G$11+VLOOKUP($R14,武学奇术!$A:$ZZ,10,FALSE)+SUM(_xlfn.XLOOKUP(S14:AG14,增益!$A:$A,增益!$J:$J,0))} -> 0.15 | AX14: =$D$12*(1+$AS14) -> 0 | AY14: =$E$12*(1+$AS14) -> 0 | AZ14: {=IF($F$12-$I$4+VLOOKUP($R14,武学奇术!$A:$ZZ,11,FALSE)+SUM(_xlfn.XLOOKUP(S14:AG14,增益!$A:$A,增益!$K:$K,0))>0,($F$12-$I$4+VLOOKUP($R14,武学奇术!$A:$ZZ,11,FALSE)+SUM(_xlfn.XLOOKUP(S14:AG14,增益!$A:$A,增益!$K:$K,0)))/200,($F$12-$I$4+VLOOKUP($R14,武学奇术!$A:$ZZ,11,FALSE)+SUM(_xlfn.XLOOKUP(S14:AG14,增益!$A:$A,增益!$K:$K,0)))/100)} -> -0.3 | BA14: {=$G$12+VLOOKUP($R14,武学奇术!$A:$ZZ,12,FALSE)+SUM(_xlfn.XLOOKUP(S14:AG14,增益!$A:$A,增益!$L:$L,0))} -> 0 | BB14: =$D$13*(1+$AS14) -> 0 | BC14: =$E$13*(1+$AS14) -> 0 | BD14: {=IF($F$13-$I$4+VLOOKUP($R14,武学奇术!$A:$ZZ,13,FALSE)+SUM(_xlfn.XLOOKUP(S14:AG14,增益!$A:$A,增益!$M:$M,0))>0,($F$13-$I$4+VLOOKUP($R14,武学奇术!$A:$ZZ,13,FALSE)+SUM(_xlfn.XLOOKUP(S14:AG14,增益!$A:$A,增益!$K:$K,0)))/200,($F$13-$I$4+VLOOKUP($R14,武学奇术!$A:$ZZ,13,FALSE)+SUM(_xlfn.XLOOKUP(S14:AG14,增益!$A:$A,增益!$M:$M,0)))/100)} -> -0.3 | BE14: {=$G$13+VLOOKUP($R14,武学奇术!$A:$ZZ,14,FALSE)+SUM(_xlfn.XLOOKUP(S14:AG14,增益!$A:$A,增益!$N:$N,0))} -> 0 | BF14: =$D$14*(1+$AS14) -> 0 | BG14: =$E$14*(1+$AS14) -> 0 | BH14: {=IF($F$14-$I$4+VLOOKUP($R14,武学奇术!$A:$ZZ,15,FALSE)+SUM(_xlfn.XLOOKUP(S14:AG14,增益!$A:$A,增益!$O:$O,0))>0,($F$14-$I$4+VLOOKUP($R14,武学奇术!$A:$ZZ,15,FALSE)+SUM(_xlfn.XLOOKUP(S14:AG14,增益!$A:$A,增益!$O:$O,0)))/200,($F$14-$I$4+VLOOKUP($R14,武学奇术!$A:$ZZ,15,FALSE)+SUM(_xlfn.XLOOKUP(S14:AG14,增益!$A:$A,增益!$O:$O,0)))/100)} -> -0.3 | BI14: {=$G$14+VLOOKUP($R14,武学奇术!$A:$ZZ,16,FALSE)+SUM(_xlfn.XLOOKUP(S14:AG14,增益!$A:$A,增益!$P:$P,0))} -> 0 | BJ14: =MIN(IF(VLOOKUP($R14,武学奇术!$A:$ZZ,23,FALSE)=1,100%,$B$8),100%) -> 0.8229 | BK14: {=IF(VLOOKUP($R14,武学奇术!$A:$ZZ,23,FALSE)=1,100%,MIN(80%,$B$9+VLOOKUP($R14,武学奇术!$A:$ZZ,17,FALSE)+SUM(_xlfn.XLOOKUP(S14:AG14,增益!$A:$A,增益!$Q:$Q,0)))+$B$11+SUM(_xlfn.XLOOKUP(S14:AG14,增益!$A:$A,增益!$U:$U,0)))*IF(VLOOKUP($R14,武学奇术!$A:$ZZ,24,FALSE)=1,0,1)} -> 0.2285 | BL14: {=1+$B$13+VLOOKUP($R14,武学奇术!$A:$ZZ,18,FALSE)+SUM(_xlfn.XLOOKUP(S14:AG14,增益!$A:$A,增益!$R:$R,0))} -> 1.5 | BM14: {=IF(VLOOKUP($R14,武学奇术!$A:$ZZ,24,FALSE)=1,100%,MIN(40%,$B$10+VLOOKUP($R14,武学奇术!$A:$ZZ,19,FALSE)+SUM(_xlfn.XLOOKUP(S14:AG14,增益!$A:$A,增益!$S:$S,0)))+$B$12+SUM(_xlfn.XLOOKUP(S14:AG14,增益!$A:$A,增益!$V:$V,0)))*IF(VLOOKUP($R14,武学奇术!$A:$ZZ,23,FALSE)=1,0,1)} -> 0.4495 | BN14: {=1+$B$14+VLOOKUP($R14,武学奇术!$A:$ZZ,20,FALSE)+SUM(_xlfn.XLOOKUP(S14:AG14,增益!$A:$A,增益!$T:$T,0))} -> 1.532 | BO14: =MIN((1-BM14)*BJ14,BJ14*BK14) -> 0.18803265 | BP14: =1-BM14-BO14-BQ14 -> 0.2649738 | BQ14: =IF(VLOOKUP($R14,武学奇术!$A:$ZZ,22,FALSE)=1,0,(1-$BJ14))*(1-$BM14) -> 0.09749355 | BR14: {=SUM(_xlfn.XLOOKUP(S14:AG14,增益!$A:$A,增益!$W:$W,0))+$I$5} -> 0.06
A15: 全武增 | B15: 0.0847 | C15: 团队增益 | K15: =$L15*VLOOKUP($R15,武学奇术!$A:$ZZ,31,FALSE) -> 35752.707 | L15: =($M15*$BO15+$N15*$BM15+$O15*$BP15+$P15*$BQ15) -> 35752.707 | M15: =((($AO15+$AP15)/2*$AI15+$AJ15)*(1+$AQ15)*(1+$AR15)+(($AT15+$AU15)/2*IF($G$1="鸣金",$AK15,$AI15)+IF($G$1="鸣金",$AL15*1.5,0))*(1+$AV15)*(1+$AW15)+(($AX15+$AY15)/2*IF($G$1="裂石",$AK15,$AI15)+IF($G$1="裂石",$AL15*1.5,0))*(1+$AZ15)*(1+$BA15)+(($BB15+$BC15)/2*IF($G$1="牵丝",$AK15,$AI15)+IF($G$1="牵丝",$AL15*1.5,0))*(1+$BD15)*(1+$BE15)+(($BF15+$BG15)/2*IF($G$1="破竹",$AK15,$AI15)+IF($G$1="破竹",$AL15*1.5,0))*(1+$BH15)*(1+$BI15))*(1+$AM15)*$BL15*$Q15*(1+IF(VLOOKUP($R15,武学奇术!$A:$ZZ,30,FALSE)="流血",$B$21,0))*(1+$BR15) -> 32889.962 | N15: =(($AP15*$AI15+$AJ15)*(1+$AQ15)*(1+$AR15)+($AU15*IF($G$1="鸣金",$AK15,$AI15)+IF($G$1="鸣金",$AL15*1.5,0))*(1+$AV15)*(1+$AW15)+($AY15*IF($G$1="裂石",$AK15,$AI15)+IF($G$1="裂石",$AL15*1.5,0))*(1+$AZ15)*(1+$BA15)+($BC15*IF($G$1="牵丝",$AK15,$AI15)+IF($G$1="牵丝",$AL15*1.5,0))*(1+$BD15)*(1+$BE15)+($BG15*IF($G$1="破竹",$AK15,$AI15)+IF($G$1="破竹",$AL15*1.5,0))*(1+$BH15)*(1+$BI15))*(1+$AM15)*$BN15*$Q15*(1+IF(VLOOKUP($R15,武学奇术!$A:$ZZ,30,FALSE)="流血",$B$21,0))*(1+$BR15) -> 50438.011 | O15: =((($AO15+$AP15)/2*$AI15+$AJ15)*(1+$AQ15)*(1+$AR15)+(($AT15+$AU15)/2*IF($G$1="鸣金",$AK15,$AI15)+IF($G$1="鸣金",$AL15*1.5,0))*(1+$AV15)*(1+$AW15)+(($AX15+$AY15)/2*IF($G$1="裂石",$AK15,$AI15)+IF($G$1="裂石",$AL15*1.5,0))*(1+$AZ15)*(1+$BA15)+(($BB15+$BC15)/2*IF($G$1="牵丝",$AK15,$AI15)+IF($G$1="牵丝",$AL15*1.5,0))*(1+$BD15)*(1+$BE15)+(($BF15+$BG15)/2*IF($G$1="破竹",$AK15,$AI15)+IF($G$1="破竹",$AL15*1.5,0))*(1+$BH15)*(1+$BI15))*(1+$AM15)*$Q15*(1+IF(VLOOKUP($R15,武学奇术!$A:$ZZ,30,FALSE)="流血",$B$21,0))*(1+$BR15) -> 21926.641 | P15: =((($AO15*$AI15+$AJ15)*(1+$AQ15)*(1+$AR15)+($AT15*IF($G$1="鸣金",$AK15,$AI15)+IF($G$1="鸣金",$AL15*1.5,0))*(1+$AV15)*(1+$AW15)+($AX15*IF($G$1="裂石",$AK15,$AI15)+IF($G$1="裂石",$AL15*1.5,0))*(1+$AZ15)*(1+$BA15)+($BB15*IF($G$1="牵丝",$AK15,$AI15)+IF($G$1="牵丝",$AL15*1.5,0))*(1+$BD15)*(1+$BE15)+($BF15*IF($G$1="破竹",$AK15,$AI15)+IF($G$1="破竹",$AL15*1.5,0))*(1+$BH15)*(1+$BI15))*(1+$AM15))*$Q15*(1+IF(VLOOKUP($R15,武学奇术!$A:$ZZ,30,FALSE)="流血",$B$21,0))*(1+$BR15) -> 11143.807 | Q15: 1 | R15: 剑～ | S15: 强效江流 | T15: 看破 | U15: N/a | V15: N/a | W15: 特殊技减防 | X15: 易水歌5层 | Y15: N/a | Z15: N/a | AA15: 惧刃(拐) | AB15: 裁云(拐) | AC15: 扶风(拐) | AD15: 离猎(拐) | AE15: 伞增(拐) | AF15: 近战笛 | AG15: 秋瞑帖4层 | AH15: =VLOOKUP($R15,武学奇术!$A:$ZZ,25,FALSE) -> 剑 | AI15: =VLOOKUP($R15,武学奇术!$A:$ZZ,26,FALSE) -> 1.1781 | AJ15: =VLOOKUP($R15,武学奇术!$A:$ZZ,27,FALSE)*(1+IF(OR($AH15=$F$4,$AH15=$F$5),$B$22,0)) -> 489 | AK15: =VLOOKUP($R15,武学奇术!$A:$ZZ,28,FALSE) -> 1.7672 | AL15: =VLOOKUP($R15,武学奇术!$A:$ZZ,29,FALSE)*(1+IF(OR($AH15=$F$4,$AH15=$F$5),$B$22,0)) -> 265.5 | AM15: {=$G$3+IFERROR(VLOOKUP($AH15,$F$4:$G$7,2,FALSE),0)+VLOOKUP($R15,武学奇术!$A:$ZZ,2,FALSE)+SUM(_xlfn.XLOOKUP($S15:$AG15,增益!$A:$A,增益!$B:$B,0))} -> 0.9791 | AN15: {=VLOOKUP($R15,武学奇术!$A:$ZZ,5,FALSE)+SUM(_xlfn.XLOOKUP($S15:$AG15,增益!$A:$A,增益!$E:$E,0))} -> 0 | AO15: {=$D$10*(1+$AN15)+VLOOKUP($R15,武学奇术!$A:$ZZ,3,FALSE)+SUM(_xlfn.XLOOKUP($S15:$AG15,增益!$A:$A,增益!$C:$C,0))-$I$2} -> 1862.48 | AP15: {=$E$10*(1+$AN15)+VLOOKUP($R15,武学奇术!$A:$ZZ,4,FALSE)+SUM(_xlfn.XLOOKUP($S15:$AG15,增益!$A:$A,增益!$D:$D,0))-$I$2} -> 7794.56 | AQ15: {=IF($F$10-$I$3+VLOOKUP($R15,武学奇术!$A:$ZZ,6,FALSE)+SUM(_xlfn.XLOOKUP(S15:AG15,增益!$A:$A,增益!$F:$F,0))>0,($F$10-$I$3+VLOOKUP($R15,武学奇术!$A:$ZZ,6,FALSE)+SUM(_xlfn.XLOOKUP(S15:AG15,增益!$A:$A,增益!$F:$F,0)))/200,($F$10-$I$3+VLOOKUP($R15,武学奇术!$A:$ZZ,6,FALSE)+SUM(_xlfn.XLOOKUP(S15:AG15,增益!$A:$A,增益!$F:$F,0)))/100)} -> 0.294 | AR15: {=$G$10+VLOOKUP($R15,武学奇术!$A:$ZZ,7,FALSE)+SUM(_xlfn.XLOOKUP(S15:AG15,增益!$A:$A,增益!$G:$G,0))} -> 0 | AS15: {=VLOOKUP($R15,武学奇术!$A:$ZZ,8,FALSE)+SUM(_xlfn.XLOOKUP(S15:AG15,增益!$A:$A,增益!$H:$H,0))} -> 0 | AT15: =$D$11*(1+$AS15) -> 680.02 | AU15: =$E$11*(1+$AS15) -> 1288.54 | AV15: {=IF($F$11-$I$4+VLOOKUP($R15,武学奇术!$A:$ZZ,9,FALSE)+SUM(_xlfn.XLOOKUP(S15:AG15,增益!$A:$A,增益!$I:$I,0))>0,($F$11-$I$4+VLOOKUP($R15,武学奇术!$A:$ZZ,9,FALSE)+SUM(_xlfn.XLOOKUP(S15:AG15,增益!$A:$A,增益!$I:$I,0)))/200,($F$11-$I$4+VLOOKUP($R15,武学奇术!$A:$ZZ,9,FALSE)+SUM(_xlfn.XLOOKUP(S15:AG15,增益!$A:$A,增益!$I:$I,0)))/100)} -> 0 | AW15: {=$G$11+VLOOKUP($R15,武学奇术!$A:$ZZ,10,FALSE)+SUM(_xlfn.XLOOKUP(S15:AG15,增益!$A:$A,增益!$J:$J,0))} -> 0.15 | AX15: =$D$12*(1+$AS15) -> 0 | AY15: =$E$12*(1+$AS15) -> 0 | AZ15: {=IF($F$12-$I$4+VLOOKUP($R15,武学奇术!$A:$ZZ,11,FALSE)+SUM(_xlfn.XLOOKUP(S15:AG15,增益!$A:$A,增益!$K:$K,0))>0,($F$12-$I$4+VLOOKUP($R15,武学奇术!$A:$ZZ,11,FALSE)+SUM(_xlfn.XLOOKUP(S15:AG15,增益!$A:$A,增益!$K:$K,0)))/200,($F$12-$I$4+VLOOKUP($R15,武学奇术!$A:$ZZ,11,FALSE)+SUM(_xlfn.XLOOKUP(S15:AG15,增益!$A:$A,增益!$K:$K,0)))/100)} -> -0.3 | BA15: {=$G$12+VLOOKUP($R15,武学奇术!$A:$ZZ,12,FALSE)+SUM(_xlfn.XLOOKUP(S15:AG15,增益!$A:$A,增益!$L:$L,0))} -> 0 | BB15: =$D$13*(1+$AS15) -> 0 | BC15: =$E$13*(1+$AS15) -> 0 | BD15: {=IF($F$13-$I$4+VLOOKUP($R15,武学奇术!$A:$ZZ,13,FALSE)+SUM(_xlfn.XLOOKUP(S15:AG15,增益!$A:$A,增益!$M:$M,0))>0,($F$13-$I$4+VLOOKUP($R15,武学奇术!$A:$ZZ,13,FALSE)+SUM(_xlfn.XLOOKUP(S15:AG15,增益!$A:$A,增益!$K:$K,0)))/200,($F$13-$I$4+VLOOKUP($R15,武学奇术!$A:$ZZ,13,FALSE)+SUM(_xlfn.XLOOKUP(S15:AG15,增益!$A:$A,增益!$M:$M,0)))/100)} -> -0.3 | BE15: {=$G$13+VLOOKUP($R15,武学奇术!$A:$ZZ,14,FALSE)+SUM(_xlfn.XLOOKUP(S15:AG15,增益!$A:$A,增益!$N:$N,0))} -> 0 | BF15: =$D$14*(1+$AS15) -> 0 | BG15: =$E$14*(1+$AS15) -> 0 | BH15: {=IF($F$14-$I$4+VLOOKUP($R15,武学奇术!$A:$ZZ,15,FALSE)+SUM(_xlfn.XLOOKUP(S15:AG15,增益!$A:$A,增益!$O:$O,0))>0,($F$14-$I$4+VLOOKUP($R15,武学奇术!$A:$ZZ,15,FALSE)+SUM(_xlfn.XLOOKUP(S15:AG15,增益!$A:$A,增益!$O:$O,0)))/200,($F$14-$I$4+VLOOKUP($R15,武学奇术!$A:$ZZ,15,FALSE)+SUM(_xlfn.XLOOKUP(S15:AG15,增益!$A:$A,增益!$O:$O,0)))/100)} -> -0.3 | BI15: {=$G$14+VLOOKUP($R15,武学奇术!$A:$ZZ,16,FALSE)+SUM(_xlfn.XLOOKUP(S15:AG15,增益!$A:$A,增益!$P:$P,0))} -> 0 | BJ15: =MIN(IF(VLOOKUP($R15,武学奇术!$A:$ZZ,23,FALSE)=1,100%,$B$8),100%) -> 0.8229 | BK15: {=IF(VLOOKUP($R15,武学奇术!$A:$ZZ,23,FALSE)=1,100%,MIN(80%,$B$9+VLOOKUP($R15,武学奇术!$A:$ZZ,17,FALSE)+SUM(_xlfn.XLOOKUP(S15:AG15,增益!$A:$A,增益!$Q:$Q,0)))+$B$11+SUM(_xlfn.XLOOKUP(S15:AG15,增益!$A:$A,增益!$U:$U,0)))*IF(VLOOKUP($R15,武学奇术!$A:$ZZ,24,FALSE)=1,0,1)} -> 0.2285 | BL15: {=1+$B$13+VLOOKUP($R15,武学奇术!$A:$ZZ,18,FALSE)+SUM(_xlfn.XLOOKUP(S15:AG15,增益!$A:$A,增益!$R:$R,0))} -> 1.5 | BM15: {=IF(VLOOKUP($R15,武学奇术!$A:$ZZ,24,FALSE)=1,100%,MIN(40%,$B$10+VLOOKUP($R15,武学奇术!$A:$ZZ,19,FALSE)+SUM(_xlfn.XLOOKUP(S15:AG15,增益!$A:$A,增益!$S:$S,0)))+$B$12+SUM(_xlfn.XLOOKUP(S15:AG15,增益!$A:$A,增益!$V:$V,0)))*IF(VLOOKUP($R15,武学奇术!$A:$ZZ,23,FALSE)=1,0,1)} -> 0.4495 | BN15: {=1+$B$14+VLOOKUP($R15,武学奇术!$A:$ZZ,20,FALSE)+SUM(_xlfn.XLOOKUP(S15:AG15,增益!$A:$A,增益!$T:$T,0))} -> 1.542 | BO15: =MIN((1-BM15)*BJ15,BJ15*BK15) -> 0.18803265 | BP15: =1-BM15-BO15-BQ15 -> 0.2649738 | BQ15: =IF(VLOOKUP($R15,武学奇术!$A:$ZZ,22,FALSE)=1,0,(1-$BJ15))*(1-$BM15) -> 0.09749355 | BR15: {=SUM(_xlfn.XLOOKUP(S15:AG15,增益!$A:$A,增益!$W:$W,0))+$I$5} -> 0.06
A16: 首领增 | B16: 0.0892 | C16: 威 | D16: √ | E16: 秋瞑帖 | F16: √ | H16: 毕业率 | I16: =I12/173599.96 -> 1 | K16: =$L16*VLOOKUP($R16,武学奇术!$A:$ZZ,31,FALSE) -> 87153.434 | L16: =($M16*$BO16+$N16*$BM16+$O16*$BP16+$P16*$BQ16) -> 145255.72 | M16: =((($AO16+$AP16)/2*$AI16+$AJ16)*(1+$AQ16)*(1+$AR16)+(($AT16+$AU16)/2*IF($G$1="鸣金",$AK16,$AI16)+IF($G$1="鸣金",$AL16*1.5,0))*(1+$AV16)*(1+$AW16)+(($AX16+$AY16)/2*IF($G$1="裂石",$AK16,$AI16)+IF($G$1="裂石",$AL16*1.5,0))*(1+$AZ16)*(1+$BA16)+(($BB16+$BC16)/2*IF($G$1="牵丝",$AK16,$AI16)+IF($G$1="牵丝",$AL16*1.5,0))*(1+$BD16)*(1+$BE16)+(($BF16+$BG16)/2*IF($G$1="破竹",$AK16,$AI16)+IF($G$1="破竹",$AL16*1.5,0))*(1+$BH16)*(1+$BI16))*(1+$AM16)*$BL16*$Q16*(1+IF(VLOOKUP($R16,武学奇术!$A:$ZZ,30,FALSE)="流血",$B$21,0))*(1+$BR16) -> 121758.76 | N16: =(($AP16*$AI16+$AJ16)*(1+$AQ16)*(1+$AR16)+($AU16*IF($G$1="鸣金",$AK16,$AI16)+IF($G$1="鸣金",$AL16*1.5,0))*(1+$AV16)*(1+$AW16)+($AY16*IF($G$1="裂石",$AK16,$AI16)+IF($G$1="裂石",$AL16*1.5,0))*(1+$AZ16)*(1+$BA16)+($BC16*IF($G$1="牵丝",$AK16,$AI16)+IF($G$1="牵丝",$AL16*1.5,0))*(1+$BD16)*(1+$BE16)+($BG16*IF($G$1="破竹",$AK16,$AI16)+IF($G$1="破竹",$AL16*1.5,0))*(1+$BH16)*(1+$BI16))*(1+$AM16)*$BN16*$Q16*(1+IF(VLOOKUP($R16,武学奇术!$A:$ZZ,30,FALSE)="流血",$B$21,0))*(1+$BR16) -> 216412.53 | O16: =((($AO16+$AP16)/2*$AI16+$AJ16)*(1+$AQ16)*(1+$AR16)+(($AT16+$AU16)/2*IF($G$1="鸣金",$AK16,$AI16)+IF($G$1="鸣金",$AL16*1.5,0))*(1+$AV16)*(1+$AW16)+(($AX16+$AY16)/2*IF($G$1="裂石",$AK16,$AI16)+IF($G$1="裂石",$AL16*1.5,0))*(1+$AZ16)*(1+$BA16)+(($BB16+$BC16)/2*IF($G$1="牵丝",$AK16,$AI16)+IF($G$1="牵丝",$AL16*1.5,0))*(1+$BD16)*(1+$BE16)+(($BF16+$BG16)/2*IF($G$1="破竹",$AK16,$AI16)+IF($G$1="破竹",$AL16*1.5,0))*(1+$BH16)*(1+$BI16))*(1+$AM16)*$Q16*(1+IF(VLOOKUP($R16,武学奇术!$A:$ZZ,30,FALSE)="流血",$B$21,0))*(1+$BR16) -> 81172.51 | P16: =((($AO16*$AI16+$AJ16)*(1+$AQ16)*(1+$AR16)+($AT16*IF($G$1="鸣金",$AK16,$AI16)+IF($G$1="鸣金",$AL16*1.5,0))*(1+$AV16)*(1+$AW16)+($AX16*IF($G$1="裂石",$AK16,$AI16)+IF($G$1="裂石",$AL16*1.5,0))*(1+$AZ16)*(1+$BA16)+($BB16*IF($G$1="牵丝",$AK16,$AI16)+IF($G$1="牵丝",$AL16*1.5,0))*(1+$BD16)*(1+$BE16)+($BF16*IF($G$1="破竹",$AK16,$AI16)+IF($G$1="破竹",$AL16*1.5,0))*(1+$BH16)*(1+$BI16))*(1+$AM16))*$Q16*(1+IF(VLOOKUP($R16,武学奇术!$A:$ZZ,30,FALSE)="流血",$B$21,0))*(1+$BR16) -> 36669.917 | Q16: 1 | R16: 爆血(剑) | S16: 强效江流 | T16: 看破(持续) | U16: 惊神5 | V16: 纵横剑意 | W16: 特殊技减防 | X16: 易水歌5层 | Y16: N/a | Z16: N/a | AA16: 惧刃(拐) | AB16: 裁云(拐) | AC16: 扶风(拐) | AD16: 离猎(拐) | AE16: 伞增(拐) | AF16: 近战笛 | AG16: 秋瞑帖4层 | AH16: =VLOOKUP($R16,武学奇术!$A:$ZZ,25,FALSE) -> 剑 | AI16: =VLOOKUP($R16,武学奇术!$A:$ZZ,26,FALSE) -> 2.52 | AJ16: =VLOOKUP($R16,武学奇术!$A:$ZZ,27,FALSE)*(1+IF(OR($AH16=$F$4,$AH16=$F$5),$B$22,0)) -> 0 | AK16: =VLOOKUP($R16,武学奇术!$A:$ZZ,28,FALSE) -> 3.78 | AL16: =VLOOKUP($R16,武学奇术!$A:$ZZ,29,FALSE)*(1+IF(OR($AH16=$F$4,$AH16=$F$5),$B$22,0)) -> 0 | AM16: {=$G$3+IFERROR(VLOOKUP($AH16,$F$4:$G$7,2,FALSE),0)+VLOOKUP($R16,武学奇术!$A:$ZZ,2,FALSE)+SUM(_xlfn.XLOOKUP($S16:$AG16,增益!$A:$A,增益!$B:$B,0))} -> 1.7291 | AN16: {=VLOOKUP($R16,武学奇术!$A:$ZZ,5,FALSE)+SUM(_xlfn.XLOOKUP($S16:$AG16,增益!$A:$A,增益!$E:$E,0))} -> 0 | AO16: {=$D$10*(1+$AN16)+VLOOKUP($R16,武学奇术!$A:$ZZ,3,FALSE)+SUM(_xlfn.XLOOKUP($S16:$AG16,增益!$A:$A,增益!$C:$C,0))-$I$2} -> 1862.48 | AP16: {=$E$10*(1+$AN16)+VLOOKUP($R16,武学奇术!$A:$ZZ,4,FALSE)+SUM(_xlfn.XLOOKUP($S16:$AG16,增益!$A:$A,增益!$D:$D,0))-$I$2} -> 7794.56 | AQ16: {=IF($F$10-$I$3+VLOOKUP($R16,武学奇术!$A:$ZZ,6,FALSE)+SUM(_xlfn.XLOOKUP(S16:AG16,增益!$A:$A,增益!$F:$F,0))>0,($F$10-$I$3+VLOOKUP($R16,武学奇术!$A:$ZZ,6,FALSE)+SUM(_xlfn.XLOOKUP(S16:AG16,增益!$A:$A,增益!$F:$F,0)))/200,($F$10-$I$3+VLOOKUP($R16,武学奇术!$A:$ZZ,6,FALSE)+SUM(_xlfn.XLOOKUP(S16:AG16,增益!$A:$A,增益!$F:$F,0)))/100)} -> 0.369 | AR16: {=$G$10+VLOOKUP($R16,武学奇术!$A:$ZZ,7,FALSE)+SUM(_xlfn.XLOOKUP(S16:AG16,增益!$A:$A,增益!$G:$G,0))} -> 0 | AS16: {=VLOOKUP($R16,武学奇术!$A:$ZZ,8,FALSE)+SUM(_xlfn.XLOOKUP(S16:AG16,增益!$A:$A,增益!$H:$H,0))} -> 0 | AT16: =$D$11*(1+$AS16) -> 680.02 | AU16: =$E$11*(1+$AS16) -> 1288.54 | AV16: {=IF($F$11-$I$4+VLOOKUP($R16,武学奇术!$A:$ZZ,9,FALSE)+SUM(_xlfn.XLOOKUP(S16:AG16,增益!$A:$A,增益!$I:$I,0))>0,($F$11-$I$4+VLOOKUP($R16,武学奇术!$A:$ZZ,9,FALSE)+SUM(_xlfn.XLOOKUP(S16:AG16,增益!$A:$A,增益!$I:$I,0)))/200,($F$11-$I$4+VLOOKUP($R16,武学奇术!$A:$ZZ,9,FALSE)+SUM(_xlfn.XLOOKUP(S16:AG16,增益!$A:$A,增益!$I:$I,0)))/100)} -> 0.075 | AW16: {=$G$11+VLOOKUP($R16,武学奇术!$A:$ZZ,10,FALSE)+SUM(_xlfn.XLOOKUP(S16:AG16,增益!$A:$A,增益!$J:$J,0))} -> 0.15 | AX16: =$D$12*(1+$AS16) -> 0 | AY16: =$E$12*(1+$AS16) -> 0 | AZ16: {=IF($F$12-$I$4+VLOOKUP($R16,武学奇术!$A:$ZZ,11,FALSE)+SUM(_xlfn.XLOOKUP(S16:AG16,增益!$A:$A,增益!$K:$K,0))>0,($F$12-$I$4+VLOOKUP($R16,武学奇术!$A:$ZZ,11,FALSE)+SUM(_xlfn.XLOOKUP(S16:AG16,增益!$A:$A,增益!$K:$K,0)))/200,($F$12-$I$4+VLOOKUP($R16,武学奇术!$A:$ZZ,11,FALSE)+SUM(_xlfn.XLOOKUP(S16:AG16,增益!$A:$A,增益!$K:$K,0)))/100)} -> -0.3 | BA16: {=$G$12+VLOOKUP($R16,武学奇术!$A:$ZZ,12,FALSE)+SUM(_xlfn.XLOOKUP(S16:AG16,增益!$A:$A,增益!$L:$L,0))} -> 0 | BB16: =$D$13*(1+$AS16) -> 0 | BC16: =$E$13*(1+$AS16) -> 0 | BD16: {=IF($F$13-$I$4+VLOOKUP($R16,武学奇术!$A:$ZZ,13,FALSE)+SUM(_xlfn.XLOOKUP(S16:AG16,增益!$A:$A,增益!$M:$M,0))>0,($F$13-$I$4+VLOOKUP($R16,武学奇术!$A:$ZZ,13,FALSE)+SUM(_xlfn.XLOOKUP(S16:AG16,增益!$A:$A,增益!$K:$K,0)))/200,($F$13-$I$4+VLOOKUP($R16,武学奇术!$A:$ZZ,13,FALSE)+SUM(_xlfn.XLOOKUP(S16:AG16,增益!$A:$A,增益!$M:$M,0)))/100)} -> -0.3 | BE16: {=$G$13+VLOOKUP($R16,武学奇术!$A:$ZZ,14,FALSE)+SUM(_xlfn.XLOOKUP(S16:AG16,增益!$A:$A,增益!$N:$N,0))} -> 0 | BF16: =$D$14*(1+$AS16) -> 0 | BG16: =$E$14*(1+$AS16) -> 0 | BH16: {=IF($F$14-$I$4+VLOOKUP($R16,武学奇术!$A:$ZZ,15,FALSE)+SUM(_xlfn.XLOOKUP(S16:AG16,增益!$A:$A,增益!$O:$O,0))>0,($F$14-$I$4+VLOOKUP($R16,武学奇术!$A:$ZZ,15,FALSE)+SUM(_xlfn.XLOOKUP(S16:AG16,增益!$A:$A,增益!$O:$O,0)))/200,($F$14-$I$4+VLOOKUP($R16,武学奇术!$A:$ZZ,15,FALSE)+SUM(_xlfn.XLOOKUP(S16:AG16,增益!$A:$A,增益!$O:$O,0)))/100)} -> -0.3 | BI16: {=$G$14+VLOOKUP($R16,武学奇术!$A:$ZZ,16,FALSE)+SUM(_xlfn.XLOOKUP(S16:AG16,增益!$A:$A,增益!$P:$P,0))} -> 0 | BJ16: =MIN(IF(VLOOKUP($R16,武学奇术!$A:$ZZ,23,FALSE)=1,100%,$B$8),100%) -> 0.8229 | BK16: {=IF(VLOOKUP($R16,武学奇术!$A:$ZZ,23,FALSE)=1,100%,MIN(80%,$B$9+VLOOKUP($R16,武学奇术!$A:$ZZ,17,FALSE)+SUM(_xlfn.XLOOKUP(S16:AG16,增益!$A:$A,增益!$Q:$Q,0)))+$B$11+SUM(_xlfn.XLOOKUP(S16:AG16,增益!$A:$A,增益!$U:$U,0)))*IF(VLOOKUP($R16,武学奇术!$A:$ZZ,24,FALSE)=1,0,1)} -> 0.2285 | BL16: {=1+$B$13+VLOOKUP($R16,武学奇术!$A:$ZZ,18,FALSE)+SUM(_xlfn.XLOOKUP(S16:AG16,增益!$A:$A,增益!$R:$R,0))} -> 1.5 | BM16: {=IF(VLOOKUP($R16,武学奇术!$A:$ZZ,24,FALSE)=1,100%,MIN(40%,$B$10+VLOOKUP($R16,武学奇术!$A:$ZZ,19,FALSE)+SUM(_xlfn.XLOOKUP(S16:AG16,增益!$A:$A,增益!$S:$S,0)))+$B$12+SUM(_xlfn.XLOOKUP(S16:AG16,增益!$A:$A,增益!$V:$V,0)))*IF(VLOOKUP($R16,武学奇术!$A:$ZZ,23,FALSE)=1,0,1)} -> 0.4495 | BN16: {=1+$B$14+VLOOKUP($R16,武学奇术!$A:$ZZ,20,FALSE)+SUM(_xlfn.XLOOKUP(S16:AG16,增益!$A:$A,增益!$T:$T,0))} -> 1.722 | BO16: =MIN((1-BM16)*BJ16,BJ16*BK16) -> 0.18803265 | BP16: =1-BM16-BO16-BQ16 -> 0.2649738 | BQ16: =IF(VLOOKUP($R16,武学奇术!$A:$ZZ,22,FALSE)=1,0,(1-$BJ16))*(1-$BM16) -> 0.09749355 | BR16: {=SUM(_xlfn.XLOOKUP(S16:AG16,增益!$A:$A,增益!$W:$W,0))+$I$5} -> 0.06
A17: 剑增 | B17: 0.0852 | C17: 尘 | D17: × | E17: 所恨年年 | F17: √ | K17: =$L17*VLOOKUP($R17,武学奇术!$A:$ZZ,31,FALSE) -> 87153.434 | L17: =($M17*$BO17+$N17*$BM17+$O17*$BP17+$P17*$BQ17) -> 145255.72 | M17: =((($AO17+$AP17)/2*$AI17+$AJ17)*(1+$AQ17)*(1+$AR17)+(($AT17+$AU17)/2*IF($G$1="鸣金",$AK17,$AI17)+IF($G$1="鸣金",$AL17*1.5,0))*(1+$AV17)*(1+$AW17)+(($AX17+$AY17)/2*IF($G$1="裂石",$AK17,$AI17)+IF($G$1="裂石",$AL17*1.5,0))*(1+$AZ17)*(1+$BA17)+(($BB17+$BC17)/2*IF($G$1="牵丝",$AK17,$AI17)+IF($G$1="牵丝",$AL17*1.5,0))*(1+$BD17)*(1+$BE17)+(($BF17+$BG17)/2*IF($G$1="破竹",$AK17,$AI17)+IF($G$1="破竹",$AL17*1.5,0))*(1+$BH17)*(1+$BI17))*(1+$AM17)*$BL17*$Q17*(1+IF(VLOOKUP($R17,武学奇术!$A:$ZZ,30,FALSE)="流血",$B$21,0))*(1+$BR17) -> 121758.76 | N17: =(($AP17*$AI17+$AJ17)*(1+$AQ17)*(1+$AR17)+($AU17*IF($G$1="鸣金",$AK17,$AI17)+IF($G$1="鸣金",$AL17*1.5,0))*(1+$AV17)*(1+$AW17)+($AY17*IF($G$1="裂石",$AK17,$AI17)+IF($G$1="裂石",$AL17*1.5,0))*(1+$AZ17)*(1+$BA17)+($BC17*IF($G$1="牵丝",$AK17,$AI17)+IF($G$1="牵丝",$AL17*1.5,0))*(1+$BD17)*(1+$BE17)+($BG17*IF($G$1="破竹",$AK17,$AI17)+IF($G$1="破竹",$AL17*1.5,0))*(1+$BH17)*(1+$BI17))*(1+$AM17)*$BN17*$Q17*(1+IF(VLOOKUP($R17,武学奇术!$A:$ZZ,30,FALSE)="流血",$B$21,0))*(1+$BR17) -> 216412.53 | O17: =((($AO17+$AP17)/2*$AI17+$AJ17)*(1+$AQ17)*(1+$AR17)+(($AT17+$AU17)/2*IF($G$1="鸣金",$AK17,$AI17)+IF($G$1="鸣金",$AL17*1.5,0))*(1+$AV17)*(1+$AW17)+(($AX17+$AY17)/2*IF($G$1="裂石",$AK17,$AI17)+IF($G$1="裂石",$AL17*1.5,0))*(1+$AZ17)*(1+$BA17)+(($BB17+$BC17)/2*IF($G$1="牵丝",$AK17,$AI17)+IF($G$1="牵丝",$AL17*1.5,0))*(1+$BD17)*(1+$BE17)+(($BF17+$BG17)/2*IF($G$1="破竹",$AK17,$AI17)+IF($G$1="破竹",$AL17*1.5,0))*(1+$BH17)*(1+$BI17))*(1+$AM17)*$Q17*(1+IF(VLOOKUP($R17,武学奇术!$A:$ZZ,30,FALSE)="流血",$B$21,0))*(1+$BR17) -> 81172.51 | P17: =((($AO17*$AI17+$AJ17)*(1+$AQ17)*(1+$AR17)+($AT17*IF($G$1="鸣金",$AK17,$AI17)+IF($G$1="鸣金",$AL17*1.5,0))*(1+$AV17)*(1+$AW17)+($AX17*IF($G$1="裂石",$AK17,$AI17)+IF($G$1="裂石",$AL17*1.5,0))*(1+$AZ17)*(1+$BA17)+($BB17*IF($G$1="牵丝",$AK17,$AI17)+IF($G$1="牵丝",$AL17*1.5,0))*(1+$BD17)*(1+$BE17)+($BF17*IF($G$1="破竹",$AK17,$AI17)+IF($G$1="破竹",$AL17*1.5,0))*(1+$BH17)*(1+$BI17))*(1+$AM17))*$Q17*(1+IF(VLOOKUP($R17,武学奇术!$A:$ZZ,30,FALSE)="流血",$B$21,0))*(1+$BR17) -> 36669.917 | Q17: 1 | R17: 爆血(剑) | S17: 强效江流 | T17: 看破(持续) | U17: 惊神5 | V17: 纵横剑意 | W17: 特殊技减防 | X17: 易水歌5层 | Y17: N/a | Z17: N/a | AA17: 惧刃(拐) | AB17: 裁云(拐) | AC17: 扶风(拐) | AD17: 离猎(拐) | AE17: 伞增(拐) | AF17: 近战笛 | AG17: 秋瞑帖4层 | AH17: =VLOOKUP($R17,武学奇术!$A:$ZZ,25,FALSE) -> 剑 | AI17: =VLOOKUP($R17,武学奇术!$A:$ZZ,26,FALSE) -> 2.52 | AJ17: =VLOOKUP($R17,武学奇术!$A:$ZZ,27,FALSE)*(1+IF(OR($AH17=$F$4,$AH17=$F$5),$B$22,0)) -> 0 | AK17: =VLOOKUP($R17,武学奇术!$A:$ZZ,28,FALSE) -> 3.78 | AL17: =VLOOKUP($R17,武学奇术!$A:$ZZ,29,FALSE)*(1+IF(OR($AH17=$F$4,$AH17=$F$5),$B$22,0)) -> 0 | AM17: {=$G$3+IFERROR(VLOOKUP($AH17,$F$4:$G$7,2,FALSE),0)+VLOOKUP($R17,武学奇术!$A:$ZZ,2,FALSE)+SUM(_xlfn.XLOOKUP($S17:$AG17,增益!$A:$A,增益!$B:$B,0))} -> 1.7291 | AN17: {=VLOOKUP($R17,武学奇术!$A:$ZZ,5,FALSE)+SUM(_xlfn.XLOOKUP($S17:$AG17,增益!$A:$A,增益!$E:$E,0))} -> 0 | AO17: {=$D$10*(1+$AN17)+VLOOKUP($R17,武学奇术!$A:$ZZ,3,FALSE)+SUM(_xlfn.XLOOKUP($S17:$AG17,增益!$A:$A,增益!$C:$C,0))-$I$2} -> 1862.48 | AP17: {=$E$10*(1+$AN17)+VLOOKUP($R17,武学奇术!$A:$ZZ,4,FALSE)+SUM(_xlfn.XLOOKUP($S17:$AG17,增益!$A:$A,增益!$D:$D,0))-$I$2} -> 7794.56 | AQ17: {=IF($F$10-$I$3+VLOOKUP($R17,武学奇术!$A:$ZZ,6,FALSE)+SUM(_xlfn.XLOOKUP(S17:AG17,增益!$A:$A,增益!$F:$F,0))>0,($F$10-$I$3+VLOOKUP($R17,武学奇术!$A:$ZZ,6,FALSE)+SUM(_xlfn.XLOOKUP(S17:AG17,增益!$A:$A,增益!$F:$F,0)))/200,($F$10-$I$3+VLOOKUP($R17,武学奇术!$A:$ZZ,6,FALSE)+SUM(_xlfn.XLOOKUP(S17:AG17,增益!$A:$A,增益!$F:$F,0)))/100)} -> 0.369 | AR17: {=$G$10+VLOOKUP($R17,武学奇术!$A:$ZZ,7,FALSE)+SUM(_xlfn.XLOOKUP(S17:AG17,增益!$A:$A,增益!$G:$G,0))} -> 0 | AS17: {=VLOOKUP($R17,武学奇术!$A:$ZZ,8,FALSE)+SUM(_xlfn.XLOOKUP(S17:AG17,增益!$A:$A,增益!$H:$H,0))} -> 0 | AT17: =$D$11*(1+$AS17) -> 680.02 | AU17: =$E$11*(1+$AS17) -> 1288.54 | AV17: {=IF($F$11-$I$4+VLOOKUP($R17,武学奇术!$A:$ZZ,9,FALSE)+SUM(_xlfn.XLOOKUP(S17:AG17,增益!$A:$A,增益!$I:$I,0))>0,($F$11-$I$4+VLOOKUP($R17,武学奇术!$A:$ZZ,9,FALSE)+SUM(_xlfn.XLOOKUP(S17:AG17,增益!$A:$A,增益!$I:$I,0)))/200,($F$11-$I$4+VLOOKUP($R17,武学奇术!$A:$ZZ,9,FALSE)+SUM(_xlfn.XLOOKUP(S17:AG17,增益!$A:$A,增益!$I:$I,0)))/100)} -> 0.075 | AW17: {=$G$11+VLOOKUP($R17,武学奇术!$A:$ZZ,10,FALSE)+SUM(_xlfn.XLOOKUP(S17:AG17,增益!$A:$A,增益!$J:$J,0))} -> 0.15 | AX17: =$D$12*(1+$AS17) -> 0 | AY17: =$E$12*(1+$AS17) -> 0 | AZ17: {=IF($F$12-$I$4+VLOOKUP($R17,武学奇术!$A:$ZZ,11,FALSE)+SUM(_xlfn.XLOOKUP(S17:AG17,增益!$A:$A,增益!$K:$K,0))>0,($F$12-$I$4+VLOOKUP($R17,武学奇术!$A:$ZZ,11,FALSE)+SUM(_xlfn.XLOOKUP(S17:AG17,增益!$A:$A,增益!$K:$K,0)))/200,($F$12-$I$4+VLOOKUP($R17,武学奇术!$A:$ZZ,11,FALSE)+SUM(_xlfn.XLOOKUP(S17:AG17,增益!$A:$A,增益!$K:$K,0)))/100)} -> -0.3 | BA17: {=$G$12+VLOOKUP($R17,武学奇术!$A:$ZZ,12,FALSE)+SUM(_xlfn.XLOOKUP(S17:AG17,增益!$A:$A,增益!$L:$L,0))} -> 0 | BB17: =$D$13*(1+$AS17) -> 0 | BC17: =$E$13*(1+$AS17) -> 0 | BD17: {=IF($F$13-$I$4+VLOOKUP($R17,武学奇术!$A:$ZZ,13,FALSE)+SUM(_xlfn.XLOOKUP(S17:AG17,增益!$A:$A,增益!$M:$M,0))>0,($F$13-$I$4+VLOOKUP($R17,武学奇术!$A:$ZZ,13,FALSE)+SUM(_xlfn.XLOOKUP(S17:AG17,增益!$A:$A,增益!$K:$K,0)))/200,($F$13-$I$4+VLOOKUP($R17,武学奇术!$A:$ZZ,13,FALSE)+SUM(_xlfn.XLOOKUP(S17:AG17,增益!$A:$A,增益!$M:$M,0)))/100)} -> -0.3 | BE17: {=$G$13+VLOOKUP($R17,武学奇术!$A:$ZZ,14,FALSE)+SUM(_xlfn.XLOOKUP(S17:AG17,增益!$A:$A,增益!$N:$N,0))} -> 0 | BF17: =$D$14*(1+$AS17) -> 0 | BG17: =$E$14*(1+$AS17) -> 0 | BH17: {=IF($F$14-$I$4+VLOOKUP($R17,武学奇术!$A:$ZZ,15,FALSE)+SUM(_xlfn.XLOOKUP(S17:AG17,增益!$A:$A,增益!$O:$O,0))>0,($F$14-$I$4+VLOOKUP($R17,武学奇术!$A:$ZZ,15,FALSE)+SUM(_xlfn.XLOOKUP(S17:AG17,增益!$A:$A,增益!$O:$O,0)))/200,($F$14-$I$4+VLOOKUP($R17,武学奇术!$A:$ZZ,15,FALSE)+SUM(_xlfn.XLOOKUP(S17:AG17,增益!$A:$A,增益!$O:$O,0)))/100)} -> -0.3 | BI17: {=$G$14+VLOOKUP($R17,武学奇术!$A:$ZZ,16,FALSE)+SUM(_xlfn.XLOOKUP(S17:AG17,增益!$A:$A,增益!$P:$P,0))} -> 0 | BJ17: =MIN(IF(VLOOKUP($R17,武学奇术!$A:$ZZ,23,FALSE)=1,100%,$B$8),100%) -> 0.8229 | BK17: {=IF(VLOOKUP($R17,武学奇术!$A:$ZZ,23,FALSE)=1,100%,MIN(80%,$B$9+VLOOKUP($R17,武学奇术!$A:$ZZ,17,FALSE)+SUM(_xlfn.XLOOKUP(S17:AG17,增益!$A:$A,增益!$Q:$Q,0)))+$B$11+SUM(_xlfn.XLOOKUP(S17:AG17,增益!$A:$A,增益!$U:$U,0)))*IF(VLOOKUP($R17,武学奇术!$A:$ZZ,24,FALSE)=1,0,1)} -> 0.2285 | BL17: {=1+$B$13+VLOOKUP($R17,武学奇术!$A:$ZZ,18,FALSE)+SUM(_xlfn.XLOOKUP(S17:AG17,增益!$A:$A,增益!$R:$R,0))} -> 1.5 | BM17: {=IF(VLOOKUP($R17,武学奇术!$A:$ZZ,24,FALSE)=1,100%,MIN(40%,$B$10+VLOOKUP($R17,武学奇术!$A:$ZZ,19,FALSE)+SUM(_xlfn.XLOOKUP(S17:AG17,增益!$A:$A,增益!$S:$S,0)))+$B$12+SUM(_xlfn.XLOOKUP(S17:AG17,增益!$A:$A,增益!$V:$V,0)))*IF(VLOOKUP($R17,武学奇术!$A:$ZZ,23,FALSE)=1,0,1)} -> 0.4495 | BN17: {=1+$B$14+VLOOKUP($R17,武学奇术!$A:$ZZ,20,FALSE)+SUM(_xlfn.XLOOKUP(S17:AG17,增益!$A:$A,增益!$T:$T,0))} -> 1.722 | BO17: =MIN((1-BM17)*BJ17,BJ17*BK17) -> 0.18803265 | BP17: =1-BM17-BO17-BQ17 -> 0.2649738 | BQ17: =IF(VLOOKUP($R17,武学奇术!$A:$ZZ,22,FALSE)=1,0,(1-$BJ17))*(1-$BM17) -> 0.09749355 | BR17: {=SUM(_xlfn.XLOOKUP(S17:AG17,增益!$A:$A,增益!$W:$W,0))+$I$5} -> 0.06
A18: 枪增 | B18: 0 | C18: 虹 | D18: × | H18: 真气比例 | I18: =SUM(K:K)/SUM(L:L) -> 0.70139186 | K18: =$L18*VLOOKUP($R18,武学奇术!$A:$ZZ,31,FALSE) -> 28244.035 | L18: =($M18*$BO18+$N18*$BM18+$O18*$BP18+$P18*$BQ18) -> 28244.035 | M18: =((($AO18+$AP18)/2*$AI18+$AJ18)*(1+$AQ18)*(1+$AR18)+(($AT18+$AU18)/2*IF($G$1="鸣金",$AK18,$AI18)+IF($G$1="鸣金",$AL18*1.5,0))*(1+$AV18)*(1+$AW18)+(($AX18+$AY18)/2*IF($G$1="裂石",$AK18,$AI18)+IF($G$1="裂石",$AL18*1.5,0))*(1+$AZ18)*(1+$BA18)+(($BB18+$BC18)/2*IF($G$1="牵丝",$AK18,$AI18)+IF($G$1="牵丝",$AL18*1.5,0))*(1+$BD18)*(1+$BE18)+(($BF18+$BG18)/2*IF($G$1="破竹",$AK18,$AI18)+IF($G$1="破竹",$AL18*1.5,0))*(1+$BH18)*(1+$BI18))*(1+$AM18)*$BL18*$Q18*(1+IF(VLOOKUP($R18,武学奇术!$A:$ZZ,30,FALSE)="流血",$B$21,0))*(1+$BR18) -> 25982.704 | N18: =(($AP18*$AI18+$AJ18)*(1+$AQ18)*(1+$AR18)+($AU18*IF($G$1="鸣金",$AK18,$AI18)+IF($G$1="鸣金",$AL18*1.5,0))*(1+$AV18)*(1+$AW18)+($AY18*IF($G$1="裂石",$AK18,$AI18)+IF($G$1="裂石",$AL18*1.5,0))*(1+$AZ18)*(1+$BA18)+($BC18*IF($G$1="牵丝",$AK18,$AI18)+IF($G$1="牵丝",$AL18*1.5,0))*(1+$BD18)*(1+$BE18)+($BG18*IF($G$1="破竹",$AK18,$AI18)+IF($G$1="破竹",$AL18*1.5,0))*(1+$BH18)*(1+$BI18))*(1+$AM18)*$BN18*$Q18*(1+IF(VLOOKUP($R18,武学奇术!$A:$ZZ,30,FALSE)="流血",$B$21,0))*(1+$BR18) -> 39844.933 | O18: =((($AO18+$AP18)/2*$AI18+$AJ18)*(1+$AQ18)*(1+$AR18)+(($AT18+$AU18)/2*IF($G$1="鸣金",$AK18,$AI18)+IF($G$1="鸣金",$AL18*1.5,0))*(1+$AV18)*(1+$AW18)+(($AX18+$AY18)/2*IF($G$1="裂石",$AK18,$AI18)+IF($G$1="裂石",$AL18*1.5,0))*(1+$AZ18)*(1+$BA18)+(($BB18+$BC18)/2*IF($G$1="牵丝",$AK18,$AI18)+IF($G$1="牵丝",$AL18*1.5,0))*(1+$BD18)*(1+$BE18)+(($BF18+$BG18)/2*IF($G$1="破竹",$AK18,$AI18)+IF($G$1="破竹",$AL18*1.5,0))*(1+$BH18)*(1+$BI18))*(1+$AM18)*$Q18*(1+IF(VLOOKUP($R18,武学奇术!$A:$ZZ,30,FALSE)="流血",$B$21,0))*(1+$BR18) -> 17321.803 | P18: =((($AO18*$AI18+$AJ18)*(1+$AQ18)*(1+$AR18)+($AT18*IF($G$1="鸣金",$AK18,$AI18)+IF($G$1="鸣金",$AL18*1.5,0))*(1+$AV18)*(1+$AW18)+($AX18*IF($G$1="裂石",$AK18,$AI18)+IF($G$1="裂石",$AL18*1.5,0))*(1+$AZ18)*(1+$BA18)+($BB18*IF($G$1="牵丝",$AK18,$AI18)+IF($G$1="牵丝",$AL18*1.5,0))*(1+$BD18)*(1+$BE18)+($BF18*IF($G$1="破竹",$AK18,$AI18)+IF($G$1="破竹",$AL18*1.5,0))*(1+$BH18)*(1+$BI18))*(1+$AM18))*$Q18*(1+IF(VLOOKUP($R18,武学奇术!$A:$ZZ,30,FALSE)="流血",$B$21,0))*(1+$BR18) -> 8803.8304 | Q18: 1 | R18: 剑R一段前3hit | S18: 强效江流 | T18: 看破 | U18: N/a | V18: N/a | W18: 特殊技减防 | X18: 易水歌5层 | Y18: N/a | Z18: N/a | AA18: 惧刃(拐) | AB18: 裁云(拐) | AC18: 扶风(拐) | AD18: 离猎(拐) | AE18: 伞增(拐) | AF18: N/a | AG18: 秋瞑帖4层 | AH18: =VLOOKUP($R18,武学奇术!$A:$ZZ,25,FALSE) -> 剑 | AI18: =VLOOKUP($R18,武学奇术!$A:$ZZ,26,FALSE) -> 0.94015 | AJ18: =VLOOKUP($R18,武学奇术!$A:$ZZ,27,FALSE)*(1+IF(OR($AH18=$F$4,$AH18=$F$5),$B$22,0)) -> 390 | AK18: =VLOOKUP($R18,武学奇术!$A:$ZZ,28,FALSE) -> 1.41025 | AL18: =VLOOKUP($R18,武学奇术!$A:$ZZ,29,FALSE)*(1+IF(OR($AH18=$F$4,$AH18=$F$5),$B$22,0)) -> 212.25 | AM18: {=$G$3+IFERROR(VLOOKUP($AH18,$F$4:$G$7,2,FALSE),0)+VLOOKUP($R18,武学奇术!$A:$ZZ,2,FALSE)+SUM(_xlfn.XLOOKUP($S18:$AG18,增益!$A:$A,增益!$B:$B,0))} -> 0.9591 | AN18: {=VLOOKUP($R18,武学奇术!$A:$ZZ,5,FALSE)+SUM(_xlfn.XLOOKUP($S18:$AG18,增益!$A:$A,增益!$E:$E,0))} -> 0 | AO18: {=$D$10*(1+$AN18)+VLOOKUP($R18,武学奇术!$A:$ZZ,3,FALSE)+SUM(_xlfn.XLOOKUP($S18:$AG18,增益!$A:$A,增益!$C:$C,0))-$I$2} -> 1862.48 | AP18: {=$E$10*(1+$AN18)+VLOOKUP($R18,武学奇术!$A:$ZZ,4,FALSE)+SUM(_xlfn.XLOOKUP($S18:$AG18,增益!$A:$A,增益!$D:$D,0))-$I$2} -> 7794.56 | AQ18: {=IF($F$10-$I$3+VLOOKUP($R18,武学奇术!$A:$ZZ,6,FALSE)+SUM(_xlfn.XLOOKUP(S18:AG18,增益!$A:$A,增益!$F:$F,0))>0,($F$10-$I$3+VLOOKUP($R18,武学奇术!$A:$ZZ,6,FALSE)+SUM(_xlfn.XLOOKUP(S18:AG18,增益!$A:$A,增益!$F:$F,0)))/200,($F$10-$I$3+VLOOKUP($R18,武学奇术!$A:$ZZ,6,FALSE)+SUM(_xlfn.XLOOKUP(S18:AG18,增益!$A:$A,增益!$F:$F,0)))/100)} -> 0.294 | AR18: {=$G$10+VLOOKUP($R18,武学奇术!$A:$ZZ,7,FALSE)+SUM(_xlfn.XLOOKUP(S18:AG18,增益!$A:$A,增益!$G:$G,0))} -> 0 | AS18: {=VLOOKUP($R18,武学奇术!$A:$ZZ,8,FALSE)+SUM(_xlfn.XLOOKUP(S18:AG18,增益!$A:$A,增益!$H:$H,0))} -> 0 | AT18: =$D$11*(1+$AS18) -> 680.02 | AU18: =$E$11*(1+$AS18) -> 1288.54 | AV18: {=IF($F$11-$I$4+VLOOKUP($R18,武学奇术!$A:$ZZ,9,FALSE)+SUM(_xlfn.XLOOKUP(S18:AG18,增益!$A:$A,增益!$I:$I,0))>0,($F$11-$I$4+VLOOKUP($R18,武学奇术!$A:$ZZ,9,FALSE)+SUM(_xlfn.XLOOKUP(S18:AG18,增益!$A:$A,增益!$I:$I,0)))/200,($F$11-$I$4+VLOOKUP($R18,武学奇术!$A:$ZZ,9,FALSE)+SUM(_xlfn.XLOOKUP(S18:AG18,增益!$A:$A,增益!$I:$I,0)))/100)} -> 0 | AW18: {=$G$11+VLOOKUP($R18,武学奇术!$A:$ZZ,10,FALSE)+SUM(_xlfn.XLOOKUP(S18:AG18,增益!$A:$A,增益!$J:$J,0))} -> 0.15 | AX18: =$D$12*(1+$AS18) -> 0 | AY18: =$E$12*(1+$AS18) -> 0 | AZ18: {=IF($F$12-$I$4+VLOOKUP($R18,武学奇术!$A:$ZZ,11,FALSE)+SUM(_xlfn.XLOOKUP(S18:AG18,增益!$A:$A,增益!$K:$K,0))>0,($F$12-$I$4+VLOOKUP($R18,武学奇术!$A:$ZZ,11,FALSE)+SUM(_xlfn.XLOOKUP(S18:AG18,增益!$A:$A,增益!$K:$K,0)))/200,($F$12-$I$4+VLOOKUP($R18,武学奇术!$A:$ZZ,11,FALSE)+SUM(_xlfn.XLOOKUP(S18:AG18,增益!$A:$A,增益!$K:$K,0)))/100)} -> -0.3 | BA18: {=$G$12+VLOOKUP($R18,武学奇术!$A:$ZZ,12,FALSE)+SUM(_xlfn.XLOOKUP(S18:AG18,增益!$A:$A,增益!$L:$L,0))} -> 0 | BB18: =$D$13*(1+$AS18) -> 0 | BC18: =$E$13*(1+$AS18) -> 0 | BD18: {=IF($F$13-$I$4+VLOOKUP($R18,武学奇术!$A:$ZZ,13,FALSE)+SUM(_xlfn.XLOOKUP(S18:AG18,增益!$A:$A,增益!$M:$M,0))>0,($F$13-$I$4+VLOOKUP($R18,武学奇术!$A:$ZZ,13,FALSE)+SUM(_xlfn.XLOOKUP(S18:AG18,增益!$A:$A,增益!$K:$K,0)))/200,($F$13-$I$4+VLOOKUP($R18,武学奇术!$A:$ZZ,13,FALSE)+SUM(_xlfn.XLOOKUP(S18:AG18,增益!$A:$A,增益!$M:$M,0)))/100)} -> -0.3 | BE18: {=$G$13+VLOOKUP($R18,武学奇术!$A:$ZZ,14,FALSE)+SUM(_xlfn.XLOOKUP(S18:AG18,增益!$A:$A,增益!$N:$N,0))} -> 0 | BF18: =$D$14*(1+$AS18) -> 0 | BG18: =$E$14*(1+$AS18) -> 0 | BH18: {=IF($F$14-$I$4+VLOOKUP($R18,武学奇术!$A:$ZZ,15,FALSE)+SUM(_xlfn.XLOOKUP(S18:AG18,增益!$A:$A,增益!$O:$O,0))>0,($F$14-$I$4+VLOOKUP($R18,武学奇术!$A:$ZZ,15,FALSE)+SUM(_xlfn.XLOOKUP(S18:AG18,增益!$A:$A,增益!$O:$O,0)))/200,($F$14-$I$4+VLOOKUP($R18,武学奇术!$A:$ZZ,15,FALSE)+SUM(_xlfn.XLOOKUP(S18:AG18,增益!$A:$A,增益!$O:$O,0)))/100)} -> -0.3 | BI18: {=$G$14+VLOOKUP($R18,武学奇术!$A:$ZZ,16,FALSE)+SUM(_xlfn.XLOOKUP(S18:AG18,增益!$A:$A,增益!$P:$P,0))} -> 0 | BJ18: =MIN(IF(VLOOKUP($R18,武学奇术!$A:$ZZ,23,FALSE)=1,100%,$B$8),100%) -> 0.8229 | BK18: {=IF(VLOOKUP($R18,武学奇术!$A:$ZZ,23,FALSE)=1,100%,MIN(80%,$B$9+VLOOKUP($R18,武学奇术!$A:$ZZ,17,FALSE)+SUM(_xlfn.XLOOKUP(S18:AG18,增益!$A:$A,增益!$Q:$Q,0)))+$B$11+SUM(_xlfn.XLOOKUP(S18:AG18,增益!$A:$A,增益!$U:$U,0)))*IF(VLOOKUP($R18,武学奇术!$A:$ZZ,24,FALSE)=1,0,1)} -> 0.2285 | BL18: {=1+$B$13+VLOOKUP($R18,武学奇术!$A:$ZZ,18,FALSE)+SUM(_xlfn.XLOOKUP(S18:AG18,增益!$A:$A,增益!$R:$R,0))} -> 1.5 | BM18: {=IF(VLOOKUP($R18,武学奇术!$A:$ZZ,24,FALSE)=1,100%,MIN(40%,$B$10+VLOOKUP($R18,武学奇术!$A:$ZZ,19,FALSE)+SUM(_xlfn.XLOOKUP(S18:AG18,增益!$A:$A,增益!$S:$S,0)))+$B$12+SUM(_xlfn.XLOOKUP(S18:AG18,增益!$A:$A,增益!$V:$V,0)))*IF(VLOOKUP($R18,武学奇术!$A:$ZZ,23,FALSE)=1,0,1)} -> 0.4495 | BN18: {=1+$B$14+VLOOKUP($R18,武学奇术!$A:$ZZ,20,FALSE)+SUM(_xlfn.XLOOKUP(S18:AG18,增益!$A:$A,增益!$T:$T,0))} -> 1.542 | BO18: =MIN((1-BM18)*BJ18,BJ18*BK18) -> 0.18803265 | BP18: =1-BM18-BO18-BQ18 -> 0.2649738 | BQ18: =IF(VLOOKUP($R18,武学奇术!$A:$ZZ,22,FALSE)=1,0,(1-$BJ18))*(1-$BM18) -> 0.09749355 | BR18: {=SUM(_xlfn.XLOOKUP(S18:AG18,增益!$A:$A,增益!$W:$W,0))+$I$5} -> 0.06
A19: 单体奇术增 | B19: 0.1338 | C19: 钧 | D19: × | K19: =$L19*VLOOKUP($R19,武学奇术!$A:$ZZ,31,FALSE) -> 28416.656 | L19: =($M19*$BO19+$N19*$BM19+$O19*$BP19+$P19*$BQ19) -> 28416.656 | M19: =((($AO19+$AP19)/2*$AI19+$AJ19)*(1+$AQ19)*(1+$AR19)+(($AT19+$AU19)/2*IF($G$1="鸣金",$AK19,$AI19)+IF($G$1="鸣金",$AL19*1.5,0))*(1+$AV19)*(1+$AW19)+(($AX19+$AY19)/2*IF($G$1="裂石",$AK19,$AI19)+IF($G$1="裂石",$AL19*1.5,0))*(1+$AZ19)*(1+$BA19)+(($BB19+$BC19)/2*IF($G$1="牵丝",$AK19,$AI19)+IF($G$1="牵丝",$AL19*1.5,0))*(1+$BD19)*(1+$BE19)+(($BF19+$BG19)/2*IF($G$1="破竹",$AK19,$AI19)+IF($G$1="破竹",$AL19*1.5,0))*(1+$BH19)*(1+$BI19))*(1+$AM19)*$BL19*$Q19*(1+IF(VLOOKUP($R19,武学奇术!$A:$ZZ,30,FALSE)="流血",$B$21,0))*(1+$BR19) -> 25651.548 | N19: =(($AP19*$AI19+$AJ19)*(1+$AQ19)*(1+$AR19)+($AU19*IF($G$1="鸣金",$AK19,$AI19)+IF($G$1="鸣金",$AL19*1.5,0))*(1+$AV19)*(1+$AW19)+($AY19*IF($G$1="裂石",$AK19,$AI19)+IF($G$1="裂石",$AL19*1.5,0))*(1+$AZ19)*(1+$BA19)+($BC19*IF($G$1="牵丝",$AK19,$AI19)+IF($G$1="牵丝",$AL19*1.5,0))*(1+$BD19)*(1+$BE19)+($BG19*IF($G$1="破竹",$AK19,$AI19)+IF($G$1="破竹",$AL19*1.5,0))*(1+$BH19)*(1+$BI19))*(1+$AM19)*$BN19*$Q19*(1+IF(VLOOKUP($R19,武学奇术!$A:$ZZ,30,FALSE)="流血",$B$21,0))*(1+$BR19) -> 40673.012 | O19: =((($AO19+$AP19)/2*$AI19+$AJ19)*(1+$AQ19)*(1+$AR19)+(($AT19+$AU19)/2*IF($G$1="鸣金",$AK19,$AI19)+IF($G$1="鸣金",$AL19*1.5,0))*(1+$AV19)*(1+$AW19)+(($AX19+$AY19)/2*IF($G$1="裂石",$AK19,$AI19)+IF($G$1="裂石",$AL19*1.5,0))*(1+$AZ19)*(1+$BA19)+(($BB19+$BC19)/2*IF($G$1="牵丝",$AK19,$AI19)+IF($G$1="牵丝",$AL19*1.5,0))*(1+$BD19)*(1+$BE19)+(($BF19+$BG19)/2*IF($G$1="破竹",$AK19,$AI19)+IF($G$1="破竹",$AL19*1.5,0))*(1+$BH19)*(1+$BI19))*(1+$AM19)*$Q19*(1+IF(VLOOKUP($R19,武学奇术!$A:$ZZ,30,FALSE)="流血",$B$21,0))*(1+$BR19) -> 17101.032 | P19: =((($AO19*$AI19+$AJ19)*(1+$AQ19)*(1+$AR19)+($AT19*IF($G$1="鸣金",$AK19,$AI19)+IF($G$1="鸣金",$AL19*1.5,0))*(1+$AV19)*(1+$AW19)+($AX19*IF($G$1="裂石",$AK19,$AI19)+IF($G$1="裂石",$AL19*1.5,0))*(1+$AZ19)*(1+$BA19)+($BB19*IF($G$1="牵丝",$AK19,$AI19)+IF($G$1="牵丝",$AL19*1.5,0))*(1+$BD19)*(1+$BE19)+($BF19*IF($G$1="破竹",$AK19,$AI19)+IF($G$1="破竹",$AL19*1.5,0))*(1+$BH19)*(1+$BI19))*(1+$AM19))*$Q19*(1+IF(VLOOKUP($R19,武学奇术!$A:$ZZ,30,FALSE)="流血",$B$21,0))*(1+$BR19) -> 7995.2262 | Q19: 1 | R19: 太白醉月1-4 | S19: 强效江流 | T19: 看破 | U19: N/a | V19: N/a | W19: 特殊技减防 | X19: 易水歌5层 | Y19: N/a | Z19: N/a | AA19: 惧刃(拐) | AB19: 裁云(拐) | AC19: 扶风(拐) | AD19: 离猎(拐) | AE19: 伞增(拐) | AF19: N/a | AG19: 秋瞑帖5层 | AH19: =VLOOKUP($R19,武学奇术!$A:$ZZ,25,FALSE) -> 单体奇术 | AI19: =VLOOKUP($R19,武学奇术!$A:$ZZ,26,FALSE) -> 1.0239 | AJ19: =VLOOKUP($R19,武学奇术!$A:$ZZ,27,FALSE)*(1+IF(OR($AH19=$F$4,$AH19=$F$5),$B$22,0)) -> 196 | AK19: =VLOOKUP($R19,武学奇术!$A:$ZZ,28,FALSE) -> 1.53585 | AL19: =VLOOKUP($R19,武学奇术!$A:$ZZ,29,FALSE)*(1+IF(OR($AH19=$F$4,$AH19=$F$5),$B$22,0)) -> 0 | AM19: {=$G$3+IFERROR(VLOOKUP($AH19,$F$4:$G$7,2,FALSE),0)+VLOOKUP($R19,武学奇术!$A:$ZZ,2,FALSE)+SUM(_xlfn.XLOOKUP($S19:$AG19,增益!$A:$A,增益!$B:$B,0))} -> 0.923 | AN19: {=VLOOKUP($R19,武学奇术!$A:$ZZ,5,FALSE)+SUM(_xlfn.XLOOKUP($S19:$AG19,增益!$A:$A,增益!$E:$E,0))} -> 0 | AO19: {=$D$10*(1+$AN19)+VLOOKUP($R19,武学奇术!$A:$ZZ,3,FALSE)+SUM(_xlfn.XLOOKUP($S19:$AG19,增益!$A:$A,增益!$C:$C,0))-$I$2} -> 1862.48 | AP19: {=$E$10*(1+$AN19)+VLOOKUP($R19,武学奇术!$A:$ZZ,4,FALSE)+SUM(_xlfn.XLOOKUP($S19:$AG19,增益!$A:$A,增益!$D:$D,0))-$I$2} -> 7794.56 | AQ19: {=IF($F$10-$I$3+VLOOKUP($R19,武学奇术!$A:$ZZ,6,FALSE)+SUM(_xlfn.XLOOKUP(S19:AG19,增益!$A:$A,增益!$F:$F,0))>0,($F$10-$I$3+VLOOKUP($R19,武学奇术!$A:$ZZ,6,FALSE)+SUM(_xlfn.XLOOKUP(S19:AG19,增益!$A:$A,增益!$F:$F,0)))/200,($F$10-$I$3+VLOOKUP($R19,武学奇术!$A:$ZZ,6,FALSE)+SUM(_xlfn.XLOOKUP(S19:AG19,增益!$A:$A,增益!$F:$F,0)))/100)} -> 0.294 | AR19: {=$G$10+VLOOKUP($R19,武学奇术!$A:$ZZ,7,FALSE)+SUM(_xlfn.XLOOKUP(S19:AG19,增益!$A:$A,增益!$G:$G,0))} -> 0 | AS19: {=VLOOKUP($R19,武学奇术!$A:$ZZ,8,FALSE)+SUM(_xlfn.XLOOKUP(S19:AG19,增益!$A:$A,增益!$H:$H,0))} -> 0 | AT19: =$D$11*(1+$AS19) -> 680.02 | AU19: =$E$11*(1+$AS19) -> 1288.54 | AV19: {=IF($F$11-$I$4+VLOOKUP($R19,武学奇术!$A:$ZZ,9,FALSE)+SUM(_xlfn.XLOOKUP(S19:AG19,增益!$A:$A,增益!$I:$I,0))>0,($F$11-$I$4+VLOOKUP($R19,武学奇术!$A:$ZZ,9,FALSE)+SUM(_xlfn.XLOOKUP(S19:AG19,增益!$A:$A,增益!$I:$I,0)))/200,($F$11-$I$4+VLOOKUP($R19,武学奇术!$A:$ZZ,9,FALSE)+SUM(_xlfn.XLOOKUP(S19:AG19,增益!$A:$A,增益!$I:$I,0)))/100)} -> 0 | AW19: {=$G$11+VLOOKUP($R19,武学奇术!$A:$ZZ,10,FALSE)+SUM(_xlfn.XLOOKUP(S19:AG19,增益!$A:$A,增益!$J:$J,0))} -> 0.15 | AX19: =$D$12*(1+$AS19) -> 0 | AY19: =$E$12*(1+$AS19) -> 0 | AZ19: {=IF($F$12-$I$4+VLOOKUP($R19,武学奇术!$A:$ZZ,11,FALSE)+SUM(_xlfn.XLOOKUP(S19:AG19,增益!$A:$A,增益!$K:$K,0))>0,($F$12-$I$4+VLOOKUP($R19,武学奇术!$A:$ZZ,11,FALSE)+SUM(_xlfn.XLOOKUP(S19:AG19,增益!$A:$A,增益!$K:$K,0)))/200,($F$12-$I$4+VLOOKUP($R19,武学奇术!$A:$ZZ,11,FALSE)+SUM(_xlfn.XLOOKUP(S19:AG19,增益!$A:$A,增益!$K:$K,0)))/100)} -> -0.3 | BA19: {=$G$12+VLOOKUP($R19,武学奇术!$A:$ZZ,12,FALSE)+SUM(_xlfn.XLOOKUP(S19:AG19,增益!$A:$A,增益!$L:$L,0))} -> 0 | BB19: =$D$13*(1+$AS19) -> 0 | BC19: =$E$13*(1+$AS19) -> 0 | BD19: {=IF($F$13-$I$4+VLOOKUP($R19,武学奇术!$A:$ZZ,13,FALSE)+SUM(_xlfn.XLOOKUP(S19:AG19,增益!$A:$A,增益!$M:$M,0))>0,($F$13-$I$4+VLOOKUP($R19,武学奇术!$A:$ZZ,13,FALSE)+SUM(_xlfn.XLOOKUP(S19:AG19,增益!$A:$A,增益!$K:$K,0)))/200,($F$13-$I$4+VLOOKUP($R19,武学奇术!$A:$ZZ,13,FALSE)+SUM(_xlfn.XLOOKUP(S19:AG19,增益!$A:$A,增益!$M:$M,0)))/100)} -> -0.3 | BE19: {=$G$13+VLOOKUP($R19,武学奇术!$A:$ZZ,14,FALSE)+SUM(_xlfn.XLOOKUP(S19:AG19,增益!$A:$A,增益!$N:$N,0))} -> 0 | BF19: =$D$14*(1+$AS19) -> 0 | BG19: =$E$14*(1+$AS19) -> 0 | BH19: {=IF($F$14-$I$4+VLOOKUP($R19,武学奇术!$A:$ZZ,15,FALSE)+SUM(_xlfn.XLOOKUP(S19:AG19,增益!$A:$A,增益!$O:$O,0))>0,($F$14-$I$4+VLOOKUP($R19,武学奇术!$A:$ZZ,15,FALSE)+SUM(_xlfn.XLOOKUP(S19:AG19,增益!$A:$A,增益!$O:$O,0)))/200,($F$14-$I$4+VLOOKUP($R19,武学奇术!$A:$ZZ,15,FALSE)+SUM(_xlfn.XLOOKUP(S19:AG19,增益!$A:$A,增益!$O:$O,0)))/100)} -> -0.3 | BI19: {=$G$14+VLOOKUP($R19,武学奇术!$A:$ZZ,16,FALSE)+SUM(_xlfn.XLOOKUP(S19:AG19,增益!$A:$A,增益!$P:$P,0))} -> 0 | BJ19: =MIN(IF(VLOOKUP($R19,武学奇术!$A:$ZZ,23,FALSE)=1,100%,$B$8),100%) -> 0.8229 | BK19: {=IF(VLOOKUP($R19,武学奇术!$A:$ZZ,23,FALSE)=1,100%,MIN(80%,$B$9+VLOOKUP($R19,武学奇术!$A:$ZZ,17,FALSE)+SUM(_xlfn.XLOOKUP(S19:AG19,增益!$A:$A,增益!$Q:$Q,0)))+$B$11+SUM(_xlfn.XLOOKUP(S19:AG19,增益!$A:$A,增益!$U:$U,0)))*IF(VLOOKUP($R19,武学奇术!$A:$ZZ,24,FALSE)=1,0,1)} -> 0.2285 | BL19: {=1+$B$13+VLOOKUP($R19,武学奇术!$A:$ZZ,18,FALSE)+SUM(_xlfn.XLOOKUP(S19:AG19,增益!$A:$A,增益!$R:$R,0))} -> 1.5 | BM19: {=IF(VLOOKUP($R19,武学奇术!$A:$ZZ,24,FALSE)=1,100%,MIN(40%,$B$10+VLOOKUP($R19,武学奇术!$A:$ZZ,19,FALSE)+SUM(_xlfn.XLOOKUP(S19:AG19,增益!$A:$A,增益!$S:$S,0)))+$B$12+SUM(_xlfn.XLOOKUP(S19:AG19,增益!$A:$A,增益!$V:$V,0)))*IF(VLOOKUP($R19,武学奇术!$A:$ZZ,23,FALSE)=1,0,1)} -> 0.4495 | BN19: {=1+$B$14+VLOOKUP($R19,武学奇术!$A:$ZZ,20,FALSE)+SUM(_xlfn.XLOOKUP(S19:AG19,增益!$A:$A,增益!$T:$T,0))} -> 1.552 | BO19: =MIN((1-BM19)*BJ19,BJ19*BK19) -> 0.18803265 | BP19: =1-BM19-BO19-BQ19 -> 0.2649738 | BQ19: =IF(VLOOKUP($R19,武学奇术!$A:$ZZ,22,FALSE)=1,0,(1-$BJ19))*(1-$BM19) -> 0.09749355 | BR19: {=SUM(_xlfn.XLOOKUP(S19:AG19,增益!$A:$A,增益!$W:$W,0))+$I$5} -> 0.06
A20: 群体奇术增 | B20: 0 | K20: =$L20*VLOOKUP($R20,武学奇术!$A:$ZZ,31,FALSE) -> 44655.131 | L20: =($M20*$BO20+$N20*$BM20+$O20*$BP20+$P20*$BQ20) -> 44655.131 | M20: =((($AO20+$AP20)/2*$AI20+$AJ20)*(1+$AQ20)*(1+$AR20)+(($AT20+$AU20)/2*IF($G$1="鸣金",$AK20,$AI20)+IF($G$1="鸣金",$AL20*1.5,0))*(1+$AV20)*(1+$AW20)+(($AX20+$AY20)/2*IF($G$1="裂石",$AK20,$AI20)+IF($G$1="裂石",$AL20*1.5,0))*(1+$AZ20)*(1+$BA20)+(($BB20+$BC20)/2*IF($G$1="牵丝",$AK20,$AI20)+IF($G$1="牵丝",$AL20*1.5,0))*(1+$BD20)*(1+$BE20)+(($BF20+$BG20)/2*IF($G$1="破竹",$AK20,$AI20)+IF($G$1="破竹",$AL20*1.5,0))*(1+$BH20)*(1+$BI20))*(1+$AM20)*$BL20*$Q20*(1+IF(VLOOKUP($R20,武学奇术!$A:$ZZ,30,FALSE)="流血",$B$21,0))*(1+$BR20) -> 40309.922 | N20: =(($AP20*$AI20+$AJ20)*(1+$AQ20)*(1+$AR20)+($AU20*IF($G$1="鸣金",$AK20,$AI20)+IF($G$1="鸣金",$AL20*1.5,0))*(1+$AV20)*(1+$AW20)+($AY20*IF($G$1="裂石",$AK20,$AI20)+IF($G$1="裂石",$AL20*1.5,0))*(1+$AZ20)*(1+$BA20)+($BC20*IF($G$1="牵丝",$AK20,$AI20)+IF($G$1="牵丝",$AL20*1.5,0))*(1+$BD20)*(1+$BE20)+($BG20*IF($G$1="破竹",$AK20,$AI20)+IF($G$1="破竹",$AL20*1.5,0))*(1+$BH20)*(1+$BI20))*(1+$AM20)*$BN20*$Q20*(1+IF(VLOOKUP($R20,武学奇术!$A:$ZZ,30,FALSE)="流血",$B$21,0))*(1+$BR20) -> 63915.289 | O20: =((($AO20+$AP20)/2*$AI20+$AJ20)*(1+$AQ20)*(1+$AR20)+(($AT20+$AU20)/2*IF($G$1="鸣金",$AK20,$AI20)+IF($G$1="鸣金",$AL20*1.5,0))*(1+$AV20)*(1+$AW20)+(($AX20+$AY20)/2*IF($G$1="裂石",$AK20,$AI20)+IF($G$1="裂石",$AL20*1.5,0))*(1+$AZ20)*(1+$BA20)+(($BB20+$BC20)/2*IF($G$1="牵丝",$AK20,$AI20)+IF($G$1="牵丝",$AL20*1.5,0))*(1+$BD20)*(1+$BE20)+(($BF20+$BG20)/2*IF($G$1="破竹",$AK20,$AI20)+IF($G$1="破竹",$AL20*1.5,0))*(1+$BH20)*(1+$BI20))*(1+$AM20)*$Q20*(1+IF(VLOOKUP($R20,武学奇术!$A:$ZZ,30,FALSE)="流血",$B$21,0))*(1+$BR20) -> 26873.281 | P20: =((($AO20*$AI20+$AJ20)*(1+$AQ20)*(1+$AR20)+($AT20*IF($G$1="鸣金",$AK20,$AI20)+IF($G$1="鸣金",$AL20*1.5,0))*(1+$AV20)*(1+$AW20)+($AX20*IF($G$1="裂石",$AK20,$AI20)+IF($G$1="裂石",$AL20*1.5,0))*(1+$AZ20)*(1+$BA20)+($BB20*IF($G$1="牵丝",$AK20,$AI20)+IF($G$1="牵丝",$AL20*1.5,0))*(1+$BD20)*(1+$BE20)+($BF20*IF($G$1="破竹",$AK20,$AI20)+IF($G$1="破竹",$AL20*1.5,0))*(1+$BH20)*(1+$BI20))*(1+$AM20))*$Q20*(1+IF(VLOOKUP($R20,武学奇术!$A:$ZZ,30,FALSE)="流血",$B$21,0))*(1+$BR20) -> 12564.031 | Q20: 1 | R20: 太白醉月暗灼 | S20: 强效江流 | T20: 看破 | U20: N/a | V20: N/a | W20: 特殊技减防 | X20: 易水歌5层 | Y20: N/a | Z20: N/a | AA20: 惧刃(拐) | AB20: 裁云(拐) | AC20: 扶风(拐) | AD20: 离猎(拐) | AE20: 伞增(拐) | AF20: N/a | AG20: 秋瞑帖5层 | AH20: =VLOOKUP($R20,武学奇术!$A:$ZZ,25,FALSE) -> 单体奇术 | AI20: =VLOOKUP($R20,武学奇术!$A:$ZZ,26,FALSE) -> 1.609 | AJ20: =VLOOKUP($R20,武学奇术!$A:$ZZ,27,FALSE)*(1+IF(OR($AH20=$F$4,$AH20=$F$5),$B$22,0)) -> 308 | AK20: =VLOOKUP($R20,武学奇术!$A:$ZZ,28,FALSE) -> 2.4135 | AL20: =VLOOKUP($R20,武学奇术!$A:$ZZ,29,FALSE)*(1+IF(OR($AH20=$F$4,$AH20=$F$5),$B$22,0)) -> 0 | AM20: {=$G$3+IFERROR(VLOOKUP($AH20,$F$4:$G$7,2,FALSE),0)+VLOOKUP($R20,武学奇术!$A:$ZZ,2,FALSE)+SUM(_xlfn.XLOOKUP($S20:$AG20,增益!$A:$A,增益!$B:$B,0))} -> 0.923 | AN20: {=VLOOKUP($R20,武学奇术!$A:$ZZ,5,FALSE)+SUM(_xlfn.XLOOKUP($S20:$AG20,增益!$A:$A,增益!$E:$E,0))} -> 0 | AO20: {=$D$10*(1+$AN20)+VLOOKUP($R20,武学奇术!$A:$ZZ,3,FALSE)+SUM(_xlfn.XLOOKUP($S20:$AG20,增益!$A:$A,增益!$C:$C,0))-$I$2} -> 1862.48 | AP20: {=$E$10*(1+$AN20)+VLOOKUP($R20,武学奇术!$A:$ZZ,4,FALSE)+SUM(_xlfn.XLOOKUP($S20:$AG20,增益!$A:$A,增益!$D:$D,0))-$I$2} -> 7794.56 | AQ20: {=IF($F$10-$I$3+VLOOKUP($R20,武学奇术!$A:$ZZ,6,FALSE)+SUM(_xlfn.XLOOKUP(S20:AG20,增益!$A:$A,增益!$F:$F,0))>0,($F$10-$I$3+VLOOKUP($R20,武学奇术!$A:$ZZ,6,FALSE)+SUM(_xlfn.XLOOKUP(S20:AG20,增益!$A:$A,增益!$F:$F,0)))/200,($F$10-$I$3+VLOOKUP($R20,武学奇术!$A:$ZZ,6,FALSE)+SUM(_xlfn.XLOOKUP(S20:AG20,增益!$A:$A,增益!$F:$F,0)))/100)} -> 0.294 | AR20: {=$G$10+VLOOKUP($R20,武学奇术!$A:$ZZ,7,FALSE)+SUM(_xlfn.XLOOKUP(S20:AG20,增益!$A:$A,增益!$G:$G,0))} -> 0 | AS20: {=VLOOKUP($R20,武学奇术!$A:$ZZ,8,FALSE)+SUM(_xlfn.XLOOKUP(S20:AG20,增益!$A:$A,增益!$H:$H,0))} -> 0 | AT20: =$D$11*(1+$AS20) -> 680.02 | AU20: =$E$11*(1+$AS20) -> 1288.54 | AV20: {=IF($F$11-$I$4+VLOOKUP($R20,武学奇术!$A:$ZZ,9,FALSE)+SUM(_xlfn.XLOOKUP(S20:AG20,增益!$A:$A,增益!$I:$I,0))>0,($F$11-$I$4+VLOOKUP($R20,武学奇术!$A:$ZZ,9,FALSE)+SUM(_xlfn.XLOOKUP(S20:AG20,增益!$A:$A,增益!$I:$I,0)))/200,($F$11-$I$4+VLOOKUP($R20,武学奇术!$A:$ZZ,9,FALSE)+SUM(_xlfn.XLOOKUP(S20:AG20,增益!$A:$A,增益!$I:$I,0)))/100)} -> 0 | AW20: {=$G$11+VLOOKUP($R20,武学奇术!$A:$ZZ,10,FALSE)+SUM(_xlfn.XLOOKUP(S20:AG20,增益!$A:$A,增益!$J:$J,0))} -> 0.15 | AX20: =$D$12*(1+$AS20) -> 0 | AY20: =$E$12*(1+$AS20) -> 0 | AZ20: {=IF($F$12-$I$4+VLOOKUP($R20,武学奇术!$A:$ZZ,11,FALSE)+SUM(_xlfn.XLOOKUP(S20:AG20,增益!$A:$A,增益!$K:$K,0))>0,($F$12-$I$4+VLOOKUP($R20,武学奇术!$A:$ZZ,11,FALSE)+SUM(_xlfn.XLOOKUP(S20:AG20,增益!$A:$A,增益!$K:$K,0)))/200,($F$12-$I$4+VLOOKUP($R20,武学奇术!$A:$ZZ,11,FALSE)+SUM(_xlfn.XLOOKUP(S20:AG20,增益!$A:$A,增益!$K:$K,0)))/100)} -> -0.3 | BA20: {=$G$12+VLOOKUP($R20,武学奇术!$A:$ZZ,12,FALSE)+SUM(_xlfn.XLOOKUP(S20:AG20,增益!$A:$A,增益!$L:$L,0))} -> 0 | BB20: =$D$13*(1+$AS20) -> 0 | BC20: =$E$13*(1+$AS20) -> 0 | BD20: {=IF($F$13-$I$4+VLOOKUP($R20,武学奇术!$A:$ZZ,13,FALSE)+SUM(_xlfn.XLOOKUP(S20:AG20,增益!$A:$A,增益!$M:$M,0))>0,($F$13-$I$4+VLOOKUP($R20,武学奇术!$A:$ZZ,13,FALSE)+SUM(_xlfn.XLOOKUP(S20:AG20,增益!$A:$A,增益!$K:$K,0)))/200,($F$13-$I$4+VLOOKUP($R20,武学奇术!$A:$ZZ,13,FALSE)+SUM(_xlfn.XLOOKUP(S20:AG20,增益!$A:$A,增益!$M:$M,0)))/100)} -> -0.3 | BE20: {=$G$13+VLOOKUP($R20,武学奇术!$A:$ZZ,14,FALSE)+SUM(_xlfn.XLOOKUP(S20:AG20,增益!$A:$A,增益!$N:$N,0))} -> 0 | BF20: =$D$14*(1+$AS20) -> 0 | BG20: =$E$14*(1+$AS20) -> 0 | BH20: {=IF($F$14-$I$4+VLOOKUP($R20,武学奇术!$A:$ZZ,15,FALSE)+SUM(_xlfn.XLOOKUP(S20:AG20,增益!$A:$A,增益!$O:$O,0))>0,($F$14-$I$4+VLOOKUP($R20,武学奇术!$A:$ZZ,15,FALSE)+SUM(_xlfn.XLOOKUP(S20:AG20,增益!$A:$A,增益!$O:$O,0)))/200,($F$14-$I$4+VLOOKUP($R20,武学奇术!$A:$ZZ,15,FALSE)+SUM(_xlfn.XLOOKUP(S20:AG20,增益!$A:$A,增益!$O:$O,0)))/100)} -> -0.3 | BI20: {=$G$14+VLOOKUP($R20,武学奇术!$A:$ZZ,16,FALSE)+SUM(_xlfn.XLOOKUP(S20:AG20,增益!$A:$A,增益!$P:$P,0))} -> 0 | BJ20: =MIN(IF(VLOOKUP($R20,武学奇术!$A:$ZZ,23,FALSE)=1,100%,$B$8),100%) -> 0.8229 | BK20: {=IF(VLOOKUP($R20,武学奇术!$A:$ZZ,23,FALSE)=1,100%,MIN(80%,$B$9+VLOOKUP($R20,武学奇术!$A:$ZZ,17,FALSE)+SUM(_xlfn.XLOOKUP(S20:AG20,增益!$A:$A,增益!$Q:$Q,0)))+$B$11+SUM(_xlfn.XLOOKUP(S20:AG20,增益!$A:$A,增益!$U:$U,0)))*IF(VLOOKUP($R20,武学奇术!$A:$ZZ,24,FALSE)=1,0,1)} -> 0.2285 | BL20: {=1+$B$13+VLOOKUP($R20,武学奇术!$A:$ZZ,18,FALSE)+SUM(_xlfn.XLOOKUP(S20:AG20,增益!$A:$A,增益!$R:$R,0))} -> 1.5 | BM20: {=IF(VLOOKUP($R20,武学奇术!$A:$ZZ,24,FALSE)=1,100%,MIN(40%,$B$10+VLOOKUP($R20,武学奇术!$A:$ZZ,19,FALSE)+SUM(_xlfn.XLOOKUP(S20:AG20,增益!$A:$A,增益!$S:$S,0)))+$B$12+SUM(_xlfn.XLOOKUP(S20:AG20,增益!$A:$A,增益!$V:$V,0)))*IF(VLOOKUP($R20,武学奇术!$A:$ZZ,23,FALSE)=1,0,1)} -> 0.4495 | BN20: {=1+$B$14+VLOOKUP($R20,武学奇术!$A:$ZZ,20,FALSE)+SUM(_xlfn.XLOOKUP(S20:AG20,增益!$A:$A,增益!$T:$T,0))} -> 1.552 | BO20: =MIN((1-BM20)*BJ20,BJ20*BK20) -> 0.18803265 | BP20: =1-BM20-BO20-BQ20 -> 0.2649738 | BQ20: =IF(VLOOKUP($R20,武学奇术!$A:$ZZ,22,FALSE)=1,0,(1-$BJ20))*(1-$BM20) -> 0.09749355 | BR20: {=SUM(_xlfn.XLOOKUP(S20:AG20,增益!$A:$A,增益!$W:$W,0))+$I$5} -> 0.06
A21: 流血定音 | B21: 0.32 | C21: 翊 | D21: × | E21: 第四心法 | K21: =$L21*VLOOKUP($R21,武学奇术!$A:$ZZ,31,FALSE) -> 28416.656 | L21: =($M21*$BO21+$N21*$BM21+$O21*$BP21+$P21*$BQ21) -> 28416.656 | M21: =((($AO21+$AP21)/2*$AI21+$AJ21)*(1+$AQ21)*(1+$AR21)+(($AT21+$AU21)/2*IF($G$1="鸣金",$AK21,$AI21)+IF($G$1="鸣金",$AL21*1.5,0))*(1+$AV21)*(1+$AW21)+(($AX21+$AY21)/2*IF($G$1="裂石",$AK21,$AI21)+IF($G$1="裂石",$AL21*1.5,0))*(1+$AZ21)*(1+$BA21)+(($BB21+$BC21)/2*IF($G$1="牵丝",$AK21,$AI21)+IF($G$1="牵丝",$AL21*1.5,0))*(1+$BD21)*(1+$BE21)+(($BF21+$BG21)/2*IF($G$1="破竹",$AK21,$AI21)+IF($G$1="破竹",$AL21*1.5,0))*(1+$BH21)*(1+$BI21))*(1+$AM21)*$BL21*$Q21*(1+IF(VLOOKUP($R21,武学奇术!$A:$ZZ,30,FALSE)="流血",$B$21,0))*(1+$BR21) -> 25651.548 | N21: =(($AP21*$AI21+$AJ21)*(1+$AQ21)*(1+$AR21)+($AU21*IF($G$1="鸣金",$AK21,$AI21)+IF($G$1="鸣金",$AL21*1.5,0))*(1+$AV21)*(1+$AW21)+($AY21*IF($G$1="裂石",$AK21,$AI21)+IF($G$1="裂石",$AL21*1.5,0))*(1+$AZ21)*(1+$BA21)+($BC21*IF($G$1="牵丝",$AK21,$AI21)+IF($G$1="牵丝",$AL21*1.5,0))*(1+$BD21)*(1+$BE21)+($BG21*IF($G$1="破竹",$AK21,$AI21)+IF($G$1="破竹",$AL21*1.5,0))*(1+$BH21)*(1+$BI21))*(1+$AM21)*$BN21*$Q21*(1+IF(VLOOKUP($R21,武学奇术!$A:$ZZ,30,FALSE)="流血",$B$21,0))*(1+$BR21) -> 40673.012 | O21: =((($AO21+$AP21)/2*$AI21+$AJ21)*(1+$AQ21)*(1+$AR21)+(($AT21+$AU21)/2*IF($G$1="鸣金",$AK21,$AI21)+IF($G$1="鸣金",$AL21*1.5,0))*(1+$AV21)*(1+$AW21)+(($AX21+$AY21)/2*IF($G$1="裂石",$AK21,$AI21)+IF($G$1="裂石",$AL21*1.5,0))*(1+$AZ21)*(1+$BA21)+(($BB21+$BC21)/2*IF($G$1="牵丝",$AK21,$AI21)+IF($G$1="牵丝",$AL21*1.5,0))*(1+$BD21)*(1+$BE21)+(($BF21+$BG21)/2*IF($G$1="破竹",$AK21,$AI21)+IF($G$1="破竹",$AL21*1.5,0))*(1+$BH21)*(1+$BI21))*(1+$AM21)*$Q21*(1+IF(VLOOKUP($R21,武学奇术!$A:$ZZ,30,FALSE)="流血",$B$21,0))*(1+$BR21) -> 17101.032 | P21: =((($AO21*$AI21+$AJ21)*(1+$AQ21)*(1+$AR21)+($AT21*IF($G$1="鸣金",$AK21,$AI21)+IF($G$1="鸣金",$AL21*1.5,0))*(1+$AV21)*(1+$AW21)+($AX21*IF($G$1="裂石",$AK21,$AI21)+IF($G$1="裂石",$AL21*1.5,0))*(1+$AZ21)*(1+$BA21)+($BB21*IF($G$1="牵丝",$AK21,$AI21)+IF($G$1="牵丝",$AL21*1.5,0))*(1+$BD21)*(1+$BE21)+($BF21*IF($G$1="破竹",$AK21,$AI21)+IF($G$1="破竹",$AL21*1.5,0))*(1+$BH21)*(1+$BI21))*(1+$AM21))*$Q21*(1+IF(VLOOKUP($R21,武学奇术!$A:$ZZ,30,FALSE)="流血",$B$21,0))*(1+$BR21) -> 7995.2262 | Q21: 1 | R21: 太白醉月1-4 | S21: 强效江流 | T21: 看破 | U21: N/a | V21: N/a | W21: 特殊技减防 | X21: 易水歌5层 | Y21: N/a | Z21: N/a | AA21: 惧刃(拐) | AB21: 裁云(拐) | AC21: 扶风(拐) | AD21: 离猎(拐) | AE21: 伞增(拐) | AF21: N/a | AG21: 秋瞑帖5层 | AH21: =VLOOKUP($R21,武学奇术!$A:$ZZ,25,FALSE) -> 单体奇术 | AI21: =VLOOKUP($R21,武学奇术!$A:$ZZ,26,FALSE) -> 1.0239 | AJ21: =VLOOKUP($R21,武学奇术!$A:$ZZ,27,FALSE)*(1+IF(OR($AH21=$F$4,$AH21=$F$5),$B$22,0)) -> 196 | AK21: =VLOOKUP($R21,武学奇术!$A:$ZZ,28,FALSE) -> 1.53585 | AL21: =VLOOKUP($R21,武学奇术!$A:$ZZ,29,FALSE)*(1+IF(OR($AH21=$F$4,$AH21=$F$5),$B$22,0)) -> 0 | AM21: {=$G$3+IFERROR(VLOOKUP($AH21,$F$4:$G$7,2,FALSE),0)+VLOOKUP($R21,武学奇术!$A:$ZZ,2,FALSE)+SUM(_xlfn.XLOOKUP($S21:$AG21,增益!$A:$A,增益!$B:$B,0))} -> 0.923 | AN21: {=VLOOKUP($R21,武学奇术!$A:$ZZ,5,FALSE)+SUM(_xlfn.XLOOKUP($S21:$AG21,增益!$A:$A,增益!$E:$E,0))} -> 0 | AO21: {=$D$10*(1+$AN21)+VLOOKUP($R21,武学奇术!$A:$ZZ,3,FALSE)+SUM(_xlfn.XLOOKUP($S21:$AG21,增益!$A:$A,增益!$C:$C,0))-$I$2} -> 1862.48 | AP21: {=$E$10*(1+$AN21)+VLOOKUP($R21,武学奇术!$A:$ZZ,4,FALSE)+SUM(_xlfn.XLOOKUP($S21:$AG21,增益!$A:$A,增益!$D:$D,0))-$I$2} -> 7794.56 | AQ21: {=IF($F$10-$I$3+VLOOKUP($R21,武学奇术!$A:$ZZ,6,FALSE)+SUM(_xlfn.XLOOKUP(S21:AG21,增益!$A:$A,增益!$F:$F,0))>0,($F$10-$I$3+VLOOKUP($R21,武学奇术!$A:$ZZ,6,FALSE)+SUM(_xlfn.XLOOKUP(S21:AG21,增益!$A:$A,增益!$F:$F,0)))/200,($F$10-$I$3+VLOOKUP($R21,武学奇术!$A:$ZZ,6,FALSE)+SUM(_xlfn.XLOOKUP(S21:AG21,增益!$A:$A,增益!$F:$F,0)))/100)} -> 0.294 | AR21: {=$G$10+VLOOKUP($R21,武学奇术!$A:$ZZ,7,FALSE)+SUM(_xlfn.XLOOKUP(S21:AG21,增益!$A:$A,增益!$G:$G,0))} -> 0 | AS21: {=VLOOKUP($R21,武学奇术!$A:$ZZ,8,FALSE)+SUM(_xlfn.XLOOKUP(S21:AG21,增益!$A:$A,增益!$H:$H,0))} -> 0 | AT21: =$D$11*(1+$AS21) -> 680.02 | AU21: =$E$11*(1+$AS21) -> 1288.54 | AV21: {=IF($F$11-$I$4+VLOOKUP($R21,武学奇术!$A:$ZZ,9,FALSE)+SUM(_xlfn.XLOOKUP(S21:AG21,增益!$A:$A,增益!$I:$I,0))>0,($F$11-$I$4+VLOOKUP($R21,武学奇术!$A:$ZZ,9,FALSE)+SUM(_xlfn.XLOOKUP(S21:AG21,增益!$A:$A,增益!$I:$I,0)))/200,($F$11-$I$4+VLOOKUP($R21,武学奇术!$A:$ZZ,9,FALSE)+SUM(_xlfn.XLOOKUP(S21:AG21,增益!$A:$A,增益!$I:$I,0)))/100)} -> 0 | AW21: {=$G$11+VLOOKUP($R21,武学奇术!$A:$ZZ,10,FALSE)+SUM(_xlfn.XLOOKUP(S21:AG21,增益!$A:$A,增益!$J:$J,0))} -> 0.15 | AX21: =$D$12*(1+$AS21) -> 0 | AY21: =$E$12*(1+$AS21) -> 0 | AZ21: {=IF($F$12-$I$4+VLOOKUP($R21,武学奇术!$A:$ZZ,11,FALSE)+SUM(_xlfn.XLOOKUP(S21:AG21,增益!$A:$A,增益!$K:$K,0))>0,($F$12-$I$4+VLOOKUP($R21,武学奇术!$A:$ZZ,11,FALSE)+SUM(_xlfn.XLOOKUP(S21:AG21,增益!$A:$A,增益!$K:$K,0)))/200,($F$12-$I$4+VLOOKUP($R21,武学奇术!$A:$ZZ,11,FALSE)+SUM(_xlfn.XLOOKUP(S21:AG21,增益!$A:$A,增益!$K:$K,0)))/100)} -> -0.3 | BA21: {=$G$12+VLOOKUP($R21,武学奇术!$A:$ZZ,12,FALSE)+SUM(_xlfn.XLOOKUP(S21:AG21,增益!$A:$A,增益!$L:$L,0))} -> 0 | BB21: =$D$13*(1+$AS21) -> 0 | BC21: =$E$13*(1+$AS21) -> 0 | BD21: {=IF($F$13-$I$4+VLOOKUP($R21,武学奇术!$A:$ZZ,13,FALSE)+SUM(_xlfn.XLOOKUP(S21:AG21,增益!$A:$A,增益!$M:$M,0))>0,($F$13-$I$4+VLOOKUP($R21,武学奇术!$A:$ZZ,13,FALSE)+SUM(_xlfn.XLOOKUP(S21:AG21,增益!$A:$A,增益!$K:$K,0)))/200,($F$13-$I$4+VLOOKUP($R21,武学奇术!$A:$ZZ,13,FALSE)+SUM(_xlfn.XLOOKUP(S21:AG21,增益!$A:$A,增益!$M:$M,0)))/100)} -> -0.3 | BE21: {=$G$13+VLOOKUP($R21,武学奇术!$A:$ZZ,14,FALSE)+SUM(_xlfn.XLOOKUP(S21:AG21,增益!$A:$A,增益!$N:$N,0))} -> 0 | BF21: =$D$14*(1+$AS21) -> 0 | BG21: =$E$14*(1+$AS21) -> 0 | BH21: {=IF($F$14-$I$4+VLOOKUP($R21,武学奇术!$A:$ZZ,15,FALSE)+SUM(_xlfn.XLOOKUP(S21:AG21,增益!$A:$A,增益!$O:$O,0))>0,($F$14-$I$4+VLOOKUP($R21,武学奇术!$A:$ZZ,15,FALSE)+SUM(_xlfn.XLOOKUP(S21:AG21,增益!$A:$A,增益!$O:$O,0)))/200,($F$14-$I$4+VLOOKUP($R21,武学奇术!$A:$ZZ,15,FALSE)+SUM(_xlfn.XLOOKUP(S21:AG21,增益!$A:$A,增益!$O:$O,0)))/100)} -> -0.3 | BI21: {=$G$14+VLOOKUP($R21,武学奇术!$A:$ZZ,16,FALSE)+SUM(_xlfn.XLOOKUP(S21:AG21,增益!$A:$A,增益!$P:$P,0))} -> 0 | BJ21: =MIN(IF(VLOOKUP($R21,武学奇术!$A:$ZZ,23,FALSE)=1,100%,$B$8),100%) -> 0.8229 | BK21: {=IF(VLOOKUP($R21,武学奇术!$A:$ZZ,23,FALSE)=1,100%,MIN(80%,$B$9+VLOOKUP($R21,武学奇术!$A:$ZZ,17,FALSE)+SUM(_xlfn.XLOOKUP(S21:AG21,增益!$A:$A,增益!$Q:$Q,0)))+$B$11+SUM(_xlfn.XLOOKUP(S21:AG21,增益!$A:$A,增益!$U:$U,0)))*IF(VLOOKUP($R21,武学奇术!$A:$ZZ,24,FALSE)=1,0,1)} -> 0.2285 | BL21: {=1+$B$13+VLOOKUP($R21,武学奇术!$A:$ZZ,18,FALSE)+SUM(_xlfn.XLOOKUP(S21:AG21,增益!$A:$A,增益!$R:$R,0))} -> 1.5 | BM21: {=IF(VLOOKUP($R21,武学奇术!$A:$ZZ,24,FALSE)=1,100%,MIN(40%,$B$10+VLOOKUP($R21,武学奇术!$A:$ZZ,19,FALSE)+SUM(_xlfn.XLOOKUP(S21:AG21,增益!$A:$A,增益!$S:$S,0)))+$B$12+SUM(_xlfn.XLOOKUP(S21:AG21,增益!$A:$A,增益!$V:$V,0)))*IF(VLOOKUP($R21,武学奇术!$A:$ZZ,23,FALSE)=1,0,1)} -> 0.4495 | BN21: {=1+$B$14+VLOOKUP($R21,武学奇术!$A:$ZZ,20,FALSE)+SUM(_xlfn.XLOOKUP(S21:AG21,增益!$A:$A,增益!$T:$T,0))} -> 1.552 | BO21: =MIN((1-BM21)*BJ21,BJ21*BK21) -> 0.18803265 | BP21: =1-BM21-BO21-BQ21 -> 0.2649738 | BQ21: =IF(VLOOKUP($R21,武学奇术!$A:$ZZ,22,FALSE)=1,0,(1-$BJ21))*(1-$BM21) -> 0.09749355 | BR21: {=SUM(_xlfn.XLOOKUP(S21:AG21,增益!$A:$A,增益!$W:$W,0))+$I$5} -> 0.06
A22: 固伤加成 | B22: 0.5 | C22: 樽 | D22: × | E22: 易水歌 | K22: =$L22*VLOOKUP($R22,武学奇术!$A:$ZZ,31,FALSE) -> 44655.131 | L22: =($M22*$BO22+$N22*$BM22+$O22*$BP22+$P22*$BQ22) -> 44655.131 | M22: =((($AO22+$AP22)/2*$AI22+$AJ22)*(1+$AQ22)*(1+$AR22)+(($AT22+$AU22)/2*IF($G$1="鸣金",$AK22,$AI22)+IF($G$1="鸣金",$AL22*1.5,0))*(1+$AV22)*(1+$AW22)+(($AX22+$AY22)/2*IF($G$1="裂石",$AK22,$AI22)+IF($G$1="裂石",$AL22*1.5,0))*(1+$AZ22)*(1+$BA22)+(($BB22+$BC22)/2*IF($G$1="牵丝",$AK22,$AI22)+IF($G$1="牵丝",$AL22*1.5,0))*(1+$BD22)*(1+$BE22)+(($BF22+$BG22)/2*IF($G$1="破竹",$AK22,$AI22)+IF($G$1="破竹",$AL22*1.5,0))*(1+$BH22)*(1+$BI22))*(1+$AM22)*$BL22*$Q22*(1+IF(VLOOKUP($R22,武学奇术!$A:$ZZ,30,FALSE)="流血",$B$21,0))*(1+$BR22) -> 40309.922 | N22: =(($AP22*$AI22+$AJ22)*(1+$AQ22)*(1+$AR22)+($AU22*IF($G$1="鸣金",$AK22,$AI22)+IF($G$1="鸣金",$AL22*1.5,0))*(1+$AV22)*(1+$AW22)+($AY22*IF($G$1="裂石",$AK22,$AI22)+IF($G$1="裂石",$AL22*1.5,0))*(1+$AZ22)*(1+$BA22)+($BC22*IF($G$1="牵丝",$AK22,$AI22)+IF($G$1="牵丝",$AL22*1.5,0))*(1+$BD22)*(1+$BE22)+($BG22*IF($G$1="破竹",$AK22,$AI22)+IF($G$1="破竹",$AL22*1.5,0))*(1+$BH22)*(1+$BI22))*(1+$AM22)*$BN22*$Q22*(1+IF(VLOOKUP($R22,武学奇术!$A:$ZZ,30,FALSE)="流血",$B$21,0))*(1+$BR22) -> 63915.289 | O22: =((($AO22+$AP22)/2*$AI22+$AJ22)*(1+$AQ22)*(1+$AR22)+(($AT22+$AU22)/2*IF($G$1="鸣金",$AK22,$AI22)+IF($G$1="鸣金",$AL22*1.5,0))*(1+$AV22)*(1+$AW22)+(($AX22+$AY22)/2*IF($G$1="裂石",$AK22,$AI22)+IF($G$1="裂石",$AL22*1.5,0))*(1+$AZ22)*(1+$BA22)+(($BB22+$BC22)/2*IF($G$1="牵丝",$AK22,$AI22)+IF($G$1="牵丝",$AL22*1.5,0))*(1+$BD22)*(1+$BE22)+(($BF22+$BG22)/2*IF($G$1="破竹",$AK22,$AI22)+IF($G$1="破竹",$AL22*1.5,0))*(1+$BH22)*(1+$BI22))*(1+$AM22)*$Q22*(1+IF(VLOOKUP($R22,武学奇术!$A:$ZZ,30,FALSE)="流血",$B$21,0))*(1+$BR22) -> 26873.281 | P22: =((($AO22*$AI22+$AJ22)*(1+$AQ22)*(1+$AR22)+($AT22*IF($G$1="鸣金",$AK22,$AI22)+IF($G$1="鸣金",$AL22*1.5,0))*(1+$AV22)*(1+$AW22)+($AX22*IF($G$1="裂石",$AK22,$AI22)+IF($G$1="裂石",$AL22*1.5,0))*(1+$AZ22)*(1+$BA22)+($BB22*IF($G$1="牵丝",$AK22,$AI22)+IF($G$1="牵丝",$AL22*1.5,0))*(1+$BD22)*(1+$BE22)+($BF22*IF($G$1="破竹",$AK22,$AI22)+IF($G$1="破竹",$AL22*1.5,0))*(1+$BH22)*(1+$BI22))*(1+$AM22))*$Q22*(1+IF(VLOOKUP($R22,武学奇术!$A:$ZZ,30,FALSE)="流血",$B$21,0))*(1+$BR22) -> 12564.031 | Q22: 1 | R22: 太白醉月暗灼 | S22: 强效江流 | T22: 看破 | U22: N/a | V22: N/a | W22: 特殊技减防 | X22: 易水歌5层 | Y22: N/a | Z22: N/a | AA22: 惧刃(拐) | AB22: 裁云(拐) | AC22: 扶风(拐) | AD22: 离猎(拐) | AE22: 伞增(拐) | AF22: N/a | AG22: 秋瞑帖5层 | AH22: =VLOOKUP($R22,武学奇术!$A:$ZZ,25,FALSE) -> 单体奇术 | AI22: =VLOOKUP($R22,武学奇术!$A:$ZZ,26,FALSE) -> 1.609 | AJ22: =VLOOKUP($R22,武学奇术!$A:$ZZ,27,FALSE)*(1+IF(OR($AH22=$F$4,$AH22=$F$5),$B$22,0)) -> 308 | AK22: =VLOOKUP($R22,武学奇术!$A:$ZZ,28,FALSE) -> 2.4135 | AL22: =VLOOKUP($R22,武学奇术!$A:$ZZ,29,FALSE)*(1+IF(OR($AH22=$F$4,$AH22=$F$5),$B$22,0)) -> 0 | AM22: {=$G$3+IFERROR(VLOOKUP($AH22,$F$4:$G$7,2,FALSE),0)+VLOOKUP($R22,武学奇术!$A:$ZZ,2,FALSE)+SUM(_xlfn.XLOOKUP($S22:$AG22,增益!$A:$A,增益!$B:$B,0))} -> 0.923 | AN22: {=VLOOKUP($R22,武学奇术!$A:$ZZ,5,FALSE)+SUM(_xlfn.XLOOKUP($S22:$AG22,增益!$A:$A,增益!$E:$E,0))} -> 0 | AO22: {=$D$10*(1+$AN22)+VLOOKUP($R22,武学奇术!$A:$ZZ,3,FALSE)+SUM(_xlfn.XLOOKUP($S22:$AG22,增益!$A:$A,增益!$C:$C,0))-$I$2} -> 1862.48 | AP22: {=$E$10*(1+$AN22)+VLOOKUP($R22,武学奇术!$A:$ZZ,4,FALSE)+SUM(_xlfn.XLOOKUP($S22:$AG22,增益!$A:$A,增益!$D:$D,0))-$I$2} -> 7794.56 | AQ22: {=IF($F$10-$I$3+VLOOKUP($R22,武学奇术!$A:$ZZ,6,FALSE)+SUM(_xlfn.XLOOKUP(S22:AG22,增益!$A:$A,增益!$F:$F,0))>0,($F$10-$I$3+VLOOKUP($R22,武学奇术!$A:$ZZ,6,FALSE)+SUM(_xlfn.XLOOKUP(S22:AG22,增益!$A:$A,增益!$F:$F,0)))/200,($F$10-$I$3+VLOOKUP($R22,武学奇术!$A:$ZZ,6,FALSE)+SUM(_xlfn.XLOOKUP(S22:AG22,增益!$A:$A,增益!$F:$F,0)))/100)} -> 0.294 | AR22: {=$G$10+VLOOKUP($R22,武学奇术!$A:$ZZ,7,FALSE)+SUM(_xlfn.XLOOKUP(S22:AG22,增益!$A:$A,增益!$G:$G,0))} -> 0 | AS22: {=VLOOKUP($R22,武学奇术!$A:$ZZ,8,FALSE)+SUM(_xlfn.XLOOKUP(S22:AG22,增益!$A:$A,增益!$H:$H,0))} -> 0 | AT22: =$D$11*(1+$AS22) -> 680.02 | AU22: =$E$11*(1+$AS22) -> 1288.54 | AV22: {=IF($F$11-$I$4+VLOOKUP($R22,武学奇术!$A:$ZZ,9,FALSE)+SUM(_xlfn.XLOOKUP(S22:AG22,增益!$A:$A,增益!$I:$I,0))>0,($F$11-$I$4+VLOOKUP($R22,武学奇术!$A:$ZZ,9,FALSE)+SUM(_xlfn.XLOOKUP(S22:AG22,增益!$A:$A,增益!$I:$I,0)))/200,($F$11-$I$4+VLOOKUP($R22,武学奇术!$A:$ZZ,9,FALSE)+SUM(_xlfn.XLOOKUP(S22:AG22,增益!$A:$A,增益!$I:$I,0)))/100)} -> 0 | AW22: {=$G$11+VLOOKUP($R22,武学奇术!$A:$ZZ,10,FALSE)+SUM(_xlfn.XLOOKUP(S22:AG22,增益!$A:$A,增益!$J:$J,0))} -> 0.15 | AX22: =$D$12*(1+$AS22) -> 0 | AY22: =$E$12*(1+$AS22) -> 0 | AZ22: {=IF($F$12-$I$4+VLOOKUP($R22,武学奇术!$A:$ZZ,11,FALSE)+SUM(_xlfn.XLOOKUP(S22:AG22,增益!$A:$A,增益!$K:$K,0))>0,($F$12-$I$4+VLOOKUP($R22,武学奇术!$A:$ZZ,11,FALSE)+SUM(_xlfn.XLOOKUP(S22:AG22,增益!$A:$A,增益!$K:$K,0)))/200,($F$12-$I$4+VLOOKUP($R22,武学奇术!$A:$ZZ,11,FALSE)+SUM(_xlfn.XLOOKUP(S22:AG22,增益!$A:$A,增益!$K:$K,0)))/100)} -> -0.3 | BA22: {=$G$12+VLOOKUP($R22,武学奇术!$A:$ZZ,12,FALSE)+SUM(_xlfn.XLOOKUP(S22:AG22,增益!$A:$A,增益!$L:$L,0))} -> 0 | BB22: =$D$13*(1+$AS22) -> 0 | BC22: =$E$13*(1+$AS22) -> 0 | BD22: {=IF($F$13-$I$4+VLOOKUP($R22,武学奇术!$A:$ZZ,13,FALSE)+SUM(_xlfn.XLOOKUP(S22:AG22,增益!$A:$A,增益!$M:$M,0))>0,($F$13-$I$4+VLOOKUP($R22,武学奇术!$A:$ZZ,13,FALSE)+SUM(_xlfn.XLOOKUP(S22:AG22,增益!$A:$A,增益!$K:$K,0)))/200,($F$13-$I$4+VLOOKUP($R22,武学奇术!$A:$ZZ,13,FALSE)+SUM(_xlfn.XLOOKUP(S22:AG22,增益!$A:$A,增益!$M:$M,0)))/100)} -> -0.3 | BE22: {=$G$13+VLOOKUP($R22,武学奇术!$A:$ZZ,14,FALSE)+SUM(_xlfn.XLOOKUP(S22:AG22,增益!$A:$A,增益!$N:$N,0))} -> 0 | BF22: =$D$14*(1+$AS22) -> 0 | BG22: =$E$14*(1+$AS22) -> 0 | BH22: {=IF($F$14-$I$4+VLOOKUP($R22,武学奇术!$A:$ZZ,15,FALSE)+SUM(_xlfn.XLOOKUP(S22:AG22,增益!$A:$A,增益!$O:$O,0))>0,($F$14-$I$4+VLOOKUP($R22,武学奇术!$A:$ZZ,15,FALSE)+SUM(_xlfn.XLOOKUP(S22:AG22,增益!$A:$A,增益!$O:$O,0)))/200,($F$14-$I$4+VLOOKUP($R22,武学奇术!$A:$ZZ,15,FALSE)+SUM(_xlfn.XLOOKUP(S22:AG22,增益!$A:$A,增益!$O:$O,0)))/100)} -> -0.3 | BI22: {=$G$14+VLOOKUP($R22,武学奇术!$A:$ZZ,16,FALSE)+SUM(_xlfn.XLOOKUP(S22:AG22,增益!$A:$A,增益!$P:$P,0))} -> 0 | BJ22: =MIN(IF(VLOOKUP($R22,武学奇术!$A:$ZZ,23,FALSE)=1,100%,$B$8),100%) -> 0.8229 | BK22: {=IF(VLOOKUP($R22,武学奇术!$A:$ZZ,23,FALSE)=1,100%,MIN(80%,$B$9+VLOOKUP($R22,武学奇术!$A:$ZZ,17,FALSE)+SUM(_xlfn.XLOOKUP(S22:AG22,增益!$A:$A,增益!$Q:$Q,0)))+$B$11+SUM(_xlfn.XLOOKUP(S22:AG22,增益!$A:$A,增益!$U:$U,0)))*IF(VLOOKUP($R22,武学奇术!$A:$ZZ,24,FALSE)=1,0,1)} -> 0.2285 | BL22: {=1+$B$13+VLOOKUP($R22,武学奇术!$A:$ZZ,18,FALSE)+SUM(_xlfn.XLOOKUP(S22:AG22,增益!$A:$A,增益!$R:$R,0))} -> 1.5 | BM22: {=IF(VLOOKUP($R22,武学奇术!$A:$ZZ,24,FALSE)=1,100%,MIN(40%,$B$10+VLOOKUP($R22,武学奇术!$A:$ZZ,19,FALSE)+SUM(_xlfn.XLOOKUP(S22:AG22,增益!$A:$A,增益!$S:$S,0)))+$B$12+SUM(_xlfn.XLOOKUP(S22:AG22,增益!$A:$A,增益!$V:$V,0)))*IF(VLOOKUP($R22,武学奇术!$A:$ZZ,23,FALSE)=1,0,1)} -> 0.4495 | BN22: {=1+$B$14+VLOOKUP($R22,武学奇术!$A:$ZZ,20,FALSE)+SUM(_xlfn.XLOOKUP(S22:AG22,增益!$A:$A,增益!$T:$T,0))} -> 1.552 | BO22: =MIN((1-BM22)*BJ22,BJ22*BK22) -> 0.18803265 | BP22: =1-BM22-BO22-BQ22 -> 0.2649738 | BQ22: =IF(VLOOKUP($R22,武学奇术!$A:$ZZ,22,FALSE)=1,0,(1-$BJ22))*(1-$BM22) -> 0.09749355 | BR22: {=SUM(_xlfn.XLOOKUP(S22:AG22,增益!$A:$A,增益!$W:$W,0))+$I$5} -> 0.06
A23: 食物加成 | B23: 200 | C23: 霖 | D23: √ | K23: =$L23*VLOOKUP($R23,武学奇术!$A:$ZZ,31,FALSE) -> 28416.656 | L23: =($M23*$BO23+$N23*$BM23+$O23*$BP23+$P23*$BQ23) -> 28416.656 | M23: =((($AO23+$AP23)/2*$AI23+$AJ23)*(1+$AQ23)*(1+$AR23)+(($AT23+$AU23)/2*IF($G$1="鸣金",$AK23,$AI23)+IF($G$1="鸣金",$AL23*1.5,0))*(1+$AV23)*(1+$AW23)+(($AX23+$AY23)/2*IF($G$1="裂石",$AK23,$AI23)+IF($G$1="裂石",$AL23*1.5,0))*(1+$AZ23)*(1+$BA23)+(($BB23+$BC23)/2*IF($G$1="牵丝",$AK23,$AI23)+IF($G$1="牵丝",$AL23*1.5,0))*(1+$BD23)*(1+$BE23)+(($BF23+$BG23)/2*IF($G$1="破竹",$AK23,$AI23)+IF($G$1="破竹",$AL23*1.5,0))*(1+$BH23)*(1+$BI23))*(1+$AM23)*$BL23*$Q23*(1+IF(VLOOKUP($R23,武学奇术!$A:$ZZ,30,FALSE)="流血",$B$21,0))*(1+$BR23) -> 25651.548 | N23: =(($AP23*$AI23+$AJ23)*(1+$AQ23)*(1+$AR23)+($AU23*IF($G$1="鸣金",$AK23,$AI23)+IF($G$1="鸣金",$AL23*1.5,0))*(1+$AV23)*(1+$AW23)+($AY23*IF($G$1="裂石",$AK23,$AI23)+IF($G$1="裂石",$AL23*1.5,0))*(1+$AZ23)*(1+$BA23)+($BC23*IF($G$1="牵丝",$AK23,$AI23)+IF($G$1="牵丝",$AL23*1.5,0))*(1+$BD23)*(1+$BE23)+($BG23*IF($G$1="破竹",$AK23,$AI23)+IF($G$1="破竹",$AL23*1.5,0))*(1+$BH23)*(1+$BI23))*(1+$AM23)*$BN23*$Q23*(1+IF(VLOOKUP($R23,武学奇术!$A:$ZZ,30,FALSE)="流血",$B$21,0))*(1+$BR23) -> 40673.012 | O23: =((($AO23+$AP23)/2*$AI23+$AJ23)*(1+$AQ23)*(1+$AR23)+(($AT23+$AU23)/2*IF($G$1="鸣金",$AK23,$AI23)+IF($G$1="鸣金",$AL23*1.5,0))*(1+$AV23)*(1+$AW23)+(($AX23+$AY23)/2*IF($G$1="裂石",$AK23,$AI23)+IF($G$1="裂石",$AL23*1.5,0))*(1+$AZ23)*(1+$BA23)+(($BB23+$BC23)/2*IF($G$1="牵丝",$AK23,$AI23)+IF($G$1="牵丝",$AL23*1.5,0))*(1+$BD23)*(1+$BE23)+(($BF23+$BG23)/2*IF($G$1="破竹",$AK23,$AI23)+IF($G$1="破竹",$AL23*1.5,0))*(1+$BH23)*(1+$BI23))*(1+$AM23)*$Q23*(1+IF(VLOOKUP($R23,武学奇术!$A:$ZZ,30,FALSE)="流血",$B$21,0))*(1+$BR23) -> 17101.032 | P23: =((($AO23*$AI23+$AJ23)*(1+$AQ23)*(1+$AR23)+($AT23*IF($G$1="鸣金",$AK23,$AI23)+IF($G$1="鸣金",$AL23*1.5,0))*(1+$AV23)*(1+$AW23)+($AX23*IF($G$1="裂石",$AK23,$AI23)+IF($G$1="裂石",$AL23*1.5,0))*(1+$AZ23)*(1+$BA23)+($BB23*IF($G$1="牵丝",$AK23,$AI23)+IF($G$1="牵丝",$AL23*1.5,0))*(1+$BD23)*(1+$BE23)+($BF23*IF($G$1="破竹",$AK23,$AI23)+IF($G$1="破竹",$AL23*1.5,0))*(1+$BH23)*(1+$BI23))*(1+$AM23))*$Q23*(1+IF(VLOOKUP($R23,武学奇术!$A:$ZZ,30,FALSE)="流血",$B$21,0))*(1+$BR23) -> 7995.2262 | Q23: 1 | R23: 太白醉月1-4 | S23: 强效江流 | T23: 看破 | U23: N/a | V23: N/a | W23: 特殊技减防 | X23: 易水歌5层 | Y23: N/a | Z23: N/a | AA23: 惧刃(拐) | AB23: 裁云(拐) | AC23: 扶风(拐) | AD23: 离猎(拐) | AE23: 伞增(拐) | AF23: N/a | AG23: 秋瞑帖5层 | AH23: =VLOOKUP($R23,武学奇术!$A:$ZZ,25,FALSE) -> 单体奇术 | AI23: =VLOOKUP($R23,武学奇术!$A:$ZZ,26,FALSE) -> 1.0239 | AJ23: =VLOOKUP($R23,武学奇术!$A:$ZZ,27,FALSE)*(1+IF(OR($AH23=$F$4,$AH23=$F$5),$B$22,0)) -> 196 | AK23: =VLOOKUP($R23,武学奇术!$A:$ZZ,28,FALSE) -> 1.53585 | AL23: =VLOOKUP($R23,武学奇术!$A:$ZZ,29,FALSE)*(1+IF(OR($AH23=$F$4,$AH23=$F$5),$B$22,0)) -> 0 | AM23: {=$G$3+IFERROR(VLOOKUP($AH23,$F$4:$G$7,2,FALSE),0)+VLOOKUP($R23,武学奇术!$A:$ZZ,2,FALSE)+SUM(_xlfn.XLOOKUP($S23:$AG23,增益!$A:$A,增益!$B:$B,0))} -> 0.923 | AN23: {=VLOOKUP($R23,武学奇术!$A:$ZZ,5,FALSE)+SUM(_xlfn.XLOOKUP($S23:$AG23,增益!$A:$A,增益!$E:$E,0))} -> 0 | AO23: {=$D$10*(1+$AN23)+VLOOKUP($R23,武学奇术!$A:$ZZ,3,FALSE)+SUM(_xlfn.XLOOKUP($S23:$AG23,增益!$A:$A,增益!$C:$C,0))-$I$2} -> 1862.48 | AP23: {=$E$10*(1+$AN23)+VLOOKUP($R23,武学奇术!$A:$ZZ,4,FALSE)+SUM(_xlfn.XLOOKUP($S23:$AG23,增益!$A:$A,增益!$D:$D,0))-$I$2} -> 7794.56 | AQ23: {=IF($F$10-$I$3+VLOOKUP($R23,武学奇术!$A:$ZZ,6,FALSE)+SUM(_xlfn.XLOOKUP(S23:AG23,增益!$A:$A,增益!$F:$F,0))>0,($F$10-$I$3+VLOOKUP($R23,武学奇术!$A:$ZZ,6,FALSE)+SUM(_xlfn.XLOOKUP(S23:AG23,增益!$A:$A,增益!$F:$F,0)))/200,($F$10-$I$3+VLOOKUP($R23,武学奇术!$A:$ZZ,6,FALSE)+SUM(_xlfn.XLOOKUP(S23:AG23,增益!$A:$A,增益!$F:$F,0)))/100)} -> 0.294 | AR23: {=$G$10+VLOOKUP($R23,武学奇术!$A:$ZZ,7,FALSE)+SUM(_xlfn.XLOOKUP(S23:AG23,增益!$A:$A,增益!$G:$G,0))} -> 0 | AS23: {=VLOOKUP($R23,武学奇术!$A:$ZZ,8,FALSE)+SUM(_xlfn.XLOOKUP(S23:AG23,增益!$A:$A,增益!$H:$H,0))} -> 0 | AT23: =$D$11*(1+$AS23) -> 680.02 | AU23: =$E$11*(1+$AS23) -> 1288.54 | AV23: {=IF($F$11-$I$4+VLOOKUP($R23,武学奇术!$A:$ZZ,9,FALSE)+SUM(_xlfn.XLOOKUP(S23:AG23,增益!$A:$A,增益!$I:$I,0))>0,($F$11-$I$4+VLOOKUP($R23,武学奇术!$A:$ZZ,9,FALSE)+SUM(_xlfn.XLOOKUP(S23:AG23,增益!$A:$A,增益!$I:$I,0)))/200,($F$11-$I$4+VLOOKUP($R23,武学奇术!$A:$ZZ,9,FALSE)+SUM(_xlfn.XLOOKUP(S23:AG23,增益!$A:$A,增益!$I:$I,0)))/100)} -> 0 | AW23: {=$G$11+VLOOKUP($R23,武学奇术!$A:$ZZ,10,FALSE)+SUM(_xlfn.XLOOKUP(S23:AG23,增益!$A:$A,增益!$J:$J,0))} -> 0.15 | AX23: =$D$12*(1+$AS23) -> 0 | AY23: =$E$12*(1+$AS23) -> 0 | AZ23: {=IF($F$12-$I$4+VLOOKUP($R23,武学奇术!$A:$ZZ,11,FALSE)+SUM(_xlfn.XLOOKUP(S23:AG23,增益!$A:$A,增益!$K:$K,0))>0,($F$12-$I$4+VLOOKUP($R23,武学奇术!$A:$ZZ,11,FALSE)+SUM(_xlfn.XLOOKUP(S23:AG23,增益!$A:$A,增益!$K:$K,0)))/200,($F$12-$I$4+VLOOKUP($R23,武学奇术!$A:$ZZ,11,FALSE)+SUM(_xlfn.XLOOKUP(S23:AG23,增益!$A:$A,增益!$K:$K,0)))/100)} -> -0.3 | BA23: {=$G$12+VLOOKUP($R23,武学奇术!$A:$ZZ,12,FALSE)+SUM(_xlfn.XLOOKUP(S23:AG23,增益!$A:$A,增益!$L:$L,0))} -> 0 | BB23: =$D$13*(1+$AS23) -> 0 | BC23: =$E$13*(1+$AS23) -> 0 | BD23: {=IF($F$13-$I$4+VLOOKUP($R23,武学奇术!$A:$ZZ,13,FALSE)+SUM(_xlfn.XLOOKUP(S23:AG23,增益!$A:$A,增益!$M:$M,0))>0,($F$13-$I$4+VLOOKUP($R23,武学奇术!$A:$ZZ,13,FALSE)+SUM(_xlfn.XLOOKUP(S23:AG23,增益!$A:$A,增益!$K:$K,0)))/200,($F$13-$I$4+VLOOKUP($R23,武学奇术!$A:$ZZ,13,FALSE)+SUM(_xlfn.XLOOKUP(S23:AG23,增益!$A:$A,增益!$M:$M,0)))/100)} -> -0.3 | BE23: {=$G$13+VLOOKUP($R23,武学奇术!$A:$ZZ,14,FALSE)+SUM(_xlfn.XLOOKUP(S23:AG23,增益!$A:$A,增益!$N:$N,0))} -> 0 | BF23: =$D$14*(1+$AS23) -> 0 | BG23: =$E$14*(1+$AS23) -> 0 | BH23: {=IF($F$14-$I$4+VLOOKUP($R23,武学奇术!$A:$ZZ,15,FALSE)+SUM(_xlfn.XLOOKUP(S23:AG23,增益!$A:$A,增益!$O:$O,0))>0,($F$14-$I$4+VLOOKUP($R23,武学奇术!$A:$ZZ,15,FALSE)+SUM(_xlfn.XLOOKUP(S23:AG23,增益!$A:$A,增益!$O:$O,0)))/200,($F$14-$I$4+VLOOKUP($R23,武学奇术!$A:$ZZ,15,FALSE)+SUM(_xlfn.XLOOKUP(S23:AG23,增益!$A:$A,增益!$O:$O,0)))/100)} -> -0.3 | BI23: {=$G$14+VLOOKUP($R23,武学奇术!$A:$ZZ,16,FALSE)+SUM(_xlfn.XLOOKUP(S23:AG23,增益!$A:$A,增益!$P:$P,0))} -> 0 | BJ23: =MIN(IF(VLOOKUP($R23,武学奇术!$A:$ZZ,23,FALSE)=1,100%,$B$8),100%) -> 0.8229 | BK23: {=IF(VLOOKUP($R23,武学奇术!$A:$ZZ,23,FALSE)=1,100%,MIN(80%,$B$9+VLOOKUP($R23,武学奇术!$A:$ZZ,17,FALSE)+SUM(_xlfn.XLOOKUP(S23:AG23,增益!$A:$A,增益!$Q:$Q,0)))+$B$11+SUM(_xlfn.XLOOKUP(S23:AG23,增益!$A:$A,增益!$U:$U,0)))*IF(VLOOKUP($R23,武学奇术!$A:$ZZ,24,FALSE)=1,0,1)} -> 0.2285 | BL23: {=1+$B$13+VLOOKUP($R23,武学奇术!$A:$ZZ,18,FALSE)+SUM(_xlfn.XLOOKUP(S23:AG23,增益!$A:$A,增益!$R:$R,0))} -> 1.5 | BM23: {=IF(VLOOKUP($R23,武学奇术!$A:$ZZ,24,FALSE)=1,100%,MIN(40%,$B$10+VLOOKUP($R23,武学奇术!$A:$ZZ,19,FALSE)+SUM(_xlfn.XLOOKUP(S23:AG23,增益!$A:$A,增益!$S:$S,0)))+$B$12+SUM(_xlfn.XLOOKUP(S23:AG23,增益!$A:$A,增益!$V:$V,0)))*IF(VLOOKUP($R23,武学奇术!$A:$ZZ,23,FALSE)=1,0,1)} -> 0.4495 | BN23: {=1+$B$14+VLOOKUP($R23,武学奇术!$A:$ZZ,20,FALSE)+SUM(_xlfn.XLOOKUP(S23:AG23,增益!$A:$A,增益!$T:$T,0))} -> 1.552 | BO23: =MIN((1-BM23)*BJ23,BJ23*BK23) -> 0.18803265 | BP23: =1-BM23-BO23-BQ23 -> 0.2649738 | BQ23: =IF(VLOOKUP($R23,武学奇术!$A:$ZZ,22,FALSE)=1,0,(1-$BJ23))*(1-$BM23) -> 0.09749355 | BR23: {=SUM(_xlfn.XLOOKUP(S23:AG23,增益!$A:$A,增益!$W:$W,0))+$I$5} -> 0.06
B24: 400 | K24: =$L24*VLOOKUP($R24,武学奇术!$A:$ZZ,31,FALSE) -> 44655.131 | L24: =($M24*$BO24+$N24*$BM24+$O24*$BP24+$P24*$BQ24) -> 44655.131 | M24: =((($AO24+$AP24)/2*$AI24+$AJ24)*(1+$AQ24)*(1+$AR24)+(($AT24+$AU24)/2*IF($G$1="鸣金",$AK24,$AI24)+IF($G$1="鸣金",$AL24*1.5,0))*(1+$AV24)*(1+$AW24)+(($AX24+$AY24)/2*IF($G$1="裂石",$AK24,$AI24)+IF($G$1="裂石",$AL24*1.5,0))*(1+$AZ24)*(1+$BA24)+(($BB24+$BC24)/2*IF($G$1="牵丝",$AK24,$AI24)+IF($G$1="牵丝",$AL24*1.5,0))*(1+$BD24)*(1+$BE24)+(($BF24+$BG24)/2*IF($G$1="破竹",$AK24,$AI24)+IF($G$1="破竹",$AL24*1.5,0))*(1+$BH24)*(1+$BI24))*(1+$AM24)*$BL24*$Q24*(1+IF(VLOOKUP($R24,武学奇术!$A:$ZZ,30,FALSE)="流血",$B$21,0))*(1+$BR24) -> 40309.922 | N24: =(($AP24*$AI24+$AJ24)*(1+$AQ24)*(1+$AR24)+($AU24*IF($G$1="鸣金",$AK24,$AI24)+IF($G$1="鸣金",$AL24*1.5,0))*(1+$AV24)*(1+$AW24)+($AY24*IF($G$1="裂石",$AK24,$AI24)+IF($G$1="裂石",$AL24*1.5,0))*(1+$AZ24)*(1+$BA24)+($BC24*IF($G$1="牵丝",$AK24,$AI24)+IF($G$1="牵丝",$AL24*1.5,0))*(1+$BD24)*(1+$BE24)+($BG24*IF($G$1="破竹",$AK24,$AI24)+IF($G$1="破竹",$AL24*1.5,0))*(1+$BH24)*(1+$BI24))*(1+$AM24)*$BN24*$Q24*(1+IF(VLOOKUP($R24,武学奇术!$A:$ZZ,30,FALSE)="流血",$B$21,0))*(1+$BR24) -> 63915.289 | O24: =((($AO24+$AP24)/2*$AI24+$AJ24)*(1+$AQ24)*(1+$AR24)+(($AT24+$AU24)/2*IF($G$1="鸣金",$AK24,$AI24)+IF($G$1="鸣金",$AL24*1.5,0))*(1+$AV24)*(1+$AW24)+(($AX24+$AY24)/2*IF($G$1="裂石",$AK24,$AI24)+IF($G$1="裂石",$AL24*1.5,0))*(1+$AZ24)*(1+$BA24)+(($BB24+$BC24)/2*IF($G$1="牵丝",$AK24,$AI24)+IF($G$1="牵丝",$AL24*1.5,0))*(1+$BD24)*(1+$BE24)+(($BF24+$BG24)/2*IF($G$1="破竹",$AK24,$AI24)+IF($G$1="破竹",$AL24*1.5,0))*(1+$BH24)*(1+$BI24))*(1+$AM24)*$Q24*(1+IF(VLOOKUP($R24,武学奇术!$A:$ZZ,30,FALSE)="流血",$B$21,0))*(1+$BR24) -> 26873.281 | P24: =((($AO24*$AI24+$AJ24)*(1+$AQ24)*(1+$AR24)+($AT24*IF($G$1="鸣金",$AK24,$AI24)+IF($G$1="鸣金",$AL24*1.5,0))*(1+$AV24)*(1+$AW24)+($AX24*IF($G$1="裂石",$AK24,$AI24)+IF($G$1="裂石",$AL24*1.5,0))*(1+$AZ24)*(1+$BA24)+($BB24*IF($G$1="牵丝",$AK24,$AI24)+IF($G$1="牵丝",$AL24*1.5,0))*(1+$BD24)*(1+$BE24)+($BF24*IF($G$1="破竹",$AK24,$AI24)+IF($G$1="破竹",$AL24*1.5,0))*(1+$BH24)*(1+$BI24))*(1+$AM24))*$Q24*(1+IF(VLOOKUP($R24,武学奇术!$A:$ZZ,30,FALSE)="流血",$B$21,0))*(1+$BR24) -> 12564.031 | Q24: 1 | R24: 太白醉月暗灼 | S24: 强效江流 | T24: 看破 | U24: N/a | V24: N/a | W24: 特殊技减防 | X24: 易水歌5层 | Y24: N/a | Z24: N/a | AA24: 惧刃(拐) | AB24: 裁云(拐) | AC24: 扶风(拐) | AD24: 离猎(拐) | AE24: 伞增(拐) | AF24: N/a | AG24: 秋瞑帖5层 | AH24: =VLOOKUP($R24,武学奇术!$A:$ZZ,25,FALSE) -> 单体奇术 | AI24: =VLOOKUP($R24,武学奇术!$A:$ZZ,26,FALSE) -> 1.609 | AJ24: =VLOOKUP($R24,武学奇术!$A:$ZZ,27,FALSE)*(1+IF(OR($AH24=$F$4,$AH24=$F$5),$B$22,0)) -> 308 | AK24: =VLOOKUP($R24,武学奇术!$A:$ZZ,28,FALSE) -> 2.4135 | AL24: =VLOOKUP($R24,武学奇术!$A:$ZZ,29,FALSE)*(1+IF(OR($AH24=$F$4,$AH24=$F$5),$B$22,0)) -> 0 | AM24: {=$G$3+IFERROR(VLOOKUP($AH24,$F$4:$G$7,2,FALSE),0)+VLOOKUP($R24,武学奇术!$A:$ZZ,2,FALSE)+SUM(_xlfn.XLOOKUP($S24:$AG24,增益!$A:$A,增益!$B:$B,0))} -> 0.923 | AN24: {=VLOOKUP($R24,武学奇术!$A:$ZZ,5,FALSE)+SUM(_xlfn.XLOOKUP($S24:$AG24,增益!$A:$A,增益!$E:$E,0))} -> 0 | AO24: {=$D$10*(1+$AN24)+VLOOKUP($R24,武学奇术!$A:$ZZ,3,FALSE)+SUM(_xlfn.XLOOKUP($S24:$AG24,增益!$A:$A,增益!$C:$C,0))-$I$2} -> 1862.48 | AP24: {=$E$10*(1+$AN24)+VLOOKUP($R24,武学奇术!$A:$ZZ,4,FALSE)+SUM(_xlfn.XLOOKUP($S24:$AG24,增益!$A:$A,增益!$D:$D,0))-$I$2} -> 7794.56 | AQ24: {=IF($F$10-$I$3+VLOOKUP($R24,武学奇术!$A:$ZZ,6,FALSE)+SUM(_xlfn.XLOOKUP(S24:AG24,增益!$A:$A,增益!$F:$F,0))>0,($F$10-$I$3+VLOOKUP($R24,武学奇术!$A:$ZZ,6,FALSE)+SUM(_xlfn.XLOOKUP(S24:AG24,增益!$A:$A,增益!$F:$F,0)))/200,($F$10-$I$3+VLOOKUP($R24,武学奇术!$A:$ZZ,6,FALSE)+SUM(_xlfn.XLOOKUP(S24:AG24,增益!$A:$A,增益!$F:$F,0)))/100)} -> 0.294 | AR24: {=$G$10+VLOOKUP($R24,武学奇术!$A:$ZZ,7,FALSE)+SUM(_xlfn.XLOOKUP(S24:AG24,增益!$A:$A,增益!$G:$G,0))} -> 0 | AS24: {=VLOOKUP($R24,武学奇术!$A:$ZZ,8,FALSE)+SUM(_xlfn.XLOOKUP(S24:AG24,增益!$A:$A,增益!$H:$H,0))} -> 0 | AT24: =$D$11*(1+$AS24) -> 680.02 | AU24: =$E$11*(1+$AS24) -> 1288.54 | AV24: {=IF($F$11-$I$4+VLOOKUP($R24,武学奇术!$A:$ZZ,9,FALSE)+SUM(_xlfn.XLOOKUP(S24:AG24,增益!$A:$A,增益!$I:$I,0))>0,($F$11-$I$4+VLOOKUP($R24,武学奇术!$A:$ZZ,9,FALSE)+SUM(_xlfn.XLOOKUP(S24:AG24,增益!$A:$A,增益!$I:$I,0)))/200,($F$11-$I$4+VLOOKUP($R24,武学奇术!$A:$ZZ,9,FALSE)+SUM(_xlfn.XLOOKUP(S24:AG24,增益!$A:$A,增益!$I:$I,0)))/100)} -> 0 | AW24: {=$G$11+VLOOKUP($R24,武学奇术!$A:$ZZ,10,FALSE)+SUM(_xlfn.XLOOKUP(S24:AG24,增益!$A:$A,增益!$J:$J,0))} -> 0.15 | AX24: =$D$12*(1+$AS24) -> 0 | AY24: =$E$12*(1+$AS24) -> 0 | AZ24: {=IF($F$12-$I$4+VLOOKUP($R24,武学奇术!$A:$ZZ,11,FALSE)+SUM(_xlfn.XLOOKUP(S24:AG24,增益!$A:$A,增益!$K:$K,0))>0,($F$12-$I$4+VLOOKUP($R24,武学奇术!$A:$ZZ,11,FALSE)+SUM(_xlfn.XLOOKUP(S24:AG24,增益!$A:$A,增益!$K:$K,0)))/200,($F$12-$I$4+VLOOKUP($R24,武学奇术!$A:$ZZ,11,FALSE)+SUM(_xlfn.XLOOKUP(S24:AG24,增益!$A:$A,增益!$K:$K,0)))/100)} -> -0.3 | BA24: {=$G$12+VLOOKUP($R24,武学奇术!$A:$ZZ,12,FALSE)+SUM(_xlfn.XLOOKUP(S24:AG24,增益!$A:$A,增益!$L:$L,0))} -> 0 | BB24: =$D$13*(1+$AS24) -> 0 | BC24: =$E$13*(1+$AS24) -> 0 | BD24: {=IF($F$13-$I$4+VLOOKUP($R24,武学奇术!$A:$ZZ,13,FALSE)+SUM(_xlfn.XLOOKUP(S24:AG24,增益!$A:$A,增益!$M:$M,0))>0,($F$13-$I$4+VLOOKUP($R24,武学奇术!$A:$ZZ,13,FALSE)+SUM(_xlfn.XLOOKUP(S24:AG24,增益!$A:$A,增益!$K:$K,0)))/200,($F$13-$I$4+VLOOKUP($R24,武学奇术!$A:$ZZ,13,FALSE)+SUM(_xlfn.XLOOKUP(S24:AG24,增益!$A:$A,增益!$M:$M,0)))/100)} -> -0.3 | BE24: {=$G$13+VLOOKUP($R24,武学奇术!$A:$ZZ,14,FALSE)+SUM(_xlfn.XLOOKUP(S24:AG24,增益!$A:$A,增益!$N:$N,0))} -> 0 | BF24: =$D$14*(1+$AS24) -> 0 | BG24: =$E$14*(1+$AS24) -> 0 | BH24: {=IF($F$14-$I$4+VLOOKUP($R24,武学奇术!$A:$ZZ,15,FALSE)+SUM(_xlfn.XLOOKUP(S24:AG24,增益!$A:$A,增益!$O:$O,0))>0,($F$14-$I$4+VLOOKUP($R24,武学奇术!$A:$ZZ,15,FALSE)+SUM(_xlfn.XLOOKUP(S24:AG24,增益!$A:$A,增益!$O:$O,0)))/200,($F$14-$I$4+VLOOKUP($R24,武学奇术!$A:$ZZ,15,FALSE)+SUM(_xlfn.XLOOKUP(S24:AG24,增益!$A:$A,增益!$O:$O,0)))/100)} -> -0.3 | BI24: {=$G$14+VLOOKUP($R24,武学奇术!$A:$ZZ,16,FALSE)+SUM(_xlfn.XLOOKUP(S24:AG24,增益!$A:$A,增益!$P:$P,0))} -> 0 | BJ24: =MIN(IF(VLOOKUP($R24,武学奇术!$A:$ZZ,23,FALSE)=1,100%,$B$8),100%) -> 0.8229 | BK24: {=IF(VLOOKUP($R24,武学奇术!$A:$ZZ,23,FALSE)=1,100%,MIN(80%,$B$9+VLOOKUP($R24,武学奇术!$A:$ZZ,17,FALSE)+SUM(_xlfn.XLOOKUP(S24:AG24,增益!$A:$A,增益!$Q:$Q,0)))+$B$11+SUM(_xlfn.XLOOKUP(S24:AG24,增益!$A:$A,增益!$U:$U,0)))*IF(VLOOKUP($R24,武学奇术!$A:$ZZ,24,FALSE)=1,0,1)} -> 0.2285 | BL24: {=1+$B$13+VLOOKUP($R24,武学奇术!$A:$ZZ,18,FALSE)+SUM(_xlfn.XLOOKUP(S24:AG24,增益!$A:$A,增益!$R:$R,0))} -> 1.5 | BM24: {=IF(VLOOKUP($R24,武学奇术!$A:$ZZ,24,FALSE)=1,100%,MIN(40%,$B$10+VLOOKUP($R24,武学奇术!$A:$ZZ,19,FALSE)+SUM(_xlfn.XLOOKUP(S24:AG24,增益!$A:$A,增益!$S:$S,0)))+$B$12+SUM(_xlfn.XLOOKUP(S24:AG24,增益!$A:$A,增益!$V:$V,0)))*IF(VLOOKUP($R24,武学奇术!$A:$ZZ,23,FALSE)=1,0,1)} -> 0.4495 | BN24: {=1+$B$14+VLOOKUP($R24,武学奇术!$A:$ZZ,20,FALSE)+SUM(_xlfn.XLOOKUP(S24:AG24,增益!$A:$A,增益!$T:$T,0))} -> 1.552 | BO24: =MIN((1-BM24)*BJ24,BJ24*BK24) -> 0.18803265 | BP24: =1-BM24-BO24-BQ24 -> 0.2649738 | BQ24: =IF(VLOOKUP($R24,武学奇术!$A:$ZZ,22,FALSE)=1,0,(1-$BJ24))*(1-$BM24) -> 0.09749355 | BR24: {=SUM(_xlfn.XLOOKUP(S24:AG24,增益!$A:$A,增益!$W:$W,0))+$I$5} -> 0.06
K25: =$L25*VLOOKUP($R25,武学奇术!$A:$ZZ,31,FALSE) -> 28416.656 | L25: =($M25*$BO25+$N25*$BM25+$O25*$BP25+$P25*$BQ25) -> 28416.656 | M25: =((($AO25+$AP25)/2*$AI25+$AJ25)*(1+$AQ25)*(1+$AR25)+(($AT25+$AU25)/2*IF($G$1="鸣金",$AK25,$AI25)+IF($G$1="鸣金",$AL25*1.5,0))*(1+$AV25)*(1+$AW25)+(($AX25+$AY25)/2*IF($G$1="裂石",$AK25,$AI25)+IF($G$1="裂石",$AL25*1.5,0))*(1+$AZ25)*(1+$BA25)+(($BB25+$BC25)/2*IF($G$1="牵丝",$AK25,$AI25)+IF($G$1="牵丝",$AL25*1.5,0))*(1+$BD25)*(1+$BE25)+(($BF25+$BG25)/2*IF($G$1="破竹",$AK25,$AI25)+IF($G$1="破竹",$AL25*1.5,0))*(1+$BH25)*(1+$BI25))*(1+$AM25)*$BL25*$Q25*(1+IF(VLOOKUP($R25,武学奇术!$A:$ZZ,30,FALSE)="流血",$B$21,0))*(1+$BR25) -> 25651.548 | N25: =(($AP25*$AI25+$AJ25)*(1+$AQ25)*(1+$AR25)+($AU25*IF($G$1="鸣金",$AK25,$AI25)+IF($G$1="鸣金",$AL25*1.5,0))*(1+$AV25)*(1+$AW25)+($AY25*IF($G$1="裂石",$AK25,$AI25)+IF($G$1="裂石",$AL25*1.5,0))*(1+$AZ25)*(1+$BA25)+($BC25*IF($G$1="牵丝",$AK25,$AI25)+IF($G$1="牵丝",$AL25*1.5,0))*(1+$BD25)*(1+$BE25)+($BG25*IF($G$1="破竹",$AK25,$AI25)+IF($G$1="破竹",$AL25*1.5,0))*(1+$BH25)*(1+$BI25))*(1+$AM25)*$BN25*$Q25*(1+IF(VLOOKUP($R25,武学奇术!$A:$ZZ,30,FALSE)="流血",$B$21,0))*(1+$BR25) -> 40673.012 | O25: =((($AO25+$AP25)/2*$AI25+$AJ25)*(1+$AQ25)*(1+$AR25)+(($AT25+$AU25)/2*IF($G$1="鸣金",$AK25,$AI25)+IF($G$1="鸣金",$AL25*1.5,0))*(1+$AV25)*(1+$AW25)+(($AX25+$AY25)/2*IF($G$1="裂石",$AK25,$AI25)+IF($G$1="裂石",$AL25*1.5,0))*(1+$AZ25)*(1+$BA25)+(($BB25+$BC25)/2*IF($G$1="牵丝",$AK25,$AI25)+IF($G$1="牵丝",$AL25*1.5,0))*(1+$BD25)*(1+$BE25)+(($BF25+$BG25)/2*IF($G$1="破竹",$AK25,$AI25)+IF($G$1="破竹",$AL25*1.5,0))*(1+$BH25)*(1+$BI25))*(1+$AM25)*$Q25*(1+IF(VLOOKUP($R25,武学奇术!$A:$ZZ,30,FALSE)="流血",$B$21,0))*(1+$BR25) -> 17101.032 | P25: =((($AO25*$AI25+$AJ25)*(1+$AQ25)*(1+$AR25)+($AT25*IF($G$1="鸣金",$AK25,$AI25)+IF($G$1="鸣金",$AL25*1.5,0))*(1+$AV25)*(1+$AW25)+($AX25*IF($G$1="裂石",$AK25,$AI25)+IF($G$1="裂石",$AL25*1.5,0))*(1+$AZ25)*(1+$BA25)+($BB25*IF($G$1="牵丝",$AK25,$AI25)+IF($G$1="牵丝",$AL25*1.5,0))*(1+$BD25)*(1+$BE25)+($BF25*IF($G$1="破竹",$AK25,$AI25)+IF($G$1="破竹",$AL25*1.5,0))*(1+$BH25)*(1+$BI25))*(1+$AM25))*$Q25*(1+IF(VLOOKUP($R25,武学奇术!$A:$ZZ,30,FALSE)="流血",$B$21,0))*(1+$BR25) -> 7995.2262 | Q25: 1 | R25: 太白醉月1-4 | S25: 强效江流 | T25: 看破 | U25: N/a | V25: N/a | W25: 特殊技减防 | X25: 易水歌5层 | Y25: N/a | Z25: N/a | AA25: 惧刃(拐) | AB25: 裁云(拐) | AC25: 扶风(拐) | AD25: 离猎(拐) | AE25: 伞增(拐) | AF25: N/a | AG25: 秋瞑帖5层 | AH25: =VLOOKUP($R25,武学奇术!$A:$ZZ,25,FALSE) -> 单体奇术 | AI25: =VLOOKUP($R25,武学奇术!$A:$ZZ,26,FALSE) -> 1.0239 | AJ25: =VLOOKUP($R25,武学奇术!$A:$ZZ,27,FALSE)*(1+IF(OR($AH25=$F$4,$AH25=$F$5),$B$22,0)) -> 196 | AK25: =VLOOKUP($R25,武学奇术!$A:$ZZ,28,FALSE) -> 1.53585 | AL25: =VLOOKUP($R25,武学奇术!$A:$ZZ,29,FALSE)*(1+IF(OR($AH25=$F$4,$AH25=$F$5),$B$22,0)) -> 0 | AM25: {=$G$3+IFERROR(VLOOKUP($AH25,$F$4:$G$7,2,FALSE),0)+VLOOKUP($R25,武学奇术!$A:$ZZ,2,FALSE)+SUM(_xlfn.XLOOKUP($S25:$AG25,增益!$A:$A,增益!$B:$B,0))} -> 0.923 | AN25: {=VLOOKUP($R25,武学奇术!$A:$ZZ,5,FALSE)+SUM(_xlfn.XLOOKUP($S25:$AG25,增益!$A:$A,增益!$E:$E,0))} -> 0 | AO25: {=$D$10*(1+$AN25)+VLOOKUP($R25,武学奇术!$A:$ZZ,3,FALSE)+SUM(_xlfn.XLOOKUP($S25:$AG25,增益!$A:$A,增益!$C:$C,0))-$I$2} -> 1862.48 | AP25: {=$E$10*(1+$AN25)+VLOOKUP($R25,武学奇术!$A:$ZZ,4,FALSE)+SUM(_xlfn.XLOOKUP($S25:$AG25,增益!$A:$A,增益!$D:$D,0))-$I$2} -> 7794.56 | AQ25: {=IF($F$10-$I$3+VLOOKUP($R25,武学奇术!$A:$ZZ,6,FALSE)+SUM(_xlfn.XLOOKUP(S25:AG25,增益!$A:$A,增益!$F:$F,0))>0,($F$10-$I$3+VLOOKUP($R25,武学奇术!$A:$ZZ,6,FALSE)+SUM(_xlfn.XLOOKUP(S25:AG25,增益!$A:$A,增益!$F:$F,0)))/200,($F$10-$I$3+VLOOKUP($R25,武学奇术!$A:$ZZ,6,FALSE)+SUM(_xlfn.XLOOKUP(S25:AG25,增益!$A:$A,增益!$F:$F,0)))/100)} -> 0.294 | AR25: {=$G$10+VLOOKUP($R25,武学奇术!$A:$ZZ,7,FALSE)+SUM(_xlfn.XLOOKUP(S25:AG25,增益!$A:$A,增益!$G:$G,0))} -> 0 | AS25: {=VLOOKUP($R25,武学奇术!$A:$ZZ,8,FALSE)+SUM(_xlfn.XLOOKUP(S25:AG25,增益!$A:$A,增益!$H:$H,0))} -> 0 | AT25: =$D$11*(1+$AS25) -> 680.02 | AU25: =$E$11*(1+$AS25) -> 1288.54 | AV25: {=IF($F$11-$I$4+VLOOKUP($R25,武学奇术!$A:$ZZ,9,FALSE)+SUM(_xlfn.XLOOKUP(S25:AG25,增益!$A:$A,增益!$I:$I,0))>0,($F$11-$I$4+VLOOKUP($R25,武学奇术!$A:$ZZ,9,FALSE)+SUM(_xlfn.XLOOKUP(S25:AG25,增益!$A:$A,增益!$I:$I,0)))/200,($F$11-$I$4+VLOOKUP($R25,武学奇术!$A:$ZZ,9,FALSE)+SUM(_xlfn.XLOOKUP(S25:AG25,增益!$A:$A,增益!$I:$I,0)))/100)} -> 0 | AW25: {=$G$11+VLOOKUP($R25,武学奇术!$A:$ZZ,10,FALSE)+SUM(_xlfn.XLOOKUP(S25:AG25,增益!$A:$A,增益!$J:$J,0))} -> 0.15 | AX25: =$D$12*(1+$AS25) -> 0 | AY25: =$E$12*(1+$AS25) -> 0 | AZ25: {=IF($F$12-$I$4+VLOOKUP($R25,武学奇术!$A:$ZZ,11,FALSE)+SUM(_xlfn.XLOOKUP(S25:AG25,增益!$A:$A,增益!$K:$K,0))>0,($F$12-$I$4+VLOOKUP($R25,武学奇术!$A:$ZZ,11,FALSE)+SUM(_xlfn.XLOOKUP(S25:AG25,增益!$A:$A,增益!$K:$K,0)))/200,($F$12-$I$4+VLOOKUP($R25,武学奇术!$A:$ZZ,11,FALSE)+SUM(_xlfn.XLOOKUP(S25:AG25,增益!$A:$A,增益!$K:$K,0)))/100)} -> -0.3 | BA25: {=$G$12+VLOOKUP($R25,武学奇术!$A:$ZZ,12,FALSE)+SUM(_xlfn.XLOOKUP(S25:AG25,增益!$A:$A,增益!$L:$L,0))} -> 0 | BB25: =$D$13*(1+$AS25) -> 0 | BC25: =$E$13*(1+$AS25) -> 0 | BD25: {=IF($F$13-$I$4+VLOOKUP($R25,武学奇术!$A:$ZZ,13,FALSE)+SUM(_xlfn.XLOOKUP(S25:AG25,增益!$A:$A,增益!$M:$M,0))>0,($F$13-$I$4+VLOOKUP($R25,武学奇术!$A:$ZZ,13,FALSE)+SUM(_xlfn.XLOOKUP(S25:AG25,增益!$A:$A,增益!$K:$K,0)))/200,($F$13-$I$4+VLOOKUP($R25,武学奇术!$A:$ZZ,13,FALSE)+SUM(_xlfn.XLOOKUP(S25:AG25,增益!$A:$A,增益!$M:$M,0)))/100)} -> -0.3 | BE25: {=$G$13+VLOOKUP($R25,武学奇术!$A:$ZZ,14,FALSE)+SUM(_xlfn.XLOOKUP(S25:AG25,增益!$A:$A,增益!$N:$N,0))} -> 0 | BF25: =$D$14*(1+$AS25) -> 0 | BG25: =$E$14*(1+$AS25) -> 0 | BH25: {=IF($F$14-$I$4+VLOOKUP($R25,武学奇术!$A:$ZZ,15,FALSE)+SUM(_xlfn.XLOOKUP(S25:AG25,增益!$A:$A,增益!$O:$O,0))>0,($F$14-$I$4+VLOOKUP($R25,武学奇术!$A:$ZZ,15,FALSE)+SUM(_xlfn.XLOOKUP(S25:AG25,增益!$A:$A,增益!$O:$O,0)))/200,($F$14-$I$4+VLOOKUP($R25,武学奇术!$A:$ZZ,15,FALSE)+SUM(_xlfn.XLOOKUP(S25:AG25,增益!$A:$A,增益!$O:$O,0)))/100)} -> -0.3 | BI25: {=$G$14+VLOOKUP($R25,武学奇术!$A:$ZZ,16,FALSE)+SUM(_xlfn.XLOOKUP(S25:AG25,增益!$A:$A,增益!$P:$P,0))} -> 0 | BJ25: =MIN(IF(VLOOKUP($R25,武学奇术!$A:$ZZ,23,FALSE)=1,100%,$B$8),100%) -> 0.8229 | BK25: {=IF(VLOOKUP($R25,武学奇术!$A:$ZZ,23,FALSE)=1,100%,MIN(80%,$B$9+VLOOKUP($R25,武学奇术!$A:$ZZ,17,FALSE)+SUM(_xlfn.XLOOKUP(S25:AG25,增益!$A:$A,增益!$Q:$Q,0)))+$B$11+SUM(_xlfn.XLOOKUP(S25:AG25,增益!$A:$A,增益!$U:$U,0)))*IF(VLOOKUP($R25,武学奇术!$A:$ZZ,24,FALSE)=1,0,1)} -> 0.2285 | BL25: {=1+$B$13+VLOOKUP($R25,武学奇术!$A:$ZZ,18,FALSE)+SUM(_xlfn.XLOOKUP(S25:AG25,增益!$A:$A,增益!$R:$R,0))} -> 1.5 | BM25: {=IF(VLOOKUP($R25,武学奇术!$A:$ZZ,24,FALSE)=1,100%,MIN(40%,$B$10+VLOOKUP($R25,武学奇术!$A:$ZZ,19,FALSE)+SUM(_xlfn.XLOOKUP(S25:AG25,增益!$A:$A,增益!$S:$S,0)))+$B$12+SUM(_xlfn.XLOOKUP(S25:AG25,增益!$A:$A,增益!$V:$V,0)))*IF(VLOOKUP($R25,武学奇术!$A:$ZZ,23,FALSE)=1,0,1)} -> 0.4495 | BN25: {=1+$B$14+VLOOKUP($R25,武学奇术!$A:$ZZ,20,FALSE)+SUM(_xlfn.XLOOKUP(S25:AG25,增益!$A:$A,增益!$T:$T,0))} -> 1.552 | BO25: =MIN((1-BM25)*BJ25,BJ25*BK25) -> 0.18803265 | BP25: =1-BM25-BO25-BQ25 -> 0.2649738 | BQ25: =IF(VLOOKUP($R25,武学奇术!$A:$ZZ,22,FALSE)=1,0,(1-$BJ25))*(1-$BM25) -> 0.09749355 | BR25: {=SUM(_xlfn.XLOOKUP(S25:AG25,增益!$A:$A,增益!$W:$W,0))+$I$5} -> 0.06
A26: 轴 | B26: 单位用时 | K26: =$L26*VLOOKUP($R26,武学奇术!$A:$ZZ,31,FALSE) -> 44655.131 | L26: =($M26*$BO26+$N26*$BM26+$O26*$BP26+$P26*$BQ26) -> 44655.131 | M26: =((($AO26+$AP26)/2*$AI26+$AJ26)*(1+$AQ26)*(1+$AR26)+(($AT26+$AU26)/2*IF($G$1="鸣金",$AK26,$AI26)+IF($G$1="鸣金",$AL26*1.5,0))*(1+$AV26)*(1+$AW26)+(($AX26+$AY26)/2*IF($G$1="裂石",$AK26,$AI26)+IF($G$1="裂石",$AL26*1.5,0))*(1+$AZ26)*(1+$BA26)+(($BB26+$BC26)/2*IF($G$1="牵丝",$AK26,$AI26)+IF($G$1="牵丝",$AL26*1.5,0))*(1+$BD26)*(1+$BE26)+(($BF26+$BG26)/2*IF($G$1="破竹",$AK26,$AI26)+IF($G$1="破竹",$AL26*1.5,0))*(1+$BH26)*(1+$BI26))*(1+$AM26)*$BL26*$Q26*(1+IF(VLOOKUP($R26,武学奇术!$A:$ZZ,30,FALSE)="流血",$B$21,0))*(1+$BR26) -> 40309.922 | N26: =(($AP26*$AI26+$AJ26)*(1+$AQ26)*(1+$AR26)+($AU26*IF($G$1="鸣金",$AK26,$AI26)+IF($G$1="鸣金",$AL26*1.5,0))*(1+$AV26)*(1+$AW26)+($AY26*IF($G$1="裂石",$AK26,$AI26)+IF($G$1="裂石",$AL26*1.5,0))*(1+$AZ26)*(1+$BA26)+($BC26*IF($G$1="牵丝",$AK26,$AI26)+IF($G$1="牵丝",$AL26*1.5,0))*(1+$BD26)*(1+$BE26)+($BG26*IF($G$1="破竹",$AK26,$AI26)+IF($G$1="破竹",$AL26*1.5,0))*(1+$BH26)*(1+$BI26))*(1+$AM26)*$BN26*$Q26*(1+IF(VLOOKUP($R26,武学奇术!$A:$ZZ,30,FALSE)="流血",$B$21,0))*(1+$BR26) -> 63915.289 | O26: =((($AO26+$AP26)/2*$AI26+$AJ26)*(1+$AQ26)*(1+$AR26)+(($AT26+$AU26)/2*IF($G$1="鸣金",$AK26,$AI26)+IF($G$1="鸣金",$AL26*1.5,0))*(1+$AV26)*(1+$AW26)+(($AX26+$AY26)/2*IF($G$1="裂石",$AK26,$AI26)+IF($G$1="裂石",$AL26*1.5,0))*(1+$AZ26)*(1+$BA26)+(($BB26+$BC26)/2*IF($G$1="牵丝",$AK26,$AI26)+IF($G$1="牵丝",$AL26*1.5,0))*(1+$BD26)*(1+$BE26)+(($BF26+$BG26)/2*IF($G$1="破竹",$AK26,$AI26)+IF($G$1="破竹",$AL26*1.5,0))*(1+$BH26)*(1+$BI26))*(1+$AM26)*$Q26*(1+IF(VLOOKUP($R26,武学奇术!$A:$ZZ,30,FALSE)="流血",$B$21,0))*(1+$BR26) -> 26873.281 | P26: =((($AO26*$AI26+$AJ26)*(1+$AQ26)*(1+$AR26)+($AT26*IF($G$1="鸣金",$AK26,$AI26)+IF($G$1="鸣金",$AL26*1.5,0))*(1+$AV26)*(1+$AW26)+($AX26*IF($G$1="裂石",$AK26,$AI26)+IF($G$1="裂石",$AL26*1.5,0))*(1+$AZ26)*(1+$BA26)+($BB26*IF($G$1="牵丝",$AK26,$AI26)+IF($G$1="牵丝",$AL26*1.5,0))*(1+$BD26)*(1+$BE26)+($BF26*IF($G$1="破竹",$AK26,$AI26)+IF($G$1="破竹",$AL26*1.5,0))*(1+$BH26)*(1+$BI26))*(1+$AM26))*$Q26*(1+IF(VLOOKUP($R26,武学奇术!$A:$ZZ,30,FALSE)="流血",$B$21,0))*(1+$BR26) -> 12564.031 | Q26: 1 | R26: 太白醉月暗灼 | S26: 强效江流 | T26: 看破 | U26: N/a | V26: N/a | W26: 特殊技减防 | X26: 易水歌5层 | Y26: N/a | Z26: N/a | AA26: 惧刃(拐) | AB26: 裁云(拐) | AC26: 扶风(拐) | AD26: 离猎(拐) | AE26: 伞增(拐) | AF26: N/a | AG26: 秋瞑帖5层 | AH26: =VLOOKUP($R26,武学奇术!$A:$ZZ,25,FALSE) -> 单体奇术 | AI26: =VLOOKUP($R26,武学奇术!$A:$ZZ,26,FALSE) -> 1.609 | AJ26: =VLOOKUP($R26,武学奇术!$A:$ZZ,27,FALSE)*(1+IF(OR($AH26=$F$4,$AH26=$F$5),$B$22,0)) -> 308 | AK26: =VLOOKUP($R26,武学奇术!$A:$ZZ,28,FALSE) -> 2.4135 | AL26: =VLOOKUP($R26,武学奇术!$A:$ZZ,29,FALSE)*(1+IF(OR($AH26=$F$4,$AH26=$F$5),$B$22,0)) -> 0 | AM26: {=$G$3+IFERROR(VLOOKUP($AH26,$F$4:$G$7,2,FALSE),0)+VLOOKUP($R26,武学奇术!$A:$ZZ,2,FALSE)+SUM(_xlfn.XLOOKUP($S26:$AG26,增益!$A:$A,增益!$B:$B,0))} -> 0.923 | AN26: {=VLOOKUP($R26,武学奇术!$A:$ZZ,5,FALSE)+SUM(_xlfn.XLOOKUP($S26:$AG26,增益!$A:$A,增益!$E:$E,0))} -> 0 | AO26: {=$D$10*(1+$AN26)+VLOOKUP($R26,武学奇术!$A:$ZZ,3,FALSE)+SUM(_xlfn.XLOOKUP($S26:$AG26,增益!$A:$A,增益!$C:$C,0))-$I$2} -> 1862.48 | AP26: {=$E$10*(1+$AN26)+VLOOKUP($R26,武学奇术!$A:$ZZ,4,FALSE)+SUM(_xlfn.XLOOKUP($S26:$AG26,增益!$A:$A,增益!$D:$D,0))-$I$2} -> 7794.56 | AQ26: {=IF($F$10-$I$3+VLOOKUP($R26,武学奇术!$A:$ZZ,6,FALSE)+SUM(_xlfn.XLOOKUP(S26:AG26,增益!$A:$A,增益!$F:$F,0))>0,($F$10-$I$3+VLOOKUP($R26,武学奇术!$A:$ZZ,6,FALSE)+SUM(_xlfn.XLOOKUP(S26:AG26,增益!$A:$A,增益!$F:$F,0)))/200,($F$10-$I$3+VLOOKUP($R26,武学奇术!$A:$ZZ,6,FALSE)+SUM(_xlfn.XLOOKUP(S26:AG26,增益!$A:$A,增益!$F:$F,0)))/100)} -> 0.294 | AR26: {=$G$10+VLOOKUP($R26,武学奇术!$A:$ZZ,7,FALSE)+SUM(_xlfn.XLOOKUP(S26:AG26,增益!$A:$A,增益!$G:$G,0))} -> 0 | AS26: {=VLOOKUP($R26,武学奇术!$A:$ZZ,8,FALSE)+SUM(_xlfn.XLOOKUP(S26:AG26,增益!$A:$A,增益!$H:$H,0))} -> 0 | AT26: =$D$11*(1+$AS26) -> 680.02 | AU26: =$E$11*(1+$AS26) -> 1288.54 | AV26: {=IF($F$11-$I$4+VLOOKUP($R26,武学奇术!$A:$ZZ,9,FALSE)+SUM(_xlfn.XLOOKUP(S26:AG26,增益!$A:$A,增益!$I:$I,0))>0,($F$11-$I$4+VLOOKUP($R26,武学奇术!$A:$ZZ,9,FALSE)+SUM(_xlfn.XLOOKUP(S26:AG26,增益!$A:$A,增益!$I:$I,0)))/200,($F$11-$I$4+VLOOKUP($R26,武学奇术!$A:$ZZ,9,FALSE)+SUM(_xlfn.XLOOKUP(S26:AG26,增益!$A:$A,增益!$I:$I,0)))/100)} -> 0 | AW26: {=$G$11+VLOOKUP($R26,武学奇术!$A:$ZZ,10,FALSE)+SUM(_xlfn.XLOOKUP(S26:AG26,增益!$A:$A,增益!$J:$J,0))} -> 0.15 | AX26: =$D$12*(1+$AS26) -> 0 | AY26: =$E$12*(1+$AS26) -> 0 | AZ26: {=IF($F$12-$I$4+VLOOKUP($R26,武学奇术!$A:$ZZ,11,FALSE)+SUM(_xlfn.XLOOKUP(S26:AG26,增益!$A:$A,增益!$K:$K,0))>0,($F$12-$I$4+VLOOKUP($R26,武学奇术!$A:$ZZ,11,FALSE)+SUM(_xlfn.XLOOKUP(S26:AG26,增益!$A:$A,增益!$K:$K,0)))/200,($F$12-$I$4+VLOOKUP($R26,武学奇术!$A:$ZZ,11,FALSE)+SUM(_xlfn.XLOOKUP(S26:AG26,增益!$A:$A,增益!$K:$K,0)))/100)} -> -0.3 | BA26: {=$G$12+VLOOKUP($R26,武学奇术!$A:$ZZ,12,FALSE)+SUM(_xlfn.XLOOKUP(S26:AG26,增益!$A:$A,增益!$L:$L,0))} -> 0 | BB26: =$D$13*(1+$AS26) -> 0 | BC26: =$E$13*(1+$AS26) -> 0 | BD26: {=IF($F$13-$I$4+VLOOKUP($R26,武学奇术!$A:$ZZ,13,FALSE)+SUM(_xlfn.XLOOKUP(S26:AG26,增益!$A:$A,增益!$M:$M,0))>0,($F$13-$I$4+VLOOKUP($R26,武学奇术!$A:$ZZ,13,FALSE)+SUM(_xlfn.XLOOKUP(S26:AG26,增益!$A:$A,增益!$K:$K,0)))/200,($F$13-$I$4+VLOOKUP($R26,武学奇术!$A:$ZZ,13,FALSE)+SUM(_xlfn.XLOOKUP(S26:AG26,增益!$A:$A,增益!$M:$M,0)))/100)} -> -0.3 | BE26: {=$G$13+VLOOKUP($R26,武学奇术!$A:$ZZ,14,FALSE)+SUM(_xlfn.XLOOKUP(S26:AG26,增益!$A:$A,增益!$N:$N,0))} -> 0 | BF26: =$D$14*(1+$AS26) -> 0 | BG26: =$E$14*(1+$AS26) -> 0 | BH26: {=IF($F$14-$I$4+VLOOKUP($R26,武学奇术!$A:$ZZ,15,FALSE)+SUM(_xlfn.XLOOKUP(S26:AG26,增益!$A:$A,增益!$O:$O,0))>0,($F$14-$I$4+VLOOKUP($R26,武学奇术!$A:$ZZ,15,FALSE)+SUM(_xlfn.XLOOKUP(S26:AG26,增益!$A:$A,增益!$O:$O,0)))/200,($F$14-$I$4+VLOOKUP($R26,武学奇术!$A:$ZZ,15,FALSE)+SUM(_xlfn.XLOOKUP(S26:AG26,增益!$A:$A,增益!$O:$O,0)))/100)} -> -0.3 | BI26: {=$G$14+VLOOKUP($R26,武学奇术!$A:$ZZ,16,FALSE)+SUM(_xlfn.XLOOKUP(S26:AG26,增益!$A:$A,增益!$P:$P,0))} -> 0 | BJ26: =MIN(IF(VLOOKUP($R26,武学奇术!$A:$ZZ,23,FALSE)=1,100%,$B$8),100%) -> 0.8229 | BK26: {=IF(VLOOKUP($R26,武学奇术!$A:$ZZ,23,FALSE)=1,100%,MIN(80%,$B$9+VLOOKUP($R26,武学奇术!$A:$ZZ,17,FALSE)+SUM(_xlfn.XLOOKUP(S26:AG26,增益!$A:$A,增益!$Q:$Q,0)))+$B$11+SUM(_xlfn.XLOOKUP(S26:AG26,增益!$A:$A,增益!$U:$U,0)))*IF(VLOOKUP($R26,武学奇术!$A:$ZZ,24,FALSE)=1,0,1)} -> 0.2285 | BL26: {=1+$B$13+VLOOKUP($R26,武学奇术!$A:$ZZ,18,FALSE)+SUM(_xlfn.XLOOKUP(S26:AG26,增益!$A:$A,增益!$R:$R,0))} -> 1.5 | BM26: {=IF(VLOOKUP($R26,武学奇术!$A:$ZZ,24,FALSE)=1,100%,MIN(40%,$B$10+VLOOKUP($R26,武学奇术!$A:$ZZ,19,FALSE)+SUM(_xlfn.XLOOKUP(S26:AG26,增益!$A:$A,增益!$S:$S,0)))+$B$12+SUM(_xlfn.XLOOKUP(S26:AG26,增益!$A:$A,增益!$V:$V,0)))*IF(VLOOKUP($R26,武学奇术!$A:$ZZ,23,FALSE)=1,0,1)} -> 0.4495 | BN26: {=1+$B$14+VLOOKUP($R26,武学奇术!$A:$ZZ,20,FALSE)+SUM(_xlfn.XLOOKUP(S26:AG26,增益!$A:$A,增益!$T:$T,0))} -> 1.552 | BO26: =MIN((1-BM26)*BJ26,BJ26*BK26) -> 0.18803265 | BP26: =1-BM26-BO26-BQ26 -> 0.2649738 | BQ26: =IF(VLOOKUP($R26,武学奇术!$A:$ZZ,22,FALSE)=1,0,(1-$BJ26))*(1-$BM26) -> 0.09749355 | BR26: {=SUM(_xlfn.XLOOKUP(S26:AG26,增益!$A:$A,增益!$W:$W,0))+$I$5} -> 0.06
B27: 143.5 | K27: =$L27*VLOOKUP($R27,武学奇术!$A:$ZZ,31,FALSE) -> 67343.783 | L27: =($M27*$BO27+$N27*$BM27+$O27*$BP27+$P27*$BQ27) -> 67343.783 | M27: =((($AO27+$AP27)/2*$AI27+$AJ27)*(1+$AQ27)*(1+$AR27)+(($AT27+$AU27)/2*IF($G$1="鸣金",$AK27,$AI27)+IF($G$1="鸣金",$AL27*1.5,0))*(1+$AV27)*(1+$AW27)+(($AX27+$AY27)/2*IF($G$1="裂石",$AK27,$AI27)+IF($G$1="裂石",$AL27*1.5,0))*(1+$AZ27)*(1+$BA27)+(($BB27+$BC27)/2*IF($G$1="牵丝",$AK27,$AI27)+IF($G$1="牵丝",$AL27*1.5,0))*(1+$BD27)*(1+$BE27)+(($BF27+$BG27)/2*IF($G$1="破竹",$AK27,$AI27)+IF($G$1="破竹",$AL27*1.5,0))*(1+$BH27)*(1+$BI27))*(1+$AM27)*$BL27*$Q27*(1+IF(VLOOKUP($R27,武学奇术!$A:$ZZ,30,FALSE)="流血",$B$21,0))*(1+$BR27) -> 60540.231 | N27: =(($AP27*$AI27+$AJ27)*(1+$AQ27)*(1+$AR27)+($AU27*IF($G$1="鸣金",$AK27,$AI27)+IF($G$1="鸣金",$AL27*1.5,0))*(1+$AV27)*(1+$AW27)+($AY27*IF($G$1="裂石",$AK27,$AI27)+IF($G$1="裂石",$AL27*1.5,0))*(1+$AZ27)*(1+$BA27)+($BC27*IF($G$1="牵丝",$AK27,$AI27)+IF($G$1="牵丝",$AL27*1.5,0))*(1+$BD27)*(1+$BE27)+($BG27*IF($G$1="破竹",$AK27,$AI27)+IF($G$1="破竹",$AL27*1.5,0))*(1+$BH27)*(1+$BI27))*(1+$AM27)*$BN27*$Q27*(1+IF(VLOOKUP($R27,武学奇术!$A:$ZZ,30,FALSE)="流血",$B$21,0))*(1+$BR27) -> 96609.869 | O27: =((($AO27+$AP27)/2*$AI27+$AJ27)*(1+$AQ27)*(1+$AR27)+(($AT27+$AU27)/2*IF($G$1="鸣金",$AK27,$AI27)+IF($G$1="鸣金",$AL27*1.5,0))*(1+$AV27)*(1+$AW27)+(($AX27+$AY27)/2*IF($G$1="裂石",$AK27,$AI27)+IF($G$1="裂石",$AL27*1.5,0))*(1+$AZ27)*(1+$BA27)+(($BB27+$BC27)/2*IF($G$1="牵丝",$AK27,$AI27)+IF($G$1="牵丝",$AL27*1.5,0))*(1+$BD27)*(1+$BE27)+(($BF27+$BG27)/2*IF($G$1="破竹",$AK27,$AI27)+IF($G$1="破竹",$AL27*1.5,0))*(1+$BH27)*(1+$BI27))*(1+$AM27)*$Q27*(1+IF(VLOOKUP($R27,武学奇术!$A:$ZZ,30,FALSE)="流血",$B$21,0))*(1+$BR27) -> 40360.154 | P27: =((($AO27*$AI27+$AJ27)*(1+$AQ27)*(1+$AR27)+($AT27*IF($G$1="鸣金",$AK27,$AI27)+IF($G$1="鸣金",$AL27*1.5,0))*(1+$AV27)*(1+$AW27)+($AX27*IF($G$1="裂石",$AK27,$AI27)+IF($G$1="裂石",$AL27*1.5,0))*(1+$AZ27)*(1+$BA27)+($BB27*IF($G$1="牵丝",$AK27,$AI27)+IF($G$1="牵丝",$AL27*1.5,0))*(1+$BD27)*(1+$BE27)+($BF27*IF($G$1="破竹",$AK27,$AI27)+IF($G$1="破竹",$AL27*1.5,0))*(1+$BH27)*(1+$BI27))*(1+$AM27))*$Q27*(1+IF(VLOOKUP($R27,武学奇术!$A:$ZZ,30,FALSE)="流血",$B$21,0))*(1+$BR27) -> 18870.201 | Q27: 1 | R27: 太白醉月5 | S27: 强效江流 | T27: 看破 | U27: N/a | V27: N/a | W27: 特殊技减防 | X27: 易水歌5层 | Y27: N/a | Z27: N/a | AA27: 惧刃(拐) | AB27: 裁云(拐) | AC27: 扶风(拐) | AD27: 离猎(拐) | AE27: 伞增(拐) | AF27: N/a | AG27: 秋瞑帖6层 | AH27: =VLOOKUP($R27,武学奇术!$A:$ZZ,25,FALSE) -> 单体奇术 | AI27: =VLOOKUP($R27,武学奇术!$A:$ZZ,26,FALSE) -> 1.7065 | AJ27: =VLOOKUP($R27,武学奇术!$A:$ZZ,27,FALSE)*(1+IF(OR($AH27=$F$4,$AH27=$F$5),$B$22,0)) -> 327 | AK27: =VLOOKUP($R27,武学奇术!$A:$ZZ,28,FALSE) -> 2.55975 | AL27: =VLOOKUP($R27,武学奇术!$A:$ZZ,29,FALSE)*(1+IF(OR($AH27=$F$4,$AH27=$F$5),$B$22,0)) -> 0 | AM27: {=$G$3+IFERROR(VLOOKUP($AH27,$F$4:$G$7,2,FALSE),0)+VLOOKUP($R27,武学奇术!$A:$ZZ,2,FALSE)+SUM(_xlfn.XLOOKUP($S27:$AG27,增益!$A:$A,增益!$B:$B,0))} -> 1.723 | AN27: {=VLOOKUP($R27,武学奇术!$A:$ZZ,5,FALSE)+SUM(_xlfn.XLOOKUP($S27:$AG27,增益!$A:$A,增益!$E:$E,0))} -> 0 | AO27: {=$D$10*(1+$AN27)+VLOOKUP($R27,武学奇术!$A:$ZZ,3,FALSE)+SUM(_xlfn.XLOOKUP($S27:$AG27,增益!$A:$A,增益!$C:$C,0))-$I$2} -> 1862.48 | AP27: {=$E$10*(1+$AN27)+VLOOKUP($R27,武学奇术!$A:$ZZ,4,FALSE)+SUM(_xlfn.XLOOKUP($S27:$AG27,增益!$A:$A,增益!$D:$D,0))-$I$2} -> 7794.56 | AQ27: {=IF($F$10-$I$3+VLOOKUP($R27,武学奇术!$A:$ZZ,6,FALSE)+SUM(_xlfn.XLOOKUP(S27:AG27,增益!$A:$A,增益!$F:$F,0))>0,($F$10-$I$3+VLOOKUP($R27,武学奇术!$A:$ZZ,6,FALSE)+SUM(_xlfn.XLOOKUP(S27:AG27,增益!$A:$A,增益!$F:$F,0)))/200,($F$10-$I$3+VLOOKUP($R27,武学奇术!$A:$ZZ,6,FALSE)+SUM(_xlfn.XLOOKUP(S27:AG27,增益!$A:$A,增益!$F:$F,0)))/100)} -> 0.294 | AR27: {=$G$10+VLOOKUP($R27,武学奇术!$A:$ZZ,7,FALSE)+SUM(_xlfn.XLOOKUP(S27:AG27,增益!$A:$A,增益!$G:$G,0))} -> 0 | AS27: {=VLOOKUP($R27,武学奇术!$A:$ZZ,8,FALSE)+SUM(_xlfn.XLOOKUP(S27:AG27,增益!$A:$A,增益!$H:$H,0))} -> 0 | AT27: =$D$11*(1+$AS27) -> 680.02 | AU27: =$E$11*(1+$AS27) -> 1288.54 | AV27: {=IF($F$11-$I$4+VLOOKUP($R27,武学奇术!$A:$ZZ,9,FALSE)+SUM(_xlfn.XLOOKUP(S27:AG27,增益!$A:$A,增益!$I:$I,0))>0,($F$11-$I$4+VLOOKUP($R27,武学奇术!$A:$ZZ,9,FALSE)+SUM(_xlfn.XLOOKUP(S27:AG27,增益!$A:$A,增益!$I:$I,0)))/200,($F$11-$I$4+VLOOKUP($R27,武学奇术!$A:$ZZ,9,FALSE)+SUM(_xlfn.XLOOKUP(S27:AG27,增益!$A:$A,增益!$I:$I,0)))/100)} -> 0 | AW27: {=$G$11+VLOOKUP($R27,武学奇术!$A:$ZZ,10,FALSE)+SUM(_xlfn.XLOOKUP(S27:AG27,增益!$A:$A,增益!$J:$J,0))} -> 0.15 | AX27: =$D$12*(1+$AS27) -> 0 | AY27: =$E$12*(1+$AS27) -> 0 | AZ27: {=IF($F$12-$I$4+VLOOKUP($R27,武学奇术!$A:$ZZ,11,FALSE)+SUM(_xlfn.XLOOKUP(S27:AG27,增益!$A:$A,增益!$K:$K,0))>0,($F$12-$I$4+VLOOKUP($R27,武学奇术!$A:$ZZ,11,FALSE)+SUM(_xlfn.XLOOKUP(S27:AG27,增益!$A:$A,增益!$K:$K,0)))/200,($F$12-$I$4+VLOOKUP($R27,武学奇术!$A:$ZZ,11,FALSE)+SUM(_xlfn.XLOOKUP(S27:AG27,增益!$A:$A,增益!$K:$K,0)))/100)} -> -0.3 | BA27: {=$G$12+VLOOKUP($R27,武学奇术!$A:$ZZ,12,FALSE)+SUM(_xlfn.XLOOKUP(S27:AG27,增益!$A:$A,增益!$L:$L,0))} -> 0 | BB27: =$D$13*(1+$AS27) -> 0 | BC27: =$E$13*(1+$AS27) -> 0 | BD27: {=IF($F$13-$I$4+VLOOKUP($R27,武学奇术!$A:$ZZ,13,FALSE)+SUM(_xlfn.XLOOKUP(S27:AG27,增益!$A:$A,增益!$M:$M,0))>0,($F$13-$I$4+VLOOKUP($R27,武学奇术!$A:$ZZ,13,FALSE)+SUM(_xlfn.XLOOKUP(S27:AG27,增益!$A:$A,增益!$K:$K,0)))/200,($F$13-$I$4+VLOOKUP($R27,武学奇术!$A:$ZZ,13,FALSE)+SUM(_xlfn.XLOOKUP(S27:AG27,增益!$A:$A,增益!$M:$M,0)))/100)} -> -0.3 | BE27: {=$G$13+VLOOKUP($R27,武学奇术!$A:$ZZ,14,FALSE)+SUM(_xlfn.XLOOKUP(S27:AG27,增益!$A:$A,增益!$N:$N,0))} -> 0 | BF27: =$D$14*(1+$AS27) -> 0 | BG27: =$E$14*(1+$AS27) -> 0 | BH27: {=IF($F$14-$I$4+VLOOKUP($R27,武学奇术!$A:$ZZ,15,FALSE)+SUM(_xlfn.XLOOKUP(S27:AG27,增益!$A:$A,增益!$O:$O,0))>0,($F$14-$I$4+VLOOKUP($R27,武学奇术!$A:$ZZ,15,FALSE)+SUM(_xlfn.XLOOKUP(S27:AG27,增益!$A:$A,增益!$O:$O,0)))/200,($F$14-$I$4+VLOOKUP($R27,武学奇术!$A:$ZZ,15,FALSE)+SUM(_xlfn.XLOOKUP(S27:AG27,增益!$A:$A,增益!$O:$O,0)))/100)} -> -0.3 | BI27: {=$G$14+VLOOKUP($R27,武学奇术!$A:$ZZ,16,FALSE)+SUM(_xlfn.XLOOKUP(S27:AG27,增益!$A:$A,增益!$P:$P,0))} -> 0 | BJ27: =MIN(IF(VLOOKUP($R27,武学奇术!$A:$ZZ,23,FALSE)=1,100%,$B$8),100%) -> 0.8229 | BK27: {=IF(VLOOKUP($R27,武学奇术!$A:$ZZ,23,FALSE)=1,100%,MIN(80%,$B$9+VLOOKUP($R27,武学奇术!$A:$ZZ,17,FALSE)+SUM(_xlfn.XLOOKUP(S27:AG27,增益!$A:$A,增益!$Q:$Q,0)))+$B$11+SUM(_xlfn.XLOOKUP(S27:AG27,增益!$A:$A,增益!$U:$U,0)))*IF(VLOOKUP($R27,武学奇术!$A:$ZZ,24,FALSE)=1,0,1)} -> 0.2285 | BL27: {=1+$B$13+VLOOKUP($R27,武学奇术!$A:$ZZ,18,FALSE)+SUM(_xlfn.XLOOKUP(S27:AG27,增益!$A:$A,增益!$R:$R,0))} -> 1.5 | BM27: {=IF(VLOOKUP($R27,武学奇术!$A:$ZZ,24,FALSE)=1,100%,MIN(40%,$B$10+VLOOKUP($R27,武学奇术!$A:$ZZ,19,FALSE)+SUM(_xlfn.XLOOKUP(S27:AG27,增益!$A:$A,增益!$S:$S,0)))+$B$12+SUM(_xlfn.XLOOKUP(S27:AG27,增益!$A:$A,增益!$V:$V,0)))*IF(VLOOKUP($R27,武学奇术!$A:$ZZ,23,FALSE)=1,0,1)} -> 0.4495 | BN27: {=1+$B$14+VLOOKUP($R27,武学奇术!$A:$ZZ,20,FALSE)+SUM(_xlfn.XLOOKUP(S27:AG27,增益!$A:$A,增益!$T:$T,0))} -> 1.562 | BO27: =MIN((1-BM27)*BJ27,BJ27*BK27) -> 0.18803265 | BP27: =1-BM27-BO27-BQ27 -> 0.2649738 | BQ27: =IF(VLOOKUP($R27,武学奇术!$A:$ZZ,22,FALSE)=1,0,(1-$BJ27))*(1-$BM27) -> 0.09749355 | BR27: {=SUM(_xlfn.XLOOKUP(S27:AG27,增益!$A:$A,增益!$W:$W,0))+$I$5} -> 0.06
A28: 短蓄力 | B28: 1 | K28: =$L28*VLOOKUP($R28,武学奇术!$A:$ZZ,31,FALSE) -> 44840.247 | L28: =($M28*$BO28+$N28*$BM28+$O28*$BP28+$P28*$BQ28) -> 44840.247 | M28: =((($AO28+$AP28)/2*$AI28+$AJ28)*(1+$AQ28)*(1+$AR28)+(($AT28+$AU28)/2*IF($G$1="鸣金",$AK28,$AI28)+IF($G$1="鸣金",$AL28*1.5,0))*(1+$AV28)*(1+$AW28)+(($AX28+$AY28)/2*IF($G$1="裂石",$AK28,$AI28)+IF($G$1="裂石",$AL28*1.5,0))*(1+$AZ28)*(1+$BA28)+(($BB28+$BC28)/2*IF($G$1="牵丝",$AK28,$AI28)+IF($G$1="牵丝",$AL28*1.5,0))*(1+$BD28)*(1+$BE28)+(($BF28+$BG28)/2*IF($G$1="破竹",$AK28,$AI28)+IF($G$1="破竹",$AL28*1.5,0))*(1+$BH28)*(1+$BI28))*(1+$AM28)*$BL28*$Q28*(1+IF(VLOOKUP($R28,武学奇术!$A:$ZZ,30,FALSE)="流血",$B$21,0))*(1+$BR28) -> 40309.922 | N28: =(($AP28*$AI28+$AJ28)*(1+$AQ28)*(1+$AR28)+($AU28*IF($G$1="鸣金",$AK28,$AI28)+IF($G$1="鸣金",$AL28*1.5,0))*(1+$AV28)*(1+$AW28)+($AY28*IF($G$1="裂石",$AK28,$AI28)+IF($G$1="裂石",$AL28*1.5,0))*(1+$AZ28)*(1+$BA28)+($BC28*IF($G$1="牵丝",$AK28,$AI28)+IF($G$1="牵丝",$AL28*1.5,0))*(1+$BD28)*(1+$BE28)+($BG28*IF($G$1="破竹",$AK28,$AI28)+IF($G$1="破竹",$AL28*1.5,0))*(1+$BH28)*(1+$BI28))*(1+$AM28)*$BN28*$Q28*(1+IF(VLOOKUP($R28,武学奇术!$A:$ZZ,30,FALSE)="流血",$B$21,0))*(1+$BR28) -> 64327.114 | O28: =((($AO28+$AP28)/2*$AI28+$AJ28)*(1+$AQ28)*(1+$AR28)+(($AT28+$AU28)/2*IF($G$1="鸣金",$AK28,$AI28)+IF($G$1="鸣金",$AL28*1.5,0))*(1+$AV28)*(1+$AW28)+(($AX28+$AY28)/2*IF($G$1="裂石",$AK28,$AI28)+IF($G$1="裂石",$AL28*1.5,0))*(1+$AZ28)*(1+$BA28)+(($BB28+$BC28)/2*IF($G$1="牵丝",$AK28,$AI28)+IF($G$1="牵丝",$AL28*1.5,0))*(1+$BD28)*(1+$BE28)+(($BF28+$BG28)/2*IF($G$1="破竹",$AK28,$AI28)+IF($G$1="破竹",$AL28*1.5,0))*(1+$BH28)*(1+$BI28))*(1+$AM28)*$Q28*(1+IF(VLOOKUP($R28,武学奇术!$A:$ZZ,30,FALSE)="流血",$B$21,0))*(1+$BR28) -> 26873.281 | P28: =((($AO28*$AI28+$AJ28)*(1+$AQ28)*(1+$AR28)+($AT28*IF($G$1="鸣金",$AK28,$AI28)+IF($G$1="鸣金",$AL28*1.5,0))*(1+$AV28)*(1+$AW28)+($AX28*IF($G$1="裂石",$AK28,$AI28)+IF($G$1="裂石",$AL28*1.5,0))*(1+$AZ28)*(1+$BA28)+($BB28*IF($G$1="牵丝",$AK28,$AI28)+IF($G$1="牵丝",$AL28*1.5,0))*(1+$BD28)*(1+$BE28)+($BF28*IF($G$1="破竹",$AK28,$AI28)+IF($G$1="破竹",$AL28*1.5,0))*(1+$BH28)*(1+$BI28))*(1+$AM28))*$Q28*(1+IF(VLOOKUP($R28,武学奇术!$A:$ZZ,30,FALSE)="流血",$B$21,0))*(1+$BR28) -> 12564.031 | Q28: 1 | R28: 太白醉月暗灼 | S28: 强效江流 | T28: 看破 | U28: N/a | V28: N/a | W28: 特殊技减防 | X28: 易水歌5层 | Y28: N/a | Z28: N/a | AA28: 惧刃(拐) | AB28: 裁云(拐) | AC28: 扶风(拐) | AD28: 离猎(拐) | AE28: 伞增(拐) | AF28: N/a | AG28: 秋瞑帖6层 | AH28: =VLOOKUP($R28,武学奇术!$A:$ZZ,25,FALSE) -> 单体奇术 | AI28: =VLOOKUP($R28,武学奇术!$A:$ZZ,26,FALSE) -> 1.609 | AJ28: =VLOOKUP($R28,武学奇术!$A:$ZZ,27,FALSE)*(1+IF(OR($AH28=$F$4,$AH28=$F$5),$B$22,0)) -> 308 | AK28: =VLOOKUP($R28,武学奇术!$A:$ZZ,28,FALSE) -> 2.4135 | AL28: =VLOOKUP($R28,武学奇术!$A:$ZZ,29,FALSE)*(1+IF(OR($AH28=$F$4,$AH28=$F$5),$B$22,0)) -> 0 | AM28: {=$G$3+IFERROR(VLOOKUP($AH28,$F$4:$G$7,2,FALSE),0)+VLOOKUP($R28,武学奇术!$A:$ZZ,2,FALSE)+SUM(_xlfn.XLOOKUP($S28:$AG28,增益!$A:$A,增益!$B:$B,0))} -> 0.923 | AN28: {=VLOOKUP($R28,武学奇术!$A:$ZZ,5,FALSE)+SUM(_xlfn.XLOOKUP($S28:$AG28,增益!$A:$A,增益!$E:$E,0))} -> 0 | AO28: {=$D$10*(1+$AN28)+VLOOKUP($R28,武学奇术!$A:$ZZ,3,FALSE)+SUM(_xlfn.XLOOKUP($S28:$AG28,增益!$A:$A,增益!$C:$C,0))-$I$2} -> 1862.48 | AP28: {=$E$10*(1+$AN28)+VLOOKUP($R28,武学奇术!$A:$ZZ,4,FALSE)+SUM(_xlfn.XLOOKUP($S28:$AG28,增益!$A:$A,增益!$D:$D,0))-$I$2} -> 7794.56 | AQ28: {=IF($F$10-$I$3+VLOOKUP($R28,武学奇术!$A:$ZZ,6,FALSE)+SUM(_xlfn.XLOOKUP(S28:AG28,增益!$A:$A,增益!$F:$F,0))>0,($F$10-$I$3+VLOOKUP($R28,武学奇术!$A:$ZZ,6,FALSE)+SUM(_xlfn.XLOOKUP(S28:AG28,增益!$A:$A,增益!$F:$F,0)))/200,($F$10-$I$3+VLOOKUP($R28,武学奇术!$A:$ZZ,6,FALSE)+SUM(_xlfn.XLOOKUP(S28:AG28,增益!$A:$A,增益!$F:$F,0)))/100)} -> 0.294 | AR28: {=$G$10+VLOOKUP($R28,武学奇术!$A:$ZZ,7,FALSE)+SUM(_xlfn.XLOOKUP(S28:AG28,增益!$A:$A,增益!$G:$G,0))} -> 0 | AS28: {=VLOOKUP($R28,武学奇术!$A:$ZZ,8,FALSE)+SUM(_xlfn.XLOOKUP(S28:AG28,增益!$A:$A,增益!$H:$H,0))} -> 0 | AT28: =$D$11*(1+$AS28) -> 680.02 | AU28: =$E$11*(1+$AS28) -> 1288.54 | AV28: {=IF($F$11-$I$4+VLOOKUP($R28,武学奇术!$A:$ZZ,9,FALSE)+SUM(_xlfn.XLOOKUP(S28:AG28,增益!$A:$A,增益!$I:$I,0))>0,($F$11-$I$4+VLOOKUP($R28,武学奇术!$A:$ZZ,9,FALSE)+SUM(_xlfn.XLOOKUP(S28:AG28,增益!$A:$A,增益!$I:$I,0)))/200,($F$11-$I$4+VLOOKUP($R28,武学奇术!$A:$ZZ,9,FALSE)+SUM(_xlfn.XLOOKUP(S28:AG28,增益!$A:$A,增益!$I:$I,0)))/100)} -> 0 | AW28: {=$G$11+VLOOKUP($R28,武学奇术!$A:$ZZ,10,FALSE)+SUM(_xlfn.XLOOKUP(S28:AG28,增益!$A:$A,增益!$J:$J,0))} -> 0.15 | AX28: =$D$12*(1+$AS28) -> 0 | AY28: =$E$12*(1+$AS28) -> 0 | AZ28: {=IF($F$12-$I$4+VLOOKUP($R28,武学奇术!$A:$ZZ,11,FALSE)+SUM(_xlfn.XLOOKUP(S28:AG28,增益!$A:$A,增益!$K:$K,0))>0,($F$12-$I$4+VLOOKUP($R28,武学奇术!$A:$ZZ,11,FALSE)+SUM(_xlfn.XLOOKUP(S28:AG28,增益!$A:$A,增益!$K:$K,0)))/200,($F$12-$I$4+VLOOKUP($R28,武学奇术!$A:$ZZ,11,FALSE)+SUM(_xlfn.XLOOKUP(S28:AG28,增益!$A:$A,增益!$K:$K,0)))/100)} -> -0.3 | BA28: {=$G$12+VLOOKUP($R28,武学奇术!$A:$ZZ,12,FALSE)+SUM(_xlfn.XLOOKUP(S28:AG28,增益!$A:$A,增益!$L:$L,0))} -> 0 | BB28: =$D$13*(1+$AS28) -> 0 | BC28: =$E$13*(1+$AS28) -> 0 | BD28: {=IF($F$13-$I$4+VLOOKUP($R28,武学奇术!$A:$ZZ,13,FALSE)+SUM(_xlfn.XLOOKUP(S28:AG28,增益!$A:$A,增益!$M:$M,0))>0,($F$13-$I$4+VLOOKUP($R28,武学奇术!$A:$ZZ,13,FALSE)+SUM(_xlfn.XLOOKUP(S28:AG28,增益!$A:$A,增益!$K:$K,0)))/200,($F$13-$I$4+VLOOKUP($R28,武学奇术!$A:$ZZ,13,FALSE)+SUM(_xlfn.XLOOKUP(S28:AG28,增益!$A:$A,增益!$M:$M,0)))/100)} -> -0.3 | BE28: {=$G$13+VLOOKUP($R28,武学奇术!$A:$ZZ,14,FALSE)+SUM(_xlfn.XLOOKUP(S28:AG28,增益!$A:$A,增益!$N:$N,0))} -> 0 | BF28: =$D$14*(1+$AS28) -> 0 | BG28: =$E$14*(1+$AS28) -> 0 | BH28: {=IF($F$14-$I$4+VLOOKUP($R28,武学奇术!$A:$ZZ,15,FALSE)+SUM(_xlfn.XLOOKUP(S28:AG28,增益!$A:$A,增益!$O:$O,0))>0,($F$14-$I$4+VLOOKUP($R28,武学奇术!$A:$ZZ,15,FALSE)+SUM(_xlfn.XLOOKUP(S28:AG28,增益!$A:$A,增益!$O:$O,0)))/200,($F$14-$I$4+VLOOKUP($R28,武学奇术!$A:$ZZ,15,FALSE)+SUM(_xlfn.XLOOKUP(S28:AG28,增益!$A:$A,增益!$O:$O,0)))/100)} -> -0.3 | BI28: {=$G$14+VLOOKUP($R28,武学奇术!$A:$ZZ,16,FALSE)+SUM(_xlfn.XLOOKUP(S28:AG28,增益!$A:$A,增益!$P:$P,0))} -> 0 | BJ28: =MIN(IF(VLOOKUP($R28,武学奇术!$A:$ZZ,23,FALSE)=1,100%,$B$8),100%) -> 0.8229 | BK28: {=IF(VLOOKUP($R28,武学奇术!$A:$ZZ,23,FALSE)=1,100%,MIN(80%,$B$9+VLOOKUP($R28,武学奇术!$A:$ZZ,17,FALSE)+SUM(_xlfn.XLOOKUP(S28:AG28,增益!$A:$A,增益!$Q:$Q,0)))+$B$11+SUM(_xlfn.XLOOKUP(S28:AG28,增益!$A:$A,增益!$U:$U,0)))*IF(VLOOKUP($R28,武学奇术!$A:$ZZ,24,FALSE)=1,0,1)} -> 0.2285 | BL28: {=1+$B$13+VLOOKUP($R28,武学奇术!$A:$ZZ,18,FALSE)+SUM(_xlfn.XLOOKUP(S28:AG28,增益!$A:$A,增益!$R:$R,0))} -> 1.5 | BM28: {=IF(VLOOKUP($R28,武学奇术!$A:$ZZ,24,FALSE)=1,100%,MIN(40%,$B$10+VLOOKUP($R28,武学奇术!$A:$ZZ,19,FALSE)+SUM(_xlfn.XLOOKUP(S28:AG28,增益!$A:$A,增益!$S:$S,0)))+$B$12+SUM(_xlfn.XLOOKUP(S28:AG28,增益!$A:$A,增益!$V:$V,0)))*IF(VLOOKUP($R28,武学奇术!$A:$ZZ,23,FALSE)=1,0,1)} -> 0.4495 | BN28: {=1+$B$14+VLOOKUP($R28,武学奇术!$A:$ZZ,20,FALSE)+SUM(_xlfn.XLOOKUP(S28:AG28,增益!$A:$A,增益!$T:$T,0))} -> 1.562 | BO28: =MIN((1-BM28)*BJ28,BJ28*BK28) -> 0.18803265 | BP28: =1-BM28-BO28-BQ28 -> 0.2649738 | BQ28: =IF(VLOOKUP($R28,武学奇术!$A:$ZZ,22,FALSE)=1,0,(1-$BJ28))*(1-$BM28) -> 0.09749355 | BR28: {=SUM(_xlfn.XLOOKUP(S28:AG28,增益!$A:$A,增益!$W:$W,0))+$I$5} -> 0.06
A29: 愁无酒+切武器 | B29: 2.2 | G29: 惧刃 | K29: =$L29*VLOOKUP($R29,武学奇术!$A:$ZZ,31,FALSE) -> 31195.232 | L29: =($M29*$BO29+$N29*$BM29+$O29*$BP29+$P29*$BQ29) -> 31195.232 | M29: =((($AO29+$AP29)/2*$AI29+$AJ29)*(1+$AQ29)*(1+$AR29)+(($AT29+$AU29)/2*IF($G$1="鸣金",$AK29,$AI29)+IF($G$1="鸣金",$AL29*1.5,0))*(1+$AV29)*(1+$AW29)+(($AX29+$AY29)/2*IF($G$1="裂石",$AK29,$AI29)+IF($G$1="裂石",$AL29*1.5,0))*(1+$AZ29)*(1+$BA29)+(($BB29+$BC29)/2*IF($G$1="牵丝",$AK29,$AI29)+IF($G$1="牵丝",$AL29*1.5,0))*(1+$BD29)*(1+$BE29)+(($BF29+$BG29)/2*IF($G$1="破竹",$AK29,$AI29)+IF($G$1="破竹",$AL29*1.5,0))*(1+$BH29)*(1+$BI29))*(1+$AM29)*$BL29*$Q29*(1+IF(VLOOKUP($R29,武学奇术!$A:$ZZ,30,FALSE)="流血",$B$21,0))*(1+$BR29) -> 28439.939 | N29: =(($AP29*$AI29+$AJ29)*(1+$AQ29)*(1+$AR29)+($AU29*IF($G$1="鸣金",$AK29,$AI29)+IF($G$1="鸣金",$AL29*1.5,0))*(1+$AV29)*(1+$AW29)+($AY29*IF($G$1="裂石",$AK29,$AI29)+IF($G$1="裂石",$AL29*1.5,0))*(1+$AZ29)*(1+$BA29)+($BC29*IF($G$1="牵丝",$AK29,$AI29)+IF($G$1="牵丝",$AL29*1.5,0))*(1+$BD29)*(1+$BE29)+($BG29*IF($G$1="破竹",$AK29,$AI29)+IF($G$1="破竹",$AL29*1.5,0))*(1+$BH29)*(1+$BI29))*(1+$AM29)*$BN29*$Q29*(1+IF(VLOOKUP($R29,武学奇术!$A:$ZZ,30,FALSE)="流血",$B$21,0))*(1+$BR29) -> 44245.559 | O29: =((($AO29+$AP29)/2*$AI29+$AJ29)*(1+$AQ29)*(1+$AR29)+(($AT29+$AU29)/2*IF($G$1="鸣金",$AK29,$AI29)+IF($G$1="鸣金",$AL29*1.5,0))*(1+$AV29)*(1+$AW29)+(($AX29+$AY29)/2*IF($G$1="裂石",$AK29,$AI29)+IF($G$1="裂石",$AL29*1.5,0))*(1+$AZ29)*(1+$BA29)+(($BB29+$BC29)/2*IF($G$1="牵丝",$AK29,$AI29)+IF($G$1="牵丝",$AL29*1.5,0))*(1+$BD29)*(1+$BE29)+(($BF29+$BG29)/2*IF($G$1="破竹",$AK29,$AI29)+IF($G$1="破竹",$AL29*1.5,0))*(1+$BH29)*(1+$BI29))*(1+$AM29)*$Q29*(1+IF(VLOOKUP($R29,武学奇术!$A:$ZZ,30,FALSE)="流血",$B$21,0))*(1+$BR29) -> 18959.96 | P29: =((($AO29*$AI29+$AJ29)*(1+$AQ29)*(1+$AR29)+($AT29*IF($G$1="鸣金",$AK29,$AI29)+IF($G$1="鸣金",$AL29*1.5,0))*(1+$AV29)*(1+$AW29)+($AX29*IF($G$1="裂石",$AK29,$AI29)+IF($G$1="裂石",$AL29*1.5,0))*(1+$AZ29)*(1+$BA29)+($BB29*IF($G$1="牵丝",$AK29,$AI29)+IF($G$1="牵丝",$AL29*1.5,0))*(1+$BD29)*(1+$BE29)+($BF29*IF($G$1="破竹",$AK29,$AI29)+IF($G$1="破竹",$AL29*1.5,0))*(1+$BH29)*(1+$BI29))*(1+$AM29))*$Q29*(1+IF(VLOOKUP($R29,武学奇术!$A:$ZZ,30,FALSE)="流血",$B$21,0))*(1+$BR29) -> 9593.6972 | Q29: 1 | R29: 剑～ | S29: 强效江流 | T29: 看破 | U29: N/a | V29: N/a | W29: N/a | X29: 易水歌5层 | Y29: N/a | Z29: N/a | AA29: N/a | AB29: 裁云(拐) | AC29: 扶风(拐) | AD29: 离猎(拐) | AE29: N/a | AF29: N/a | AG29: 秋瞑帖6层 | AH29: =VLOOKUP($R29,武学奇术!$A:$ZZ,25,FALSE) -> 剑 | AI29: =VLOOKUP($R29,武学奇术!$A:$ZZ,26,FALSE) -> 1.1781 | AJ29: =VLOOKUP($R29,武学奇术!$A:$ZZ,27,FALSE)*(1+IF(OR($AH29=$F$4,$AH29=$F$5),$B$22,0)) -> 489 | AK29: =VLOOKUP($R29,武学奇术!$A:$ZZ,28,FALSE) -> 1.7672 | AL29: =VLOOKUP($R29,武学奇术!$A:$ZZ,29,FALSE)*(1+IF(OR($AH29=$F$4,$AH29=$F$5),$B$22,0)) -> 265.5 | AM29: {=$G$3+IFERROR(VLOOKUP($AH29,$F$4:$G$7,2,FALSE),0)+VLOOKUP($R29,武学奇术!$A:$ZZ,2,FALSE)+SUM(_xlfn.XLOOKUP($S29:$AG29,增益!$A:$A,增益!$B:$B,0))} -> 0.7191 | AN29: {=VLOOKUP($R29,武学奇术!$A:$ZZ,5,FALSE)+SUM(_xlfn.XLOOKUP($S29:$AG29,增益!$A:$A,增益!$E:$E,0))} -> 0 | AO29: {=$D$10*(1+$AN29)+VLOOKUP($R29,武学奇术!$A:$ZZ,3,FALSE)+SUM(_xlfn.XLOOKUP($S29:$AG29,增益!$A:$A,增益!$C:$C,0))-$I$2} -> 1831.48 | AP29: {=$E$10*(1+$AN29)+VLOOKUP($R29,武学奇术!$A:$ZZ,4,FALSE)+SUM(_xlfn.XLOOKUP($S29:$AG29,增益!$A:$A,增益!$D:$D,0))-$I$2} -> 7763.56 | AQ29: {=IF($F$10-$I$3+VLOOKUP($R29,武学奇术!$A:$ZZ,6,FALSE)+SUM(_xlfn.XLOOKUP(S29:AG29,增益!$A:$A,增益!$F:$F,0))>0,($F$10-$I$3+VLOOKUP($R29,武学奇术!$A:$ZZ,6,FALSE)+SUM(_xlfn.XLOOKUP(S29:AG29,增益!$A:$A,增益!$F:$F,0)))/200,($F$10-$I$3+VLOOKUP($R29,武学奇术!$A:$ZZ,6,FALSE)+SUM(_xlfn.XLOOKUP(S29:AG29,增益!$A:$A,增益!$F:$F,0)))/100)} -> 0.294 | AR29: {=$G$10+VLOOKUP($R29,武学奇术!$A:$ZZ,7,FALSE)+SUM(_xlfn.XLOOKUP(S29:AG29,增益!$A:$A,增益!$G:$G,0))} -> 0 | AS29: {=VLOOKUP($R29,武学奇术!$A:$ZZ,8,FALSE)+SUM(_xlfn.XLOOKUP(S29:AG29,增益!$A:$A,增益!$H:$H,0))} -> 0 | AT29: =$D$11*(1+$AS29) -> 680.02 | AU29: =$E$11*(1+$AS29) -> 1288.54 | AV29: {=IF($F$11-$I$4+VLOOKUP($R29,武学奇术!$A:$ZZ,9,FALSE)+SUM(_xlfn.XLOOKUP(S29:AG29,增益!$A:$A,增益!$I:$I,0))>0,($F$11-$I$4+VLOOKUP($R29,武学奇术!$A:$ZZ,9,FALSE)+SUM(_xlfn.XLOOKUP(S29:AG29,增益!$A:$A,增益!$I:$I,0)))/200,($F$11-$I$4+VLOOKUP($R29,武学奇术!$A:$ZZ,9,FALSE)+SUM(_xlfn.XLOOKUP(S29:AG29,增益!$A:$A,增益!$I:$I,0)))/100)} -> 0 | AW29: {=$G$11+VLOOKUP($R29,武学奇术!$A:$ZZ,10,FALSE)+SUM(_xlfn.XLOOKUP(S29:AG29,增益!$A:$A,增益!$J:$J,0))} -> 0.15 | AX29: =$D$12*(1+$AS29) -> 0 | AY29: =$E$12*(1+$AS29) -> 0 | AZ29: {=IF($F$12-$I$4+VLOOKUP($R29,武学奇术!$A:$ZZ,11,FALSE)+SUM(_xlfn.XLOOKUP(S29:AG29,增益!$A:$A,增益!$K:$K,0))>0,($F$12-$I$4+VLOOKUP($R29,武学奇术!$A:$ZZ,11,FALSE)+SUM(_xlfn.XLOOKUP(S29:AG29,增益!$A:$A,增益!$K:$K,0)))/200,($F$12-$I$4+VLOOKUP($R29,武学奇术!$A:$ZZ,11,FALSE)+SUM(_xlfn.XLOOKUP(S29:AG29,增益!$A:$A,增益!$K:$K,0)))/100)} -> -0.3 | BA29: {=$G$12+VLOOKUP($R29,武学奇术!$A:$ZZ,12,FALSE)+SUM(_xlfn.XLOOKUP(S29:AG29,增益!$A:$A,增益!$L:$L,0))} -> 0 | BB29: =$D$13*(1+$AS29) -> 0 | BC29: =$E$13*(1+$AS29) -> 0 | BD29: {=IF($F$13-$I$4+VLOOKUP($R29,武学奇术!$A:$ZZ,13,FALSE)+SUM(_xlfn.XLOOKUP(S29:AG29,增益!$A:$A,增益!$M:$M,0))>0,($F$13-$I$4+VLOOKUP($R29,武学奇术!$A:$ZZ,13,FALSE)+SUM(_xlfn.XLOOKUP(S29:AG29,增益!$A:$A,增益!$K:$K,0)))/200,($F$13-$I$4+VLOOKUP($R29,武学奇术!$A:$ZZ,13,FALSE)+SUM(_xlfn.XLOOKUP(S29:AG29,增益!$A:$A,增益!$M:$M,0)))/100)} -> -0.3 | BE29: {=$G$13+VLOOKUP($R29,武学奇术!$A:$ZZ,14,FALSE)+SUM(_xlfn.XLOOKUP(S29:AG29,增益!$A:$A,增益!$N:$N,0))} -> 0 | BF29: =$D$14*(1+$AS29) -> 0 | BG29: =$E$14*(1+$AS29) -> 0 | BH29: {=IF($F$14-$I$4+VLOOKUP($R29,武学奇术!$A:$ZZ,15,FALSE)+SUM(_xlfn.XLOOKUP(S29:AG29,增益!$A:$A,增益!$O:$O,0))>0,($F$14-$I$4+VLOOKUP($R29,武学奇术!$A:$ZZ,15,FALSE)+SUM(_xlfn.XLOOKUP(S29:AG29,增益!$A:$A,增益!$O:$O,0)))/200,($F$14-$I$4+VLOOKUP($R29,武学奇术!$A:$ZZ,15,FALSE)+SUM(_xlfn.XLOOKUP(S29:AG29,增益!$A:$A,增益!$O:$O,0)))/100)} -> -0.3 | BI29: {=$G$14+VLOOKUP($R29,武学奇术!$A:$ZZ,16,FALSE)+SUM(_xlfn.XLOOKUP(S29:AG29,增益!$A:$A,增益!$P:$P,0))} -> 0 | BJ29: =MIN(IF(VLOOKUP($R29,武学奇术!$A:$ZZ,23,FALSE)=1,100%,$B$8),100%) -> 0.8229 | BK29: {=IF(VLOOKUP($R29,武学奇术!$A:$ZZ,23,FALSE)=1,100%,MIN(80%,$B$9+VLOOKUP($R29,武学奇术!$A:$ZZ,17,FALSE)+SUM(_xlfn.XLOOKUP(S29:AG29,增益!$A:$A,增益!$Q:$Q,0)))+$B$11+SUM(_xlfn.XLOOKUP(S29:AG29,增益!$A:$A,增益!$U:$U,0)))*IF(VLOOKUP($R29,武学奇术!$A:$ZZ,24,FALSE)=1,0,1)} -> 0.2285 | BL29: {=1+$B$13+VLOOKUP($R29,武学奇术!$A:$ZZ,18,FALSE)+SUM(_xlfn.XLOOKUP(S29:AG29,增益!$A:$A,增益!$R:$R,0))} -> 1.5 | BM29: {=IF(VLOOKUP($R29,武学奇术!$A:$ZZ,24,FALSE)=1,100%,MIN(40%,$B$10+VLOOKUP($R29,武学奇术!$A:$ZZ,19,FALSE)+SUM(_xlfn.XLOOKUP(S29:AG29,增益!$A:$A,增益!$S:$S,0)))+$B$12+SUM(_xlfn.XLOOKUP(S29:AG29,增益!$A:$A,增益!$V:$V,0)))*IF(VLOOKUP($R29,武学奇术!$A:$ZZ,23,FALSE)=1,0,1)} -> 0.4495 | BN29: {=1+$B$14+VLOOKUP($R29,武学奇术!$A:$ZZ,20,FALSE)+SUM(_xlfn.XLOOKUP(S29:AG29,增益!$A:$A,增益!$T:$T,0))} -> 1.562 | BO29: =MIN((1-BM29)*BJ29,BJ29*BK29) -> 0.18803265 | BP29: =1-BM29-BO29-BQ29 -> 0.2649738 | BQ29: =IF(VLOOKUP($R29,武学奇术!$A:$ZZ,22,FALSE)=1,0,(1-$BJ29))*(1-$BM29) -> 0.09749355 | BR29: {=SUM(_xlfn.XLOOKUP(S29:AG29,增益!$A:$A,增益!$W:$W,0))+$I$5} -> 0.06
A30: 次三纵横 | B30: 1.7 | E30: 鼓 | F30: 伞增 | K30: =$L30*VLOOKUP($R30,武学奇术!$A:$ZZ,31,FALSE) -> 118455.26 | L30: =($M30*$BO30+$N30*$BM30+$O30*$BP30+$P30*$BQ30) -> 197425.43 | M30: =((($AO30+$AP30)/2*$AI30+$AJ30)*(1+$AQ30)*(1+$AR30)+(($AT30+$AU30)/2*IF($G$1="鸣金",$AK30,$AI30)+IF($G$1="鸣金",$AL30*1.5,0))*(1+$AV30)*(1+$AW30)+(($AX30+$AY30)/2*IF($G$1="裂石",$AK30,$AI30)+IF($G$1="裂石",$AL30*1.5,0))*(1+$AZ30)*(1+$BA30)+(($BB30+$BC30)/2*IF($G$1="牵丝",$AK30,$AI30)+IF($G$1="牵丝",$AL30*1.5,0))*(1+$BD30)*(1+$BE30)+(($BF30+$BG30)/2*IF($G$1="破竹",$AK30,$AI30)+IF($G$1="破竹",$AL30*1.5,0))*(1+$BH30)*(1+$BI30))*(1+$AM30)*$BL30*$Q30*(1+IF(VLOOKUP($R30,武学奇术!$A:$ZZ,30,FALSE)="流血",$B$21,0))*(1+$BR30) -> 109604.66 | N30: =(($AP30*$AI30+$AJ30)*(1+$AQ30)*(1+$AR30)+($AU30*IF($G$1="鸣金",$AK30,$AI30)+IF($G$1="鸣金",$AL30*1.5,0))*(1+$AV30)*(1+$AW30)+($AY30*IF($G$1="裂石",$AK30,$AI30)+IF($G$1="裂石",$AL30*1.5,0))*(1+$AZ30)*(1+$BA30)+($BC30*IF($G$1="牵丝",$AK30,$AI30)+IF($G$1="牵丝",$AL30*1.5,0))*(1+$BD30)*(1+$BE30)+($BG30*IF($G$1="破竹",$AK30,$AI30)+IF($G$1="破竹",$AL30*1.5,0))*(1+$BH30)*(1+$BI30))*(1+$AM30)*$BN30*$Q30*(1+IF(VLOOKUP($R30,武学奇术!$A:$ZZ,30,FALSE)="流血",$B$21,0))*(1+$BR30) -> 197425.43 | O30: =((($AO30+$AP30)/2*$AI30+$AJ30)*(1+$AQ30)*(1+$AR30)+(($AT30+$AU30)/2*IF($G$1="鸣金",$AK30,$AI30)+IF($G$1="鸣金",$AL30*1.5,0))*(1+$AV30)*(1+$AW30)+(($AX30+$AY30)/2*IF($G$1="裂石",$AK30,$AI30)+IF($G$1="裂石",$AL30*1.5,0))*(1+$AZ30)*(1+$BA30)+(($BB30+$BC30)/2*IF($G$1="牵丝",$AK30,$AI30)+IF($G$1="牵丝",$AL30*1.5,0))*(1+$BD30)*(1+$BE30)+(($BF30+$BG30)/2*IF($G$1="破竹",$AK30,$AI30)+IF($G$1="破竹",$AL30*1.5,0))*(1+$BH30)*(1+$BI30))*(1+$AM30)*$Q30*(1+IF(VLOOKUP($R30,武学奇术!$A:$ZZ,30,FALSE)="流血",$B$21,0))*(1+$BR30) -> 73069.771 | P30: =((($AO30*$AI30+$AJ30)*(1+$AQ30)*(1+$AR30)+($AT30*IF($G$1="鸣金",$AK30,$AI30)+IF($G$1="鸣金",$AL30*1.5,0))*(1+$AV30)*(1+$AW30)+($AX30*IF($G$1="裂石",$AK30,$AI30)+IF($G$1="裂石",$AL30*1.5,0))*(1+$AZ30)*(1+$BA30)+($BB30*IF($G$1="牵丝",$AK30,$AI30)+IF($G$1="牵丝",$AL30*1.5,0))*(1+$BD30)*(1+$BE30)+($BF30*IF($G$1="破竹",$AK30,$AI30)+IF($G$1="破竹",$AL30*1.5,0))*(1+$BH30)*(1+$BI30))*(1+$AM30))*$Q30*(1+IF(VLOOKUP($R30,武学奇术!$A:$ZZ,30,FALSE)="流血",$B$21,0))*(1+$BR30) -> 32806.918 | Q30: 1 | R30: 爆血(剑)必定会意 | S30: 强效江流 | T30: 看破(持续) | U30: 惊神5 | V30: 纵横剑意 | W30: N/a | X30: 易水歌5层 | Y30: N/a | Z30: N/a | AA30: N/a | AB30: 裁云(拐) | AC30: 扶风(拐) | AD30: 离猎(拐) | AE30: N/a | AF30: N/a | AG30: 秋瞑帖6层 | AH30: =VLOOKUP($R30,武学奇术!$A:$ZZ,25,FALSE) -> 剑 | AI30: =VLOOKUP($R30,武学奇术!$A:$ZZ,26,FALSE) -> 2.52 | AJ30: =VLOOKUP($R30,武学奇术!$A:$ZZ,27,FALSE)*(1+IF(OR($AH30=$F$4,$AH30=$F$5),$B$22,0)) -> 0 | AK30: =VLOOKUP($R30,武学奇术!$A:$ZZ,28,FALSE) -> 3.78 | AL30: =VLOOKUP($R30,武学奇术!$A:$ZZ,29,FALSE)*(1+IF(OR($AH30=$F$4,$AH30=$F$5),$B$22,0)) -> 0 | AM30: {=$G$3+IFERROR(VLOOKUP($AH30,$F$4:$G$7,2,FALSE),0)+VLOOKUP($R30,武学奇术!$A:$ZZ,2,FALSE)+SUM(_xlfn.XLOOKUP($S30:$AG30,增益!$A:$A,增益!$B:$B,0))} -> 1.4691 | AN30: {=VLOOKUP($R30,武学奇术!$A:$ZZ,5,FALSE)+SUM(_xlfn.XLOOKUP($S30:$AG30,增益!$A:$A,增益!$E:$E,0))} -> 0 | AO30: {=$D$10*(1+$AN30)+VLOOKUP($R30,武学奇术!$A:$ZZ,3,FALSE)+SUM(_xlfn.XLOOKUP($S30:$AG30,增益!$A:$A,增益!$C:$C,0))-$I$2} -> 1831.48 | AP30: {=$E$10*(1+$AN30)+VLOOKUP($R30,武学奇术!$A:$ZZ,4,FALSE)+SUM(_xlfn.XLOOKUP($S30:$AG30,增益!$A:$A,增益!$D:$D,0))-$I$2} -> 7763.56 | AQ30: {=IF($F$10-$I$3+VLOOKUP($R30,武学奇术!$A:$ZZ,6,FALSE)+SUM(_xlfn.XLOOKUP(S30:AG30,增益!$A:$A,增益!$F:$F,0))>0,($F$10-$I$3+VLOOKUP($R30,武学奇术!$A:$ZZ,6,FALSE)+SUM(_xlfn.XLOOKUP(S30:AG30,增益!$A:$A,增益!$F:$F,0)))/200,($F$10-$I$3+VLOOKUP($R30,武学奇术!$A:$ZZ,6,FALSE)+SUM(_xlfn.XLOOKUP(S30:AG30,增益!$A:$A,增益!$F:$F,0)))/100)} -> 0.369 | AR30: {=$G$10+VLOOKUP($R30,武学奇术!$A:$ZZ,7,FALSE)+SUM(_xlfn.XLOOKUP(S30:AG30,增益!$A:$A,增益!$G:$G,0))} -> 0 | AS30: {=VLOOKUP($R30,武学奇术!$A:$ZZ,8,FALSE)+SUM(_xlfn.XLOOKUP(S30:AG30,增益!$A:$A,增益!$H:$H,0))} -> 0 | AT30: =$D$11*(1+$AS30) -> 680.02 | AU30: =$E$11*(1+$AS30) -> 1288.54 | AV30: {=IF($F$11-$I$4+VLOOKUP($R30,武学奇术!$A:$ZZ,9,FALSE)+SUM(_xlfn.XLOOKUP(S30:AG30,增益!$A:$A,增益!$I:$I,0))>0,($F$11-$I$4+VLOOKUP($R30,武学奇术!$A:$ZZ,9,FALSE)+SUM(_xlfn.XLOOKUP(S30:AG30,增益!$A:$A,增益!$I:$I,0)))/200,($F$11-$I$4+VLOOKUP($R30,武学奇术!$A:$ZZ,9,FALSE)+SUM(_xlfn.XLOOKUP(S30:AG30,增益!$A:$A,增益!$I:$I,0)))/100)} -> 0.075 | AW30: {=$G$11+VLOOKUP($R30,武学奇术!$A:$ZZ,10,FALSE)+SUM(_xlfn.XLOOKUP(S30:AG30,增益!$A:$A,增益!$J:$J,0))} -> 0.15 | AX30: =$D$12*(1+$AS30) -> 0 | AY30: =$E$12*(1+$AS30) -> 0 | AZ30: {=IF($F$12-$I$4+VLOOKUP($R30,武学奇术!$A:$ZZ,11,FALSE)+SUM(_xlfn.XLOOKUP(S30:AG30,增益!$A:$A,增益!$K:$K,0))>0,($F$12-$I$4+VLOOKUP($R30,武学奇术!$A:$ZZ,11,FALSE)+SUM(_xlfn.XLOOKUP(S30:AG30,增益!$A:$A,增益!$K:$K,0)))/200,($F$12-$I$4+VLOOKUP($R30,武学奇术!$A:$ZZ,11,FALSE)+SUM(_xlfn.XLOOKUP(S30:AG30,增益!$A:$A,增益!$K:$K,0)))/100)} -> -0.3 | BA30: {=$G$12+VLOOKUP($R30,武学奇术!$A:$ZZ,12,FALSE)+SUM(_xlfn.XLOOKUP(S30:AG30,增益!$A:$A,增益!$L:$L,0))} -> 0 | BB30: =$D$13*(1+$AS30) -> 0 | BC30: =$E$13*(1+$AS30) -> 0 | BD30: {=IF($F$13-$I$4+VLOOKUP($R30,武学奇术!$A:$ZZ,13,FALSE)+SUM(_xlfn.XLOOKUP(S30:AG30,增益!$A:$A,增益!$M:$M,0))>0,($F$13-$I$4+VLOOKUP($R30,武学奇术!$A:$ZZ,13,FALSE)+SUM(_xlfn.XLOOKUP(S30:AG30,增益!$A:$A,增益!$K:$K,0)))/200,($F$13-$I$4+VLOOKUP($R30,武学奇术!$A:$ZZ,13,FALSE)+SUM(_xlfn.XLOOKUP(S30:AG30,增益!$A:$A,增益!$M:$M,0)))/100)} -> -0.3 | BE30: {=$G$13+VLOOKUP($R30,武学奇术!$A:$ZZ,14,FALSE)+SUM(_xlfn.XLOOKUP(S30:AG30,增益!$A:$A,增益!$N:$N,0))} -> 0 | BF30: =$D$14*(1+$AS30) -> 0 | BG30: =$E$14*(1+$AS30) -> 0 | BH30: {=IF($F$14-$I$4+VLOOKUP($R30,武学奇术!$A:$ZZ,15,FALSE)+SUM(_xlfn.XLOOKUP(S30:AG30,增益!$A:$A,增益!$O:$O,0))>0,($F$14-$I$4+VLOOKUP($R30,武学奇术!$A:$ZZ,15,FALSE)+SUM(_xlfn.XLOOKUP(S30:AG30,增益!$A:$A,增益!$O:$O,0)))/200,($F$14-$I$4+VLOOKUP($R30,武学奇术!$A:$ZZ,15,FALSE)+SUM(_xlfn.XLOOKUP(S30:AG30,增益!$A:$A,增益!$O:$O,0)))/100)} -> -0.3 | BI30: {=$G$14+VLOOKUP($R30,武学奇术!$A:$ZZ,16,FALSE)+SUM(_xlfn.XLOOKUP(S30:AG30,增益!$A:$A,增益!$P:$P,0))} -> 0 | BJ30: =MIN(IF(VLOOKUP($R30,武学奇术!$A:$ZZ,23,FALSE)=1,100%,$B$8),100%) -> 0.8229 | BK30: {=IF(VLOOKUP($R30,武学奇术!$A:$ZZ,23,FALSE)=1,100%,MIN(80%,$B$9+VLOOKUP($R30,武学奇术!$A:$ZZ,17,FALSE)+SUM(_xlfn.XLOOKUP(S30:AG30,增益!$A:$A,增益!$Q:$Q,0)))+$B$11+SUM(_xlfn.XLOOKUP(S30:AG30,增益!$A:$A,增益!$U:$U,0)))*IF(VLOOKUP($R30,武学奇术!$A:$ZZ,24,FALSE)=1,0,1)} -> 0 | BL30: {=1+$B$13+VLOOKUP($R30,武学奇术!$A:$ZZ,18,FALSE)+SUM(_xlfn.XLOOKUP(S30:AG30,增益!$A:$A,增益!$R:$R,0))} -> 1.5 | BM30: {=IF(VLOOKUP($R30,武学奇术!$A:$ZZ,24,FALSE)=1,100%,MIN(40%,$B$10+VLOOKUP($R30,武学奇术!$A:$ZZ,19,FALSE)+SUM(_xlfn.XLOOKUP(S30:AG30,增益!$A:$A,增益!$S:$S,0)))+$B$12+SUM(_xlfn.XLOOKUP(S30:AG30,增益!$A:$A,增益!$V:$V,0)))*IF(VLOOKUP($R30,武学奇术!$A:$ZZ,23,FALSE)=1,0,1)} -> 1 | BN30: {=1+$B$14+VLOOKUP($R30,武学奇术!$A:$ZZ,20,FALSE)+SUM(_xlfn.XLOOKUP(S30:AG30,增益!$A:$A,增益!$T:$T,0))} -> 1.742 | BO30: =MIN((1-BM30)*BJ30,BJ30*BK30) -> 0 | BP30: =1-BM30-BO30-BQ30 -> 0 | BQ30: =IF(VLOOKUP($R30,武学奇术!$A:$ZZ,22,FALSE)=1,0,(1-$BJ30))*(1-$BM30) -> 0 | BR30: {=SUM(_xlfn.XLOOKUP(S30:AG30,增益!$A:$A,增益!$W:$W,0))+$I$5} -> 0.06
