Workbook

Sheet 期望
B1: 最小攻击 | C1: 最大攻击 | D1: 穿透 | E1: 伤害加成 | F1: 武学属性 | G1: 牵丝 | H1: 怪物属性 | K1: 期望 | L1: 会心期望 | M1: 会意期望 | N1: 普通期望 | O1: 擦伤期望 | P1: 次数 | Q1: 技能 | R1: 增益1 | S1: 增益2 | T1: 增益3 | U1: 增益4 | V1: 增益5 | W1: 增益6 | X1: 增益7 | Y1: 增益8 | Z1: 增益9 | AA1: 增益10 | AB1: 增益11 | AC1: 增益12 | AD1: 增益13 | AE1: 增益14 | AF1: 增益15 | AG1: 增益16 | AH1: 增益17 | AI1: 类型 | AJ1: 外功倍率 | AK1: 外攻固伤 | AL1: 属性倍率 | AM1: 属性固伤 | AN1: 通用增伤 | AO1: 外攻加成 | AP1: 即时小外 | AQ1: 即时大外 | AR1: 外穿加成 | AS1: 外伤加成 | AT1: 属攻加成 | AU1: 即时小鸣 | AV1: 即时大鸣 | AW1: 鸣金穿透 | AX1: 鸣金加成 | AY1: 即时小裂 | AZ1: 即时大裂 | BA1: 裂石穿透 | BB1: 裂石加成 | BC1: 即时小牵 | BD1: 即时大牵 | BE1: 牵丝穿透 | BF1: 牵丝加成 | BG1: 即时小破 | BH1: 即时大破 | BI1: 破竹穿透 | BJ1: 破竹加成 | BK1: 生效精准 | BL1: 生效会心 | BM1: 生效会心伤害 | BN1: 生效会意 | BO1: 生效会意伤害 | BP1: 会心占比 | BQ1: 普攻占比 | BR1: 擦伤占比 | BS1: 特殊增伤
A2: 外功 | B2: 2155.4 | C2: 5646 | D2: 63.5 | E2: =IF(J21="N/A",0,2.5%) -> 0 | F2: 套装 | G2: 烟柳 | H2: 防御 | I2: =620*(1-IF(F17="√",0.06,0)-IF(D20="√",0.04,0)) -> 558 | K2: =($L2*$BP2+$M2*$BN2+$N2*$BQ2+$O2*$BR2) -> 0 | L2: =((($AP2+$AQ2)/2*$AJ2+$AK2)*(1+$AR2)*(1+$AS2)+(($AU2+$AV2)/2*IF($G$1="鸣金",$AL2,$AJ2)+IF($G$1="鸣金",$AM2*1.5,0))*(1+$AW2)*(1+$AX2)+(($AY2+$AZ2)/2*IF($G$1="裂石",$AL2,$AJ2)+IF($G$1="裂石",$AM2*1.5,0))*(1+$BA2)*(1+$BB2)+(($BC2+$BD2)/2*IF($G$1="牵丝",$AL2,$AJ2)+IF($G$1="牵丝",$AM2*1.5,0))*(1+$BE2)*(1+$BF2)+(($BG2+$BH2)/2*IF($G$1="破竹",$AL2,$AJ2)+IF($G$1="破竹",$AM2*1.5,0))*(1+$BI2)*(1+$BJ2))*(1+$AN2)*$BM2*$P2*(1+IF(VLOOKUP($Q2,武学奇术!$A:$ZZ,30,FALSE)="弹道",$B$21,0))*(1+$BS2) -> 0 | M2: =(($AQ2*$AJ2+$AK2)*(1+$AR2)*(1+$AS2)+($AV2*IF($G$1="鸣金",$AL2,$AJ2)+IF($G$1="鸣金",$AM2*1.5,0))*(1+$AW2)*(1+$AX2)+($AZ2*IF($G$1="裂石",$AL2,$AJ2)+IF($G$1="裂石",$AM2*1.5,0))*(1+$BA2)*(1+$BB2)+($BD2*IF($G$1="牵丝",$AL2,$AJ2)+IF($G$1="牵丝",$AM2*1.5,0))*(1+$BE2)*(1+$BF2)+($BH2*IF($G$1="破竹",$AL2,$AJ2)+IF($G$1="破竹",$AM2*1.5,0))*(1+$BI2)*(1+$BJ2))*(1+$AN2)*$BO2*$P2*(1+IF(VLOOKUP($Q2,武学奇术!$A:$ZZ,30,FALSE)="弹道",$B$21,0))*(1+$BS2) -> 0 | N2: =((($AP2+$AQ2)/2*$AJ2+$AK2)*(1+$AR2)*(1+$AS2)+(($AU2+$AV2)/2*IF($G$1="鸣金",$AL2,$AJ2)+IF($G$1="鸣金",$AM2*1.5,0))*(1+$AW2)*(1+$AX2)+(($AY2+$AZ2)/2*IF($G$1="裂石",$AL2,$AJ2)+IF($G$1="裂石",$AM2*1.5,0))*(1+$BA2)*(1+$BB2)+(($BC2+$BD2)/2*IF($G$1="牵丝",$AL2,$AJ2)+IF($G$1="牵丝",$AM2*1.5,0))*(1+$BE2)*(1+$BF2)+(($BG2+$BH2)/2*IF($G$1="破竹",$AL2,$AJ2)+IF($G$1="破竹",$AM2*1.5,0))*(1+$BI2)*(1+$BJ2))*(1+$AN2)*$P2*(1+IF(VLOOKUP($Q2,武学奇术!$A:$ZZ,30,FALSE)="弹道",$B$21,0))*(1+$BS2) -> 0 | O2: =((($AP2*$AJ2+$AK2)*(1+$AR2)*(1+$AS2)+($AU2*IF($G$1="鸣金",$AL2,$AJ2)+IF($G$1="鸣金",$AM2*1.5,0))*(1+$AW2)*(1+$AX2)+($AY2*IF($G$1="裂石",$AL2,$AJ2)+IF($G$1="裂石",$AM2*1.5,0))*(1+$BA2)*(1+$BB2)+($BC2*IF($G$1="牵丝",$AL2,$AJ2)+IF($G$1="牵丝",$AM2*1.5,0))*(1+$BE2)*(1+$BF2)+($BG2*IF($G$1="破竹",$AL2,$AJ2)+IF($G$1="破竹",$AM2*1.5,0))*(1+$BI2)*(1+$BJ2))*(1+$AN2))*$P2*(1+IF(VLOOKUP($Q2,武学奇术!$A:$ZZ,30,FALSE)="弹道",$B$21,0))*(1+$BS2) -> 0 | P2: 1 | Q2: N/a | R2: N/a | S2: N/a | T2: N/a | U2: N/a | V2: N/a | W2: N/a | X2: N/a | Y2: N/a | Z2: N/a | AA2: N/a | AB2: N/a | AC2: N/a | AD2: N/a | AE2: N/a | AF2: N/a | AG2: N/a | AH2: N/a | AI2: =VLOOKUP($Q2,武学奇术!$A:$ZZ,25,FALSE) -> 心法 | AJ2: =VLOOKUP($Q2,武学奇术!$A:$ZZ,26,FALSE) -> 0 | AK2: =VLOOKUP($Q2,武学奇术!$A:$ZZ,27,FALSE)*(1+IF(OR($AI2=$F$4,$AI2=$F$5),$B$22,0)) -> 0 | AL2: =VLOOKUP($Q2,武学奇术!$A:$ZZ,28,FALSE) -> 0 | AM2: =VLOOKUP($Q2,武学奇术!$A:$ZZ,29,FALSE)*(1+IF(OR($AI2=$F$4,$AI2=$F$5),$B$22,0)) -> 0 | AN2: {=$G$3+IFERROR(VLOOKUP($AI2,$F$4:$G$7,2,FALSE),0)+VLOOKUP($Q2,武学奇术!$A:$ZZ,2,FALSE)+SUM(_xlfn.XLOOKUP($R2:$AH2,增益!$A:$A,增益!$B:$B,0))} -> 0.1837 | AO2: {=VLOOKUP($Q2,武学奇术!$A:$ZZ,5,FALSE)+SUM(_xlfn.XLOOKUP($R2:$AH2,增益!$A:$A,增益!$E:$E,0))} -> 0 | AP2: {=$D$10*(1+$AO2)+VLOOKUP($Q2,武学奇术!$A:$ZZ,3,FALSE)+SUM(_xlfn.XLOOKUP($R2:$AH2,增益!$A:$A,增益!$C:$C,0))-$I$2} -> 1797.4 | AQ2: {=$E$10*(1+$AO2)+VLOOKUP($Q2,武学奇术!$A:$ZZ,4,FALSE)+SUM(_xlfn.XLOOKUP($R2:$AH2,增益!$A:$A,增益!$D:$D,0))-$I$2} -> 5488 | AR2: {=IF($F$10-$I$3+VLOOKUP($Q2,武学奇术!$A:$ZZ,6,FALSE)+SUM(_xlfn.XLOOKUP(R2:AH2,增益!$A:$A,增益!$F:$F,0))>0,($F$10-$I$3+VLOOKUP($Q2,武学奇术!$A:$ZZ,6,FALSE)+SUM(_xlfn.XLOOKUP(R2:AH2,增益!$A:$A,增益!$F:$F,0)))/200,($F$10-$I$3+VLOOKUP($Q2,武学奇术!$A:$ZZ,6,FALSE)+SUM(_xlfn.XLOOKUP(R2:AH2,增益!$A:$A,增益!$F:$F,0)))/100)} -> 0.2925 | AS2: {=$G$10+VLOOKUP($Q2,武学奇术!$A:$ZZ,7,FALSE)+SUM(_xlfn.XLOOKUP(R2:AH2,增益!$A:$A,增益!$G:$G,0))} -> 0 | AT2: {=VLOOKUP($Q2,武学奇术!$A:$ZZ,8,FALSE)+SUM(_xlfn.XLOOKUP(R2:AH2,增益!$A:$A,增益!$H:$H,0))} -> 0 | AU2: =$D$11*(1+$AT2) -> 0 | AV2: =$E$11*(1+$AT2) -> 0 | AW2: {=IF($F$11-$I$4+VLOOKUP($Q2,武学奇术!$A:$ZZ,9,FALSE)+SUM(_xlfn.XLOOKUP(R2:AH2,增益!$A:$A,增益!$I:$I,0))>0,($F$11-$I$4+VLOOKUP($Q2,武学奇术!$A:$ZZ,9,FALSE)+SUM(_xlfn.XLOOKUP(R2:AH2,增益!$A:$A,增益!$I:$I,0)))/200,($F$11-$I$4+VLOOKUP($Q2,武学奇术!$A:$ZZ,9,FALSE)+SUM(_xlfn.XLOOKUP(R2:AH2,增益!$A:$A,增益!$I:$I,0)))/100)} -> -0.3 | AX2: {=$G$11+VLOOKUP($Q2,武学奇术!$A:$ZZ,10,FALSE)+SUM(_xlfn.XLOOKUP(R2:AH2,增益!$A:$A,增益!$J:$J,0))} -> 0 | AY2: =$D$12*(1+$AT2) -> 0 | AZ2: =$E$12*(1+$AT2) -> 0 | BA2: {=IF($F$12-$I$4+VLOOKUP($Q2,武学奇术!$A:$ZZ,11,FALSE)+SUM(_xlfn.XLOOKUP(R2:AH2,增益!$A:$A,增益!$K:$K,0))>0,($F$12-$I$4+VLOOKUP($Q2,武学奇术!$A:$ZZ,11,FALSE)+SUM(_xlfn.XLOOKUP(R2:AH2,增益!$A:$A,增益!$K:$K,0)))/200,($F$12-$I$4+VLOOKUP($Q2,武学奇术!$A:$ZZ,11,FALSE)+SUM(_xlfn.XLOOKUP(R2:AH2,增益!$A:$A,增益!$K:$K,0)))/100)} -> -0.3 | BB2: {=$G$12+VLOOKUP($Q2,武学奇术!$A:$ZZ,12,FALSE)+SUM(_xlfn.XLOOKUP(R2:AH2,增益!$A:$A,增益!$L:$L,0))} -> 0 | BC2: =$D$13*(1+$AT2) -> 571.2 | BD2: =$E$13*(1+$AT2) -> 1077.4 | BE2: {=IF($F$13-$I$4+VLOOKUP($Q2,武学奇术!$A:$ZZ,13,FALSE)+SUM(_xlfn.XLOOKUP(R2:AH2,增益!$A:$A,增益!$M:$M,0))>0,($F$13-$I$4+VLOOKUP($Q2,武学奇术!$A:$ZZ,13,FALSE)+SUM(_xlfn.XLOOKUP(R2:AH2,增益!$A:$A,增益!$K:$K,0)))/200,($F$13-$I$4+VLOOKUP($Q2,武学奇术!$A:$ZZ,13,FALSE)+SUM(_xlfn.XLOOKUP(R2:AH2,增益!$A:$A,增益!$M:$M,0)))/100)} -> 0 | BF2: {=$G$13+VLOOKUP($Q2,武学奇术!$A:$ZZ,14,FALSE)+SUM(_xlfn.XLOOKUP(R2:AH2,增益!$A:$A,增益!$N:$N,0))} -> 0.15 | BG2: =$D$14*(1+$AT2) -> 0 | BH2: =$E$14*(1+$AT2) -> 0 | BI2: {=IF($F$14-$I$4+VLOOKUP($Q2,武学奇术!$A:$ZZ,15,FALSE)+SUM(_xlfn.XLOOKUP(R2:AH2,增益!$A:$A,增益!$O:$O,0))>0,($F$14-$I$4+VLOOKUP($Q2,武学奇术!$A:$ZZ,15,FALSE)+SUM(_xlfn.XLOOKUP(R2:AH2,增益!$A:$A,增益!$O:$O,0)))/200,($F$14-$I$4+VLOOKUP($Q2,武学奇术!$A:$ZZ,15,FALSE)+SUM(_xlfn.XLOOKUP(R2:AH2,增益!$A:$A,增益!$O:$O,0)))/100)} -> -0.3 | BJ2: {=$G$14+VLOOKUP($Q2,武学奇术!$A:$ZZ,16,FALSE)+SUM(_xlfn.XLOOKUP(R2:AH2,增益!$A:$A,增益!$P:$P,0))} -> 0 | BK2: =MIN(IF(VLOOKUP($Q2,武学奇术!$A:$ZZ,23,FALSE)=1,100%,$B$8),100%) -> 1 | BL2: {=IF(VLOOKUP($Q2,武学奇术!$A:$ZZ,23,FALSE)=1,100%,MIN(80%,$B$9+VLOOKUP($Q2,武学奇术!$A:$ZZ,17,FALSE)+SUM(_xlfn.XLOOKUP(R2:AH2,增益!$A:$A,增益!$Q:$Q,0)))+$B$11+SUM(_xlfn.XLOOKUP(R2:AH2,增益!$A:$A,增益!$U:$U,0)))*IF(VLOOKUP($Q2,武学奇术!$A:$ZZ,24,FALSE)=1,0,1)} -> 0.9045 | BM2: {=1+$B$13+VLOOKUP($Q2,武学奇术!$A:$ZZ,18,FALSE)+SUM(_xlfn.XLOOKUP(R2:AH2,增益!$A:$A,增益!$R:$R,0))} -> 1.5 | BN2: {=IF(VLOOKUP($Q2,武学奇术!$A:$ZZ,24,FALSE)=1,100%,MIN(40%,$B$10+VLOOKUP($Q2,武学奇术!$A:$ZZ,19,FALSE)+SUM(_xlfn.XLOOKUP(R2:AH2,增益!$A:$A,增益!$S:$S,0)))+$B$12+SUM(_xlfn.XLOOKUP(R2:AH2,增益!$A:$A,增益!$V:$V,0)))*IF(VLOOKUP($Q2,武学奇术!$A:$ZZ,23,FALSE)=1,0,1)} -> 0.0929 | BO2: {=1+$B$14+VLOOKUP($Q2,武学奇术!$A:$ZZ,20,FALSE)+SUM(_xlfn.XLOOKUP(R2:AH2,增益!$A:$A,增益!$T:$T,0))} -> 1.35 | BP2: =MIN((1-BN2)*BK2,BK2*BL2) -> 0.9045 | BQ2: =1-BN2-BP2-BR2 -> 0.0026 | BR2: =IF(VLOOKUP($Q2,武学奇术!$A:$ZZ,22,FALSE)=1,0,(1-$BK2))*(1-$BN2) -> 0 | BS2: {=SUM(_xlfn.XLOOKUP(R2:AH2,增益!$A:$A,增益!$W:$W,0))+$I$5} -> 0.06
A3: 鸣金 | F3: 通用增伤 | G3: =B16+1.5%+IF($D$16="√",8%,0)+IF($C$22="征人归",8%,0) -> 0.1837 | H3: 外抗 | I3: =25-IF(D17="√",10,0)-IF(F17="√",10,0) -> 5 | K3: =($L3*$BP3+$M3*$BN3+$N3*$BQ3+$O3*$BR3) -> 0 | L3: =((($AP3+$AQ3)/2*$AJ3+$AK3)*(1+$AR3)*(1+$AS3)+(($AU3+$AV3)/2*IF($G$1="鸣金",$AL3,$AJ3)+IF($G$1="鸣金",$AM3*1.5,0))*(1+$AW3)*(1+$AX3)+(($AY3+$AZ3)/2*IF($G$1="裂石",$AL3,$AJ3)+IF($G$1="裂石",$AM3*1.5,0))*(1+$BA3)*(1+$BB3)+(($BC3+$BD3)/2*IF($G$1="牵丝",$AL3,$AJ3)+IF($G$1="牵丝",$AM3*1.5,0))*(1+$BE3)*(1+$BF3)+(($BG3+$BH3)/2*IF($G$1="破竹",$AL3,$AJ3)+IF($G$1="破竹",$AM3*1.5,0))*(1+$BI3)*(1+$BJ3))*(1+$AN3)*$BM3*$P3*(1+IF(VLOOKUP($Q3,武学奇术!$A:$ZZ,30,FALSE)="弹道",$B$21,0))*(1+$BS3) -> 0 | M3: =(($AQ3*$AJ3+$AK3)*(1+$AR3)*(1+$AS3)+($AV3*IF($G$1="鸣金",$AL3,$AJ3)+IF($G$1="鸣金",$AM3*1.5,0))*(1+$AW3)*(1+$AX3)+($AZ3*IF($G$1="裂石",$AL3,$AJ3)+IF($G$1="裂石",$AM3*1.5,0))*(1+$BA3)*(1+$BB3)+($BD3*IF($G$1="牵丝",$AL3,$AJ3)+IF($G$1="牵丝",$AM3*1.5,0))*(1+$BE3)*(1+$BF3)+($BH3*IF($G$1="破竹",$AL3,$AJ3)+IF($G$1="破竹",$AM3*1.5,0))*(1+$BI3)*(1+$BJ3))*(1+$AN3)*$BO3*$P3*(1+IF(VLOOKUP($Q3,武学奇术!$A:$ZZ,30,FALSE)="弹道",$B$21,0))*(1+$BS3) -> 0 | N3: =((($AP3+$AQ3)/2*$AJ3+$AK3)*(1+$AR3)*(1+$AS3)+(($AU3+$AV3)/2*IF($G$1="鸣金",$AL3,$AJ3)+IF($G$1="鸣金",$AM3*1.5,0))*(1+$AW3)*(1+$AX3)+(($AY3+$AZ3)/2*IF($G$1="裂石",$AL3,$AJ3)+IF($G$1="裂石",$AM3*1.5,0))*(1+$BA3)*(1+$BB3)+(($BC3+$BD3)/2*IF($G$1="牵丝",$AL3,$AJ3)+IF($G$1="牵丝",$AM3*1.5,0))*(1+$BE3)*(1+$BF3)+(($BG3+$BH3)/2*IF($G$1="破竹",$AL3,$AJ3)+IF($G$1="破竹",$AM3*1.5,0))*(1+$BI3)*(1+$BJ3))*(1+$AN3)*$P3*(1+IF(VLOOKUP($Q3,武学奇术!$A:$ZZ,30,FALSE)="弹道",$B$21,0))*(1+$BS3) -> 0 | O3: =((($AP3*$AJ3+$AK3)*(1+$AR3)*(1+$AS3)+($AU3*IF($G$1="鸣金",$AL3,$AJ3)+IF($G$1="鸣金",$AM3*1.5,0))*(1+$AW3)*(1+$AX3)+($AY3*IF($G$1="裂石",$AL3,$AJ3)+IF($G$1="裂石",$AM3*1.5,0))*(1+$BA3)*(1+$BB3)+($BC3*IF($G$1="牵丝",$AL3,$AJ3)+IF($G$1="牵丝",$AM3*1.5,0))*(1+$BE3)*(1+$BF3)+($BG3*IF($G$1="破竹",$AL3,$AJ3)+IF($G$1="破竹",$AM3*1.5,0))*(1+$BI3)*(1+$BJ3))*(1+$AN3))*$P3*(1+IF(VLOOKUP($Q3,武学奇术!$A:$ZZ,30,FALSE)="弹道",$B$21,0))*(1+$BS3) -> 0 | P3: 1 | Q3: N/a | R3: N/a | S3: N/a | T3: N/a | U3: N/a | V3: N/a | W3: N/a | X3: N/a | Y3: N/a | Z3: N/a | AA3: N/a | AB3: N/a | AC3: N/a | AD3: N/a | AE3: N/a | AF3: N/a | AG3: N/a | AH3: N/a | AI3: =VLOOKUP($Q3,武学奇术!$A:$ZZ,25,FALSE) -> 心法 | AJ3: =VLOOKUP($Q3,武学奇术!$A:$ZZ,26,FALSE) -> 0 | AK3: =VLOOKUP($Q3,武学奇术!$A:$ZZ,27,FALSE)*(1+IF(OR($AI3=$F$4,$AI3=$F$5),$B$22,0)) -> 0 | AL3: =VLOOKUP($Q3,武学奇术!$A:$ZZ,28,FALSE) -> 0 | AM3: =VLOOKUP($Q3,武学奇术!$A:$ZZ,29,FALSE)*(1+IF(OR($AI3=$F$4,$AI3=$F$5),$B$22,0)) -> 0 | AN3: {=$G$3+IFERROR(VLOOKUP($AI3,$F$4:$G$7,2,FALSE),0)+VLOOKUP($Q3,武学奇术!$A:$ZZ,2,FALSE)+SUM(_xlfn.XLOOKUP($R3:$AH3,增益!$A:$A,增益!$B:$B,0))} -> 0.1837 | AO3: {=VLOOKUP($Q3,武学奇术!$A:$ZZ,5,FALSE)+SUM(_xlfn.XLOOKUP($R3:$AH3,增益!$A:$A,增益!$E:$E,0))} -> 0 | AP3: {=$D$10*(1+$AO3)+VLOOKUP($Q3,武学奇术!$A:$ZZ,3,FALSE)+SUM(_xlfn.XLOOKUP($R3:$AH3,增益!$A:$A,增益!$C:$C,0))-$I$2} -> 1797.4 | AQ3: {=$E$10*(1+$AO3)+VLOOKUP($Q3,武学奇术!$A:$ZZ,4,FALSE)+SUM(_xlfn.XLOOKUP($R3:$AH3,增益!$A:$A,增益!$D:$D,0))-$I$2} -> 5488 | AR3: {=IF($F$10-$I$3+VLOOKUP($Q3,武学奇术!$A:$ZZ,6,FALSE)+SUM(_xlfn.XLOOKUP(R3:AH3,增益!$A:$A,增益!$F:$F,0))>0,($F$10-$I$3+VLOOKUP($Q3,武学奇术!$A:$ZZ,6,FALSE)+SUM(_xlfn.XLOOKUP(R3:AH3,增益!$A:$A,增益!$F:$F,0)))/200,($F$10-$I$3+VLOOKUP($Q3,武学奇术!$A:$ZZ,6,FALSE)+SUM(_xlfn.XLOOKUP(R3:AH3,增益!$A:$A,增益!$F:$F,0)))/100)} -> 0.2925 | AS3: {=$G$10+VLOOKUP($Q3,武学奇术!$A:$ZZ,7,FALSE)+SUM(_xlfn.XLOOKUP(R3:AH3,增益!$A:$A,增益!$G:$G,0))} -> 0 | AT3: {=VLOOKUP($Q3,武学奇术!$A:$ZZ,8,FALSE)+SUM(_xlfn.XLOOKUP(R3:AH3,增益!$A:$A,增益!$H:$H,0))} -> 0 | AU3: =$D$11*(1+$AT3) -> 0 | AV3: =$E$11*(1+$AT3) -> 0 | AW3: {=IF($F$11-$I$4+VLOOKUP($Q3,武学奇术!$A:$ZZ,9,FALSE)+SUM(_xlfn.XLOOKUP(R3:AH3,增益!$A:$A,增益!$I:$I,0))>0,($F$11-$I$4+VLOOKUP($Q3,武学奇术!$A:$ZZ,9,FALSE)+SUM(_xlfn.XLOOKUP(R3:AH3,增益!$A:$A,增益!$I:$I,0)))/200,($F$11-$I$4+VLOOKUP($Q3,武学奇术!$A:$ZZ,9,FALSE)+SUM(_xlfn.XLOOKUP(R3:AH3,增益!$A:$A,增益!$I:$I,0)))/100)} -> -0.3 | AX3: {=$G$11+VLOOKUP($Q3,武学奇术!$A:$ZZ,10,FALSE)+SUM(_xlfn.XLOOKUP(R3:AH3,增益!$A:$A,增益!$J:$J,0))} -> 0 | AY3: =$D$12*(1+$AT3) -> 0 | AZ3: =$E$12*(1+$AT3) -> 0 | BA3: {=IF($F$12-$I$4+VLOOKUP($Q3,武学奇术!$A:$ZZ,11,FALSE)+SUM(_xlfn.XLOOKUP(R3:AH3,增益!$A:$A,增益!$K:$K,0))>0,($F$12-$I$4+VLOOKUP($Q3,武学奇术!$A:$ZZ,11,FALSE)+SUM(_xlfn.XLOOKUP(R3:AH3,增益!$A:$A,增益!$K:$K,0)))/200,($F$12-$I$4+VLOOKUP($Q3,武学奇术!$A:$ZZ,11,FALSE)+SUM(_xlfn.XLOOKUP(R3:AH3,增益!$A:$A,增益!$K:$K,0)))/100)} -> -0.3 | BB3: {=$G$12+VLOOKUP($Q3,武学奇术!$A:$ZZ,12,FALSE)+SUM(_xlfn.XLOOKUP(R3:AH3,增益!$A:$A,增益!$L:$L,0))} -> 0 | BC3: =$D$13*(1+$AT3) -> 571.2 | BD3: =$E$13*(1+$AT3) -> 1077.4 | BE3: {=IF($F$13-$I$4+VLOOKUP($Q3,武学奇术!$A:$ZZ,13,FALSE)+SUM(_xlfn.XLOOKUP(R3:AH3,增益!$A:$A,增益!$M:$M,0))>0,($F$13-$I$4+VLOOKUP($Q3,武学奇术!$A:$ZZ,13,FALSE)+SUM(_xlfn.XLOOKUP(R3:AH3,增益!$A:$A,增益!$K:$K,0)))/200,($F$13-$I$4+VLOOKUP($Q3,武学奇术!$A:$ZZ,13,FALSE)+SUM(_xlfn.XLOOKUP(R3:AH3,增益!$A:$A,增益!$M:$M,0)))/100)} -> 0 | BF3: {=$G$13+VLOOKUP($Q3,武学奇术!$A:$ZZ,14,FALSE)+SUM(_xlfn.XLOOKUP(R3:AH3,增益!$A:$A,增益!$N:$N,0))} -> 0.15 | BG3: =$D$14*(1+$AT3) -> 0 | BH3: =$E$14*(1+$AT3) -> 0 | BI3: {=IF($F$14-$I$4+VLOOKUP($Q3,武学奇术!$A:$ZZ,15,FALSE)+SUM(_xlfn.XLOOKUP(R3:AH3,增益!$A:$A,增益!$O:$O,0))>0,($F$14-$I$4+VLOOKUP($Q3,武学奇术!$A:$ZZ,15,FALSE)+SUM(_xlfn.XLOOKUP(R3:AH3,增益!$A:$A,增益!$O:$O,0)))/200,($F$14-$I$4+VLOOKUP($Q3,武学奇术!$A:$ZZ,15,FALSE)+SUM(_xlfn.XLOOKUP(R3:AH3,增益!$A:$A,增益!$O:$O,0)))/100)} -> -0.3 | BJ3: {=$G$14+VLOOKUP($Q3,武学奇术!$A:$ZZ,16,FALSE)+SUM(_xlfn.XLOOKUP(R3:AH3,增益!$A:$A,增益!$P:$P,0))} -> 0 | BK3: =MIN(IF(VLOOKUP($Q3,武学奇术!$A:$ZZ,23,FALSE)=1,100%,$B$8),100%) -> 1 | BL3: {=IF(VLOOKUP($Q3,武学奇术!$A:$ZZ,23,FALSE)=1,100%,MIN(80%,$B$9+VLOOKUP($Q3,武学奇术!$A:$ZZ,17,FALSE)+SUM(_xlfn.XLOOKUP(R3:AH3,增益!$A:$A,增益!$Q:$Q,0)))+$B$11+SUM(_xlfn.XLOOKUP(R3:AH3,增益!$A:$A,增益!$U:$U,0)))*IF(VLOOKUP($Q3,武学奇术!$A:$ZZ,24,FALSE)=1,0,1)} -> 0.9045 | BM3: {=1+$B$13+VLOOKUP($Q3,武学奇术!$A:$ZZ,18,FALSE)+SUM(_xlfn.XLOOKUP(R3:AH3,增益!$A:$A,增益!$R:$R,0))} -> 1.5 | BN3: {=IF(VLOOKUP($Q3,武学奇术!$A:$ZZ,24,FALSE)=1,100%,MIN(40%,$B$10+VLOOKUP($Q3,武学奇术!$A:$ZZ,19,FALSE)+SUM(_xlfn.XLOOKUP(R3:AH3,增益!$A:$A,增益!$S:$S,0)))+$B$12+SUM(_xlfn.XLOOKUP(R3:AH3,增益!$A:$A,增益!$V:$V,0)))*IF(VLOOKUP($Q3,武学奇术!$A:$ZZ,23,FALSE)=1,0,1)} -> 0.0929 | BO3: {=1+$B$14+VLOOKUP($Q3,武学奇术!$A:$ZZ,20,FALSE)+SUM(_xlfn.XLOOKUP(R3:AH3,增益!$A:$A,增益!$T:$T,0))} -> 1.35 | BP3: =MIN((1-BN3)*BK3,BK3*BL3) -> 0.9045 | BQ3: =1-BN3-BP3-BR3 -> 0.0026 | BR3: =IF(VLOOKUP($Q3,武学奇术!$A:$ZZ,22,FALSE)=1,0,(1-$BK3))*(1-$BN3) -> 0 | BS3: {=SUM(_xlfn.XLOOKUP(R3:AH3,增益!$A:$A,增益!$W:$W,0))+$I$5} -> 0.06
A4: 裂石 | F4: 伞 | G4: =B15+B17 -> 0.1704 | H4: 属抗 | I4: =30 -> 30 | K4: =($L4*$BP4+$M4*$BN4+$N4*$BQ4+$O4*$BR4) -> 0 | L4: =((($AP4+$AQ4)/2*$AJ4+$AK4)*(1+$AR4)*(1+$AS4)+(($AU4+$AV4)/2*IF($G$1="鸣金",$AL4,$AJ4)+IF($G$1="鸣金",$AM4*1.5,0))*(1+$AW4)*(1+$AX4)+(($AY4+$AZ4)/2*IF($G$1="裂石",$AL4,$AJ4)+IF($G$1="裂石",$AM4*1.5,0))*(1+$BA4)*(1+$BB4)+(($BC4+$BD4)/2*IF($G$1="牵丝",$AL4,$AJ4)+IF($G$1="牵丝",$AM4*1.5,0))*(1+$BE4)*(1+$BF4)+(($BG4+$BH4)/2*IF($G$1="破竹",$AL4,$AJ4)+IF($G$1="破竹",$AM4*1.5,0))*(1+$BI4)*(1+$BJ4))*(1+$AN4)*$BM4*$P4*(1+IF(VLOOKUP($Q4,武学奇术!$A:$ZZ,30,FALSE)="弹道",$B$21,0))*(1+$BS4) -> 0 | M4: =(($AQ4*$AJ4+$AK4)*(1+$AR4)*(1+$AS4)+($AV4*IF($G$1="鸣金",$AL4,$AJ4)+IF($G$1="鸣金",$AM4*1.5,0))*(1+$AW4)*(1+$AX4)+($AZ4*IF($G$1="裂石",$AL4,$AJ4)+IF($G$1="裂石",$AM4*1.5,0))*(1+$BA4)*(1+$BB4)+($BD4*IF($G$1="牵丝",$AL4,$AJ4)+IF($G$1="牵丝",$AM4*1.5,0))*(1+$BE4)*(1+$BF4)+($BH4*IF($G$1="破竹",$AL4,$AJ4)+IF($G$1="破竹",$AM4*1.5,0))*(1+$BI4)*(1+$BJ4))*(1+$AN4)*$BO4*$P4*(1+IF(VLOOKUP($Q4,武学奇术!$A:$ZZ,30,FALSE)="弹道",$B$21,0))*(1+$BS4) -> 0 | N4: =((($AP4+$AQ4)/2*$AJ4+$AK4)*(1+$AR4)*(1+$AS4)+(($AU4+$AV4)/2*IF($G$1="鸣金",$AL4,$AJ4)+IF($G$1="鸣金",$AM4*1.5,0))*(1+$AW4)*(1+$AX4)+(($AY4+$AZ4)/2*IF($G$1="裂石",$AL4,$AJ4)+IF($G$1="裂石",$AM4*1.5,0))*(1+$BA4)*(1+$BB4)+(($BC4+$BD4)/2*IF($G$1="牵丝",$AL4,$AJ4)+IF($G$1="牵丝",$AM4*1.5,0))*(1+$BE4)*(1+$BF4)+(($BG4+$BH4)/2*IF($G$1="破竹",$AL4,$AJ4)+IF($G$1="破竹",$AM4*1.5,0))*(1+$BI4)*(1+$BJ4))*(1+$AN4)*$P4*(1+IF(VLOOKUP($Q4,武学奇术!$A:$ZZ,30,FALSE)="弹道",$B$21,0))*(1+$BS4) -> 0 | O4: =((($AP4*$AJ4+$AK4)*(1+$AR4)*(1+$AS4)+($AU4*IF($G$1="鸣金",$AL4,$AJ4)+IF($G$1="鸣金",$AM4*1.5,0))*(1+$AW4)*(1+$AX4)+($AY4*IF($G$1="裂石",$AL4,$AJ4)+IF($G$1="裂石",$AM4*1.5,0))*(1+$BA4)*(1+$BB4)+($BC4*IF($G$1="牵丝",$AL4,$AJ4)+IF($G$1="牵丝",$AM4*1.5,0))*(1+$BE4)*(1+$BF4)+($BG4*IF($G$1="破竹",$AL4,$AJ4)+IF($G$1="破竹",$AM4*1.5,0))*(1+$BI4)*(1+$BJ4))*(1+$AN4))*$P4*(1+IF(VLOOKUP($Q4,武学奇术!$A:$ZZ,30,FALSE)="弹道",$B$21,0))*(1+$BS4) -> 0 | P4: 1 | Q4: N/a | R4: N/a | S4: N/a | T4: N/a | U4: N/a | V4: N/a | W4: N/a | X4: N/a | Y4: N/a | Z4: N/a | AA4: N/a | AB4: N/a | AC4: N/a | AD4: N/a | AE4: N/a | AF4: N/a | AG4: N/a | AH4: N/a | AI4: =VLOOKUP($Q4,武学奇术!$A:$ZZ,25,FALSE) -> 心法 | AJ4: =VLOOKUP($Q4,武学奇术!$A:$ZZ,26,FALSE) -> 0 | AK4: =VLOOKUP($Q4,武学奇术!$A:$ZZ,27,FALSE)*(1+IF(OR($AI4=$F$4,$AI4=$F$5),$B$22,0)) -> 0 | AL4: =VLOOKUP($Q4,武学奇术!$A:$ZZ,28,FALSE) -> 0 | AM4: =VLOOKUP($Q4,武学奇术!$A:$ZZ,29,FALSE)*(1+IF(OR($AI4=$F$4,$AI4=$F$5),$B$22,0)) -> 0 | AN4: {=$G$3+IFERROR(VLOOKUP($AI4,$F$4:$G$7,2,FALSE),0)+VLOOKUP($Q4,武学奇术!$A:$ZZ,2,FALSE)+SUM(_xlfn.XLOOKUP($R4:$AH4,增益!$A:$A,增益!$B:$B,0))} -> 0.1837 | AO4: {=VLOOKUP($Q4,武学奇术!$A:$ZZ,5,FALSE)+SUM(_xlfn.XLOOKUP($R4:$AH4,增益!$A:$A,增益!$E:$E,0))} -> 0 | AP4: {=$D$10*(1+$AO4)+VLOOKUP($Q4,武学奇术!$A:$ZZ,3,FALSE)+SUM(_xlfn.XLOOKUP($R4:$AH4,增益!$A:$A,增益!$C:$C,0))-$I$2} -> 1797.4 | AQ4: {=$E$10*(1+$AO4)+VLOOKUP($Q4,武学奇术!$A:$ZZ,4,FALSE)+SUM(_xlfn.XLOOKUP($R4:$AH4,增益!$A:$A,增益!$D:$D,0))-$I$2} -> 5488 | AR4: {=IF($F$10-$I$3+VLOOKUP($Q4,武学奇术!$A:$ZZ,6,FALSE)+SUM(_xlfn.XLOOKUP(R4:AH4,增益!$A:$A,增益!$F:$F,0))>0,($F$10-$I$3+VLOOKUP($Q4,武学奇术!$A:$ZZ,6,FALSE)+SUM(_xlfn.XLOOKUP(R4:AH4,增益!$A:$A,增益!$F:$F,0)))/200,($F$10-$I$3+VLOOKUP($Q4,武学奇术!$A:$ZZ,6,FALSE)+SUM(_xlfn.XLOOKUP(R4:AH4,增益!$A:$A,增益!$F:$F,0)))/100)} -> 0.2925 | AS4: {=$G$10+VLOOKUP($Q4,武学奇术!$A:$ZZ,7,FALSE)+SUM(_xlfn.XLOOKUP(R4:AH4,增益!$A:$A,增益!$G:$G,0))} -> 0 | AT4: {=VLOOKUP($Q4,武学奇术!$A:$ZZ,8,FALSE)+SUM(_xlfn.XLOOKUP(R4:AH4,增益!$A:$A,增益!$H:$H,0))} -> 0 | AU4: =$D$11*(1+$AT4) -> 0 | AV4: =$E$11*(1+$AT4) -> 0 | AW4: {=IF($F$11-$I$4+VLOOKUP($Q4,武学奇术!$A:$ZZ,9,FALSE)+SUM(_xlfn.XLOOKUP(R4:AH4,增益!$A:$A,增益!$I:$I,0))>0,($F$11-$I$4+VLOOKUP($Q4,武学奇术!$A:$ZZ,9,FALSE)+SUM(_xlfn.XLOOKUP(R4:AH4,增益!$A:$A,增益!$I:$I,0)))/200,($F$11-$I$4+VLOOKUP($Q4,武学奇术!$A:$ZZ,9,FALSE)+SUM(_xlfn.XLOOKUP(R4:AH4,增益!$A:$A,增益!$I:$I,0)))/100)} -> -0.3 | AX4: {=$G$11+VLOOKUP($Q4,武学奇术!$A:$ZZ,10,FALSE)+SUM(_xlfn.XLOOKUP(R4:AH4,增益!$A:$A,增益!$J:$J,0))} -> 0 | AY4: =$D$12*(1+$AT4) -> 0 | AZ4: =$E$12*(1+$AT4) -> 0 | BA4: {=IF($F$12-$I$4+VLOOKUP($Q4,武学奇术!$A:$ZZ,11,FALSE)+SUM(_xlfn.XLOOKUP(R4:AH4,增益!$A:$A,增益!$K:$K,0))>0,($F$12-$I$4+VLOOKUP($Q4,武学奇术!$A:$ZZ,11,FALSE)+SUM(_xlfn.XLOOKUP(R4:AH4,增益!$A:$A,增益!$K:$K,0)))/200,($F$12-$I$4+VLOOKUP($Q4,武学奇术!$A:$ZZ,11,FALSE)+SUM(_xlfn.XLOOKUP(R4:AH4,增益!$A:$A,增益!$K:$K,0)))/100)} -> -0.3 | BB4: {=$G$12+VLOOKUP($Q4,武学奇术!$A:$ZZ,12,FALSE)+SUM(_xlfn.XLOOKUP(R4:AH4,增益!$A:$A,增益!$L:$L,0))} -> 0 | BC4: =$D$13*(1+$AT4) -> 571.2 | BD4: =$E$13*(1+$AT4) -> 1077.4 | BE4: {=IF($F$13-$I$4+VLOOKUP($Q4,武学奇术!$A:$ZZ,13,FALSE)+SUM(_xlfn.XLOOKUP(R4:AH4,增益!$A:$A,增益!$M:$M,0))>0,($F$13-$I$4+VLOOKUP($Q4,武学奇术!$A:$ZZ,13,FALSE)+SUM(_xlfn.XLOOKUP(R4:AH4,增益!$A:$A,增益!$K:$K,0)))/200,($F$13-$I$4+VLOOKUP($Q4,武学奇术!$A:$ZZ,13,FALSE)+SUM(_xlfn.XLOOKUP(R4:AH4,增益!$A:$A,增益!$M:$M,0)))/100)} -> 0 | BF4: {=$G$13+VLOOKUP($Q4,武学奇术!$A:$ZZ,14,FALSE)+SUM(_xlfn.XLOOKUP(R4:AH4,增益!$A:$A,增益!$N:$N,0))} -> 0.15 | BG4: =$D$14*(1+$AT4) -> 0 | BH4: =$E$14*(1+$AT4) -> 0 | BI4: {=IF($F$14-$I$4+VLOOKUP($Q4,武学奇术!$A:$ZZ,15,FALSE)+SUM(_xlfn.XLOOKUP(R4:AH4,增益!$A:$A,增益!$O:$O,0))>0,($F$14-$I$4+VLOOKUP($Q4,武学奇术!$A:$ZZ,15,FALSE)+SUM(_xlfn.XLOOKUP(R4:AH4,增益!$A:$A,增益!$O:$O,0)))/200,($F$14-$I$4+VLOOKUP($Q4,武学奇术!$A:$ZZ,15,FALSE)+SUM(_xlfn.XLOOKUP(R4:AH4,增益!$A:$A,增益!$O:$O,0)))/100)} -> -0.3 | BJ4: {=$G$14+VLOOKUP($Q4,武学奇术!$A:$ZZ,16,FALSE)+SUM(_xlfn.XLOOKUP(R4:AH4,增益!$A:$A,增益!$P:$P,0))} -> 0 | BK4: =MIN(IF(VLOOKUP($Q4,武学奇术!$A:$ZZ,23,FALSE)=1,100%,$B$8),100%) -> 1 | BL4: {=IF(VLOOKUP($Q4,武学奇术!$A:$ZZ,23,FALSE)=1,100%,MIN(80%,$B$9+VLOOKUP($Q4,武学奇术!$A:$ZZ,17,FALSE)+SUM(_xlfn.XLOOKUP(R4:AH4,增益!$A:$A,增益!$Q:$Q,0)))+$B$11+SUM(_xlfn.XLOOKUP(R4:AH4,增益!$A:$A,增益!$U:$U,0)))*IF(VLOOKUP($Q4,武学奇术!$A:$ZZ,24,FALSE)=1,0,1)} -> 0.9045 | BM4: {=1+$B$13+VLOOKUP($Q4,武学奇术!$A:$ZZ,18,FALSE)+SUM(_xlfn.XLOOKUP(R4:AH4,增益!$A:$A,增益!$R:$R,0))} -> 1.5 | BN4: {=IF(VLOOKUP($Q4,武学奇术!$A:$ZZ,24,FALSE)=1,100%,MIN(40%,$B$10+VLOOKUP($Q4,武学奇术!$A:$ZZ,19,FALSE)+SUM(_xlfn.XLOOKUP(R4:AH4,增益!$A:$A,增益!$S:$S,0)))+$B$12+SUM(_xlfn.XLOOKUP(R4:AH4,增益!$A:$A,增益!$V:$V,0)))*IF(VLOOKUP($Q4,武学奇术!$A:$ZZ,23,FALSE)=1,0,1)} -> 0.0929 | BO4: {=1+$B$14+VLOOKUP($Q4,武学奇术!$A:$ZZ,20,FALSE)+SUM(_xlfn.XLOOKUP(R4:AH4,增益!$A:$A,增益!$T:$T,0))} -> 1.35 | BP4: =MIN((1-BN4)*BK4,BK4*BL4) -> 0.9045 | BQ4: =1-BN4-BP4-BR4 -> 0.0026 | BR4: =IF(VLOOKUP($Q4,武学奇术!$A:$ZZ,22,FALSE)=1,0,(1-$BK4))*(1-$BN4) -> 0 | BS4: {=SUM(_xlfn.XLOOKUP(R4:AH4,增益!$A:$A,增益!$W:$W,0))+$I$5} -> 0.06
A5: 牵丝 | B5: 492 | C5: 985 | D5: 30 | E5: 0.15 | F5: 扇 | G5: =B15+B18 -> 0.0852 | H5: 副本天赋 | I5: 0.06 | K5: =($L5*$BP5+$M5*$BN5+$N5*$BQ5+$O5*$BR5) -> 0 | L5: =((($AP5+$AQ5)/2*$AJ5+$AK5)*(1+$AR5)*(1+$AS5)+(($AU5+$AV5)/2*IF($G$1="鸣金",$AL5,$AJ5)+IF($G$1="鸣金",$AM5*1.5,0))*(1+$AW5)*(1+$AX5)+(($AY5+$AZ5)/2*IF($G$1="裂石",$AL5,$AJ5)+IF($G$1="裂石",$AM5*1.5,0))*(1+$BA5)*(1+$BB5)+(($BC5+$BD5)/2*IF($G$1="牵丝",$AL5,$AJ5)+IF($G$1="牵丝",$AM5*1.5,0))*(1+$BE5)*(1+$BF5)+(($BG5+$BH5)/2*IF($G$1="破竹",$AL5,$AJ5)+IF($G$1="破竹",$AM5*1.5,0))*(1+$BI5)*(1+$BJ5))*(1+$AN5)*$BM5*$P5*(1+IF(VLOOKUP($Q5,武学奇术!$A:$ZZ,30,FALSE)="弹道",$B$21,0))*(1+$BS5) -> 0 | M5: =(($AQ5*$AJ5+$AK5)*(1+$AR5)*(1+$AS5)+($AV5*IF($G$1="鸣金",$AL5,$AJ5)+IF($G$1="鸣金",$AM5*1.5,0))*(1+$AW5)*(1+$AX5)+($AZ5*IF($G$1="裂石",$AL5,$AJ5)+IF($G$1="裂石",$AM5*1.5,0))*(1+$BA5)*(1+$BB5)+($BD5*IF($G$1="牵丝",$AL5,$AJ5)+IF($G$1="牵丝",$AM5*1.5,0))*(1+$BE5)*(1+$BF5)+($BH5*IF($G$1="破竹",$AL5,$AJ5)+IF($G$1="破竹",$AM5*1.5,0))*(1+$BI5)*(1+$BJ5))*(1+$AN5)*$BO5*$P5*(1+IF(VLOOKUP($Q5,武学奇术!$A:$ZZ,30,FALSE)="弹道",$B$21,0))*(1+$BS5) -> 0 | N5: =((($AP5+$AQ5)/2*$AJ5+$AK5)*(1+$AR5)*(1+$AS5)+(($AU5+$AV5)/2*IF($G$1="鸣金",$AL5,$AJ5)+IF($G$1="鸣金",$AM5*1.5,0))*(1+$AW5)*(1+$AX5)+(($AY5+$AZ5)/2*IF($G$1="裂石",$AL5,$AJ5)+IF($G$1="裂石",$AM5*1.5,0))*(1+$BA5)*(1+$BB5)+(($BC5+$BD5)/2*IF($G$1="牵丝",$AL5,$AJ5)+IF($G$1="牵丝",$AM5*1.5,0))*(1+$BE5)*(1+$BF5)+(($BG5+$BH5)/2*IF($G$1="破竹",$AL5,$AJ5)+IF($G$1="破竹",$AM5*1.5,0))*(1+$BI5)*(1+$BJ5))*(1+$AN5)*$P5*(1+IF(VLOOKUP($Q5,武学奇术!$A:$ZZ,30,FALSE)="弹道",$B$21,0))*(1+$BS5) -> 0 | O5: =((($AP5*$AJ5+$AK5)*(1+$AR5)*(1+$AS5)+($AU5*IF($G$1="鸣金",$AL5,$AJ5)+IF($G$1="鸣金",$AM5*1.5,0))*(1+$AW5)*(1+$AX5)+($AY5*IF($G$1="裂石",$AL5,$AJ5)+IF($G$1="裂石",$AM5*1.5,0))*(1+$BA5)*(1+$BB5)+($BC5*IF($G$1="牵丝",$AL5,$AJ5)+IF($G$1="牵丝",$AM5*1.5,0))*(1+$BE5)*(1+$BF5)+($BG5*IF($G$1="破竹",$AL5,$AJ5)+IF($G$1="破竹",$AM5*1.5,0))*(1+$BI5)*(1+$BJ5))*(1+$AN5))*$P5*(1+IF(VLOOKUP($Q5,武学奇术!$A:$ZZ,30,FALSE)="弹道",$B$21,0))*(1+$BS5) -> 0 | P5: 1 | Q5: N/a | R5: N/a | S5: N/a | T5: N/a | U5: N/a | V5: N/a | W5: N/a | X5: N/a | Y5: N/a | Z5: N/a | AA5: N/a | AB5: N/a | AC5: N/a | AD5: N/a | AE5: N/a | AF5: N/a | AG5: N/a | AH5: N/a | AI5: =VLOOKUP($Q5,武学奇术!$A:$ZZ,25,FALSE) -> 心法 | AJ5: =VLOOKUP($Q5,武学奇术!$A:$ZZ,26,FALSE) -> 0 | AK5: =VLOOKUP($Q5,武学奇术!$A:$ZZ,27,FALSE)*(1+IF(OR($AI5=$F$4,$AI5=$F$5),$B$22,0)) -> 0 | AL5: =VLOOKUP($Q5,武学奇术!$A:$ZZ,28,FALSE) -> 0 | AM5: =VLOOKUP($Q5,武学奇术!$A:$ZZ,29,FALSE)*(1+IF(OR($AI5=$F$4,$AI5=$F$5),$B$22,0)) -> 0 | AN5: {=$G$3+IFERROR(VLOOKUP($AI5,$F$4:$G$7,2,FALSE),0)+VLOOKUP($Q5,武学奇术!$A:$ZZ,2,FALSE)+SUM(_xlfn.XLOOKUP($R5:$AH5,增益!$A:$A,增益!$B:$B,0))} -> 0.1837 | AO5: {=VLOOKUP($Q5,武学奇术!$A:$ZZ,5,FALSE)+SUM(_xlfn.XLOOKUP($R5:$AH5,增益!$A:$A,增益!$E:$E,0))} -> 0 | AP5: {=$D$10*(1+$AO5)+VLOOKUP($Q5,武学奇术!$A:$ZZ,3,FALSE)+SUM(_xlfn.XLOOKUP($R5:$AH5,增益!$A:$A,增益!$C:$C,0))-$I$2} -> 1797.4 | AQ5: {=$E$10*(1+$AO5)+VLOOKUP($Q5,武学奇术!$A:$ZZ,4,FALSE)+SUM(_xlfn.XLOOKUP($R5:$AH5,增益!$A:$A,增益!$D:$D,0))-$I$2} -> 5488 | AR5: {=IF($F$10-$I$3+VLOOKUP($Q5,武学奇术!$A:$ZZ,6,FALSE)+SUM(_xlfn.XLOOKUP(R5:AH5,增益!$A:$A,增益!$F:$F,0))>0,($F$10-$I$3+VLOOKUP($Q5,武学奇术!$A:$ZZ,6,FALSE)+SUM(_xlfn.XLOOKUP(R5:AH5,增益!$A:$A,增益!$F:$F,0)))/200,($F$10-$I$3+VLOOKUP($Q5,武学奇术!$A:$ZZ,6,FALSE)+SUM(_xlfn.XLOOKUP(R5:AH5,增益!$A:$A,增益!$F:$F,0)))/100)} -> 0.2925 | AS5: {=$G$10+VLOOKUP($Q5,武学奇术!$A:$ZZ,7,FALSE)+SUM(_xlfn.XLOOKUP(R5:AH5,增益!$A:$A,增益!$G:$G,0))} -> 0 | AT5: {=VLOOKUP($Q5,武学奇术!$A:$ZZ,8,FALSE)+SUM(_xlfn.XLOOKUP(R5:AH5,增益!$A:$A,增益!$H:$H,0))} -> 0 | AU5: =$D$11*(1+$AT5) -> 0 | AV5: =$E$11*(1+$AT5) -> 0 | AW5: {=IF($F$11-$I$4+VLOOKUP($Q5,武学奇术!$A:$ZZ,9,FALSE)+SUM(_xlfn.XLOOKUP(R5:AH5,增益!$A:$A,增益!$I:$I,0))>0,($F$11-$I$4+VLOOKUP($Q5,武学奇术!$A:$ZZ,9,FALSE)+SUM(_xlfn.XLOOKUP(R5:AH5,增益!$A:$A,增益!$I:$I,0)))/200,($F$11-$I$4+VLOOKUP($Q5,武学奇术!$A:$ZZ,9,FALSE)+SUM(_xlfn.XLOOKUP(R5:AH5,增益!$A:$A,增益!$I:$I,0)))/100)} -> -0.3 | AX5: {=$G$11+VLOOKUP($Q5,武学奇术!$A:$ZZ,10,FALSE)+SUM(_xlfn.XLOOKUP(R5:AH5,增益!$A:$A,增益!$J:$J,0))} -> 0 | AY5: =$D$12*(1+$AT5) -> 0 | AZ5: =$E$12*(1+$AT5) -> 0 | BA5: {=IF($F$12-$I$4+VLOOKUP($Q5,武学奇术!$A:$ZZ,11,FALSE)+SUM(_xlfn.XLOOKUP(R5:AH5,增益!$A:$A,增益!$K:$K,0))>0,($F$12-$I$4+VLOOKUP($Q5,武学奇术!$A:$ZZ,11,FALSE)+SUM(_xlfn.XLOOKUP(R5:AH5,增益!$A:$A,增益!$K:$K,0)))/200,($F$12-$I$4+VLOOKUP($Q5,武学奇术!$A:$ZZ,11,FALSE)+SUM(_xlfn.XLOOKUP(R5:AH5,增益!$A:$A,增益!$K:$K,0)))/100)} -> -0.3 | BB5: {=$G$12+VLOOKUP($Q5,武学奇术!$A:$ZZ,12,FALSE)+SUM(_xlfn.XLOOKUP(R5:AH5,增益!$A:$A,增益!$L:$L,0))} -> 0 | BC5: =$D$13*(1+$AT5) -> 571.2 | BD5: =$E$13*(1+$AT5) -> 1077.4 | BE5: {=IF($F$13-$I$4+VLOOKUP($Q5,武学奇术!$A:$ZZ,13,FALSE)+SUM(_xlfn.XLOOKUP(R5:AH5,增益!$A:$A,增益!$M:$M,0))>0,($F$13-$I$4+VLOOKUP($Q5,武学奇术!$A:$ZZ,13,FALSE)+SUM(_xlfn.XLOOKUP(R5:AH5,增益!$A:$A,增益!$K:$K,0)))/200,($F$13-$I$4+VLOOKUP($Q5,武学奇术!$A:$ZZ,13,FALSE)+SUM(_xlfn.XLOOKUP(R5:AH5,增益!$A:$A,增益!$M:$M,0)))/100)} -> 0 | BF5: {=$G$13+VLOOKUP($Q5,武学奇术!$A:$ZZ,14,FALSE)+SUM(_xlfn.XLOOKUP(R5:AH5,增益!$A:$A,增益!$N:$N,0))} -> 0.15 | BG5: =$D$14*(1+$AT5) -> 0 | BH5: =$E$14*(1+$AT5) -> 0 | BI5: {=IF($F$14-$I$4+VLOOKUP($Q5,武学奇术!$A:$ZZ,15,FALSE)+SUM(_xlfn.XLOOKUP(R5:AH5,增益!$A:$A,增益!$O:$O,0))>0,($F$14-$I$4+VLOOKUP($Q5,武学奇术!$A:$ZZ,15,FALSE)+SUM(_xlfn.XLOOKUP(R5:AH5,增益!$A:$A,增益!$O:$O,0)))/200,($F$14-$I$4+VLOOKUP($Q5,武学奇术!$A:$ZZ,15,FALSE)+SUM(_xlfn.XLOOKUP(R5:AH5,增益!$A:$A,增益!$O:$O,0)))/100)} -> -0.3 | BJ5: {=$G$14+VLOOKUP($Q5,武学奇术!$A:$ZZ,16,FALSE)+SUM(_xlfn.XLOOKUP(R5:AH5,增益!$A:$A,增益!$P:$P,0))} -> 0 | BK5: =MIN(IF(VLOOKUP($Q5,武学奇术!$A:$ZZ,23,FALSE)=1,100%,$B$8),100%) -> 1 | BL5: {=IF(VLOOKUP($Q5,武学奇术!$A:$ZZ,23,FALSE)=1,100%,MIN(80%,$B$9+VLOOKUP($Q5,武学奇术!$A:$ZZ,17,FALSE)+SUM(_xlfn.XLOOKUP(R5:AH5,增益!$A:$A,增益!$Q:$Q,0)))+$B$11+SUM(_xlfn.XLOOKUP(R5:AH5,增益!$A:$A,增益!$U:$U,0)))*IF(VLOOKUP($Q5,武学奇术!$A:$ZZ,24,FALSE)=1,0,1)} -> 0.9045 | BM5: {=1+$B$13+VLOOKUP($Q5,武学奇术!$A:$ZZ,18,FALSE)+SUM(_xlfn.XLOOKUP(R5:AH5,增益!$A:$A,增益!$R:$R,0))} -> 1.5 | BN5: {=IF(VLOOKUP($Q5,武学奇术!$A:$ZZ,24,FALSE)=1,100%,MIN(40%,$B$10+VLOOKUP($Q5,武学奇术!$A:$ZZ,19,FALSE)+SUM(_xlfn.XLOOKUP(R5:AH5,增益!$A:$A,增益!$S:$S,0)))+$B$12+SUM(_xlfn.XLOOKUP(R5:AH5,增益!$A:$A,增益!$V:$V,0)))*IF(VLOOKUP($Q5,武学奇术!$A:$ZZ,23,FALSE)=1,0,1)} -> 0.0929 | BO5: {=1+$B$14+VLOOKUP($Q5,武学奇术!$A:$ZZ,20,FALSE)+SUM(_xlfn.XLOOKUP(R5:AH5,增益!$A:$A,增益!$T:$T,0))} -> 1.35 | BP5: =MIN((1-BN5)*BK5,BK5*BL5) -> 0.9045 | BQ5: =1-BN5-BP5-BR5 -> 0.0026 | BR5: =IF(VLOOKUP($Q5,武学奇术!$A:$ZZ,22,FALSE)=1,0,(1-$BK5))*(1-$BN5) -> 0 | BS5: {=SUM(_xlfn.XLOOKUP(R5:AH5,增益!$A:$A,增益!$W:$W,0))+$I$5} -> 0.06
A6: 破竹 | F6: 单体奇术 | G6: =B19 -> 0.2678 | K6: =($L6*$BP6+$M6*$BN6+$N6*$BQ6+$O6*$BR6) -> 0 | L6: =((($AP6+$AQ6)/2*$AJ6+$AK6)*(1+$AR6)*(1+$AS6)+(($AU6+$AV6)/2*IF($G$1="鸣金",$AL6,$AJ6)+IF($G$1="鸣金",$AM6*1.5,0))*(1+$AW6)*(1+$AX6)+(($AY6+$AZ6)/2*IF($G$1="裂石",$AL6,$AJ6)+IF($G$1="裂石",$AM6*1.5,0))*(1+$BA6)*(1+$BB6)+(($BC6+$BD6)/2*IF($G$1="牵丝",$AL6,$AJ6)+IF($G$1="牵丝",$AM6*1.5,0))*(1+$BE6)*(1+$BF6)+(($BG6+$BH6)/2*IF($G$1="破竹",$AL6,$AJ6)+IF($G$1="破竹",$AM6*1.5,0))*(1+$BI6)*(1+$BJ6))*(1+$AN6)*$BM6*$P6*(1+IF(VLOOKUP($Q6,武学奇术!$A:$ZZ,30,FALSE)="弹道",$B$21,0))*(1+$BS6) -> 0 | M6: =(($AQ6*$AJ6+$AK6)*(1+$AR6)*(1+$AS6)+($AV6*IF($G$1="鸣金",$AL6,$AJ6)+IF($G$1="鸣金",$AM6*1.5,0))*(1+$AW6)*(1+$AX6)+($AZ6*IF($G$1="裂石",$AL6,$AJ6)+IF($G$1="裂石",$AM6*1.5,0))*(1+$BA6)*(1+$BB6)+($BD6*IF($G$1="牵丝",$AL6,$AJ6)+IF($G$1="牵丝",$AM6*1.5,0))*(1+$BE6)*(1+$BF6)+($BH6*IF($G$1="破竹",$AL6,$AJ6)+IF($G$1="破竹",$AM6*1.5,0))*(1+$BI6)*(1+$BJ6))*(1+$AN6)*$BO6*$P6*(1+IF(VLOOKUP($Q6,武学奇术!$A:$ZZ,30,FALSE)="弹道",$B$21,0))*(1+$BS6) -> 0 | N6: =((($AP6+$AQ6)/2*$AJ6+$AK6)*(1+$AR6)*(1+$AS6)+(($AU6+$AV6)/2*IF($G$1="鸣金",$AL6,$AJ6)+IF($G$1="鸣金",$AM6*1.5,0))*(1+$AW6)*(1+$AX6)+(($AY6+$AZ6)/2*IF($G$1="裂石",$AL6,$AJ6)+IF($G$1="裂石",$AM6*1.5,0))*(1+$BA6)*(1+$BB6)+(($BC6+$BD6)/2*IF($G$1="牵丝",$AL6,$AJ6)+IF($G$1="牵丝",$AM6*1.5,0))*(1+$BE6)*(1+$BF6)+(($BG6+$BH6)/2*IF($G$1="破竹",$AL6,$AJ6)+IF($G$1="破竹",$AM6*1.5,0))*(1+$BI6)*(1+$BJ6))*(1+$AN6)*$P6*(1+IF(VLOOKUP($Q6,武学奇术!$A:$ZZ,30,FALSE)="弹道",$B$21,0))*(1+$BS6) -> 0 | O6: =((($AP6*$AJ6+$AK6)*(1+$AR6)*(1+$AS6)+($AU6*IF($G$1="鸣金",$AL6,$AJ6)+IF($G$1="鸣金",$AM6*1.5,0))*(1+$AW6)*(1+$AX6)+($AY6*IF($G$1="裂石",$AL6,$AJ6)+IF($G$1="裂石",$AM6*1.5,0))*(1+$BA6)*(1+$BB6)+($BC6*IF($G$1="牵丝",$AL6,$AJ6)+IF($G$1="牵丝",$AM6*1.5,0))*(1+$BE6)*(1+$BF6)+($BG6*IF($G$1="破竹",$AL6,$AJ6)+IF($G$1="破竹",$AM6*1.5,0))*(1+$BI6)*(1+$BJ6))*(1+$AN6))*$P6*(1+IF(VLOOKUP($Q6,武学奇术!$A:$ZZ,30,FALSE)="弹道",$B$21,0))*(1+$BS6) -> 0 | P6: 1 | Q6: N/a | R6: N/a | S6: N/a | T6: N/a | U6: N/a | V6: N/a | W6: N/a | X6: N/a | Y6: N/a | Z6: N/a | AA6: N/a | AB6: N/a | AC6: N/a | AD6: N/a | AE6: N/a | AF6: N/a | AG6: N/a | AH6: N/a | AI6: =VLOOKUP($Q6,武学奇术!$A:$ZZ,25,FALSE) -> 心法 | AJ6: =VLOOKUP($Q6,武学奇术!$A:$ZZ,26,FALSE) -> 0 | AK6: =VLOOKUP($Q6,武学奇术!$A:$ZZ,27,FALSE)*(1+IF(OR($AI6=$F$4,$AI6=$F$5),$B$22,0)) -> 0 | AL6: =VLOOKUP($Q6,武学奇术!$A:$ZZ,28,FALSE) -> 0 | AM6: =VLOOKUP($Q6,武学奇术!$A:$ZZ,29,FALSE)*(1+IF(OR($AI6=$F$4,$AI6=$F$5),$B$22,0)) -> 0 | AN6: {=$G$3+IFERROR(VLOOKUP($AI6,$F$4:$G$7,2,FALSE),0)+VLOOKUP($Q6,武学奇术!$A:$ZZ,2,FALSE)+SUM(_xlfn.XLOOKUP($R6:$AH6,增益!$A:$A,增益!$B:$B,0))} -> 0.1837 | AO6: {=VLOOKUP($Q6,武学奇术!$A:$ZZ,5,FALSE)+SUM(_xlfn.XLOOKUP($R6:$AH6,增益!$A:$A,增益!$E:$E,0))} -> 0 | AP6: {=$D$10*(1+$AO6)+VLOOKUP($Q6,武学奇术!$A:$ZZ,3,FALSE)+SUM(_xlfn.XLOOKUP($R6:$AH6,增益!$A:$A,增益!$C:$C,0))-$I$2} -> 1797.4 | AQ6: {=$E$10*(1+$AO6)+VLOOKUP($Q6,武学奇术!$A:$ZZ,4,FALSE)+SUM(_xlfn.XLOOKUP($R6:$AH6,增益!$A:$A,增益!$D:$D,0))-$I$2} -> 5488 | AR6: {=IF($F$10-$I$3+VLOOKUP($Q6,武学奇术!$A:$ZZ,6,FALSE)+SUM(_xlfn.XLOOKUP(R6:AH6,增益!$A:$A,增益!$F:$F,0))>0,($F$10-$I$3+VLOOKUP($Q6,武学奇术!$A:$ZZ,6,FALSE)+SUM(_xlfn.XLOOKUP(R6:AH6,增益!$A:$A,增益!$F:$F,0)))/200,($F$10-$I$3+VLOOKUP($Q6,武学奇术!$A:$ZZ,6,FALSE)+SUM(_xlfn.XLOOKUP(R6:AH6,增益!$A:$A,增益!$F:$F,0)))/100)} -> 0.2925 | AS6: {=$G$10+VLOOKUP($Q6,武学奇术!$A:$ZZ,7,FALSE)+SUM(_xlfn.XLOOKUP(R6:AH6,增益!$A:$A,增益!$G:$G,0))} -> 0 | AT6: {=VLOOKUP($Q6,武学奇术!$A:$ZZ,8,FALSE)+SUM(_xlfn.XLOOKUP(R6:AH6,增益!$A:$A,增益!$H:$H,0))} -> 0 | AU6: =$D$11*(1+$AT6) -> 0 | AV6: =$E$11*(1+$AT6) -> 0 | AW6: {=IF($F$11-$I$4+VLOOKUP($Q6,武学奇术!$A:$ZZ,9,FALSE)+SUM(_xlfn.XLOOKUP(R6:AH6,增益!$A:$A,增益!$I:$I,0))>0,($F$11-$I$4+VLOOKUP($Q6,武学奇术!$A:$ZZ,9,FALSE)+SUM(_xlfn.XLOOKUP(R6:AH6,增益!$A:$A,增益!$I:$I,0)))/200,($F$11-$I$4+VLOOKUP($Q6,武学奇术!$A:$ZZ,9,FALSE)+SUM(_xlfn.XLOOKUP(R6:AH6,增益!$A:$A,增益!$I:$I,0)))/100)} -> -0.3 | AX6: {=$G$11+VLOOKUP($Q6,武学奇术!$A:$ZZ,10,FALSE)+SUM(_xlfn.XLOOKUP(R6:AH6,增益!$A:$A,增益!$J:$J,0))} -> 0 | AY6: =$D$12*(1+$AT6) -> 0 | AZ6: =$E$12*(1+$AT6) -> 0 | BA6: {=IF($F$12-$I$4+VLOOKUP($Q6,武学奇术!$A:$ZZ,11,FALSE)+SUM(_xlfn.XLOOKUP(R6:AH6,增益!$A:$A,增益!$K:$K,0))>0,($F$12-$I$4+VLOOKUP($Q6,武学奇术!$A:$ZZ,11,FALSE)+SUM(_xlfn.XLOOKUP(R6:AH6,增益!$A:$A,增益!$K:$K,0)))/200,($F$12-$I$4+VLOOKUP($Q6,武学奇术!$A:$ZZ,11,FALSE)+SUM(_xlfn.XLOOKUP(R6:AH6,增益!$A:$A,增益!$K:$K,0)))/100)} -> -0.3 | BB6: {=$G$12+VLOOKUP($Q6,武学奇术!$A:$ZZ,12,FALSE)+SUM(_xlfn.XLOOKUP(R6:AH6,增益!$A:$A,增益!$L:$L,0))} -> 0 | BC6: =$D$13*(1+$AT6) -> 571.2 | BD6: =$E$13*(1+$AT6) -> 1077.4 | BE6: {=IF($F$13-$I$4+VLOOKUP($Q6,武学奇术!$A:$ZZ,13,FALSE)+SUM(_xlfn.XLOOKUP(R6:AH6,增益!$A:$A,增益!$M:$M,0))>0,($F$13-$I$4+VLOOKUP($Q6,武学奇术!$A:$ZZ,13,FALSE)+SUM(_xlfn.XLOOKUP(R6:AH6,增益!$A:$A,增益!$K:$K,0)))/200,($F$13-$I$4+VLOOKUP($Q6,武学奇术!$A:$ZZ,13,FALSE)+SUM(_xlfn.XLOOKUP(R6:AH6,增益!$A:$A,增益!$M:$M,0)))/100)} -> 0 | BF6: {=$G$13+VLOOKUP($Q6,武学奇术!$A:$ZZ,14,FALSE)+SUM(_xlfn.XLOOKUP(R6:AH6,增益!$A:$A,增益!$N:$N,0))} -> 0.15 | BG6: =$D$14*(1+$AT6) -> 0 | BH6: =$E$14*(1+$AT6) -> 0 | BI6: {=IF($F$14-$I$4+VLOOKUP($Q6,武学奇术!$A:$ZZ,15,FALSE)+SUM(_xlfn.XLOOKUP(R6:AH6,增益!$A:$A,增益!$O:$O,0))>0,($F$14-$I$4+VLOOKUP($Q6,武学奇术!$A:$ZZ,15,FALSE)+SUM(_xlfn.XLOOKUP(R6:AH6,增益!$A:$A,增益!$O:$O,0)))/200,($F$14-$I$4+VLOOKUP($Q6,武学奇术!$A:$ZZ,15,FALSE)+SUM(_xlfn.XLOOKUP(R6:AH6,增益!$A:$A,增益!$O:$O,0)))/100)} -> -0.3 | BJ6: {=$G$14+VLOOKUP($Q6,武学奇术!$A:$ZZ,16,FALSE)+SUM(_xlfn.XLOOKUP(R6:AH6,增益!$A:$A,增益!$P:$P,0))} -> 0 | BK6: =MIN(IF(VLOOKUP($Q6,武学奇术!$A:$ZZ,23,FALSE)=1,100%,$B$8),100%) -> 1 | BL6: {=IF(VLOOKUP($Q6,武学奇术!$A:$ZZ,23,FALSE)=1,100%,MIN(80%,$B$9+VLOOKUP($Q6,武学奇术!$A:$ZZ,17,FALSE)+SUM(_xlfn.XLOOKUP(R6:AH6,增益!$A:$A,增益!$Q:$Q,0)))+$B$11+SUM(_xlfn.XLOOKUP(R6:AH6,增益!$A:$A,增益!$U:$U,0)))*IF(VLOOKUP($Q6,武学奇术!$A:$ZZ,24,FALSE)=1,0,1)} -> 0.9045 | BM6: {=1+$B$13+VLOOKUP($Q6,武学奇术!$A:$ZZ,18,FALSE)+SUM(_xlfn.XLOOKUP(R6:AH6,增益!$A:$A,增益!$R:$R,0))} -> 1.5 | BN6: {=IF(VLOOKUP($Q6,武学奇术!$A:$ZZ,24,FALSE)=1,100%,MIN(40%,$B$10+VLOOKUP($Q6,武学奇术!$A:$ZZ,19,FALSE)+SUM(_xlfn.XLOOKUP(R6:AH6,增益!$A:$A,增益!$S:$S,0)))+$B$12+SUM(_xlfn.XLOOKUP(R6:AH6,增益!$A:$A,增益!$V:$V,0)))*IF(VLOOKUP($Q6,武学奇术!$A:$ZZ,23,FALSE)=1,0,1)} -> 0.0929 | BO6: {=1+$B$14+VLOOKUP($Q6,武学奇术!$A:$ZZ,20,FALSE)+SUM(_xlfn.XLOOKUP(R6:AH6,增益!$A:$A,增益!$T:$T,0))} -> 1.35 | BP6: =MIN((1-BN6)*BK6,BK6*BL6) -> 0.9045 | BQ6: =1-BN6-BP6-BR6 -> 0.0026 | BR6: =IF(VLOOKUP($Q6,武学奇术!$A:$ZZ,22,FALSE)=1,0,(1-$BK6))*(1-$BN6) -> 0 | BS6: {=SUM(_xlfn.XLOOKUP(R6:AH6,增益!$A:$A,增益!$W:$W,0))+$I$5} -> 0.06
A7: 无相 | B7: 79.2 | C7: 92.4 | F7: 群体奇术 | G7: =B20 -> 0 | K7: =($L7*$BP7+$M7*$BN7+$N7*$BQ7+$O7*$BR7) -> 66305.511 | L7: =((($AP7+$AQ7)/2*$AJ7+$AK7)*(1+$AR7)*(1+$AS7)+(($AU7+$AV7)/2*IF($G$1="鸣金",$AL7,$AJ7)+IF($G$1="鸣金",$AM7*1.5,0))*(1+$AW7)*(1+$AX7)+(($AY7+$AZ7)/2*IF($G$1="裂石",$AL7,$AJ7)+IF($G$1="裂石",$AM7*1.5,0))*(1+$BA7)*(1+$BB7)+(($BC7+$BD7)/2*IF($G$1="牵丝",$AL7,$AJ7)+IF($G$1="牵丝",$AM7*1.5,0))*(1+$BE7)*(1+$BF7)+(($BG7+$BH7)/2*IF($G$1="破竹",$AL7,$AJ7)+IF($G$1="破竹",$AM7*1.5,0))*(1+$BI7)*(1+$BJ7))*(1+$AN7)*$BM7*$P7*(1+IF(VLOOKUP($Q7,武学奇术!$A:$ZZ,30,FALSE)="弹道",$B$21,0))*(1+$BS7) -> 66299.395 | M7: =(($AQ7*$AJ7+$AK7)*(1+$AR7)*(1+$AS7)+($AV7*IF($G$1="鸣金",$AL7,$AJ7)+IF($G$1="鸣金",$AM7*1.5,0))*(1+$AW7)*(1+$AX7)+($AZ7*IF($G$1="裂石",$AL7,$AJ7)+IF($G$1="裂石",$AM7*1.5,0))*(1+$BA7)*(1+$BB7)+($BD7*IF($G$1="牵丝",$AL7,$AJ7)+IF($G$1="牵丝",$AM7*1.5,0))*(1+$BE7)*(1+$BF7)+($BH7*IF($G$1="破竹",$AL7,$AJ7)+IF($G$1="破竹",$AM7*1.5,0))*(1+$BI7)*(1+$BJ7))*(1+$AN7)*$BO7*$P7*(1+IF(VLOOKUP($Q7,武学奇术!$A:$ZZ,30,FALSE)="弹道",$B$21,0))*(1+$BS7) -> 67228.497 | N7: =((($AP7+$AQ7)/2*$AJ7+$AK7)*(1+$AR7)*(1+$AS7)+(($AU7+$AV7)/2*IF($G$1="鸣金",$AL7,$AJ7)+IF($G$1="鸣金",$AM7*1.5,0))*(1+$AW7)*(1+$AX7)+(($AY7+$AZ7)/2*IF($G$1="裂石",$AL7,$AJ7)+IF($G$1="裂石",$AM7*1.5,0))*(1+$BA7)*(1+$BB7)+(($BC7+$BD7)/2*IF($G$1="牵丝",$AL7,$AJ7)+IF($G$1="牵丝",$AM7*1.5,0))*(1+$BE7)*(1+$BF7)+(($BG7+$BH7)/2*IF($G$1="破竹",$AL7,$AJ7)+IF($G$1="破竹",$AM7*1.5,0))*(1+$BI7)*(1+$BJ7))*(1+$AN7)*$P7*(1+IF(VLOOKUP($Q7,武学奇术!$A:$ZZ,30,FALSE)="弹道",$B$21,0))*(1+$BS7) -> 35454.222 | O7: =((($AP7*$AJ7+$AK7)*(1+$AR7)*(1+$AS7)+($AU7*IF($G$1="鸣金",$AL7,$AJ7)+IF($G$1="鸣金",$AM7*1.5,0))*(1+$AW7)*(1+$AX7)+($AY7*IF($G$1="裂石",$AL7,$AJ7)+IF($G$1="裂石",$AM7*1.5,0))*(1+$BA7)*(1+$BB7)+($BC7*IF($G$1="牵丝",$AL7,$AJ7)+IF($G$1="牵丝",$AM7*1.5,0))*(1+$BE7)*(1+$BF7)+($BG7*IF($G$1="破竹",$AL7,$AJ7)+IF($G$1="破竹",$AM7*1.5,0))*(1+$BI7)*(1+$BJ7))*(1+$AN7))*$P7*(1+IF(VLOOKUP($Q7,武学奇术!$A:$ZZ,30,FALSE)="弹道",$B$21,0))*(1+$BS7) -> 21109.557 | P7: 1 | Q7: 伞Q | R7: N/a | S7: 沧海帖1层 | T7: N/a | U7: N/a | V7: 风墙(弹道) | W7: N/a | X7: N/a | Y7: N/a | Z7: N/a | AA7: N/a | AB7: N/a | AC7: N/a | AD7: N/a | AE7: N/a | AF7: N/a | AG7: N/a | AH7: 无惧 | AI7: =VLOOKUP($Q7,武学奇术!$A:$ZZ,25,FALSE) -> 伞 | AJ7: =VLOOKUP($Q7,武学奇术!$A:$ZZ,26,FALSE) -> 2.3397 | AK7: =VLOOKUP($Q7,武学奇术!$A:$ZZ,27,FALSE)*(1+IF(OR($AI7=$F$4,$AI7=$F$5),$B$22,0)) -> 907.2 | AL7: =VLOOKUP($Q7,武学奇术!$A:$ZZ,28,FALSE) -> 3.5095 | AM7: =VLOOKUP($Q7,武学奇术!$A:$ZZ,29,FALSE)*(1+IF(OR($AI7=$F$4,$AI7=$F$5),$B$22,0)) -> 494.2 | AN7: {=$G$3+IFERROR(VLOOKUP($AI7,$F$4:$G$7,2,FALSE),0)+VLOOKUP($Q7,武学奇术!$A:$ZZ,2,FALSE)+SUM(_xlfn.XLOOKUP($R7:$AH7,增益!$A:$A,增益!$B:$B,0))} -> 0.7541 | AO7: {=VLOOKUP($Q7,武学奇术!$A:$ZZ,5,FALSE)+SUM(_xlfn.XLOOKUP($R7:$AH7,增益!$A:$A,增益!$E:$E,0))} -> 0 | AP7: {=$D$10*(1+$AO7)+VLOOKUP($Q7,武学奇术!$A:$ZZ,3,FALSE)+SUM(_xlfn.XLOOKUP($R7:$AH7,增益!$A:$A,增益!$C:$C,0))-$I$2} -> 1797.4 | AQ7: {=$E$10*(1+$AO7)+VLOOKUP($Q7,武学奇术!$A:$ZZ,4,FALSE)+SUM(_xlfn.XLOOKUP($R7:$AH7,增益!$A:$A,增益!$D:$D,0))-$I$2} -> 5488 | AR7: {=IF($F$10-$I$3+VLOOKUP($Q7,武学奇术!$A:$ZZ,6,FALSE)+SUM(_xlfn.XLOOKUP(R7:AH7,增益!$A:$A,增益!$F:$F,0))>0,($F$10-$I$3+VLOOKUP($Q7,武学奇术!$A:$ZZ,6,FALSE)+SUM(_xlfn.XLOOKUP(R7:AH7,增益!$A:$A,增益!$F:$F,0)))/200,($F$10-$I$3+VLOOKUP($Q7,武学奇术!$A:$ZZ,6,FALSE)+SUM(_xlfn.XLOOKUP(R7:AH7,增益!$A:$A,增益!$F:$F,0)))/100)} -> 0.3175 | AS7: {=$G$10+VLOOKUP($Q7,武学奇术!$A:$ZZ,7,FALSE)+SUM(_xlfn.XLOOKUP(R7:AH7,增益!$A:$A,增益!$G:$G,0))} -> 0.1 | AT7: {=VLOOKUP($Q7,武学奇术!$A:$ZZ,8,FALSE)+SUM(_xlfn.XLOOKUP(R7:AH7,增益!$A:$A,增益!$H:$H,0))} -> 0 | AU7: =$D$11*(1+$AT7) -> 0 | AV7: =$E$11*(1+$AT7) -> 0 | AW7: {=IF($F$11-$I$4+VLOOKUP($Q7,武学奇术!$A:$ZZ,9,FALSE)+SUM(_xlfn.XLOOKUP(R7:AH7,增益!$A:$A,增益!$I:$I,0))>0,($F$11-$I$4+VLOOKUP($Q7,武学奇术!$A:$ZZ,9,FALSE)+SUM(_xlfn.XLOOKUP(R7:AH7,增益!$A:$A,增益!$I:$I,0)))/200,($F$11-$I$4+VLOOKUP($Q7,武学奇术!$A:$ZZ,9,FALSE)+SUM(_xlfn.XLOOKUP(R7:AH7,增益!$A:$A,增益!$I:$I,0)))/100)} -> -0.3 | AX7: {=$G$11+VLOOKUP($Q7,武学奇术!$A:$ZZ,10,FALSE)+SUM(_xlfn.XLOOKUP(R7:AH7,增益!$A:$A,增益!$J:$J,0))} -> 0 | AY7: =$D$12*(1+$AT7) -> 0 | AZ7: =$E$12*(1+$AT7) -> 0 | BA7: {=IF($F$12-$I$4+VLOOKUP($Q7,武学奇术!$A:$ZZ,11,FALSE)+SUM(_xlfn.XLOOKUP(R7:AH7,增益!$A:$A,增益!$K:$K,0))>0,($F$12-$I$4+VLOOKUP($Q7,武学奇术!$A:$ZZ,11,FALSE)+SUM(_xlfn.XLOOKUP(R7:AH7,增益!$A:$A,增益!$K:$K,0)))/200,($F$12-$I$4+VLOOKUP($Q7,武学奇术!$A:$ZZ,11,FALSE)+SUM(_xlfn.XLOOKUP(R7:AH7,增益!$A:$A,增益!$K:$K,0)))/100)} -> -0.3 | BB7: {=$G$12+VLOOKUP($Q7,武学奇术!$A:$ZZ,12,FALSE)+SUM(_xlfn.XLOOKUP(R7:AH7,增益!$A:$A,增益!$L:$L,0))} -> 0 | BC7: =$D$13*(1+$AT7) -> 571.2 | BD7: =$E$13*(1+$AT7) -> 1077.4 | BE7: {=IF($F$13-$I$4+VLOOKUP($Q7,武学奇术!$A:$ZZ,13,FALSE)+SUM(_xlfn.XLOOKUP(R7:AH7,增益!$A:$A,增益!$M:$M,0))>0,($F$13-$I$4+VLOOKUP($Q7,武学奇术!$A:$ZZ,13,FALSE)+SUM(_xlfn.XLOOKUP(R7:AH7,增益!$A:$A,增益!$K:$K,0)))/200,($F$13-$I$4+VLOOKUP($Q7,武学奇术!$A:$ZZ,13,FALSE)+SUM(_xlfn.XLOOKUP(R7:AH7,增益!$A:$A,增益!$M:$M,0)))/100)} -> 0 | BF7: {=$G$13+VLOOKUP($Q7,武学奇术!$A:$ZZ,14,FALSE)+SUM(_xlfn.XLOOKUP(R7:AH7,增益!$A:$A,增益!$N:$N,0))} -> 0.25 | BG7: =$D$14*(1+$AT7) -> 0 | BH7: =$E$14*(1+$AT7) -> 0 | BI7: {=IF($F$14-$I$4+VLOOKUP($Q7,武学奇术!$A:$ZZ,15,FALSE)+SUM(_xlfn.XLOOKUP(R7:AH7,增益!$A:$A,增益!$O:$O,0))>0,($F$14-$I$4+VLOOKUP($Q7,武学奇术!$A:$ZZ,15,FALSE)+SUM(_xlfn.XLOOKUP(R7:AH7,增益!$A:$A,增益!$O:$O,0)))/200,($F$14-$I$4+VLOOKUP($Q7,武学奇术!$A:$ZZ,15,FALSE)+SUM(_xlfn.XLOOKUP(R7:AH7,增益!$A:$A,增益!$O:$O,0)))/100)} -> -0.3 | BJ7: {=$G$14+VLOOKUP($Q7,武学奇术!$A:$ZZ,16,FALSE)+SUM(_xlfn.XLOOKUP(R7:AH7,增益!$A:$A,增益!$P:$P,0))} -> 0 | BK7: =MIN(IF(VLOOKUP($Q7,武学奇术!$A:$ZZ,23,FALSE)=1,100%,$B$8),100%) -> 1 | BL7: {=IF(VLOOKUP($Q7,武学奇术!$A:$ZZ,23,FALSE)=1,100%,MIN(80%,$B$9+VLOOKUP($Q7,武学奇术!$A:$ZZ,17,FALSE)+SUM(_xlfn.XLOOKUP(R7:AH7,增益!$A:$A,增益!$Q:$Q,0)))+$B$11+SUM(_xlfn.XLOOKUP(R7:AH7,增益!$A:$A,增益!$U:$U,0)))*IF(VLOOKUP($Q7,武学奇术!$A:$ZZ,24,FALSE)=1,0,1)} -> 0.9045 | BM7: {=1+$B$13+VLOOKUP($Q7,武学奇术!$A:$ZZ,18,FALSE)+SUM(_xlfn.XLOOKUP(R7:AH7,增益!$A:$A,增益!$R:$R,0))} -> 1.87 | BN7: {=IF(VLOOKUP($Q7,武学奇术!$A:$ZZ,24,FALSE)=1,100%,MIN(40%,$B$10+VLOOKUP($Q7,武学奇术!$A:$ZZ,19,FALSE)+SUM(_xlfn.XLOOKUP(R7:AH7,增益!$A:$A,增益!$S:$S,0)))+$B$12+SUM(_xlfn.XLOOKUP(R7:AH7,增益!$A:$A,增益!$V:$V,0)))*IF(VLOOKUP($Q7,武学奇术!$A:$ZZ,23,FALSE)=1,0,1)} -> 0.0929 | BO7: {=1+$B$14+VLOOKUP($Q7,武学奇术!$A:$ZZ,20,FALSE)+SUM(_xlfn.XLOOKUP(R7:AH7,增益!$A:$A,增益!$T:$T,0))} -> 1.35 | BP7: =MIN((1-BN7)*BK7,BK7*BL7) -> 0.9045 | BQ7: =1-BN7-BP7-BR7 -> 0.0026 | BR7: =IF(VLOOKUP($Q7,武学奇术!$A:$ZZ,22,FALSE)=1,0,(1-$BK7))*(1-$BN7) -> 0 | BS7: {=SUM(_xlfn.XLOOKUP(R7:AH7,增益!$A:$A,增益!$W:$W,0))+$I$5} -> 0.11
A8: 精准率 | B8: 1 | C8: 实际属性 | H8: 战斗时间 | I8: 102 | K8: =($L8*$BP8+$M8*$BN8+$N8*$BQ8+$O8*$BR8) -> 76568.84 | L8: =((($AP8+$AQ8)/2*$AJ8+$AK8)*(1+$AR8)*(1+$AS8)+(($AU8+$AV8)/2*IF($G$1="鸣金",$AL8,$AJ8)+IF($G$1="鸣金",$AM8*1.5,0))*(1+$AW8)*(1+$AX8)+(($AY8+$AZ8)/2*IF($G$1="裂石",$AL8,$AJ8)+IF($G$1="裂石",$AM8*1.5,0))*(1+$BA8)*(1+$BB8)+(($BC8+$BD8)/2*IF($G$1="牵丝",$AL8,$AJ8)+IF($G$1="牵丝",$AM8*1.5,0))*(1+$BE8)*(1+$BF8)+(($BG8+$BH8)/2*IF($G$1="破竹",$AL8,$AJ8)+IF($G$1="破竹",$AM8*1.5,0))*(1+$BI8)*(1+$BJ8))*(1+$AN8)*$BM8*$P8*(1+IF(VLOOKUP($Q8,武学奇术!$A:$ZZ,30,FALSE)="弹道",$B$21,0))*(1+$BS8) -> 76560.229 | M8: =(($AQ8*$AJ8+$AK8)*(1+$AR8)*(1+$AS8)+($AV8*IF($G$1="鸣金",$AL8,$AJ8)+IF($G$1="鸣金",$AM8*1.5,0))*(1+$AW8)*(1+$AX8)+($AZ8*IF($G$1="裂石",$AL8,$AJ8)+IF($G$1="裂石",$AM8*1.5,0))*(1+$BA8)*(1+$BB8)+($BD8*IF($G$1="牵丝",$AL8,$AJ8)+IF($G$1="牵丝",$AM8*1.5,0))*(1+$BE8)*(1+$BF8)+($BH8*IF($G$1="破竹",$AL8,$AJ8)+IF($G$1="破竹",$AM8*1.5,0))*(1+$BI8)*(1+$BJ8))*(1+$AN8)*$BO8*$P8*(1+IF(VLOOKUP($Q8,武学奇术!$A:$ZZ,30,FALSE)="弹道",$B$21,0))*(1+$BS8) -> 77649.793 | N8: =((($AP8+$AQ8)/2*$AJ8+$AK8)*(1+$AR8)*(1+$AS8)+(($AU8+$AV8)/2*IF($G$1="鸣金",$AL8,$AJ8)+IF($G$1="鸣金",$AM8*1.5,0))*(1+$AW8)*(1+$AX8)+(($AY8+$AZ8)/2*IF($G$1="裂石",$AL8,$AJ8)+IF($G$1="裂石",$AM8*1.5,0))*(1+$BA8)*(1+$BB8)+(($BC8+$BD8)/2*IF($G$1="牵丝",$AL8,$AJ8)+IF($G$1="牵丝",$AM8*1.5,0))*(1+$BE8)*(1+$BF8)+(($BG8+$BH8)/2*IF($G$1="破竹",$AL8,$AJ8)+IF($G$1="破竹",$AM8*1.5,0))*(1+$BI8)*(1+$BJ8))*(1+$AN8)*$P8*(1+IF(VLOOKUP($Q8,武学奇术!$A:$ZZ,30,FALSE)="弹道",$B$21,0))*(1+$BS8) -> 40941.299 | O8: =((($AP8*$AJ8+$AK8)*(1+$AR8)*(1+$AS8)+($AU8*IF($G$1="鸣金",$AL8,$AJ8)+IF($G$1="鸣金",$AM8*1.5,0))*(1+$AW8)*(1+$AX8)+($AY8*IF($G$1="裂石",$AL8,$AJ8)+IF($G$1="裂石",$AM8*1.5,0))*(1+$BA8)*(1+$BB8)+($BC8*IF($G$1="牵丝",$AL8,$AJ8)+IF($G$1="牵丝",$AM8*1.5,0))*(1+$BE8)*(1+$BF8)+($BG8*IF($G$1="破竹",$AL8,$AJ8)+IF($G$1="破竹",$AM8*1.5,0))*(1+$BI8)*(1+$BJ8))*(1+$AN8))*$P8*(1+IF(VLOOKUP($Q8,武学奇术!$A:$ZZ,30,FALSE)="弹道",$B$21,0))*(1+$BS8) -> 24364.232 | P8: 1 | Q8: 伞Q | R8: 易水歌1层 | S8: 沧海帖1层 | T8: 连中 | U8: N/a | V8: 风墙(弹道) | W8: N/a | X8: N/a | Y8: N/a | Z8: N/a | AA8: N/a | AB8: N/a | AC8: N/a | AD8: N/a | AE8: N/a | AF8: N/a | AG8: N/a | AH8: 无惧 | AI8: =VLOOKUP($Q8,武学奇术!$A:$ZZ,25,FALSE) -> 伞 | AJ8: =VLOOKUP($Q8,武学奇术!$A:$ZZ,26,FALSE) -> 2.3397 | AK8: =VLOOKUP($Q8,武学奇术!$A:$ZZ,27,FALSE)*(1+IF(OR($AI8=$F$4,$AI8=$F$5),$B$22,0)) -> 907.2 | AL8: =VLOOKUP($Q8,武学奇术!$A:$ZZ,28,FALSE) -> 3.5095 | AM8: =VLOOKUP($Q8,武学奇术!$A:$ZZ,29,FALSE)*(1+IF(OR($AI8=$F$4,$AI8=$F$5),$B$22,0)) -> 494.2 | AN8: {=$G$3+IFERROR(VLOOKUP($AI8,$F$4:$G$7,2,FALSE),0)+VLOOKUP($Q8,武学奇术!$A:$ZZ,2,FALSE)+SUM(_xlfn.XLOOKUP($R8:$AH8,增益!$A:$A,增益!$B:$B,0))} -> 1.0141 | AO8: {=VLOOKUP($Q8,武学奇术!$A:$ZZ,5,FALSE)+SUM(_xlfn.XLOOKUP($R8:$AH8,增益!$A:$A,增益!$E:$E,0))} -> 0 | AP8: {=$D$10*(1+$AO8)+VLOOKUP($Q8,武学奇术!$A:$ZZ,3,FALSE)+SUM(_xlfn.XLOOKUP($R8:$AH8,增益!$A:$A,增益!$C:$C,0))-$I$2} -> 1797.4 | AQ8: {=$E$10*(1+$AO8)+VLOOKUP($Q8,武学奇术!$A:$ZZ,4,FALSE)+SUM(_xlfn.XLOOKUP($R8:$AH8,增益!$A:$A,增益!$D:$D,0))-$I$2} -> 5488 | AR8: {=IF($F$10-$I$3+VLOOKUP($Q8,武学奇术!$A:$ZZ,6,FALSE)+SUM(_xlfn.XLOOKUP(R8:AH8,增益!$A:$A,增益!$F:$F,0))>0,($F$10-$I$3+VLOOKUP($Q8,武学奇术!$A:$ZZ,6,FALSE)+SUM(_xlfn.XLOOKUP(R8:AH8,增益!$A:$A,增益!$F:$F,0)))/200,($F$10-$I$3+VLOOKUP($Q8,武学奇术!$A:$ZZ,6,FALSE)+SUM(_xlfn.XLOOKUP(R8:AH8,增益!$A:$A,增益!$F:$F,0)))/100)} -> 0.3275 | AS8: {=$G$10+VLOOKUP($Q8,武学奇术!$A:$ZZ,7,FALSE)+SUM(_xlfn.XLOOKUP(R8:AH8,增益!$A:$A,增益!$G:$G,0))} -> 0.1 | AT8: {=VLOOKUP($Q8,武学奇术!$A:$ZZ,8,FALSE)+SUM(_xlfn.XLOOKUP(R8:AH8,增益!$A:$A,增益!$H:$H,0))} -> 0 | AU8: =$D$11*(1+$AT8) -> 0 | AV8: =$E$11*(1+$AT8) -> 0 | AW8: {=IF($F$11-$I$4+VLOOKUP($Q8,武学奇术!$A:$ZZ,9,FALSE)+SUM(_xlfn.XLOOKUP(R8:AH8,增益!$A:$A,增益!$I:$I,0))>0,($F$11-$I$4+VLOOKUP($Q8,武学奇术!$A:$ZZ,9,FALSE)+SUM(_xlfn.XLOOKUP(R8:AH8,增益!$A:$A,增益!$I:$I,0)))/200,($F$11-$I$4+VLOOKUP($Q8,武学奇术!$A:$ZZ,9,FALSE)+SUM(_xlfn.XLOOKUP(R8:AH8,增益!$A:$A,增益!$I:$I,0)))/100)} -> -0.3 | AX8: {=$G$11+VLOOKUP($Q8,武学奇术!$A:$ZZ,10,FALSE)+SUM(_xlfn.XLOOKUP(R8:AH8,增益!$A:$A,增益!$J:$J,0))} -> 0 | AY8: =$D$12*(1+$AT8) -> 0 | AZ8: =$E$12*(1+$AT8) -> 0 | BA8: {=IF($F$12-$I$4+VLOOKUP($Q8,武学奇术!$A:$ZZ,11,FALSE)+SUM(_xlfn.XLOOKUP(R8:AH8,增益!$A:$A,增益!$K:$K,0))>0,($F$12-$I$4+VLOOKUP($Q8,武学奇术!$A:$ZZ,11,FALSE)+SUM(_xlfn.XLOOKUP(R8:AH8,增益!$A:$A,增益!$K:$K,0)))/200,($F$12-$I$4+VLOOKUP($Q8,武学奇术!$A:$ZZ,11,FALSE)+SUM(_xlfn.XLOOKUP(R8:AH8,增益!$A:$A,增益!$K:$K,0)))/100)} -> -0.3 | BB8: {=$G$12+VLOOKUP($Q8,武学奇术!$A:$ZZ,12,FALSE)+SUM(_xlfn.XLOOKUP(R8:AH8,增益!$A:$A,增益!$L:$L,0))} -> 0 | BC8: =$D$13*(1+$AT8) -> 571.2 | BD8: =$E$13*(1+$AT8) -> 1077.4 | BE8: {=IF($F$13-$I$4+VLOOKUP($Q8,武学奇术!$A:$ZZ,13,FALSE)+SUM(_xlfn.XLOOKUP(R8:AH8,增益!$A:$A,增益!$M:$M,0))>0,($F$13-$I$4+VLOOKUP($Q8,武学奇术!$A:$ZZ,13,FALSE)+SUM(_xlfn.XLOOKUP(R8:AH8,增益!$A:$A,增益!$K:$K,0)))/200,($F$13-$I$4+VLOOKUP($Q8,武学奇术!$A:$ZZ,13,FALSE)+SUM(_xlfn.XLOOKUP(R8:AH8,增益!$A:$A,增益!$M:$M,0)))/100)} -> 0 | BF8: {=$G$13+VLOOKUP($Q8,武学奇术!$A:$ZZ,14,FALSE)+SUM(_xlfn.XLOOKUP(R8:AH8,增益!$A:$A,增益!$N:$N,0))} -> 0.25 | BG8: =$D$14*(1+$AT8) -> 0 | BH8: =$E$14*(1+$AT8) -> 0 | BI8: {=IF($F$14-$I$4+VLOOKUP($Q8,武学奇术!$A:$ZZ,15,FALSE)+SUM(_xlfn.XLOOKUP(R8:AH8,增益!$A:$A,增益!$O:$O,0))>0,($F$14-$I$4+VLOOKUP($Q8,武学奇术!$A:$ZZ,15,FALSE)+SUM(_xlfn.XLOOKUP(R8:AH8,增益!$A:$A,增益!$O:$O,0)))/200,($F$14-$I$4+VLOOKUP($Q8,武学奇术!$A:$ZZ,15,FALSE)+SUM(_xlfn.XLOOKUP(R8:AH8,增益!$A:$A,增益!$O:$O,0)))/100)} -> -0.3 | BJ8: {=$G$14+VLOOKUP($Q8,武学奇术!$A:$ZZ,16,FALSE)+SUM(_xlfn.XLOOKUP(R8:AH8,增益!$A:$A,增益!$P:$P,0))} -> 0 | BK8: =MIN(IF(VLOOKUP($Q8,武学奇术!$A:$ZZ,23,FALSE)=1,100%,$B$8),100%) -> 1 | BL8: {=IF(VLOOKUP($Q8,武学奇术!$A:$ZZ,23,FALSE)=1,100%,MIN(80%,$B$9+VLOOKUP($Q8,武学奇术!$A:$ZZ,17,FALSE)+SUM(_xlfn.XLOOKUP(R8:AH8,增益!$A:$A,增益!$Q:$Q,0)))+$B$11+SUM(_xlfn.XLOOKUP(R8:AH8,增益!$A:$A,增益!$U:$U,0)))*IF(VLOOKUP($Q8,武学奇术!$A:$ZZ,24,FALSE)=1,0,1)} -> 0.9045 | BM8: {=1+$B$13+VLOOKUP($Q8,武学奇术!$A:$ZZ,18,FALSE)+SUM(_xlfn.XLOOKUP(R8:AH8,增益!$A:$A,增益!$R:$R,0))} -> 1.87 | BN8: {=IF(VLOOKUP($Q8,武学奇术!$A:$ZZ,24,FALSE)=1,100%,MIN(40%,$B$10+VLOOKUP($Q8,武学奇术!$A:$ZZ,19,FALSE)+SUM(_xlfn.XLOOKUP(R8:AH8,增益!$A:$A,增益!$S:$S,0)))+$B$12+SUM(_xlfn.XLOOKUP(R8:AH8,增益!$A:$A,增益!$V:$V,0)))*IF(VLOOKUP($Q8,武学奇术!$A:$ZZ,23,FALSE)=1,0,1)} -> 0.0929 | BO8: {=1+$B$14+VLOOKUP($Q8,武学奇术!$A:$ZZ,20,FALSE)+SUM(_xlfn.XLOOKUP(R8:AH8,增益!$A:$A,增益!$T:$T,0))} -> 1.35 | BP8: =MIN((1-BN8)*BK8,BK8*BL8) -> 0.9045 | BQ8: =1-BN8-BP8-BR8 -> 0.0026 | BR8: =IF(VLOOKUP($Q8,武学奇术!$A:$ZZ,22,FALSE)=1,0,(1-$BK8))*(1-$BN8) -> 0 | BS8: {=SUM(_xlfn.XLOOKUP(R8:AH8,增益!$A:$A,增益!$W:$W,0))+$I$5} -> 0.11
A9: 会心率 | B9: 0.7715 | D9: 最小攻击 | E9: 最大攻击 | F9: 穿透 | G9: 伤害加成 | K9: =($L9*$BP9+$M9*$BN9+$N9*$BQ9+$O9*$BR9) -> 31693.363 | L9: =((($AP9+$AQ9)/2*$AJ9+$AK9)*(1+$AR9)*(1+$AS9)+(($AU9+$AV9)/2*IF($G$1="鸣金",$AL9,$AJ9)+IF($G$1="鸣金",$AM9*1.5,0))*(1+$AW9)*(1+$AX9)+(($AY9+$AZ9)/2*IF($G$1="裂石",$AL9,$AJ9)+IF($G$1="裂石",$AM9*1.5,0))*(1+$BA9)*(1+$BB9)+(($BC9+$BD9)/2*IF($G$1="牵丝",$AL9,$AJ9)+IF($G$1="牵丝",$AM9*1.5,0))*(1+$BE9)*(1+$BF9)+(($BG9+$BH9)/2*IF($G$1="破竹",$AL9,$AJ9)+IF($G$1="破竹",$AM9*1.5,0))*(1+$BI9)*(1+$BJ9))*(1+$AN9)*$BM9*$P9*(1+IF(VLOOKUP($Q9,武学奇术!$A:$ZZ,30,FALSE)="弹道",$B$21,0))*(1+$BS9) -> 30992.566 | M9: =(($AQ9*$AJ9+$AK9)*(1+$AR9)*(1+$AS9)+($AV9*IF($G$1="鸣金",$AL9,$AJ9)+IF($G$1="鸣金",$AM9*1.5,0))*(1+$AW9)*(1+$AX9)+($AZ9*IF($G$1="裂石",$AL9,$AJ9)+IF($G$1="裂石",$AM9*1.5,0))*(1+$BA9)*(1+$BB9)+($BD9*IF($G$1="牵丝",$AL9,$AJ9)+IF($G$1="牵丝",$AM9*1.5,0))*(1+$BE9)*(1+$BF9)+($BH9*IF($G$1="破竹",$AL9,$AJ9)+IF($G$1="破竹",$AM9*1.5,0))*(1+$BI9)*(1+$BJ9))*(1+$AN9)*$BO9*$P9*(1+IF(VLOOKUP($Q9,武学奇术!$A:$ZZ,30,FALSE)="弹道",$B$21,0))*(1+$BS9) -> 38829.086 | N9: =((($AP9+$AQ9)/2*$AJ9+$AK9)*(1+$AR9)*(1+$AS9)+(($AU9+$AV9)/2*IF($G$1="鸣金",$AL9,$AJ9)+IF($G$1="鸣金",$AM9*1.5,0))*(1+$AW9)*(1+$AX9)+(($AY9+$AZ9)/2*IF($G$1="裂石",$AL9,$AJ9)+IF($G$1="裂石",$AM9*1.5,0))*(1+$BA9)*(1+$BB9)+(($BC9+$BD9)/2*IF($G$1="牵丝",$AL9,$AJ9)+IF($G$1="牵丝",$AM9*1.5,0))*(1+$BE9)*(1+$BF9)+(($BG9+$BH9)/2*IF($G$1="破竹",$AL9,$AJ9)+IF($G$1="破竹",$AM9*1.5,0))*(1+$BI9)*(1+$BJ9))*(1+$AN9)*$P9*(1+IF(VLOOKUP($Q9,武学奇术!$A:$ZZ,30,FALSE)="弹道",$B$21,0))*(1+$BS9) -> 20524.878 | O9: =((($AP9*$AJ9+$AK9)*(1+$AR9)*(1+$AS9)+($AU9*IF($G$1="鸣金",$AL9,$AJ9)+IF($G$1="鸣金",$AM9*1.5,0))*(1+$AW9)*(1+$AX9)+($AY9*IF($G$1="裂石",$AL9,$AJ9)+IF($G$1="裂石",$AM9*1.5,0))*(1+$BA9)*(1+$BB9)+($BC9*IF($G$1="牵丝",$AL9,$AJ9)+IF($G$1="牵丝",$AM9*1.5,0))*(1+$BE9)*(1+$BF9)+($BG9*IF($G$1="破竹",$AL9,$AJ9)+IF($G$1="破竹",$AM9*1.5,0))*(1+$BI9)*(1+$BJ9))*(1+$AN9))*$P9*(1+IF(VLOOKUP($Q9,武学奇术!$A:$ZZ,30,FALSE)="弹道",$B$21,0))*(1+$BS9) -> 12287.471 | P9: 1 | Q9: 伞重击派生 | R9: 易水歌2层 | S9: 沧海帖1层 | T9: N/a | U9: N/a | V9: N/a | W9: N/a | X9: N/a | Y9: N/a | Z9: N/a | AA9: N/a | AB9: 惧刃(拐) | AC9: N/a | AD9: N/a | AE9: N/a | AF9: N/a | AG9: N/a | AH9: 无惧 | AI9: =VLOOKUP($Q9,武学奇术!$A:$ZZ,25,FALSE) -> 伞 | AJ9: =VLOOKUP($Q9,武学奇术!$A:$ZZ,26,FALSE) -> 1.7001 | AK9: =VLOOKUP($Q9,武学奇术!$A:$ZZ,27,FALSE)*(1+IF(OR($AI9=$F$4,$AI9=$F$5),$B$22,0)) -> 659.4 | AL9: =VLOOKUP($Q9,武学奇术!$A:$ZZ,28,FALSE) -> 2.5502 | AM9: =VLOOKUP($Q9,武学奇术!$A:$ZZ,29,FALSE)*(1+IF(OR($AI9=$F$4,$AI9=$F$5),$B$22,0)) -> 358.4 | AN9: {=$G$3+IFERROR(VLOOKUP($AI9,$F$4:$G$7,2,FALSE),0)+VLOOKUP($Q9,武学奇术!$A:$ZZ,2,FALSE)+SUM(_xlfn.XLOOKUP($R9:$AH9,增益!$A:$A,增益!$B:$B,0))} -> 0.3741 | AO9: {=VLOOKUP($Q9,武学奇术!$A:$ZZ,5,FALSE)+SUM(_xlfn.XLOOKUP($R9:$AH9,增益!$A:$A,增益!$E:$E,0))} -> 0 | AP9: {=$D$10*(1+$AO9)+VLOOKUP($Q9,武学奇术!$A:$ZZ,3,FALSE)+SUM(_xlfn.XLOOKUP($R9:$AH9,增益!$A:$A,增益!$C:$C,0))-$I$2} -> 1797.4 | AQ9: {=$E$10*(1+$AO9)+VLOOKUP($Q9,武学奇术!$A:$ZZ,4,FALSE)+SUM(_xlfn.XLOOKUP($R9:$AH9,增益!$A:$A,增益!$D:$D,0))-$I$2} -> 5488 | AR9: {=IF($F$10-$I$3+VLOOKUP($Q9,武学奇术!$A:$ZZ,6,FALSE)+SUM(_xlfn.XLOOKUP(R9:AH9,增益!$A:$A,增益!$F:$F,0))>0,($F$10-$I$3+VLOOKUP($Q9,武学奇术!$A:$ZZ,6,FALSE)+SUM(_xlfn.XLOOKUP(R9:AH9,增益!$A:$A,增益!$F:$F,0)))/200,($F$10-$I$3+VLOOKUP($Q9,武学奇术!$A:$ZZ,6,FALSE)+SUM(_xlfn.XLOOKUP(R9:AH9,增益!$A:$A,增益!$F:$F,0)))/100)} -> 0.3125 | AS9: {=$G$10+VLOOKUP($Q9,武学奇术!$A:$ZZ,7,FALSE)+SUM(_xlfn.XLOOKUP(R9:AH9,增益!$A:$A,增益!$G:$G,0))} -> 0.1 | AT9: {=VLOOKUP($Q9,武学奇术!$A:$ZZ,8,FALSE)+SUM(_xlfn.XLOOKUP(R9:AH9,增益!$A:$A,增益!$H:$H,0))} -> 0 | AU9: =$D$11*(1+$AT9) -> 0 | AV9: =$E$11*(1+$AT9) -> 0 | AW9: {=IF($F$11-$I$4+VLOOKUP($Q9,武学奇术!$A:$ZZ,9,FALSE)+SUM(_xlfn.XLOOKUP(R9:AH9,增益!$A:$A,增益!$I:$I,0))>0,($F$11-$I$4+VLOOKUP($Q9,武学奇术!$A:$ZZ,9,FALSE)+SUM(_xlfn.XLOOKUP(R9:AH9,增益!$A:$A,增益!$I:$I,0)))/200,($F$11-$I$4+VLOOKUP($Q9,武学奇术!$A:$ZZ,9,FALSE)+SUM(_xlfn.XLOOKUP(R9:AH9,增益!$A:$A,增益!$I:$I,0)))/100)} -> -0.14 | AX9: {=$G$11+VLOOKUP($Q9,武学奇术!$A:$ZZ,10,FALSE)+SUM(_xlfn.XLOOKUP(R9:AH9,增益!$A:$A,增益!$J:$J,0))} -> 0 | AY9: =$D$12*(1+$AT9) -> 0 | AZ9: =$E$12*(1+$AT9) -> 0 | BA9: {=IF($F$12-$I$4+VLOOKUP($Q9,武学奇术!$A:$ZZ,11,FALSE)+SUM(_xlfn.XLOOKUP(R9:AH9,增益!$A:$A,增益!$K:$K,0))>0,($F$12-$I$4+VLOOKUP($Q9,武学奇术!$A:$ZZ,11,FALSE)+SUM(_xlfn.XLOOKUP(R9:AH9,增益!$A:$A,增益!$K:$K,0)))/200,($F$12-$I$4+VLOOKUP($Q9,武学奇术!$A:$ZZ,11,FALSE)+SUM(_xlfn.XLOOKUP(R9:AH9,增益!$A:$A,增益!$K:$K,0)))/100)} -> -0.14 | BB9: {=$G$12+VLOOKUP($Q9,武学奇术!$A:$ZZ,12,FALSE)+SUM(_xlfn.XLOOKUP(R9:AH9,增益!$A:$A,增益!$L:$L,0))} -> 0 | BC9: =$D$13*(1+$AT9) -> 571.2 | BD9: =$E$13*(1+$AT9) -> 1077.4 | BE9: {=IF($F$13-$I$4+VLOOKUP($Q9,武学奇术!$A:$ZZ,13,FALSE)+SUM(_xlfn.XLOOKUP(R9:AH9,增益!$A:$A,增益!$M:$M,0))>0,($F$13-$I$4+VLOOKUP($Q9,武学奇术!$A:$ZZ,13,FALSE)+SUM(_xlfn.XLOOKUP(R9:AH9,增益!$A:$A,增益!$K:$K,0)))/200,($F$13-$I$4+VLOOKUP($Q9,武学奇术!$A:$ZZ,13,FALSE)+SUM(_xlfn.XLOOKUP(R9:AH9,增益!$A:$A,增益!$M:$M,0)))/100)} -> 0.08 | BF9: {=$G$13+VLOOKUP($Q9,武学奇术!$A:$ZZ,14,FALSE)+SUM(_xlfn.XLOOKUP(R9:AH9,增益!$A:$A,增益!$N:$N,0))} -> 0.25 | BG9: =$D$14*(1+$AT9) -> 0 | BH9: =$E$14*(1+$AT9) -> 0 | BI9: {=IF($F$14-$I$4+VLOOKUP($Q9,武学奇术!$A:$ZZ,15,FALSE)+SUM(_xlfn.XLOOKUP(R9:AH9,增益!$A:$A,增益!$O:$O,0))>0,($F$14-$I$4+VLOOKUP($Q9,武学奇术!$A:$ZZ,15,FALSE)+SUM(_xlfn.XLOOKUP(R9:AH9,增益!$A:$A,增益!$O:$O,0)))/200,($F$14-$I$4+VLOOKUP($Q9,武学奇术!$A:$ZZ,15,FALSE)+SUM(_xlfn.XLOOKUP(R9:AH9,增益!$A:$A,增益!$O:$O,0)))/100)} -> -0.14 | BJ9: {=$G$14+VLOOKUP($Q9,武学奇术!$A:$ZZ,16,FALSE)+SUM(_xlfn.XLOOKUP(R9:AH9,增益!$A:$A,增益!$P:$P,0))} -> 0 | BK9: =MIN(IF(VLOOKUP($Q9,武学奇术!$A:$ZZ,23,FALSE)=1,100%,$B$8),100%) -> 1 | BL9: {=IF(VLOOKUP($Q9,武学奇术!$A:$ZZ,23,FALSE)=1,100%,MIN(80%,$B$9+VLOOKUP($Q9,武学奇术!$A:$ZZ,17,FALSE)+SUM(_xlfn.XLOOKUP(R9:AH9,增益!$A:$A,增益!$Q:$Q,0)))+$B$11+SUM(_xlfn.XLOOKUP(R9:AH9,增益!$A:$A,增益!$U:$U,0)))*IF(VLOOKUP($Q9,武学奇术!$A:$ZZ,24,FALSE)=1,0,1)} -> 0.9045 | BM9: {=1+$B$13+VLOOKUP($Q9,武学奇术!$A:$ZZ,18,FALSE)+SUM(_xlfn.XLOOKUP(R9:AH9,增益!$A:$A,增益!$R:$R,0))} -> 1.51 | BN9: {=IF(VLOOKUP($Q9,武学奇术!$A:$ZZ,24,FALSE)=1,100%,MIN(40%,$B$10+VLOOKUP($Q9,武学奇术!$A:$ZZ,19,FALSE)+SUM(_xlfn.XLOOKUP(R9:AH9,增益!$A:$A,增益!$S:$S,0)))+$B$12+SUM(_xlfn.XLOOKUP(R9:AH9,增益!$A:$A,增益!$V:$V,0)))*IF(VLOOKUP($Q9,武学奇术!$A:$ZZ,23,FALSE)=1,0,1)} -> 0.0929 | BO9: {=1+$B$14+VLOOKUP($Q9,武学奇术!$A:$ZZ,20,FALSE)+SUM(_xlfn.XLOOKUP(R9:AH9,增益!$A:$A,增益!$T:$T,0))} -> 1.35 | BP9: =MIN((1-BN9)*BK9,BK9*BL9) -> 0.9045 | BQ9: =1-BN9-BP9-BR9 -> 0.0026 | BR9: =IF(VLOOKUP($Q9,武学奇术!$A:$ZZ,22,FALSE)=1,0,(1-$BK9))*(1-$BN9) -> 0 | BS9: {=SUM(_xlfn.XLOOKUP(R9:AH9,增益!$A:$A,增益!$W:$W,0))+$I$5} -> 0.11
A10: 会意率 | B10: 0.0929 | C10: 外功 | D10: =(B2+B23)*IF($G$2="撼天",1.06,1) -> 2355.4 | E10: =MAX(B2+B23,C2+B24)*IF($G$2="撼天",1.06,1) -> 6046 | F10: =D2 -> 63.5 | G10: =E2 -> 0 | H10: 总伤 | I10: =SUM(K:K) -> 15919658 | K10: =($L10*$BP10+$M10*$BN10+$N10*$BQ10+$O10*$BR10) -> 13357.642 | L10: =((($AP10+$AQ10)/2*$AJ10+$AK10)*(1+$AR10)*(1+$AS10)+(($AU10+$AV10)/2*IF($G$1="鸣金",$AL10,$AJ10)+IF($G$1="鸣金",$AM10*1.5,0))*(1+$AW10)*(1+$AX10)+(($AY10+$AZ10)/2*IF($G$1="裂石",$AL10,$AJ10)+IF($G$1="裂石",$AM10*1.5,0))*(1+$BA10)*(1+$BB10)+(($BC10+$BD10)/2*IF($G$1="牵丝",$AL10,$AJ10)+IF($G$1="牵丝",$AM10*1.5,0))*(1+$BE10)*(1+$BF10)+(($BG10+$BH10)/2*IF($G$1="破竹",$AL10,$AJ10)+IF($G$1="破竹",$AM10*1.5,0))*(1+$BI10)*(1+$BJ10))*(1+$AN10)*$BM10*$P10*(1+IF(VLOOKUP($Q10,武学奇术!$A:$ZZ,30,FALSE)="弹道",$B$21,0))*(1+$BS10) -> 13071.945 | M10: =(($AQ10*$AJ10+$AK10)*(1+$AR10)*(1+$AS10)+($AV10*IF($G$1="鸣金",$AL10,$AJ10)+IF($G$1="鸣金",$AM10*1.5,0))*(1+$AW10)*(1+$AX10)+($AZ10*IF($G$1="裂石",$AL10,$AJ10)+IF($G$1="裂石",$AM10*1.5,0))*(1+$BA10)*(1+$BB10)+($BD10*IF($G$1="牵丝",$AL10,$AJ10)+IF($G$1="牵丝",$AM10*1.5,0))*(1+$BE10)*(1+$BF10)+($BH10*IF($G$1="破竹",$AL10,$AJ10)+IF($G$1="破竹",$AM10*1.5,0))*(1+$BI10)*(1+$BJ10))*(1+$AN10)*$BO10*$P10*(1+IF(VLOOKUP($Q10,武学奇术!$A:$ZZ,30,FALSE)="弹道",$B$21,0))*(1+$BS10) -> 16272.423 | N10: =((($AP10+$AQ10)/2*$AJ10+$AK10)*(1+$AR10)*(1+$AS10)+(($AU10+$AV10)/2*IF($G$1="鸣金",$AL10,$AJ10)+IF($G$1="鸣金",$AM10*1.5,0))*(1+$AW10)*(1+$AX10)+(($AY10+$AZ10)/2*IF($G$1="裂石",$AL10,$AJ10)+IF($G$1="裂石",$AM10*1.5,0))*(1+$BA10)*(1+$BB10)+(($BC10+$BD10)/2*IF($G$1="牵丝",$AL10,$AJ10)+IF($G$1="牵丝",$AM10*1.5,0))*(1+$BE10)*(1+$BF10)+(($BG10+$BH10)/2*IF($G$1="破竹",$AL10,$AJ10)+IF($G$1="破竹",$AM10*1.5,0))*(1+$BI10)*(1+$BJ10))*(1+$AN10)*$P10*(1+IF(VLOOKUP($Q10,武学奇术!$A:$ZZ,30,FALSE)="弹道",$B$21,0))*(1+$BS10) -> 8599.9639 | O10: =((($AP10*$AJ10+$AK10)*(1+$AR10)*(1+$AS10)+($AU10*IF($G$1="鸣金",$AL10,$AJ10)+IF($G$1="鸣金",$AM10*1.5,0))*(1+$AW10)*(1+$AX10)+($AY10*IF($G$1="裂石",$AL10,$AJ10)+IF($G$1="裂石",$AM10*1.5,0))*(1+$BA10)*(1+$BB10)+($BC10*IF($G$1="牵丝",$AL10,$AJ10)+IF($G$1="牵丝",$AM10*1.5,0))*(1+$BE10)*(1+$BF10)+($BG10*IF($G$1="破竹",$AL10,$AJ10)+IF($G$1="破竹",$AM10*1.5,0))*(1+$BI10)*(1+$BJ10))*(1+$AN10))*$P10*(1+IF(VLOOKUP($Q10,武学奇术!$A:$ZZ,30,FALSE)="弹道",$B$21,0))*(1+$BS10) -> 5146.2816 | P10: 1 | Q10: 丢伞 | R10: 易水歌2层 | S10: 沧海帖2层 | T10: N/a | U10: N/a | V10: N/a | W10: N/a | X10: N/a | Y10: N/a | Z10: N/a | AA10: N/a | AB10: 惧刃(拐) | AC10: N/a | AD10: N/a | AE10: N/a | AF10: N/a | AG10: N/a | AH10: 无惧 | AI10: =VLOOKUP($Q10,武学奇术!$A:$ZZ,25,FALSE) -> 伞 | AJ10: =VLOOKUP($Q10,武学奇术!$A:$ZZ,26,FALSE) -> 0.54 | AK10: =VLOOKUP($Q10,武学奇术!$A:$ZZ,27,FALSE)*(1+IF(OR($AI10=$F$4,$AI10=$F$5),$B$22,0)) -> 207.2 | AL10: =VLOOKUP($Q10,武学奇术!$A:$ZZ,28,FALSE) -> 0.81 | AM10: =VLOOKUP($Q10,武学奇术!$A:$ZZ,29,FALSE)*(1+IF(OR($AI10=$F$4,$AI10=$F$5),$B$22,0)) -> 114.1 | AN10: {=$G$3+IFERROR(VLOOKUP($AI10,$F$4:$G$7,2,FALSE),0)+VLOOKUP($Q10,武学奇术!$A:$ZZ,2,FALSE)+SUM(_xlfn.XLOOKUP($R10:$AH10,增益!$A:$A,增益!$B:$B,0))} -> 0.3741 | AO10: {=VLOOKUP($Q10,武学奇术!$A:$ZZ,5,FALSE)+SUM(_xlfn.XLOOKUP($R10:$AH10,增益!$A:$A,增益!$E:$E,0))} -> 0 | AP10: {=$D$10*(1+$AO10)+VLOOKUP($Q10,武学奇术!$A:$ZZ,3,FALSE)+SUM(_xlfn.XLOOKUP($R10:$AH10,增益!$A:$A,增益!$C:$C,0))-$I$2} -> 1797.4 | AQ10: {=$E$10*(1+$AO10)+VLOOKUP($Q10,武学奇术!$A:$ZZ,4,FALSE)+SUM(_xlfn.XLOOKUP($R10:$AH10,增益!$A:$A,增益!$D:$D,0))-$I$2} -> 5488 | AR10: {=IF($F$10-$I$3+VLOOKUP($Q10,武学奇术!$A:$ZZ,6,FALSE)+SUM(_xlfn.XLOOKUP(R10:AH10,增益!$A:$A,增益!$F:$F,0))>0,($F$10-$I$3+VLOOKUP($Q10,武学奇术!$A:$ZZ,6,FALSE)+SUM(_xlfn.XLOOKUP(R10:AH10,增益!$A:$A,增益!$F:$F,0)))/200,($F$10-$I$3+VLOOKUP($Q10,武学奇术!$A:$ZZ,6,FALSE)+SUM(_xlfn.XLOOKUP(R10:AH10,增益!$A:$A,增益!$F:$F,0)))/100)} -> 0.3125 | AS10: {=$G$10+VLOOKUP($Q10,武学奇术!$A:$ZZ,7,FALSE)+SUM(_xlfn.XLOOKUP(R10:AH10,增益!$A:$A,增益!$G:$G,0))} -> 0.1 | AT10: {=VLOOKUP($Q10,武学奇术!$A:$ZZ,8,FALSE)+SUM(_xlfn.XLOOKUP(R10:AH10,增益!$A:$A,增益!$H:$H,0))} -> 0 | AU10: =$D$11*(1+$AT10) -> 0 | AV10: =$E$11*(1+$AT10) -> 0 | AW10: {=IF($F$11-$I$4+VLOOKUP($Q10,武学奇术!$A:$ZZ,9,FALSE)+SUM(_xlfn.XLOOKUP(R10:AH10,增益!$A:$A,增益!$I:$I,0))>0,($F$11-$I$4+VLOOKUP($Q10,武学奇术!$A:$ZZ,9,FALSE)+SUM(_xlfn.XLOOKUP(R10:AH10,增益!$A:$A,增益!$I:$I,0)))/200,($F$11-$I$4+VLOOKUP($Q10,武学奇术!$A:$ZZ,9,FALSE)+SUM(_xlfn.XLOOKUP(R10:AH10,增益!$A:$A,增益!$I:$I,0)))/100)} -> -0.14 | AX10: {=$G$11+VLOOKUP($Q10,武学奇术!$A:$ZZ,10,FALSE)+SUM(_xlfn.XLOOKUP(R10:AH10,增益!$A:$A,增益!$J:$J,0))} -> 0 | AY10: =$D$12*(1+$AT10) -> 0 | AZ10: =$E$12*(1+$AT10) -> 0 | BA10: {=IF($F$12-$I$4+VLOOKUP($Q10,武学奇术!$A:$ZZ,11,FALSE)+SUM(_xlfn.XLOOKUP(R10:AH10,增益!$A:$A,增益!$K:$K,0))>0,($F$12-$I$4+VLOOKUP($Q10,武学奇术!$A:$ZZ,11,FALSE)+SUM(_xlfn.XLOOKUP(R10:AH10,增益!$A:$A,增益!$K:$K,0)))/200,($F$12-$I$4+VLOOKUP($Q10,武学奇术!$A:$ZZ,11,FALSE)+SUM(_xlfn.XLOOKUP(R10:AH10,增益!$A:$A,增益!$K:$K,0)))/100)} -> -0.14 | BB10: {=$G$12+VLOOKUP($Q10,武学奇术!$A:$ZZ,12,FALSE)+SUM(_xlfn.XLOOKUP(R10:AH10,增益!$A:$A,增益!$L:$L,0))} -> 0 | BC10: =$D$13*(1+$AT10) -> 571.2 | BD10: =$E$13*(1+$AT10) -> 1077.4 | BE10: {=IF($F$13-$I$4+VLOOKUP($Q10,武学奇术!$A:$ZZ,13,FALSE)+SUM(_xlfn.XLOOKUP(R10:AH10,增益!$A:$A,增益!$M:$M,0))>0,($F$13-$I$4+VLOOKUP($Q10,武学奇术!$A:$ZZ,13,FALSE)+SUM(_xlfn.XLOOKUP(R10:AH10,增益!$A:$A,增益!$K:$K,0)))/200,($F$13-$I$4+VLOOKUP($Q10,武学奇术!$A:$ZZ,13,FALSE)+SUM(_xlfn.XLOOKUP(R10:AH10,增益!$A:$A,增益!$M:$M,0)))/100)} -> 0.08 | BF10: {=$G$13+VLOOKUP($Q10,武学奇术!$A:$ZZ,14,FALSE)+SUM(_xlfn.XLOOKUP(R10:AH10,增益!$A:$A,增益!$N:$N,0))} -> 0.25 | BG10: =$D$14*(1+$AT10) -> 0 | BH10: =$E$14*(1+$AT10) -> 0 | BI10: {=IF($F$14-$I$4+VLOOKUP($Q10,武学奇术!$A:$ZZ,15,FALSE)+SUM(_xlfn.XLOOKUP(R10:AH10,增益!$A:$A,增益!$O:$O,0))>0,($F$14-$I$4+VLOOKUP($Q10,武学奇术!$A:$ZZ,15,FALSE)+SUM(_xlfn.XLOOKUP(R10:AH10,增益!$A:$A,增益!$O:$O,0)))/200,($F$14-$I$4+VLOOKUP($Q10,武学奇术!$A:$ZZ,15,FALSE)+SUM(_xlfn.XLOOKUP(R10:AH10,增益!$A:$A,增益!$O:$O,0)))/100)} -> -0.14 | BJ10: {=$G$14+VLOOKUP($Q10,武学奇术!$A:$ZZ,16,FALSE)+SUM(_xlfn.XLOOKUP(R10:AH10,增益!$A:$A,增益!$P:$P,0))} -> 0 | BK10: =MIN(IF(VLOOKUP($Q10,武学奇术!$A:$ZZ,23,FALSE)=1,100%,$B$8),100%) -> 1 | BL10: {=IF(VLOOKUP($Q10,武学奇术!$A:$ZZ,23,FALSE)=1,100%,MIN(80%,$B$9+VLOOKUP($Q10,武学奇术!$A:$ZZ,17,FALSE)+SUM(_xlfn.XLOOKUP(R10:AH10,增益!$A:$A,增益!$Q:$Q,0)))+$B$11+SUM(_xlfn.XLOOKUP(R10:AH10,增益!$A:$A,增益!$U:$U,0)))*IF(VLOOKUP($Q10,武学奇术!$A:$ZZ,24,FALSE)=1,0,1)} -> 0.9045 | BM10: {=1+$B$13+VLOOKUP($Q10,武学奇术!$A:$ZZ,18,FALSE)+SUM(_xlfn.XLOOKUP(R10:AH10,增益!$A:$A,增益!$R:$R,0))} -> 1.52 | BN10: {=IF(VLOOKUP($Q10,武学奇术!$A:$ZZ,24,FALSE)=1,100%,MIN(40%,$B$10+VLOOKUP($Q10,武学奇术!$A:$ZZ,19,FALSE)+SUM(_xlfn.XLOOKUP(R10:AH10,增益!$A:$A,增益!$S:$S,0)))+$B$12+SUM(_xlfn.XLOOKUP(R10:AH10,增益!$A:$A,增益!$V:$V,0)))*IF(VLOOKUP($Q10,武学奇术!$A:$ZZ,23,FALSE)=1,0,1)} -> 0.0929 | BO10: {=1+$B$14+VLOOKUP($Q10,武学奇术!$A:$ZZ,20,FALSE)+SUM(_xlfn.XLOOKUP(R10:AH10,增益!$A:$A,增益!$T:$T,0))} -> 1.35 | BP10: =MIN((1-BN10)*BK10,BK10*BL10) -> 0.9045 | BQ10: =1-BN10-BP10-BR10 -> 0.0026 | BR10: =IF(VLOOKUP($Q10,武学奇术!$A:$ZZ,22,FALSE)=1,0,(1-$BK10))*(1-$BN10) -> 0 | BS10: {=SUM(_xlfn.XLOOKUP(R10:AH10,增益!$A:$A,增益!$W:$W,0))+$I$5} -> 0.11
A11: 直接会心率 | B11: 0.133 | C11: 鸣金 | D11: =(B3+IF($G$1=$C11,$B$7,0))*IF($G$2="撼天",1.06,1) -> 0 | E11: =(MAX(B3,C3)+IF($G$1=$C11,$C$7,0))*IF($G$2="撼天",1.06,1) -> 0 | F11: =D3 -> 0 | G11: =E3 -> 0 | K11: =($L11*$BP11+$M11*$BN11+$N11*$BQ11+$O11*$BR11) -> 26544.625 | L11: =((($AP11+$AQ11)/2*$AJ11+$AK11)*(1+$AR11)*(1+$AS11)+(($AU11+$AV11)/2*IF($G$1="鸣金",$AL11,$AJ11)+IF($G$1="鸣金",$AM11*1.5,0))*(1+$AW11)*(1+$AX11)+(($AY11+$AZ11)/2*IF($G$1="裂石",$AL11,$AJ11)+IF($G$1="裂石",$AM11*1.5,0))*(1+$BA11)*(1+$BB11)+(($BC11+$BD11)/2*IF($G$1="牵丝",$AL11,$AJ11)+IF($G$1="牵丝",$AM11*1.5,0))*(1+$BE11)*(1+$BF11)+(($BG11+$BH11)/2*IF($G$1="破竹",$AL11,$AJ11)+IF($G$1="破竹",$AM11*1.5,0))*(1+$BI11)*(1+$BJ11))*(1+$AN11)*$BM11*$P11*(1+IF(VLOOKUP($Q11,武学奇术!$A:$ZZ,30,FALSE)="弹道",$B$21,0))*(1+$BS11) -> 26559.376 | M11: =(($AQ11*$AJ11+$AK11)*(1+$AR11)*(1+$AS11)+($AV11*IF($G$1="鸣金",$AL11,$AJ11)+IF($G$1="鸣金",$AM11*1.5,0))*(1+$AW11)*(1+$AX11)+($AZ11*IF($G$1="裂石",$AL11,$AJ11)+IF($G$1="裂石",$AM11*1.5,0))*(1+$BA11)*(1+$BB11)+($BD11*IF($G$1="牵丝",$AL11,$AJ11)+IF($G$1="牵丝",$AM11*1.5,0))*(1+$BE11)*(1+$BF11)+($BH11*IF($G$1="破竹",$AL11,$AJ11)+IF($G$1="破竹",$AM11*1.5,0))*(1+$BI11)*(1+$BJ11))*(1+$AN11)*$BO11*$P11*(1+IF(VLOOKUP($Q11,武学奇术!$A:$ZZ,30,FALSE)="弹道",$B$21,0))*(1+$BS11) -> 26748.529 | N11: =((($AP11+$AQ11)/2*$AJ11+$AK11)*(1+$AR11)*(1+$AS11)+(($AU11+$AV11)/2*IF($G$1="鸣金",$AL11,$AJ11)+IF($G$1="鸣金",$AM11*1.5,0))*(1+$AW11)*(1+$AX11)+(($AY11+$AZ11)/2*IF($G$1="裂石",$AL11,$AJ11)+IF($G$1="裂石",$AM11*1.5,0))*(1+$BA11)*(1+$BB11)+(($BC11+$BD11)/2*IF($G$1="牵丝",$AL11,$AJ11)+IF($G$1="牵丝",$AM11*1.5,0))*(1+$BE11)*(1+$BF11)+(($BG11+$BH11)/2*IF($G$1="破竹",$AL11,$AJ11)+IF($G$1="破竹",$AM11*1.5,0))*(1+$BI11)*(1+$BJ11))*(1+$AN11)*$P11*(1+IF(VLOOKUP($Q11,武学奇术!$A:$ZZ,30,FALSE)="弹道",$B$21,0))*(1+$BS11) -> 14127.328 | O11: =((($AP11*$AJ11+$AK11)*(1+$AR11)*(1+$AS11)+($AU11*IF($G$1="鸣金",$AL11,$AJ11)+IF($G$1="鸣金",$AM11*1.5,0))*(1+$AW11)*(1+$AX11)+($AY11*IF($G$1="裂石",$AL11,$AJ11)+IF($G$1="裂石",$AM11*1.5,0))*(1+$BA11)*(1+$BB11)+($BC11*IF($G$1="牵丝",$AL11,$AJ11)+IF($G$1="牵丝",$AM11*1.5,0))*(1+$BE11)*(1+$BF11)+($BG11*IF($G$1="破竹",$AL11,$AJ11)+IF($G$1="破竹",$AM11*1.5,0))*(1+$BI11)*(1+$BJ11))*(1+$AN11))*$P11*(1+IF(VLOOKUP($Q11,武学奇术!$A:$ZZ,30,FALSE)="弹道",$B$21,0))*(1+$BS11) -> 8440.9296 | P11: 0.5 | Q11: 伞～每秒 | R11: 易水歌3层 | S11: 沧海帖2层 | T11: 连中 | U11: N/a | V11: 风墙(弹道) | W11: N/a | X11: N/a | Y11: N/a | Z11: N/a | AA11: N/a | AB11: 惧刃(拐) | AC11: N/a | AD11: N/a | AE11: N/a | AF11: N/a | AG11: N/a | AH11: 无惧 | AI11: =VLOOKUP($Q11,武学奇术!$A:$ZZ,25,FALSE) -> 伞 | AJ11: =VLOOKUP($Q11,武学奇术!$A:$ZZ,26,FALSE) -> 1.174955 | AK11: =VLOOKUP($Q11,武学奇术!$A:$ZZ,27,FALSE)*(1+IF(OR($AI11=$F$4,$AI11=$F$5),$B$22,0)) -> 454.02 | AL11: =VLOOKUP($Q11,武学奇术!$A:$ZZ,28,FALSE) -> 1.762375 | AM11: =VLOOKUP($Q11,武学奇术!$A:$ZZ,29,FALSE)*(1+IF(OR($AI11=$F$4,$AI11=$F$5),$B$22,0)) -> 247.94 | AN11: {=$G$3+IFERROR(VLOOKUP($AI11,$F$4:$G$7,2,FALSE),0)+VLOOKUP($Q11,武学奇术!$A:$ZZ,2,FALSE)+SUM(_xlfn.XLOOKUP($R11:$AH11,增益!$A:$A,增益!$B:$B,0))} -> 1.0341 | AO11: {=VLOOKUP($Q11,武学奇术!$A:$ZZ,5,FALSE)+SUM(_xlfn.XLOOKUP($R11:$AH11,增益!$A:$A,增益!$E:$E,0))} -> 0 | AP11: {=$D$10*(1+$AO11)+VLOOKUP($Q11,武学奇术!$A:$ZZ,3,FALSE)+SUM(_xlfn.XLOOKUP($R11:$AH11,增益!$A:$A,增益!$C:$C,0))-$I$2} -> 1797.4 | AQ11: {=$E$10*(1+$AO11)+VLOOKUP($Q11,武学奇术!$A:$ZZ,4,FALSE)+SUM(_xlfn.XLOOKUP($R11:$AH11,增益!$A:$A,增益!$D:$D,0))-$I$2} -> 5488 | AR11: {=IF($F$10-$I$3+VLOOKUP($Q11,武学奇术!$A:$ZZ,6,FALSE)+SUM(_xlfn.XLOOKUP(R11:AH11,增益!$A:$A,增益!$F:$F,0))>0,($F$10-$I$3+VLOOKUP($Q11,武学奇术!$A:$ZZ,6,FALSE)+SUM(_xlfn.XLOOKUP(R11:AH11,增益!$A:$A,增益!$F:$F,0)))/200,($F$10-$I$3+VLOOKUP($Q11,武学奇术!$A:$ZZ,6,FALSE)+SUM(_xlfn.XLOOKUP(R11:AH11,增益!$A:$A,增益!$F:$F,0)))/100)} -> 0.3475 | AS11: {=$G$10+VLOOKUP($Q11,武学奇术!$A:$ZZ,7,FALSE)+SUM(_xlfn.XLOOKUP(R11:AH11,增益!$A:$A,增益!$G:$G,0))} -> 0.1 | AT11: {=VLOOKUP($Q11,武学奇术!$A:$ZZ,8,FALSE)+SUM(_xlfn.XLOOKUP(R11:AH11,增益!$A:$A,增益!$H:$H,0))} -> 0 | AU11: =$D$11*(1+$AT11) -> 0 | AV11: =$E$11*(1+$AT11) -> 0 | AW11: {=IF($F$11-$I$4+VLOOKUP($Q11,武学奇术!$A:$ZZ,9,FALSE)+SUM(_xlfn.XLOOKUP(R11:AH11,增益!$A:$A,增益!$I:$I,0))>0,($F$11-$I$4+VLOOKUP($Q11,武学奇术!$A:$ZZ,9,FALSE)+SUM(_xlfn.XLOOKUP(R11:AH11,增益!$A:$A,增益!$I:$I,0)))/200,($F$11-$I$4+VLOOKUP($Q11,武学奇术!$A:$ZZ,9,FALSE)+SUM(_xlfn.XLOOKUP(R11:AH11,增益!$A:$A,增益!$I:$I,0)))/100)} -> -0.14 | AX11: {=$G$11+VLOOKUP($Q11,武学奇术!$A:$ZZ,10,FALSE)+SUM(_xlfn.XLOOKUP(R11:AH11,增益!$A:$A,增益!$J:$J,0))} -> 0 | AY11: =$D$12*(1+$AT11) -> 0 | AZ11: =$E$12*(1+$AT11) -> 0 | BA11: {=IF($F$12-$I$4+VLOOKUP($Q11,武学奇术!$A:$ZZ,11,FALSE)+SUM(_xlfn.XLOOKUP(R11:AH11,增益!$A:$A,增益!$K:$K,0))>0,($F$12-$I$4+VLOOKUP($Q11,武学奇术!$A:$ZZ,11,FALSE)+SUM(_xlfn.XLOOKUP(R11:AH11,增益!$A:$A,增益!$K:$K,0)))/200,($F$12-$I$4+VLOOKUP($Q11,武学奇术!$A:$ZZ,11,FALSE)+SUM(_xlfn.XLOOKUP(R11:AH11,增益!$A:$A,增益!$K:$K,0)))/100)} -> -0.14 | BB11: {=$G$12+VLOOKUP($Q11,武学奇术!$A:$ZZ,12,FALSE)+SUM(_xlfn.XLOOKUP(R11:AH11,增益!$A:$A,增益!$L:$L,0))} -> 0 | BC11: =$D$13*(1+$AT11) -> 571.2 | BD11: =$E$13*(1+$AT11) -> 1077.4 | BE11: {=IF($F$13-$I$4+VLOOKUP($Q11,武学奇术!$A:$ZZ,13,FALSE)+SUM(_xlfn.XLOOKUP(R11:AH11,增益!$A:$A,增益!$M:$M,0))>0,($F$13-$I$4+VLOOKUP($Q11,武学奇术!$A:$ZZ,13,FALSE)+SUM(_xlfn.XLOOKUP(R11:AH11,增益!$A:$A,增益!$K:$K,0)))/200,($F$13-$I$4+VLOOKUP($Q11,武学奇术!$A:$ZZ,13,FALSE)+SUM(_xlfn.XLOOKUP(R11:AH11,增益!$A:$A,增益!$M:$M,0)))/100)} -> 0.08 | BF11: {=$G$13+VLOOKUP($Q11,武学奇术!$A:$ZZ,14,FALSE)+SUM(_xlfn.XLOOKUP(R11:AH11,增益!$A:$A,增益!$N:$N,0))} -> 0.25 | BG11: =$D$14*(1+$AT11) -> 0 | BH11: =$E$14*(1+$AT11) -> 0 | BI11: {=IF($F$14-$I$4+VLOOKUP($Q11,武学奇术!$A:$ZZ,15,FALSE)+SUM(_xlfn.XLOOKUP(R11:AH11,增益!$A:$A,增益!$O:$O,0))>0,($F$14-$I$4+VLOOKUP($Q11,武学奇术!$A:$ZZ,15,FALSE)+SUM(_xlfn.XLOOKUP(R11:AH11,增益!$A:$A,增益!$O:$O,0)))/200,($F$14-$I$4+VLOOKUP($Q11,武学奇术!$A:$ZZ,15,FALSE)+SUM(_xlfn.XLOOKUP(R11:AH11,增益!$A:$A,增益!$O:$O,0)))/100)} -> -0.14 | BJ11: {=$G$14+VLOOKUP($Q11,武学奇术!$A:$ZZ,16,FALSE)+SUM(_xlfn.XLOOKUP(R11:AH11,增益!$A:$A,增益!$P:$P,0))} -> 0 | BK11: =MIN(IF(VLOOKUP($Q11,武学奇术!$A:$ZZ,23,FALSE)=1,100%,$B$8),100%) -> 1 | BL11: {=IF(VLOOKUP($Q11,武学奇术!$A:$ZZ,23,FALSE)=1,100%,MIN(80%,$B$9+VLOOKUP($Q11,武学奇术!$A:$ZZ,17,FALSE)+SUM(_xlfn.XLOOKUP(R11:AH11,增益!$A:$A,增益!$Q:$Q,0)))+$B$11+SUM(_xlfn.XLOOKUP(R11:AH11,增益!$A:$A,增益!$U:$U,0)))*IF(VLOOKUP($Q11,武学奇术!$A:$ZZ,24,FALSE)=1,0,1)} -> 0.9045 | BM11: {=1+$B$13+VLOOKUP($Q11,武学奇术!$A:$ZZ,18,FALSE)+SUM(_xlfn.XLOOKUP(R11:AH11,增益!$A:$A,增益!$R:$R,0))} -> 1.88 | BN11: {=IF(VLOOKUP($Q11,武学奇术!$A:$ZZ,24,FALSE)=1,100%,MIN(40%,$B$10+VLOOKUP($Q11,武学奇术!$A:$ZZ,19,FALSE)+SUM(_xlfn.XLOOKUP(R11:AH11,增益!$A:$A,增益!$S:$S,0)))+$B$12+SUM(_xlfn.XLOOKUP(R11:AH11,增益!$A:$A,增益!$V:$V,0)))*IF(VLOOKUP($Q11,武学奇术!$A:$ZZ,23,FALSE)=1,0,1)} -> 0.0929 | BO11: {=1+$B$14+VLOOKUP($Q11,武学奇术!$A:$ZZ,20,FALSE)+SUM(_xlfn.XLOOKUP(R11:AH11,增益!$A:$A,增益!$T:$T,0))} -> 1.35 | BP11: =MIN((1-BN11)*BK11,BK11*BL11) -> 0.9045 | BQ11: =1-BN11-BP11-BR11 -> 0.0026 | BR11: =IF(VLOOKUP($Q11,武学奇术!$A:$ZZ,22,FALSE)=1,0,(1-$BK11))*(1-$BN11) -> 0 | BS11: {=SUM(_xlfn.XLOOKUP(R11:AH11,增益!$A:$A,增益!$W:$W,0))+$I$5} -> 0.11
A12: 直接会意率 | B12: 0 | C12: 裂石 | D12: =(B4+IF($G$1=$C12,$B$7,0))*IF($G$2="撼天",1.06,1) -> 0 | E12: =(MAX(B4,C4)+IF($G$1=$C12,$C$7,0))*IF($G$2="撼天",1.06,1) -> 0 | F12: =D4 -> 0 | G12: =E4 -> 0 | H12: DPS | I12: =I10/I8 -> 156075.07 | K12: =($L12*$BP12+$M12*$BN12+$N12*$BQ12+$O12*$BR12) -> 26268.499 | L12: =((($AP12+$AQ12)/2*$AJ12+$AK12)*(1+$AR12)*(1+$AS12)+(($AU12+$AV12)/2*IF($G$1="鸣金",$AL12,$AJ12)+IF($G$1="鸣金",$AM12*1.5,0))*(1+$AW12)*(1+$AX12)+(($AY12+$AZ12)/2*IF($G$1="裂石",$AL12,$AJ12)+IF($G$1="裂石",$AM12*1.5,0))*(1+$BA12)*(1+$BB12)+(($BC12+$BD12)/2*IF($G$1="牵丝",$AL12,$AJ12)+IF($G$1="牵丝",$AM12*1.5,0))*(1+$BE12)*(1+$BF12)+(($BG12+$BH12)/2*IF($G$1="破竹",$AL12,$AJ12)+IF($G$1="破竹",$AM12*1.5,0))*(1+$BI12)*(1+$BJ12))*(1+$AN12)*$BM12*$P12*(1+IF(VLOOKUP($Q12,武学奇术!$A:$ZZ,30,FALSE)="弹道",$B$21,0))*(1+$BS12) -> 26283.634 | M12: =(($AQ12*$AJ12+$AK12)*(1+$AR12)*(1+$AS12)+($AV12*IF($G$1="鸣金",$AL12,$AJ12)+IF($G$1="鸣金",$AM12*1.5,0))*(1+$AW12)*(1+$AX12)+($AZ12*IF($G$1="裂石",$AL12,$AJ12)+IF($G$1="裂石",$AM12*1.5,0))*(1+$BA12)*(1+$BB12)+($BD12*IF($G$1="牵丝",$AL12,$AJ12)+IF($G$1="牵丝",$AM12*1.5,0))*(1+$BE12)*(1+$BF12)+($BH12*IF($G$1="破竹",$AL12,$AJ12)+IF($G$1="破竹",$AM12*1.5,0))*(1+$BI12)*(1+$BJ12))*(1+$AN12)*$BO12*$P12*(1+IF(VLOOKUP($Q12,武学奇术!$A:$ZZ,30,FALSE)="弹道",$B$21,0))*(1+$BS12) -> 26465.04 | N12: =((($AP12+$AQ12)/2*$AJ12+$AK12)*(1+$AR12)*(1+$AS12)+(($AU12+$AV12)/2*IF($G$1="鸣金",$AL12,$AJ12)+IF($G$1="鸣金",$AM12*1.5,0))*(1+$AW12)*(1+$AX12)+(($AY12+$AZ12)/2*IF($G$1="裂石",$AL12,$AJ12)+IF($G$1="裂石",$AM12*1.5,0))*(1+$BA12)*(1+$BB12)+(($BC12+$BD12)/2*IF($G$1="牵丝",$AL12,$AJ12)+IF($G$1="牵丝",$AM12*1.5,0))*(1+$BE12)*(1+$BF12)+(($BG12+$BH12)/2*IF($G$1="破竹",$AL12,$AJ12)+IF($G$1="破竹",$AM12*1.5,0))*(1+$BI12)*(1+$BJ12))*(1+$AN12)*$P12*(1+IF(VLOOKUP($Q12,武学奇术!$A:$ZZ,30,FALSE)="弹道",$B$21,0))*(1+$BS12) -> 13980.656 | O12: =((($AP12*$AJ12+$AK12)*(1+$AR12)*(1+$AS12)+($AU12*IF($G$1="鸣金",$AL12,$AJ12)+IF($G$1="鸣金",$AM12*1.5,0))*(1+$AW12)*(1+$AX12)+($AY12*IF($G$1="裂石",$AL12,$AJ12)+IF($G$1="裂石",$AM12*1.5,0))*(1+$BA12)*(1+$BB12)+($BC12*IF($G$1="牵丝",$AL12,$AJ12)+IF($G$1="牵丝",$AM12*1.5,0))*(1+$BE12)*(1+$BF12)+($BG12*IF($G$1="破竹",$AL12,$AJ12)+IF($G$1="破竹",$AM12*1.5,0))*(1+$BI12)*(1+$BJ12))*(1+$AN12))*$P12*(1+IF(VLOOKUP($Q12,武学奇术!$A:$ZZ,30,FALSE)="弹道",$B$21,0))*(1+$BS12) -> 8357.5793 | P12: 0.5 | Q12: 伞～每秒 | R12: 易水歌2层 | S12: 沧海帖2层 | T12: 连中 | U12: N/a | V12: 风墙(弹道) | W12: N/a | X12: N/a | Y12: N/a | Z12: N/a | AA12: N/a | AB12: 惧刃(拐) | AC12: N/a | AD12: N/a | AE12: N/a | AF12: N/a | AG12: N/a | AH12: 无惧 | AI12: =VLOOKUP($Q12,武学奇术!$A:$ZZ,25,FALSE) -> 伞 | AJ12: =VLOOKUP($Q12,武学奇术!$A:$ZZ,26,FALSE) -> 1.174955 | AK12: =VLOOKUP($Q12,武学奇术!$A:$ZZ,27,FALSE)*(1+IF(OR($AI12=$F$4,$AI12=$F$5),$B$22,0)) -> 454.02 | AL12: =VLOOKUP($Q12,武学奇术!$A:$ZZ,28,FALSE) -> 1.762375 | AM12: =VLOOKUP($Q12,武学奇术!$A:$ZZ,29,FALSE)*(1+IF(OR($AI12=$F$4,$AI12=$F$5),$B$22,0)) -> 247.94 | AN12: {=$G$3+IFERROR(VLOOKUP($AI12,$F$4:$G$7,2,FALSE),0)+VLOOKUP($Q12,武学奇术!$A:$ZZ,2,FALSE)+SUM(_xlfn.XLOOKUP($R12:$AH12,增益!$A:$A,增益!$B:$B,0))} -> 1.0241 | AO12: {=VLOOKUP($Q12,武学奇术!$A:$ZZ,5,FALSE)+SUM(_xlfn.XLOOKUP($R12:$AH12,增益!$A:$A,增益!$E:$E,0))} -> 0 | AP12: {=$D$10*(1+$AO12)+VLOOKUP($Q12,武学奇术!$A:$ZZ,3,FALSE)+SUM(_xlfn.XLOOKUP($R12:$AH12,增益!$A:$A,增益!$C:$C,0))-$I$2} -> 1797.4 | AQ12: {=$E$10*(1+$AO12)+VLOOKUP($Q12,武学奇术!$A:$ZZ,4,FALSE)+SUM(_xlfn.XLOOKUP($R12:$AH12,增益!$A:$A,增益!$D:$D,0))-$I$2} -> 5488 | AR12: {=IF($F$10-$I$3+VLOOKUP($Q12,武学奇术!$A:$ZZ,6,FALSE)+SUM(_xlfn.XLOOKUP(R12:AH12,增益!$A:$A,增益!$F:$F,0))>0,($F$10-$I$3+VLOOKUP($Q12,武学奇术!$A:$ZZ,6,FALSE)+SUM(_xlfn.XLOOKUP(R12:AH12,增益!$A:$A,增益!$F:$F,0)))/200,($F$10-$I$3+VLOOKUP($Q12,武学奇术!$A:$ZZ,6,FALSE)+SUM(_xlfn.XLOOKUP(R12:AH12,增益!$A:$A,增益!$F:$F,0)))/100)} -> 0.3375 | AS12: {=$G$10+VLOOKUP($Q12,武学奇术!$A:$ZZ,7,FALSE)+SUM(_xlfn.XLOOKUP(R12:AH12,增益!$A:$A,增益!$G:$G,0))} -> 0.1 | AT12: {=VLOOKUP($Q12,武学奇术!$A:$ZZ,8,FALSE)+SUM(_xlfn.XLOOKUP(R12:AH12,增益!$A:$A,增益!$H:$H,0))} -> 0 | AU12: =$D$11*(1+$AT12) -> 0 | AV12: =$E$11*(1+$AT12) -> 0 | AW12: {=IF($F$11-$I$4+VLOOKUP($Q12,武学奇术!$A:$ZZ,9,FALSE)+SUM(_xlfn.XLOOKUP(R12:AH12,增益!$A:$A,增益!$I:$I,0))>0,($F$11-$I$4+VLOOKUP($Q12,武学奇术!$A:$ZZ,9,FALSE)+SUM(_xlfn.XLOOKUP(R12:AH12,增益!$A:$A,增益!$I:$I,0)))/200,($F$11-$I$4+VLOOKUP($Q12,武学奇术!$A:$ZZ,9,FALSE)+SUM(_xlfn.XLOOKUP(R12:AH12,增益!$A:$A,增益!$I:$I,0)))/100)} -> -0.14 | AX12: {=$G$11+VLOOKUP($Q12,武学奇术!$A:$ZZ,10,FALSE)+SUM(_xlfn.XLOOKUP(R12:AH12,增益!$A:$A,增益!$J:$J,0))} -> 0 | AY12: =$D$12*(1+$AT12) -> 0 | AZ12: =$E$12*(1+$AT12) -> 0 | BA12: {=IF($F$12-$I$4+VLOOKUP($Q12,武学奇术!$A:$ZZ,11,FALSE)+SUM(_xlfn.XLOOKUP(R12:AH12,增益!$A:$A,增益!$K:$K,0))>0,($F$12-$I$4+VLOOKUP($Q12,武学奇术!$A:$ZZ,11,FALSE)+SUM(_xlfn.XLOOKUP(R12:AH12,增益!$A:$A,增益!$K:$K,0)))/200,($F$12-$I$4+VLOOKUP($Q12,武学奇术!$A:$ZZ,11,FALSE)+SUM(_xlfn.XLOOKUP(R12:AH12,增益!$A:$A,增益!$K:$K,0)))/100)} -> -0.14 | BB12: {=$G$12+VLOOKUP($Q12,武学奇术!$A:$ZZ,12,FALSE)+SUM(_xlfn.XLOOKUP(R12:AH12,增益!$A:$A,增益!$L:$L,0))} -> 0 | BC12: =$D$13*(1+$AT12) -> 571.2 | BD12: =$E$13*(1+$AT12) -> 1077.4 | BE12: {=IF($F$13-$I$4+VLOOKUP($Q12,武学奇术!$A:$ZZ,13,FALSE)+SUM(_xlfn.XLOOKUP(R12:AH12,增益!$A:$A,增益!$M:$M,0))>0,($F$13-$I$4+VLOOKUP($Q12,武学奇术!$A:$ZZ,13,FALSE)+SUM(_xlfn.XLOOKUP(R12:AH12,增益!$A:$A,增益!$K:$K,0)))/200,($F$13-$I$4+VLOOKUP($Q12,武学奇术!$A:$ZZ,13,FALSE)+SUM(_xlfn.XLOOKUP(R12:AH12,增益!$A:$A,增益!$M:$M,0)))/100)} -> 0.08 | BF12: {=$G$13+VLOOKUP($Q12,武学奇术!$A:$ZZ,14,FALSE)+SUM(_xlfn.XLOOKUP(R12:AH12,增益!$A:$A,增益!$N:$N,0))} -> 0.25 | BG12: =$D$14*(1+$AT12) -> 0 | BH12: =$E$14*(1+$AT12) -> 0 | BI12: {=IF($F$14-$I$4+VLOOKUP($Q12,武学奇术!$A:$ZZ,15,FALSE)+SUM(_xlfn.XLOOKUP(R12:AH12,增益!$A:$A,增益!$O:$O,0))>0,($F$14-$I$4+VLOOKUP($Q12,武学奇术!$A:$ZZ,15,FALSE)+SUM(_xlfn.XLOOKUP(R12:AH12,增益!$A:$A,增益!$O:$O,0)))/200,($F$14-$I$4+VLOOKUP($Q12,武学奇术!$A:$ZZ,15,FALSE)+SUM(_xlfn.XLOOKUP(R12:AH12,增益!$A:$A,增益!$O:$O,0)))/100)} -> -0.14 | BJ12: {=$G$14+VLOOKUP($Q12,武学奇术!$A:$ZZ,16,FALSE)+SUM(_xlfn.XLOOKUP(R12:AH12,增益!$A:$A,增益!$P:$P,0))} -> 0 | BK12: =MIN(IF(VLOOKUP($Q12,武学奇术!$A:$ZZ,23,FALSE)=1,100%,$B$8),100%) -> 1 | BL12: {=IF(VLOOKUP($Q12,武学奇术!$A:$ZZ,23,FALSE)=1,100%,MIN(80%,$B$9+VLOOKUP($Q12,武学奇术!$A:$ZZ,17,FALSE)+SUM(_xlfn.XLOOKUP(R12:AH12,增益!$A:$A,增益!$Q:$Q,0)))+$B$11+SUM(_xlfn.XLOOKUP(R12:AH12,增益!$A:$A,增益!$U:$U,0)))*IF(VLOOKUP($Q12,武学奇术!$A:$ZZ,24,FALSE)=1,0,1)} -> 0.9045 | BM12: {=1+$B$13+VLOOKUP($Q12,武学奇术!$A:$ZZ,18,FALSE)+SUM(_xlfn.XLOOKUP(R12:AH12,增益!$A:$A,增益!$R:$R,0))} -> 1.88 | BN12: {=IF(VLOOKUP($Q12,武学奇术!$A:$ZZ,24,FALSE)=1,100%,MIN(40%,$B$10+VLOOKUP($Q12,武学奇术!$A:$ZZ,19,FALSE)+SUM(_xlfn.XLOOKUP(R12:AH12,增益!$A:$A,增益!$S:$S,0)))+$B$12+SUM(_xlfn.XLOOKUP(R12:AH12,增益!$A:$A,增益!$V:$V,0)))*IF(VLOOKUP($Q12,武学奇术!$A:$ZZ,23,FALSE)=1,0,1)} -> 0.0929 | BO12: {=1+$B$14+VLOOKUP($Q12,武学奇术!$A:$ZZ,20,FALSE)+SUM(_xlfn.XLOOKUP(R12:AH12,增益!$A:$A,增益!$T:$T,0))} -> 1.35 | BP12: =MIN((1-BN12)*BK12,BK12*BL12) -> 0.9045 | BQ12: =1-BN12-BP12-BR12 -> 0.0026 | BR12: =IF(VLOOKUP($Q12,武学奇术!$A:$ZZ,22,FALSE)=1,0,(1-$BK12))*(1-$BN12) -> 0 | BS12: {=SUM(_xlfn.XLOOKUP(R12:AH12,增益!$A:$A,增益!$W:$W,0))+$I$5} -> 0.11
A13: 会心伤害加成 | B13: =50%+IF(G2="时雨",10%,0) -> 0.5 | C13: 牵丝 | D13: =(B5+IF($G$1=$C13,$B$7,0))*IF($G$2="撼天",1.06,1) -> 571.2 | E13: =(MAX(B5,C5)+IF($G$1=$C13,$C$7,0))*IF($G$2="撼天",1.06,1) -> 1077.4 | F13: =D5 -> 30 | G13: =E5 -> 0.15 | K13: =($L13*$BP13+$M13*$BN13+$N13*$BQ13+$O13*$BR13) -> 56169.43 | L13: =((($AP13+$AQ13)/2*$AJ13+$AK13)*(1+$AR13)*(1+$AS13)+(($AU13+$AV13)/2*IF($G$1="鸣金",$AL13,$AJ13)+IF($G$1="鸣金",$AM13*1.5,0))*(1+$AW13)*(1+$AX13)+(($AY13+$AZ13)/2*IF($G$1="裂石",$AL13,$AJ13)+IF($G$1="裂石",$AM13*1.5,0))*(1+$BA13)*(1+$BB13)+(($BC13+$BD13)/2*IF($G$1="牵丝",$AL13,$AJ13)+IF($G$1="牵丝",$AM13*1.5,0))*(1+$BE13)*(1+$BF13)+(($BG13+$BH13)/2*IF($G$1="破竹",$AL13,$AJ13)+IF($G$1="破竹",$AM13*1.5,0))*(1+$BI13)*(1+$BJ13))*(1+$AN13)*$BM13*$P13*(1+IF(VLOOKUP($Q13,武学奇术!$A:$ZZ,30,FALSE)="弹道",$B$21,0))*(1+$BS13) -> 56193.097 | M13: =(($AQ13*$AJ13+$AK13)*(1+$AR13)*(1+$AS13)+($AV13*IF($G$1="鸣金",$AL13,$AJ13)+IF($G$1="鸣金",$AM13*1.5,0))*(1+$AW13)*(1+$AX13)+($AZ13*IF($G$1="裂石",$AL13,$AJ13)+IF($G$1="裂石",$AM13*1.5,0))*(1+$BA13)*(1+$BB13)+($BD13*IF($G$1="牵丝",$AL13,$AJ13)+IF($G$1="牵丝",$AM13*1.5,0))*(1+$BE13)*(1+$BF13)+($BH13*IF($G$1="破竹",$AL13,$AJ13)+IF($G$1="破竹",$AM13*1.5,0))*(1+$BI13)*(1+$BJ13))*(1+$AN13)*$BO13*$P13*(1+IF(VLOOKUP($Q13,武学奇术!$A:$ZZ,30,FALSE)="弹道",$B$21,0))*(1+$BS13) -> 56674.482 | N13: =((($AP13+$AQ13)/2*$AJ13+$AK13)*(1+$AR13)*(1+$AS13)+(($AU13+$AV13)/2*IF($G$1="鸣金",$AL13,$AJ13)+IF($G$1="鸣金",$AM13*1.5,0))*(1+$AW13)*(1+$AX13)+(($AY13+$AZ13)/2*IF($G$1="裂石",$AL13,$AJ13)+IF($G$1="裂石",$AM13*1.5,0))*(1+$BA13)*(1+$BB13)+(($BC13+$BD13)/2*IF($G$1="牵丝",$AL13,$AJ13)+IF($G$1="牵丝",$AM13*1.5,0))*(1+$BE13)*(1+$BF13)+(($BG13+$BH13)/2*IF($G$1="破竹",$AL13,$AJ13)+IF($G$1="破竹",$AM13*1.5,0))*(1+$BI13)*(1+$BJ13))*(1+$AN13)*$P13*(1+IF(VLOOKUP($Q13,武学奇术!$A:$ZZ,30,FALSE)="弹道",$B$21,0))*(1+$BS13) -> 29889.945 | O13: =((($AP13*$AJ13+$AK13)*(1+$AR13)*(1+$AS13)+($AU13*IF($G$1="鸣金",$AL13,$AJ13)+IF($G$1="鸣金",$AM13*1.5,0))*(1+$AW13)*(1+$AX13)+($AY13*IF($G$1="裂石",$AL13,$AJ13)+IF($G$1="裂石",$AM13*1.5,0))*(1+$BA13)*(1+$BB13)+($BC13*IF($G$1="牵丝",$AL13,$AJ13)+IF($G$1="牵丝",$AM13*1.5,0))*(1+$BE13)*(1+$BF13)+($BG13*IF($G$1="破竹",$AL13,$AJ13)+IF($G$1="破竹",$AM13*1.5,0))*(1+$BI13)*(1+$BJ13))*(1+$AN13))*$P13*(1+IF(VLOOKUP($Q13,武学奇术!$A:$ZZ,30,FALSE)="弹道",$B$21,0))*(1+$BS13) -> 17798.793 | P13: 1 | Q13: 伞～每秒 | R13: 易水歌3层 | S13: 沧海帖2层 | T13: 连中 | U13: 小纵地 | V13: 风墙(弹道) | W13: N/a | X13: N/a | Y13: N/a | Z13: N/a | AA13: N/a | AB13: 惧刃(拐) | AC13: N/a | AD13: N/a | AE13: N/a | AF13: N/a | AG13: N/a | AH13: 无惧 | AI13: =VLOOKUP($Q13,武学奇术!$A:$ZZ,25,FALSE) -> 伞 | AJ13: =VLOOKUP($Q13,武学奇术!$A:$ZZ,26,FALSE) -> 1.174955 | AK13: =VLOOKUP($Q13,武学奇术!$A:$ZZ,27,FALSE)*(1+IF(OR($AI13=$F$4,$AI13=$F$5),$B$22,0)) -> 454.02 | AL13: =VLOOKUP($Q13,武学奇术!$A:$ZZ,28,FALSE) -> 1.762375 | AM13: =VLOOKUP($Q13,武学奇术!$A:$ZZ,29,FALSE)*(1+IF(OR($AI13=$F$4,$AI13=$F$5),$B$22,0)) -> 247.94 | AN13: {=$G$3+IFERROR(VLOOKUP($AI13,$F$4:$G$7,2,FALSE),0)+VLOOKUP($Q13,武学奇术!$A:$ZZ,2,FALSE)+SUM(_xlfn.XLOOKUP($R13:$AH13,增益!$A:$A,增益!$B:$B,0))} -> 1.0341 | AO13: {=VLOOKUP($Q13,武学奇术!$A:$ZZ,5,FALSE)+SUM(_xlfn.XLOOKUP($R13:$AH13,增益!$A:$A,增益!$E:$E,0))} -> 0.075 | AP13: {=$D$10*(1+$AO13)+VLOOKUP($Q13,武学奇术!$A:$ZZ,3,FALSE)+SUM(_xlfn.XLOOKUP($R13:$AH13,增益!$A:$A,增益!$C:$C,0))-$I$2} -> 1974.055 | AQ13: {=$E$10*(1+$AO13)+VLOOKUP($Q13,武学奇术!$A:$ZZ,4,FALSE)+SUM(_xlfn.XLOOKUP($R13:$AH13,增益!$A:$A,增益!$D:$D,0))-$I$2} -> 5941.45 | AR13: {=IF($F$10-$I$3+VLOOKUP($Q13,武学奇术!$A:$ZZ,6,FALSE)+SUM(_xlfn.XLOOKUP(R13:AH13,增益!$A:$A,增益!$F:$F,0))>0,($F$10-$I$3+VLOOKUP($Q13,武学奇术!$A:$ZZ,6,FALSE)+SUM(_xlfn.XLOOKUP(R13:AH13,增益!$A:$A,增益!$F:$F,0)))/200,($F$10-$I$3+VLOOKUP($Q13,武学奇术!$A:$ZZ,6,FALSE)+SUM(_xlfn.XLOOKUP(R13:AH13,增益!$A:$A,增益!$F:$F,0)))/100)} -> 0.3475 | AS13: {=$G$10+VLOOKUP($Q13,武学奇术!$A:$ZZ,7,FALSE)+SUM(_xlfn.XLOOKUP(R13:AH13,增益!$A:$A,增益!$G:$G,0))} -> 0.1 | AT13: {=VLOOKUP($Q13,武学奇术!$A:$ZZ,8,FALSE)+SUM(_xlfn.XLOOKUP(R13:AH13,增益!$A:$A,增益!$H:$H,0))} -> 0 | AU13: =$D$11*(1+$AT13) -> 0 | AV13: =$E$11*(1+$AT13) -> 0 | AW13: {=IF($F$11-$I$4+VLOOKUP($Q13,武学奇术!$A:$ZZ,9,FALSE)+SUM(_xlfn.XLOOKUP(R13:AH13,增益!$A:$A,增益!$I:$I,0))>0,($F$11-$I$4+VLOOKUP($Q13,武学奇术!$A:$ZZ,9,FALSE)+SUM(_xlfn.XLOOKUP(R13:AH13,增益!$A:$A,增益!$I:$I,0)))/200,($F$11-$I$4+VLOOKUP($Q13,武学奇术!$A:$ZZ,9,FALSE)+SUM(_xlfn.XLOOKUP(R13:AH13,增益!$A:$A,增益!$I:$I,0)))/100)} -> -0.14 | AX13: {=$G$11+VLOOKUP($Q13,武学奇术!$A:$ZZ,10,FALSE)+SUM(_xlfn.XLOOKUP(R13:AH13,增益!$A:$A,增益!$J:$J,0))} -> 0 | AY13: =$D$12*(1+$AT13) -> 0 | AZ13: =$E$12*(1+$AT13) -> 0 | BA13: {=IF($F$12-$I$4+VLOOKUP($Q13,武学奇术!$A:$ZZ,11,FALSE)+SUM(_xlfn.XLOOKUP(R13:AH13,增益!$A:$A,增益!$K:$K,0))>0,($F$12-$I$4+VLOOKUP($Q13,武学奇术!$A:$ZZ,11,FALSE)+SUM(_xlfn.XLOOKUP(R13:AH13,增益!$A:$A,增益!$K:$K,0)))/200,($F$12-$I$4+VLOOKUP($Q13,武学奇术!$A:$ZZ,11,FALSE)+SUM(_xlfn.XLOOKUP(R13:AH13,增益!$A:$A,增益!$K:$K,0)))/100)} -> -0.14 | BB13: {=$G$12+VLOOKUP($Q13,武学奇术!$A:$ZZ,12,FALSE)+SUM(_xlfn.XLOOKUP(R13:AH13,增益!$A:$A,增益!$L:$L,0))} -> 0 | BC13: =$D$13*(1+$AT13) -> 571.2 | BD13: =$E$13*(1+$AT13) -> 1077.4 | BE13: {=IF($F$13-$I$4+VLOOKUP($Q13,武学奇术!$A:$ZZ,13,FALSE)+SUM(_xlfn.XLOOKUP(R13:AH13,增益!$A:$A,增益!$M:$M,0))>0,($F$13-$I$4+VLOOKUP($Q13,武学奇术!$A:$ZZ,13,FALSE)+SUM(_xlfn.XLOOKUP(R13:AH13,增益!$A:$A,增益!$K:$K,0)))/200,($F$13-$I$4+VLOOKUP($Q13,武学奇术!$A:$ZZ,13,FALSE)+SUM(_xlfn.XLOOKUP(R13:AH13,增益!$A:$A,增益!$M:$M,0)))/100)} -> 0.08 | BF13: {=$G$13+VLOOKUP($Q13,武学奇术!$A:$ZZ,14,FALSE)+SUM(_xlfn.XLOOKUP(R13:AH13,增益!$A:$A,增益!$N:$N,0))} -> 0.25 | BG13: =$D$14*(1+$AT13) -> 0 | BH13: =$E$14*(1+$AT13) -> 0 | BI13: {=IF($F$14-$I$4+VLOOKUP($Q13,武学奇术!$A:$ZZ,15,FALSE)+SUM(_xlfn.XLOOKUP(R13:AH13,增益!$A:$A,增益!$O:$O,0))>0,($F$14-$I$4+VLOOKUP($Q13,武学奇术!$A:$ZZ,15,FALSE)+SUM(_xlfn.XLOOKUP(R13:AH13,增益!$A:$A,增益!$O:$O,0)))/200,($F$14-$I$4+VLOOKUP($Q13,武学奇术!$A:$ZZ,15,FALSE)+SUM(_xlfn.XLOOKUP(R13:AH13,增益!$A:$A,增益!$O:$O,0)))/100)} -> -0.14 | BJ13: {=$G$14+VLOOKUP($Q13,武学奇术!$A:$ZZ,16,FALSE)+SUM(_xlfn.XLOOKUP(R13:AH13,增益!$A:$A,增益!$P:$P,0))} -> 0 | BK13: =MIN(IF(VLOOKUP($Q13,武学奇术!$A:$ZZ,23,FALSE)=1,100%,$B$8),100%) -> 1 | BL13: {=IF(VLOOKUP($Q13,武学奇术!$A:$ZZ,23,FALSE)=1,100%,MIN(80%,$B$9+VLOOKUP($Q13,武学奇术!$A:$ZZ,17,FALSE)+SUM(_xlfn.XLOOKUP(R13:AH13,增益!$A:$A,增益!$Q:$Q,0)))+$B$11+SUM(_xlfn.XLOOKUP(R13:AH13,增益!$A:$A,增益!$U:$U,0)))*IF(VLOOKUP($Q13,武学奇术!$A:$ZZ,24,FALSE)=1,0,1)} -> 0.9045 | BM13: {=1+$B$13+VLOOKUP($Q13,武学奇术!$A:$ZZ,18,FALSE)+SUM(_xlfn.XLOOKUP(R13:AH13,增益!$A:$A,增益!$R:$R,0))} -> 1.88 | BN13: {=IF(VLOOKUP($Q13,武学奇术!$A:$ZZ,24,FALSE)=1,100%,MIN(40%,$B$10+VLOOKUP($Q13,武学奇术!$A:$ZZ,19,FALSE)+SUM(_xlfn.XLOOKUP(R13:AH13,增益!$A:$A,增益!$S:$S,0)))+$B$12+SUM(_xlfn.XLOOKUP(R13:AH13,增益!$A:$A,增益!$V:$V,0)))*IF(VLOOKUP($Q13,武学奇术!$A:$ZZ,23,FALSE)=1,0,1)} -> 0.0929 | BO13: {=1+$B$14+VLOOKUP($Q13,武学奇术!$A:$ZZ,20,FALSE)+SUM(_xlfn.XLOOKUP(R13:AH13,增益!$A:$A,增益!$T:$T,0))} -> 1.35 | BP13: =MIN((1-BN13)*BK13,BK13*BL13) -> 0.9045 | BQ13: =1-BN13-BP13-BR13 -> 0.0026 | BR13: =IF(VLOOKUP($Q13,武学奇术!$A:$ZZ,22,FALSE)=1,0,(1-$BK13))*(1-$BN13) -> 0 | BS13: {=SUM(_xlfn.XLOOKUP(R13:AH13,增益!$A:$A,增益!$W:$W,0))+$I$5} -> 0.11
A14: 会意伤害加成 | B14: 0.35 | C14: 破竹 | D14: =(B6+IF($G$1=$C14,B7,0))*IF($G$2="撼天",1.06,1) -> 0 | E14: =(MAX(B6,C6)+IF($G$1=$C14,$C$7,0))*IF($G$2="撼天",1.06,1) -> 0 | F14: =D6 -> 0 | G14: =E6 -> 0 | H14: RDPS | I14: =RD!I14+IF(J21="带",30000,0) -> 131997.52 | K14: =($L14*$BP14+$M14*$BN14+$N14*$BQ14+$O14*$BR14) -> 293351.51 | L14: =((($AP14+$AQ14)/2*$AJ14+$AK14)*(1+$AR14)*(1+$AS14)+(($AU14+$AV14)/2*IF($G$1="鸣金",$AL14,$AJ14)+IF($G$1="鸣金",$AM14*1.5,0))*(1+$AW14)*(1+$AX14)+(($AY14+$AZ14)/2*IF($G$1="裂石",$AL14,$AJ14)+IF($G$1="裂石",$AM14*1.5,0))*(1+$BA14)*(1+$BB14)+(($BC14+$BD14)/2*IF($G$1="牵丝",$AL14,$AJ14)+IF($G$1="牵丝",$AM14*1.5,0))*(1+$BE14)*(1+$BF14)+(($BG14+$BH14)/2*IF($G$1="破竹",$AL14,$AJ14)+IF($G$1="破竹",$AM14*1.5,0))*(1+$BI14)*(1+$BJ14))*(1+$AN14)*$BM14*$P14*(1+IF(VLOOKUP($Q14,武学奇术!$A:$ZZ,30,FALSE)="弹道",$B$21,0))*(1+$BS14) -> 296841.84 | M14: =(($AQ14*$AJ14+$AK14)*(1+$AR14)*(1+$AS14)+($AV14*IF($G$1="鸣金",$AL14,$AJ14)+IF($G$1="鸣金",$AM14*1.5,0))*(1+$AW14)*(1+$AX14)+($AZ14*IF($G$1="裂石",$AL14,$AJ14)+IF($G$1="裂石",$AM14*1.5,0))*(1+$BA14)*(1+$BB14)+($BD14*IF($G$1="牵丝",$AL14,$AJ14)+IF($G$1="牵丝",$AM14*1.5,0))*(1+$BE14)*(1+$BF14)+($BH14*IF($G$1="破竹",$AL14,$AJ14)+IF($G$1="破竹",$AM14*1.5,0))*(1+$BI14)*(1+$BJ14))*(1+$AN14)*$BO14*$P14*(1+IF(VLOOKUP($Q14,武学奇术!$A:$ZZ,30,FALSE)="弹道",$B$21,0))*(1+$BS14) -> 263696.63 | N14: =((($AP14+$AQ14)/2*$AJ14+$AK14)*(1+$AR14)*(1+$AS14)+(($AU14+$AV14)/2*IF($G$1="鸣金",$AL14,$AJ14)+IF($G$1="鸣金",$AM14*1.5,0))*(1+$AW14)*(1+$AX14)+(($AY14+$AZ14)/2*IF($G$1="裂石",$AL14,$AJ14)+IF($G$1="裂石",$AM14*1.5,0))*(1+$BA14)*(1+$BB14)+(($BC14+$BD14)/2*IF($G$1="牵丝",$AL14,$AJ14)+IF($G$1="牵丝",$AM14*1.5,0))*(1+$BE14)*(1+$BF14)+(($BG14+$BH14)/2*IF($G$1="破竹",$AL14,$AJ14)+IF($G$1="破竹",$AM14*1.5,0))*(1+$BI14)*(1+$BJ14))*(1+$AN14)*$P14*(1+IF(VLOOKUP($Q14,武学奇术!$A:$ZZ,30,FALSE)="弹道",$B$21,0))*(1+$BS14) -> 138711.14 | O14: =((($AP14*$AJ14+$AK14)*(1+$AR14)*(1+$AS14)+($AU14*IF($G$1="鸣金",$AL14,$AJ14)+IF($G$1="鸣金",$AM14*1.5,0))*(1+$AW14)*(1+$AX14)+($AY14*IF($G$1="裂石",$AL14,$AJ14)+IF($G$1="裂石",$AM14*1.5,0))*(1+$BA14)*(1+$BB14)+($BC14*IF($G$1="牵丝",$AL14,$AJ14)+IF($G$1="牵丝",$AM14*1.5,0))*(1+$BE14)*(1+$BF14)+($BG14*IF($G$1="破竹",$AL14,$AJ14)+IF($G$1="破竹",$AM14*1.5,0))*(1+$BI14)*(1+$BJ14))*(1+$AN14))*$P14*(1+IF(VLOOKUP($Q14,武学奇术!$A:$ZZ,30,FALSE)="弹道",$B$21,0))*(1+$BS14) -> 82091.442 | P14: 4 | Q14: 伞～每秒 | R14: 易水歌4层 | S14: 沧海帖3层 | T14: 连中 | U14: 小纵地 | V14: 风墙(弹道) | W14: N/a | X14: N/a | Y14: 断石5额外 | Z14: 阴阳 | AA14: N/a | AB14: 惧刃(拐) | AC14: N/a | AD14: N/a | AE14: N/a | AF14: N/a | AG14: N/a | AH14: 无惧 | AI14: =VLOOKUP($Q14,武学奇术!$A:$ZZ,25,FALSE) -> 伞 | AJ14: =VLOOKUP($Q14,武学奇术!$A:$ZZ,26,FALSE) -> 1.174955 | AK14: =VLOOKUP($Q14,武学奇术!$A:$ZZ,27,FALSE)*(1+IF(OR($AI14=$F$4,$AI14=$F$5),$B$22,0)) -> 454.02 | AL14: =VLOOKUP($Q14,武学奇术!$A:$ZZ,28,FALSE) -> 1.762375 | AM14: =VLOOKUP($Q14,武学奇术!$A:$ZZ,29,FALSE)*(1+IF(OR($AI14=$F$4,$AI14=$F$5),$B$22,0)) -> 247.94 | AN14: {=$G$3+IFERROR(VLOOKUP($AI14,$F$4:$G$7,2,FALSE),0)+VLOOKUP($Q14,武学奇术!$A:$ZZ,2,FALSE)+SUM(_xlfn.XLOOKUP($R14:$AH14,增益!$A:$A,增益!$B:$B,0))} -> 1.1941 | AO14: {=VLOOKUP($Q14,武学奇术!$A:$ZZ,5,FALSE)+SUM(_xlfn.XLOOKUP($R14:$AH14,增益!$A:$A,增益!$E:$E,0))} -> 0.075 | AP14: {=$D$10*(1+$AO14)+VLOOKUP($Q14,武学奇术!$A:$ZZ,3,FALSE)+SUM(_xlfn.XLOOKUP($R14:$AH14,增益!$A:$A,增益!$C:$C,0))-$I$2} -> 1974.055 | AQ14: {=$E$10*(1+$AO14)+VLOOKUP($Q14,武学奇术!$A:$ZZ,4,FALSE)+SUM(_xlfn.XLOOKUP($R14:$AH14,增益!$A:$A,增益!$D:$D,0))-$I$2} -> 5941.45 | AR14: {=IF($F$10-$I$3+VLOOKUP($Q14,武学奇术!$A:$ZZ,6,FALSE)+SUM(_xlfn.XLOOKUP(R14:AH14,增益!$A:$A,增益!$F:$F,0))>0,($F$10-$I$3+VLOOKUP($Q14,武学奇术!$A:$ZZ,6,FALSE)+SUM(_xlfn.XLOOKUP(R14:AH14,增益!$A:$A,增益!$F:$F,0)))/200,($F$10-$I$3+VLOOKUP($Q14,武学奇术!$A:$ZZ,6,FALSE)+SUM(_xlfn.XLOOKUP(R14:AH14,增益!$A:$A,增益!$F:$F,0)))/100)} -> 0.4825 | AS14: {=$G$10+VLOOKUP($Q14,武学奇术!$A:$ZZ,7,FALSE)+SUM(_xlfn.XLOOKUP(R14:AH14,增益!$A:$A,增益!$G:$G,0))} -> 0.1 | AT14: {=VLOOKUP($Q14,武学奇术!$A:$ZZ,8,FALSE)+SUM(_xlfn.XLOOKUP(R14:AH14,增益!$A:$A,增益!$H:$H,0))} -> 0 | AU14: =$D$11*(1+$AT14) -> 0 | AV14: =$E$11*(1+$AT14) -> 0 | AW14: {=IF($F$11-$I$4+VLOOKUP($Q14,武学奇术!$A:$ZZ,9,FALSE)+SUM(_xlfn.XLOOKUP(R14:AH14,增益!$A:$A,增益!$I:$I,0))>0,($F$11-$I$4+VLOOKUP($Q14,武学奇术!$A:$ZZ,9,FALSE)+SUM(_xlfn.XLOOKUP(R14:AH14,增益!$A:$A,增益!$I:$I,0)))/200,($F$11-$I$4+VLOOKUP($Q14,武学奇术!$A:$ZZ,9,FALSE)+SUM(_xlfn.XLOOKUP(R14:AH14,增益!$A:$A,增益!$I:$I,0)))/100)} -> -0.14 | AX14: {=$G$11+VLOOKUP($Q14,武学奇术!$A:$ZZ,10,FALSE)+SUM(_xlfn.XLOOKUP(R14:AH14,增益!$A:$A,增益!$J:$J,0))} -> 0 | AY14: =$D$12*(1+$AT14) -> 0 | AZ14: =$E$12*(1+$AT14) -> 0 | BA14: {=IF($F$12-$I$4+VLOOKUP($Q14,武学奇术!$A:$ZZ,11,FALSE)+SUM(_xlfn.XLOOKUP(R14:AH14,增益!$A:$A,增益!$K:$K,0))>0,($F$12-$I$4+VLOOKUP($Q14,武学奇术!$A:$ZZ,11,FALSE)+SUM(_xlfn.XLOOKUP(R14:AH14,增益!$A:$A,增益!$K:$K,0)))/200,($F$12-$I$4+VLOOKUP($Q14,武学奇术!$A:$ZZ,11,FALSE)+SUM(_xlfn.XLOOKUP(R14:AH14,增益!$A:$A,增益!$K:$K,0)))/100)} -> -0.14 | BB14: {=$G$12+VLOOKUP($Q14,武学奇术!$A:$ZZ,12,FALSE)+SUM(_xlfn.XLOOKUP(R14:AH14,增益!$A:$A,增益!$L:$L,0))} -> 0 | BC14: =$D$13*(1+$AT14) -> 571.2 | BD14: =$E$13*(1+$AT14) -> 1077.4 | BE14: {=IF($F$13-$I$4+VLOOKUP($Q14,武学奇术!$A:$ZZ,13,FALSE)+SUM(_xlfn.XLOOKUP(R14:AH14,增益!$A:$A,增益!$M:$M,0))>0,($F$13-$I$4+VLOOKUP($Q14,武学奇术!$A:$ZZ,13,FALSE)+SUM(_xlfn.XLOOKUP(R14:AH14,增益!$A:$A,增益!$K:$K,0)))/200,($F$13-$I$4+VLOOKUP($Q14,武学奇术!$A:$ZZ,13,FALSE)+SUM(_xlfn.XLOOKUP(R14:AH14,增益!$A:$A,增益!$M:$M,0)))/100)} -> 0.08 | BF14: {=$G$13+VLOOKUP($Q14,武学奇术!$A:$ZZ,14,FALSE)+SUM(_xlfn.XLOOKUP(R14:AH14,增益!$A:$A,增益!$N:$N,0))} -> 0.25 | BG14: =$D$14*(1+$AT14) -> 0 | BH14: =$E$14*(1+$AT14) -> 0 | BI14: {=IF($F$14-$I$4+VLOOKUP($Q14,武学奇术!$A:$ZZ,15,FALSE)+SUM(_xlfn.XLOOKUP(R14:AH14,增益!$A:$A,增益!$O:$O,0))>0,($F$14-$I$4+VLOOKUP($Q14,武学奇术!$A:$ZZ,15,FALSE)+SUM(_xlfn.XLOOKUP(R14:AH14,增益!$A:$A,增益!$O:$O,0)))/200,($F$14-$I$4+VLOOKUP($Q14,武学奇术!$A:$ZZ,15,FALSE)+SUM(_xlfn.XLOOKUP(R14:AH14,增益!$A:$A,增益!$O:$O,0)))/100)} -> -0.14 | BJ14: {=$G$14+VLOOKUP($Q14,武学奇术!$A:$ZZ,16,FALSE)+SUM(_xlfn.XLOOKUP(R14:AH14,增益!$A:$A,增益!$P:$P,0))} -> 0 | BK14: =MIN(IF(VLOOKUP($Q14,武学奇术!$A:$ZZ,23,FALSE)=1,100%,$B$8),100%) -> 1 | BL14: {=IF(VLOOKUP($Q14,武学奇术!$A:$ZZ,23,FALSE)=1,100%,MIN(80%,$B$9+VLOOKUP($Q14,武学奇术!$A:$ZZ,17,FALSE)+SUM(_xlfn.XLOOKUP(R14:AH14,增益!$A:$A,增益!$Q:$Q,0)))+$B$11+SUM(_xlfn.XLOOKUP(R14:AH14,增益!$A:$A,增益!$U:$U,0)))*IF(VLOOKUP($Q14,武学奇术!$A:$ZZ,24,FALSE)=1,0,1)} -> 0.9045 | BM14: {=1+$B$13+VLOOKUP($Q14,武学奇术!$A:$ZZ,18,FALSE)+SUM(_xlfn.XLOOKUP(R14:AH14,增益!$A:$A,增益!$R:$R,0))} -> 2.14 | BN14: {=IF(VLOOKUP($Q14,武学奇术!$A:$ZZ,24,FALSE)=1,100%,MIN(40%,$B$10+VLOOKUP($Q14,武学奇术!$A:$ZZ,19,FALSE)+SUM(_xlfn.XLOOKUP(R14:AH14,增益!$A:$A,增益!$S:$S,0)))+$B$12+SUM(_xlfn.XLOOKUP(R14:AH14,增益!$A:$A,增益!$V:$V,0)))*IF(VLOOKUP($Q14,武学奇术!$A:$ZZ,23,FALSE)=1,0,1)} -> 0.0929 | BO14: {=1+$B$14+VLOOKUP($Q14,武学奇术!$A:$ZZ,20,FALSE)+SUM(_xlfn.XLOOKUP(R14:AH14,增益!$A:$A,增益!$T:$T,0))} -> 1.35 | BP14: =MIN((1-BN14)*BK14,BK14*BL14) -> 0.9045 | BQ14: =1-BN14-BP14-BR14 -> 0.0026 | BR14: =IF(VLOOKUP($Q14,武学奇术!$A:$ZZ,22,FALSE)=1,0,(1-$BK14))*(1-$BN14) -> 0 | BS14: {=SUM(_xlfn.XLOOKUP(R14:AH14,增益!$A:$A,增益!$W:$W,0))+$I$5} -> 0.11
A15: 全武增 | B15: 0.0852 | C15: 团队增益 | K15: =($L15*$BP15+$M15*$BN15+$N15*$BQ15+$O15*$BR15) -> 148113.39 | L15: =((($AP15+$AQ15)/2*$AJ15+$AK15)*(1+$AR15)*(1+$AS15)+(($AU15+$AV15)/2*IF($G$1="鸣金",$AL15,$AJ15)+IF($G$1="鸣金",$AM15*1.5,0))*(1+$AW15)*(1+$AX15)+(($AY15+$AZ15)/2*IF($G$1="裂石",$AL15,$AJ15)+IF($G$1="裂石",$AM15*1.5,0))*(1+$BA15)*(1+$BB15)+(($BC15+$BD15)/2*IF($G$1="牵丝",$AL15,$AJ15)+IF($G$1="牵丝",$AM15*1.5,0))*(1+$BE15)*(1+$BF15)+(($BG15+$BH15)/2*IF($G$1="破竹",$AL15,$AJ15)+IF($G$1="破竹",$AM15*1.5,0))*(1+$BI15)*(1+$BJ15))*(1+$AN15)*$BM15*$P15*(1+IF(VLOOKUP($Q15,武学奇术!$A:$ZZ,30,FALSE)="弹道",$B$21,0))*(1+$BS15) -> 149873.43 | M15: =(($AQ15*$AJ15+$AK15)*(1+$AR15)*(1+$AS15)+($AV15*IF($G$1="鸣金",$AL15,$AJ15)+IF($G$1="鸣金",$AM15*1.5,0))*(1+$AW15)*(1+$AX15)+($AZ15*IF($G$1="裂石",$AL15,$AJ15)+IF($G$1="裂石",$AM15*1.5,0))*(1+$BA15)*(1+$BB15)+($BD15*IF($G$1="牵丝",$AL15,$AJ15)+IF($G$1="牵丝",$AM15*1.5,0))*(1+$BE15)*(1+$BF15)+($BH15*IF($G$1="破竹",$AL15,$AJ15)+IF($G$1="破竹",$AM15*1.5,0))*(1+$BI15)*(1+$BJ15))*(1+$AN15)*$BO15*$P15*(1+IF(VLOOKUP($Q15,武学奇术!$A:$ZZ,30,FALSE)="弹道",$B$21,0))*(1+$BS15) -> 133162.36 | N15: =((($AP15+$AQ15)/2*$AJ15+$AK15)*(1+$AR15)*(1+$AS15)+(($AU15+$AV15)/2*IF($G$1="鸣金",$AL15,$AJ15)+IF($G$1="鸣金",$AM15*1.5,0))*(1+$AW15)*(1+$AX15)+(($AY15+$AZ15)/2*IF($G$1="裂石",$AL15,$AJ15)+IF($G$1="裂石",$AM15*1.5,0))*(1+$BA15)*(1+$BB15)+(($BC15+$BD15)/2*IF($G$1="牵丝",$AL15,$AJ15)+IF($G$1="牵丝",$AM15*1.5,0))*(1+$BE15)*(1+$BF15)+(($BG15+$BH15)/2*IF($G$1="破竹",$AL15,$AJ15)+IF($G$1="破竹",$AM15*1.5,0))*(1+$BI15)*(1+$BJ15))*(1+$AN15)*$P15*(1+IF(VLOOKUP($Q15,武学奇术!$A:$ZZ,30,FALSE)="弹道",$B$21,0))*(1+$BS15) -> 70034.314 | O15: =((($AP15*$AJ15+$AK15)*(1+$AR15)*(1+$AS15)+($AU15*IF($G$1="鸣金",$AL15,$AJ15)+IF($G$1="鸣金",$AM15*1.5,0))*(1+$AW15)*(1+$AX15)+($AY15*IF($G$1="裂石",$AL15,$AJ15)+IF($G$1="裂石",$AM15*1.5,0))*(1+$BA15)*(1+$BB15)+($BC15*IF($G$1="牵丝",$AL15,$AJ15)+IF($G$1="牵丝",$AM15*1.5,0))*(1+$BE15)*(1+$BF15)+($BG15*IF($G$1="破竹",$AL15,$AJ15)+IF($G$1="破竹",$AM15*1.5,0))*(1+$BI15)*(1+$BJ15))*(1+$AN15))*$P15*(1+IF(VLOOKUP($Q15,武学奇术!$A:$ZZ,30,FALSE)="弹道",$B$21,0))*(1+$BS15) -> 41429.842 | P15: 2 | Q15: 伞～每秒 | R15: 易水歌5层 | S15: 沧海帖3层 | T15: 连中 | U15: 小纵地 | V15: 风墙(弹道) | W15: N/a | X15: N/a | Y15: 断石5额外 | Z15: 阴阳 | AA15: N/a | AB15: 惧刃(拐) | AC15: N/a | AD15: N/a | AE15: N/a | AF15: N/a | AG15: N/a | AH15: 无惧 | AI15: =VLOOKUP($Q15,武学奇术!$A:$ZZ,25,FALSE) -> 伞 | AJ15: =VLOOKUP($Q15,武学奇术!$A:$ZZ,26,FALSE) -> 1.174955 | AK15: =VLOOKUP($Q15,武学奇术!$A:$ZZ,27,FALSE)*(1+IF(OR($AI15=$F$4,$AI15=$F$5),$B$22,0)) -> 454.02 | AL15: =VLOOKUP($Q15,武学奇术!$A:$ZZ,28,FALSE) -> 1.762375 | AM15: =VLOOKUP($Q15,武学奇术!$A:$ZZ,29,FALSE)*(1+IF(OR($AI15=$F$4,$AI15=$F$5),$B$22,0)) -> 247.94 | AN15: {=$G$3+IFERROR(VLOOKUP($AI15,$F$4:$G$7,2,FALSE),0)+VLOOKUP($Q15,武学奇术!$A:$ZZ,2,FALSE)+SUM(_xlfn.XLOOKUP($R15:$AH15,增益!$A:$A,增益!$B:$B,0))} -> 1.2041 | AO15: {=VLOOKUP($Q15,武学奇术!$A:$ZZ,5,FALSE)+SUM(_xlfn.XLOOKUP($R15:$AH15,增益!$A:$A,增益!$E:$E,0))} -> 0.075 | AP15: {=$D$10*(1+$AO15)+VLOOKUP($Q15,武学奇术!$A:$ZZ,3,FALSE)+SUM(_xlfn.XLOOKUP($R15:$AH15,增益!$A:$A,增益!$C:$C,0))-$I$2} -> 1974.055 | AQ15: {=$E$10*(1+$AO15)+VLOOKUP($Q15,武学奇术!$A:$ZZ,4,FALSE)+SUM(_xlfn.XLOOKUP($R15:$AH15,增益!$A:$A,增益!$D:$D,0))-$I$2} -> 5941.45 | AR15: {=IF($F$10-$I$3+VLOOKUP($Q15,武学奇术!$A:$ZZ,6,FALSE)+SUM(_xlfn.XLOOKUP(R15:AH15,增益!$A:$A,增益!$F:$F,0))>0,($F$10-$I$3+VLOOKUP($Q15,武学奇术!$A:$ZZ,6,FALSE)+SUM(_xlfn.XLOOKUP(R15:AH15,增益!$A:$A,增益!$F:$F,0)))/200,($F$10-$I$3+VLOOKUP($Q15,武学奇术!$A:$ZZ,6,FALSE)+SUM(_xlfn.XLOOKUP(R15:AH15,增益!$A:$A,增益!$F:$F,0)))/100)} -> 0.4925 | AS15: {=$G$10+VLOOKUP($Q15,武学奇术!$A:$ZZ,7,FALSE)+SUM(_xlfn.XLOOKUP(R15:AH15,增益!$A:$A,增益!$G:$G,0))} -> 0.1 | AT15: {=VLOOKUP($Q15,武学奇术!$A:$ZZ,8,FALSE)+SUM(_xlfn.XLOOKUP(R15:AH15,增益!$A:$A,增益!$H:$H,0))} -> 0 | AU15: =$D$11*(1+$AT15) -> 0 | AV15: =$E$11*(1+$AT15) -> 0 | AW15: {=IF($F$11-$I$4+VLOOKUP($Q15,武学奇术!$A:$ZZ,9,FALSE)+SUM(_xlfn.XLOOKUP(R15:AH15,增益!$A:$A,增益!$I:$I,0))>0,($F$11-$I$4+VLOOKUP($Q15,武学奇术!$A:$ZZ,9,FALSE)+SUM(_xlfn.XLOOKUP(R15:AH15,增益!$A:$A,增益!$I:$I,0)))/200,($F$11-$I$4+VLOOKUP($Q15,武学奇术!$A:$ZZ,9,FALSE)+SUM(_xlfn.XLOOKUP(R15:AH15,增益!$A:$A,增益!$I:$I,0)))/100)} -> -0.14 | AX15: {=$G$11+VLOOKUP($Q15,武学奇术!$A:$ZZ,10,FALSE)+SUM(_xlfn.XLOOKUP(R15:AH15,增益!$A:$A,增益!$J:$J,0))} -> 0 | AY15: =$D$12*(1+$AT15) -> 0 | AZ15: =$E$12*(1+$AT15) -> 0 | BA15: {=IF($F$12-$I$4+VLOOKUP($Q15,武学奇术!$A:$ZZ,11,FALSE)+SUM(_xlfn.XLOOKUP(R15:AH15,增益!$A:$A,增益!$K:$K,0))>0,($F$12-$I$4+VLOOKUP($Q15,武学奇术!$A:$ZZ,11,FALSE)+SUM(_xlfn.XLOOKUP(R15:AH15,增益!$A:$A,增益!$K:$K,0)))/200,($F$12-$I$4+VLOOKUP($Q15,武学奇术!$A:$ZZ,11,FALSE)+SUM(_xlfn.XLOOKUP(R15:AH15,增益!$A:$A,增益!$K:$K,0)))/100)} -> -0.14 | BB15: {=$G$12+VLOOKUP($Q15,武学奇术!$A:$ZZ,12,FALSE)+SUM(_xlfn.XLOOKUP(R15:AH15,增益!$A:$A,增益!$L:$L,0))} -> 0 | BC15: =$D$13*(1+$AT15) -> 571.2 | BD15: =$E$13*(1+$AT15) -> 1077.4 | BE15: {=IF($F$13-$I$4+VLOOKUP($Q15,武学奇术!$A:$ZZ,13,FALSE)+SUM(_xlfn.XLOOKUP(R15:AH15,增益!$A:$A,增益!$M:$M,0))>0,($F$13-$I$4+VLOOKUP($Q15,武学奇术!$A:$ZZ,13,FALSE)+SUM(_xlfn.XLOOKUP(R15:AH15,增益!$A:$A,增益!$K:$K,0)))/200,($F$13-$I$4+VLOOKUP($Q15,武学奇术!$A:$ZZ,13,FALSE)+SUM(_xlfn.XLOOKUP(R15:AH15,增益!$A:$A,增益!$M:$M,0)))/100)} -> 0.08 | BF15: {=$G$13+VLOOKUP($Q15,武学奇术!$A:$ZZ,14,FALSE)+SUM(_xlfn.XLOOKUP(R15:AH15,增益!$A:$A,增益!$N:$N,0))} -> 0.25 | BG15: =$D$14*(1+$AT15) -> 0 | BH15: =$E$14*(1+$AT15) -> 0 | BI15: {=IF($F$14-$I$4+VLOOKUP($Q15,武学奇术!$A:$ZZ,15,FALSE)+SUM(_xlfn.XLOOKUP(R15:AH15,增益!$A:$A,增益!$O:$O,0))>0,($F$14-$I$4+VLOOKUP($Q15,武学奇术!$A:$ZZ,15,FALSE)+SUM(_xlfn.XLOOKUP(R15:AH15,增益!$A:$A,增益!$O:$O,0)))/200,($F$14-$I$4+VLOOKUP($Q15,武学奇术!$A:$ZZ,15,FALSE)+SUM(_xlfn.XLOOKUP(R15:AH15,增益!$A:$A,增益!$O:$O,0)))/100)} -> -0.14 | BJ15: {=$G$14+VLOOKUP($Q15,武学奇术!$A:$ZZ,16,FALSE)+SUM(_xlfn.XLOOKUP(R15:AH15,增益!$A:$A,增益!$P:$P,0))} -> 0 | BK15: =MIN(IF(VLOOKUP($Q15,武学奇术!$A:$ZZ,23,FALSE)=1,100%,$B$8),100%) -> 1 | BL15: {=IF(VLOOKUP($Q15,武学奇术!$A:$ZZ,23,FALSE)=1,100%,MIN(80%,$B$9+VLOOKUP($Q15,武学奇术!$A:$ZZ,17,FALSE)+SUM(_xlfn.XLOOKUP(R15:AH15,增益!$A:$A,增益!$Q:$Q,0)))+$B$11+SUM(_xlfn.XLOOKUP(R15:AH15,增益!$A:$A,增益!$U:$U,0)))*IF(VLOOKUP($Q15,武学奇术!$A:$ZZ,24,FALSE)=1,0,1)} -> 0.9045 | BM15: {=1+$B$13+VLOOKUP($Q15,武学奇术!$A:$ZZ,18,FALSE)+SUM(_xlfn.XLOOKUP(R15:AH15,增益!$A:$A,增益!$R:$R,0))} -> 2.14 | BN15: {=IF(VLOOKUP($Q15,武学奇术!$A:$ZZ,24,FALSE)=1,100%,MIN(40%,$B$10+VLOOKUP($Q15,武学奇术!$A:$ZZ,19,FALSE)+SUM(_xlfn.XLOOKUP(R15:AH15,增益!$A:$A,增益!$S:$S,0)))+$B$12+SUM(_xlfn.XLOOKUP(R15:AH15,增益!$A:$A,增益!$V:$V,0)))*IF(VLOOKUP($Q15,武学奇术!$A:$ZZ,23,FALSE)=1,0,1)} -> 0.0929 | BO15: {=1+$B$14+VLOOKUP($Q15,武学奇术!$A:$ZZ,20,FALSE)+SUM(_xlfn.XLOOKUP(R15:AH15,增益!$A:$A,增益!$T:$T,0))} -> 1.35 | BP15: =MIN((1-BN15)*BK15,BK15*BL15) -> 0.9045 | BQ15: =1-BN15-BP15-BR15 -> 0.0026 | BR15: =IF(VLOOKUP($Q15,武学奇术!$A:$ZZ,22,FALSE)=1,0,(1-$BK15))*(1-$BN15) -> 0 | BS15: {=SUM(_xlfn.XLOOKUP(R15:AH15,增益!$A:$A,增益!$W:$W,0))+$I$5} -> 0.11
A16: 首领增 | B16: 0.0887 | C16: 威 | D16: √ | E16: 沧海帖 | F16: √ | H16: 毕业率 | I16: =I12/156075.07 -> 1 | K16: =($L16*$BP16+$M16*$BN16+$N16*$BQ16+$O16*$BR16) -> 148746.85 | L16: =((($AP16+$AQ16)/2*$AJ16+$AK16)*(1+$AR16)*(1+$AS16)+(($AU16+$AV16)/2*IF($G$1="鸣金",$AL16,$AJ16)+IF($G$1="鸣金",$AM16*1.5,0))*(1+$AW16)*(1+$AX16)+(($AY16+$AZ16)/2*IF($G$1="裂石",$AL16,$AJ16)+IF($G$1="裂石",$AM16*1.5,0))*(1+$BA16)*(1+$BB16)+(($BC16+$BD16)/2*IF($G$1="牵丝",$AL16,$AJ16)+IF($G$1="牵丝",$AM16*1.5,0))*(1+$BE16)*(1+$BF16)+(($BG16+$BH16)/2*IF($G$1="破竹",$AL16,$AJ16)+IF($G$1="破竹",$AM16*1.5,0))*(1+$BI16)*(1+$BJ16))*(1+$AN16)*$BM16*$P16*(1+IF(VLOOKUP($Q16,武学奇术!$A:$ZZ,30,FALSE)="弹道",$B$21,0))*(1+$BS16) -> 150573.77 | M16: =(($AQ16*$AJ16+$AK16)*(1+$AR16)*(1+$AS16)+($AV16*IF($G$1="鸣金",$AL16,$AJ16)+IF($G$1="鸣金",$AM16*1.5,0))*(1+$AW16)*(1+$AX16)+($AZ16*IF($G$1="裂石",$AL16,$AJ16)+IF($G$1="裂石",$AM16*1.5,0))*(1+$BA16)*(1+$BB16)+($BD16*IF($G$1="牵丝",$AL16,$AJ16)+IF($G$1="牵丝",$AM16*1.5,0))*(1+$BE16)*(1+$BF16)+($BH16*IF($G$1="破竹",$AL16,$AJ16)+IF($G$1="破竹",$AM16*1.5,0))*(1+$BI16)*(1+$BJ16))*(1+$AN16)*$BO16*$P16*(1+IF(VLOOKUP($Q16,武学奇术!$A:$ZZ,30,FALSE)="弹道",$B$21,0))*(1+$BS16) -> 133162.36 | N16: =((($AP16+$AQ16)/2*$AJ16+$AK16)*(1+$AR16)*(1+$AS16)+(($AU16+$AV16)/2*IF($G$1="鸣金",$AL16,$AJ16)+IF($G$1="鸣金",$AM16*1.5,0))*(1+$AW16)*(1+$AX16)+(($AY16+$AZ16)/2*IF($G$1="裂石",$AL16,$AJ16)+IF($G$1="裂石",$AM16*1.5,0))*(1+$BA16)*(1+$BB16)+(($BC16+$BD16)/2*IF($G$1="牵丝",$AL16,$AJ16)+IF($G$1="牵丝",$AM16*1.5,0))*(1+$BE16)*(1+$BF16)+(($BG16+$BH16)/2*IF($G$1="破竹",$AL16,$AJ16)+IF($G$1="破竹",$AM16*1.5,0))*(1+$BI16)*(1+$BJ16))*(1+$AN16)*$P16*(1+IF(VLOOKUP($Q16,武学奇术!$A:$ZZ,30,FALSE)="弹道",$B$21,0))*(1+$BS16) -> 70034.314 | O16: =((($AP16*$AJ16+$AK16)*(1+$AR16)*(1+$AS16)+($AU16*IF($G$1="鸣金",$AL16,$AJ16)+IF($G$1="鸣金",$AM16*1.5,0))*(1+$AW16)*(1+$AX16)+($AY16*IF($G$1="裂石",$AL16,$AJ16)+IF($G$1="裂石",$AM16*1.5,0))*(1+$BA16)*(1+$BB16)+($BC16*IF($G$1="牵丝",$AL16,$AJ16)+IF($G$1="牵丝",$AM16*1.5,0))*(1+$BE16)*(1+$BF16)+($BG16*IF($G$1="破竹",$AL16,$AJ16)+IF($G$1="破竹",$AM16*1.5,0))*(1+$BI16)*(1+$BJ16))*(1+$AN16))*$P16*(1+IF(VLOOKUP($Q16,武学奇术!$A:$ZZ,30,FALSE)="弹道",$B$21,0))*(1+$BS16) -> 41429.842 | P16: 2 | Q16: 伞～每秒 | R16: 易水歌5层 | S16: 沧海帖4层 | T16: 连中 | U16: 小纵地 | V16: 风墙(弹道) | W16: N/a | X16: N/a | Y16: 断石5额外 | Z16: 阴阳 | AA16: N/a | AB16: 惧刃(拐) | AC16: N/a | AD16: N/a | AE16: N/a | AF16: N/a | AG16: N/a | AH16: 无惧 | AI16: =VLOOKUP($Q16,武学奇术!$A:$ZZ,25,FALSE) -> 伞 | AJ16: =VLOOKUP($Q16,武学奇术!$A:$ZZ,26,FALSE) -> 1.174955 | AK16: =VLOOKUP($Q16,武学奇术!$A:$ZZ,27,FALSE)*(1+IF(OR($AI16=$F$4,$AI16=$F$5),$B$22,0)) -> 454.02 | AL16: =VLOOKUP($Q16,武学奇术!$A:$ZZ,28,FALSE) -> 1.762375 | AM16: =VLOOKUP($Q16,武学奇术!$A:$ZZ,29,FALSE)*(1+IF(OR($AI16=$F$4,$AI16=$F$5),$B$22,0)) -> 247.94 | AN16: {=$G$3+IFERROR(VLOOKUP($AI16,$F$4:$G$7,2,FALSE),0)+VLOOKUP($Q16,武学奇术!$A:$ZZ,2,FALSE)+SUM(_xlfn.XLOOKUP($R16:$AH16,增益!$A:$A,增益!$B:$B,0))} -> 1.2041 | AO16: {=VLOOKUP($Q16,武学奇术!$A:$ZZ,5,FALSE)+SUM(_xlfn.XLOOKUP($R16:$AH16,增益!$A:$A,增益!$E:$E,0))} -> 0.075 | AP16: {=$D$10*(1+$AO16)+VLOOKUP($Q16,武学奇术!$A:$ZZ,3,FALSE)+SUM(_xlfn.XLOOKUP($R16:$AH16,增益!$A:$A,增益!$C:$C,0))-$I$2} -> 1974.055 | AQ16: {=$E$10*(1+$AO16)+VLOOKUP($Q16,武学奇术!$A:$ZZ,4,FALSE)+SUM(_xlfn.XLOOKUP($R16:$AH16,增益!$A:$A,增益!$D:$D,0))-$I$2} -> 5941.45 | AR16: {=IF($F$10-$I$3+VLOOKUP($Q16,武学奇术!$A:$ZZ,6,FALSE)+SUM(_xlfn.XLOOKUP(R16:AH16,增益!$A:$A,增益!$F:$F,0))>0,($F$10-$I$3+VLOOKUP($Q16,武学奇术!$A:$ZZ,6,FALSE)+SUM(_xlfn.XLOOKUP(R16:AH16,增益!$A:$A,增益!$F:$F,0)))/200,($F$10-$I$3+VLOOKUP($Q16,武学奇术!$A:$ZZ,6,FALSE)+SUM(_xlfn.XLOOKUP(R16:AH16,增益!$A:$A,增益!$F:$F,0)))/100)} -> 0.4925 | AS16: {=$G$10+VLOOKUP($Q16,武学奇术!$A:$ZZ,7,FALSE)+SUM(_xlfn.XLOOKUP(R16:AH16,增益!$A:$A,增益!$G:$G,0))} -> 0.1 | AT16: {=VLOOKUP($Q16,武学奇术!$A:$ZZ,8,FALSE)+SUM(_xlfn.XLOOKUP(R16:AH16,增益!$A:$A,增益!$H:$H,0))} -> 0 | AU16: =$D$11*(1+$AT16) -> 0 | AV16: =$E$11*(1+$AT16) -> 0 | AW16: {=IF($F$11-$I$4+VLOOKUP($Q16,武学奇术!$A:$ZZ,9,FALSE)+SUM(_xlfn.XLOOKUP(R16:AH16,增益!$A:$A,增益!$I:$I,0))>0,($F$11-$I$4+VLOOKUP($Q16,武学奇术!$A:$ZZ,9,FALSE)+SUM(_xlfn.XLOOKUP(R16:AH16,增益!$A:$A,增益!$I:$I,0)))/200,($F$11-$I$4+VLOOKUP($Q16,武学奇术!$A:$ZZ,9,FALSE)+SUM(_xlfn.XLOOKUP(R16:AH16,增益!$A:$A,增益!$I:$I,0)))/100)} -> -0.14 | AX16: {=$G$11+VLOOKUP($Q16,武学奇术!$A:$ZZ,10,FALSE)+SUM(_xlfn.XLOOKUP(R16:AH16,增益!$A:$A,增益!$J:$J,0))} -> 0 | AY16: =$D$12*(1+$AT16) -> 0 | AZ16: =$E$12*(1+$AT16) -> 0 | BA16: {=IF($F$12-$I$4+VLOOKUP($Q16,武学奇术!$A:$ZZ,11,FALSE)+SUM(_xlfn.XLOOKUP(R16:AH16,增益!$A:$A,增益!$K:$K,0))>0,($F$12-$I$4+VLOOKUP($Q16,武学奇术!$A:$ZZ,11,FALSE)+SUM(_xlfn.XLOOKUP(R16:AH16,增益!$A:$A,增益!$K:$K,0)))/200,($F$12-$I$4+VLOOKUP($Q16,武学奇术!$A:$ZZ,11,FALSE)+SUM(_xlfn.XLOOKUP(R16:AH16,增益!$A:$A,增益!$K:$K,0)))/100)} -> -0.14 | BB16: {=$G$12+VLOOKUP($Q16,武学奇术!$A:$ZZ,12,FALSE)+SUM(_xlfn.XLOOKUP(R16:AH16,增益!$A:$A,增益!$L:$L,0))} -> 0 | BC16: =$D$13*(1+$AT16) -> 571.2 | BD16: =$E$13*(1+$AT16) -> 1077.4 | BE16: {=IF($F$13-$I$4+VLOOKUP($Q16,武学奇术!$A:$ZZ,13,FALSE)+SUM(_xlfn.XLOOKUP(R16:AH16,增益!$A:$A,增益!$M:$M,0))>0,($F$13-$I$4+VLOOKUP($Q16,武学奇术!$A:$ZZ,13,FALSE)+SUM(_xlfn.XLOOKUP(R16:AH16,增益!$A:$A,增益!$K:$K,0)))/200,($F$13-$I$4+VLOOKUP($Q16,武学奇术!$A:$ZZ,13,FALSE)+SUM(_xlfn.XLOOKUP(R16:AH16,增益!$A:$A,增益!$M:$M,0)))/100)} -> 0.08 | BF16: {=$G$13+VLOOKUP($Q16,武学奇术!$A:$ZZ,14,FALSE)+SUM(_xlfn.XLOOKUP(R16:AH16,增益!$A:$A,增益!$N:$N,0))} -> 0.25 | BG16: =$D$14*(1+$AT16) -> 0 | BH16: =$E$14*(1+$AT16) -> 0 | BI16: {=IF($F$14-$I$4+VLOOKUP($Q16,武学奇术!$A:$ZZ,15,FALSE)+SUM(_xlfn.XLOOKUP(R16:AH16,增益!$A:$A,增益!$O:$O,0))>0,($F$14-$I$4+VLOOKUP($Q16,武学奇术!$A:$ZZ,15,FALSE)+SUM(_xlfn.XLOOKUP(R16:AH16,增益!$A:$A,增益!$O:$O,0)))/200,($F$14-$I$4+VLOOKUP($Q16,武学奇术!$A:$ZZ,15,FALSE)+SUM(_xlfn.XLOOKUP(R16:AH16,增益!$A:$A,增益!$O:$O,0)))/100)} -> -0.14 | BJ16: {=$G$14+VLOOKUP($Q16,武学奇术!$A:$ZZ,16,FALSE)+SUM(_xlfn.XLOOKUP(R16:AH16,增益!$A:$A,增益!$P:$P,0))} -> 0 | BK16: =MIN(IF(VLOOKUP($Q16,武学奇术!$A:$ZZ,23,FALSE)=1,100%,$B$8),100%) -> 1 | BL16: {=IF(VLOOKUP($Q16,武学奇术!$A:$ZZ,23,FALSE)=1,100%,MIN(80%,$B$9+VLOOKUP($Q16,武学奇术!$A:$ZZ,17,FALSE)+SUM(_xlfn.XLOOKUP(R16:AH16,增益!$A:$A,增益!$Q:$Q,0)))+$B$11+SUM(_xlfn.XLOOKUP(R16:AH16,增益!$A:$A,增益!$U:$U,0)))*IF(VLOOKUP($Q16,武学奇术!$A:$ZZ,24,FALSE)=1,0,1)} -> 0.9045 | BM16: {=1+$B$13+VLOOKUP($Q16,武学奇术!$A:$ZZ,18,FALSE)+SUM(_xlfn.XLOOKUP(R16:AH16,增益!$A:$A,增益!$R:$R,0))} -> 2.15 | BN16: {=IF(VLOOKUP($Q16,武学奇术!$A:$ZZ,24,FALSE)=1,100%,MIN(40%,$B$10+VLOOKUP($Q16,武学奇术!$A:$ZZ,19,FALSE)+SUM(_xlfn.XLOOKUP(R16:AH16,增益!$A:$A,增益!$S:$S,0)))+$B$12+SUM(_xlfn.XLOOKUP(R16:AH16,增益!$A:$A,增益!$V:$V,0)))*IF(VLOOKUP($Q16,武学奇术!$A:$ZZ,23,FALSE)=1,0,1)} -> 0.0929 | BO16: {=1+$B$14+VLOOKUP($Q16,武学奇术!$A:$ZZ,20,FALSE)+SUM(_xlfn.XLOOKUP(R16:AH16,增益!$A:$A,增益!$T:$T,0))} -> 1.35 | BP16: =MIN((1-BN16)*BK16,BK16*BL16) -> 0.9045 | BQ16: =1-BN16-BP16-BR16 -> 0.0026 | BR16: =IF(VLOOKUP($Q16,武学奇术!$A:$ZZ,22,FALSE)=1,0,(1-$BK16))*(1-$BN16) -> 0 | BS16: {=SUM(_xlfn.XLOOKUP(R16:AH16,增益!$A:$A,增益!$W:$W,0))+$I$5} -> 0.11
A17: 伞增 | B17: 0.0852 | C17: 尘 | D17: √ | E17: 所恨年年 | F17: √ | K17: =($L17*$BP17+$M17*$BN17+$N17*$BQ17+$O17*$BR17) -> 49219.111 | L17: =((($AP17+$AQ17)/2*$AJ17+$AK17)*(1+$AR17)*(1+$AS17)+(($AU17+$AV17)/2*IF($G$1="鸣金",$AL17,$AJ17)+IF($G$1="鸣金",$AM17*1.5,0))*(1+$AW17)*(1+$AX17)+(($AY17+$AZ17)/2*IF($G$1="裂石",$AL17,$AJ17)+IF($G$1="裂石",$AM17*1.5,0))*(1+$BA17)*(1+$BB17)+(($BC17+$BD17)/2*IF($G$1="牵丝",$AL17,$AJ17)+IF($G$1="牵丝",$AM17*1.5,0))*(1+$BE17)*(1+$BF17)+(($BG17+$BH17)/2*IF($G$1="破竹",$AL17,$AJ17)+IF($G$1="破竹",$AM17*1.5,0))*(1+$BI17)*(1+$BJ17))*(1+$AN17)*$BM17*$P17*(1+IF(VLOOKUP($Q17,武学奇术!$A:$ZZ,30,FALSE)="弹道",$B$21,0))*(1+$BS17) -> 48166.108 | M17: =(($AQ17*$AJ17+$AK17)*(1+$AR17)*(1+$AS17)+($AV17*IF($G$1="鸣金",$AL17,$AJ17)+IF($G$1="鸣金",$AM17*1.5,0))*(1+$AW17)*(1+$AX17)+($AZ17*IF($G$1="裂石",$AL17,$AJ17)+IF($G$1="裂石",$AM17*1.5,0))*(1+$BA17)*(1+$BB17)+($BD17*IF($G$1="牵丝",$AL17,$AJ17)+IF($G$1="牵丝",$AM17*1.5,0))*(1+$BE17)*(1+$BF17)+($BH17*IF($G$1="破竹",$AL17,$AJ17)+IF($G$1="破竹",$AM17*1.5,0))*(1+$BI17)*(1+$BJ17))*(1+$AN17)*$BO17*$P17*(1+IF(VLOOKUP($Q17,武学奇术!$A:$ZZ,30,FALSE)="弹道",$B$21,0))*(1+$BS17) -> 59962.079 | N17: =((($AP17+$AQ17)/2*$AJ17+$AK17)*(1+$AR17)*(1+$AS17)+(($AU17+$AV17)/2*IF($G$1="鸣金",$AL17,$AJ17)+IF($G$1="鸣金",$AM17*1.5,0))*(1+$AW17)*(1+$AX17)+(($AY17+$AZ17)/2*IF($G$1="裂石",$AL17,$AJ17)+IF($G$1="裂石",$AM17*1.5,0))*(1+$BA17)*(1+$BB17)+(($BC17+$BD17)/2*IF($G$1="牵丝",$AL17,$AJ17)+IF($G$1="牵丝",$AM17*1.5,0))*(1+$BE17)*(1+$BF17)+(($BG17+$BH17)/2*IF($G$1="破竹",$AL17,$AJ17)+IF($G$1="破竹",$AM17*1.5,0))*(1+$BI17)*(1+$BJ17))*(1+$AN17)*$P17*(1+IF(VLOOKUP($Q17,武学奇术!$A:$ZZ,30,FALSE)="弹道",$B$21,0))*(1+$BS17) -> 31688.229 | O17: =((($AP17*$AJ17+$AK17)*(1+$AR17)*(1+$AS17)+($AU17*IF($G$1="鸣金",$AL17,$AJ17)+IF($G$1="鸣金",$AM17*1.5,0))*(1+$AW17)*(1+$AX17)+($AY17*IF($G$1="裂石",$AL17,$AJ17)+IF($G$1="裂石",$AM17*1.5,0))*(1+$BA17)*(1+$BB17)+($BC17*IF($G$1="牵丝",$AL17,$AJ17)+IF($G$1="牵丝",$AM17*1.5,0))*(1+$BE17)*(1+$BF17)+($BG17*IF($G$1="破竹",$AL17,$AJ17)+IF($G$1="破竹",$AM17*1.5,0))*(1+$BI17)*(1+$BJ17))*(1+$AN17))*$P17*(1+IF(VLOOKUP($Q17,武学奇术!$A:$ZZ,30,FALSE)="弹道",$B$21,0))*(1+$BS17) -> 18960.102 | P17: 1 | Q17: 扇左蓄 | R17: 易水歌3层 | S17: 沧海帖2层 | T17: N/a | U17: N/a | V17: N/a | W17: N/a | X17: N/a | Y17: N/a | Z17: N/a | AA17: N/a | AB17: 惧刃(拐) | AC17: N/a | AD17: N/a | AE17: N/a | AF17: N/a | AG17: N/a | AH17: 无惧 | AI17: =VLOOKUP($Q17,武学奇术!$A:$ZZ,25,FALSE) -> 扇 | AJ17: =VLOOKUP($Q17,武学奇术!$A:$ZZ,26,FALSE) -> 2.76138 | AK17: =VLOOKUP($Q17,武学奇术!$A:$ZZ,27,FALSE)*(1+IF(OR($AI17=$F$4,$AI17=$F$5),$B$22,0)) -> 1069.81 | AL17: =VLOOKUP($Q17,武学奇术!$A:$ZZ,28,FALSE) -> 4.14207 | AM17: =VLOOKUP($Q17,武学奇术!$A:$ZZ,29,FALSE)*(1+IF(OR($AI17=$F$4,$AI17=$F$5),$B$22,0)) -> 582.61 | AN17: {=$G$3+IFERROR(VLOOKUP($AI17,$F$4:$G$7,2,FALSE),0)+VLOOKUP($Q17,武学奇术!$A:$ZZ,2,FALSE)+SUM(_xlfn.XLOOKUP($R17:$AH17,增益!$A:$A,增益!$B:$B,0))} -> 0.2989 | AO17: {=VLOOKUP($Q17,武学奇术!$A:$ZZ,5,FALSE)+SUM(_xlfn.XLOOKUP($R17:$AH17,增益!$A:$A,增益!$E:$E,0))} -> 0 | AP17: {=$D$10*(1+$AO17)+VLOOKUP($Q17,武学奇术!$A:$ZZ,3,FALSE)+SUM(_xlfn.XLOOKUP($R17:$AH17,增益!$A:$A,增益!$C:$C,0))-$I$2} -> 1797.4 | AQ17: {=$E$10*(1+$AO17)+VLOOKUP($Q17,武学奇术!$A:$ZZ,4,FALSE)+SUM(_xlfn.XLOOKUP($R17:$AH17,增益!$A:$A,增益!$D:$D,0))-$I$2} -> 5488 | AR17: {=IF($F$10-$I$3+VLOOKUP($Q17,武学奇术!$A:$ZZ,6,FALSE)+SUM(_xlfn.XLOOKUP(R17:AH17,增益!$A:$A,增益!$F:$F,0))>0,($F$10-$I$3+VLOOKUP($Q17,武学奇术!$A:$ZZ,6,FALSE)+SUM(_xlfn.XLOOKUP(R17:AH17,增益!$A:$A,增益!$F:$F,0)))/200,($F$10-$I$3+VLOOKUP($Q17,武学奇术!$A:$ZZ,6,FALSE)+SUM(_xlfn.XLOOKUP(R17:AH17,增益!$A:$A,增益!$F:$F,0)))/100)} -> 0.3225 | AS17: {=$G$10+VLOOKUP($Q17,武学奇术!$A:$ZZ,7,FALSE)+SUM(_xlfn.XLOOKUP(R17:AH17,增益!$A:$A,增益!$G:$G,0))} -> 0.1 | AT17: {=VLOOKUP($Q17,武学奇术!$A:$ZZ,8,FALSE)+SUM(_xlfn.XLOOKUP(R17:AH17,增益!$A:$A,增益!$H:$H,0))} -> 0 | AU17: =$D$11*(1+$AT17) -> 0 | AV17: =$E$11*(1+$AT17) -> 0 | AW17: {=IF($F$11-$I$4+VLOOKUP($Q17,武学奇术!$A:$ZZ,9,FALSE)+SUM(_xlfn.XLOOKUP(R17:AH17,增益!$A:$A,增益!$I:$I,0))>0,($F$11-$I$4+VLOOKUP($Q17,武学奇术!$A:$ZZ,9,FALSE)+SUM(_xlfn.XLOOKUP(R17:AH17,增益!$A:$A,增益!$I:$I,0)))/200,($F$11-$I$4+VLOOKUP($Q17,武学奇术!$A:$ZZ,9,FALSE)+SUM(_xlfn.XLOOKUP(R17:AH17,增益!$A:$A,增益!$I:$I,0)))/100)} -> -0.14 | AX17: {=$G$11+VLOOKUP($Q17,武学奇术!$A:$ZZ,10,FALSE)+SUM(_xlfn.XLOOKUP(R17:AH17,增益!$A:$A,增益!$J:$J,0))} -> 0 | AY17: =$D$12*(1+$AT17) -> 0 | AZ17: =$E$12*(1+$AT17) -> 0 | BA17: {=IF($F$12-$I$4+VLOOKUP($Q17,武学奇术!$A:$ZZ,11,FALSE)+SUM(_xlfn.XLOOKUP(R17:AH17,增益!$A:$A,增益!$K:$K,0))>0,($F$12-$I$4+VLOOKUP($Q17,武学奇术!$A:$ZZ,11,FALSE)+SUM(_xlfn.XLOOKUP(R17:AH17,增益!$A:$A,增益!$K:$K,0)))/200,($F$12-$I$4+VLOOKUP($Q17,武学奇术!$A:$ZZ,11,FALSE)+SUM(_xlfn.XLOOKUP(R17:AH17,增益!$A:$A,增益!$K:$K,0)))/100)} -> -0.14 | BB17: {=$G$12+VLOOKUP($Q17,武学奇术!$A:$ZZ,12,FALSE)+SUM(_xlfn.XLOOKUP(R17:AH17,增益!$A:$A,增益!$L:$L,0))} -> 0 | BC17: =$D$13*(1+$AT17) -> 571.2 | BD17: =$E$13*(1+$AT17) -> 1077.4 | BE17: {=IF($F$13-$I$4+VLOOKUP($Q17,武学奇术!$A:$ZZ,13,FALSE)+SUM(_xlfn.XLOOKUP(R17:AH17,增益!$A:$A,增益!$M:$M,0))>0,($F$13-$I$4+VLOOKUP($Q17,武学奇术!$A:$ZZ,13,FALSE)+SUM(_xlfn.XLOOKUP(R17:AH17,增益!$A:$A,增益!$K:$K,0)))/200,($F$13-$I$4+VLOOKUP($Q17,武学奇术!$A:$ZZ,13,FALSE)+SUM(_xlfn.XLOOKUP(R17:AH17,增益!$A:$A,增益!$M:$M,0)))/100)} -> 0.08 | BF17: {=$G$13+VLOOKUP($Q17,武学奇术!$A:$ZZ,14,FALSE)+SUM(_xlfn.XLOOKUP(R17:AH17,增益!$A:$A,增益!$N:$N,0))} -> 0.25 | BG17: =$D$14*(1+$AT17) -> 0 | BH17: =$E$14*(1+$AT17) -> 0 | BI17: {=IF($F$14-$I$4+VLOOKUP($Q17,武学奇术!$A:$ZZ,15,FALSE)+SUM(_xlfn.XLOOKUP(R17:AH17,增益!$A:$A,增益!$O:$O,0))>0,($F$14-$I$4+VLOOKUP($Q17,武学奇术!$A:$ZZ,15,FALSE)+SUM(_xlfn.XLOOKUP(R17:AH17,增益!$A:$A,增益!$O:$O,0)))/200,($F$14-$I$4+VLOOKUP($Q17,武学奇术!$A:$ZZ,15,FALSE)+SUM(_xlfn.XLOOKUP(R17:AH17,增益!$A:$A,增益!$O:$O,0)))/100)} -> -0.14 | BJ17: {=$G$14+VLOOKUP($Q17,武学奇术!$A:$ZZ,16,FALSE)+SUM(_xlfn.XLOOKUP(R17:AH17,增益!$A:$A,增益!$P:$P,0))} -> 0 | BK17: =MIN(IF(VLOOKUP($Q17,武学奇术!$A:$ZZ,23,FALSE)=1,100%,$B$8),100%) -> 1 | BL17: {=IF(VLOOKUP($Q17,武学奇术!$A:$ZZ,23,FALSE)=1,100%,MIN(80%,$B$9+VLOOKUP($Q17,武学奇术!$A:$ZZ,17,FALSE)+SUM(_xlfn.XLOOKUP(R17:AH17,增益!$A:$A,增益!$Q:$Q,0)))+$B$11+SUM(_xlfn.XLOOKUP(R17:AH17,增益!$A:$A,增益!$U:$U,0)))*IF(VLOOKUP($Q17,武学奇术!$A:$ZZ,24,FALSE)=1,0,1)} -> 0.9045 | BM17: {=1+$B$13+VLOOKUP($Q17,武学奇术!$A:$ZZ,18,FALSE)+SUM(_xlfn.XLOOKUP(R17:AH17,增益!$A:$A,增益!$R:$R,0))} -> 1.52 | BN17: {=IF(VLOOKUP($Q17,武学奇术!$A:$ZZ,24,FALSE)=1,100%,MIN(40%,$B$10+VLOOKUP($Q17,武学奇术!$A:$ZZ,19,FALSE)+SUM(_xlfn.XLOOKUP(R17:AH17,增益!$A:$A,增益!$S:$S,0)))+$B$12+SUM(_xlfn.XLOOKUP(R17:AH17,增益!$A:$A,增益!$V:$V,0)))*IF(VLOOKUP($Q17,武学奇术!$A:$ZZ,23,FALSE)=1,0,1)} -> 0.0929 | BO17: {=1+$B$14+VLOOKUP($Q17,武学奇术!$A:$ZZ,20,FALSE)+SUM(_xlfn.XLOOKUP(R17:AH17,增益!$A:$A,增益!$T:$T,0))} -> 1.35 | BP17: =MIN((1-BN17)*BK17,BK17*BL17) -> 0.9045 | BQ17: =1-BN17-BP17-BR17 -> 0.0026 | BR17: =IF(VLOOKUP($Q17,武学奇术!$A:$ZZ,22,FALSE)=1,0,(1-$BK17))*(1-$BN17) -> 0 | BS17: {=SUM(_xlfn.XLOOKUP(R17:AH17,增益!$A:$A,增益!$W:$W,0))+$I$5} -> 0.11
A18: 扇增 | B18: 0 | C18: 虹 | D18: √ | K18: =($L18*$BP18+$M18*$BN18+$N18*$BQ18+$O18*$BR18) -> 175947.44 | L18: =((($AP18+$AQ18)/2*$AJ18+$AK18)*(1+$AR18)*(1+$AS18)+(($AU18+$AV18)/2*IF($G$1="鸣金",$AL18,$AJ18)+IF($G$1="鸣金",$AM18*1.5,0))*(1+$AW18)*(1+$AX18)+(($AY18+$AZ18)/2*IF($G$1="裂石",$AL18,$AJ18)+IF($G$1="裂石",$AM18*1.5,0))*(1+$BA18)*(1+$BB18)+(($BC18+$BD18)/2*IF($G$1="牵丝",$AL18,$AJ18)+IF($G$1="牵丝",$AM18*1.5,0))*(1+$BE18)*(1+$BF18)+(($BG18+$BH18)/2*IF($G$1="破竹",$AL18,$AJ18)+IF($G$1="破竹",$AM18*1.5,0))*(1+$BI18)*(1+$BJ18))*(1+$AN18)*$BM18*$P18*(1+IF(VLOOKUP($Q18,武学奇术!$A:$ZZ,30,FALSE)="弹道",$B$21,0))*(1+$BS18) -> 174603.34 | M18: =(($AQ18*$AJ18+$AK18)*(1+$AR18)*(1+$AS18)+($AV18*IF($G$1="鸣金",$AL18,$AJ18)+IF($G$1="鸣金",$AM18*1.5,0))*(1+$AW18)*(1+$AX18)+($AZ18*IF($G$1="裂石",$AL18,$AJ18)+IF($G$1="裂石",$AM18*1.5,0))*(1+$BA18)*(1+$BB18)+($BD18*IF($G$1="牵丝",$AL18,$AJ18)+IF($G$1="牵丝",$AM18*1.5,0))*(1+$BE18)*(1+$BF18)+($BH18*IF($G$1="破竹",$AL18,$AJ18)+IF($G$1="破竹",$AM18*1.5,0))*(1+$BI18)*(1+$BJ18))*(1+$AN18)*$BO18*$P18*(1+IF(VLOOKUP($Q18,武学奇术!$A:$ZZ,30,FALSE)="弹道",$B$21,0))*(1+$BS18) -> 191212.91 | N18: =((($AP18+$AQ18)/2*$AJ18+$AK18)*(1+$AR18)*(1+$AS18)+(($AU18+$AV18)/2*IF($G$1="鸣金",$AL18,$AJ18)+IF($G$1="鸣金",$AM18*1.5,0))*(1+$AW18)*(1+$AX18)+(($AY18+$AZ18)/2*IF($G$1="裂石",$AL18,$AJ18)+IF($G$1="裂石",$AM18*1.5,0))*(1+$BA18)*(1+$BB18)+(($BC18+$BD18)/2*IF($G$1="牵丝",$AL18,$AJ18)+IF($G$1="牵丝",$AM18*1.5,0))*(1+$BE18)*(1+$BF18)+(($BG18+$BH18)/2*IF($G$1="破竹",$AL18,$AJ18)+IF($G$1="破竹",$AM18*1.5,0))*(1+$BI18)*(1+$BJ18))*(1+$AN18)*$P18*(1+IF(VLOOKUP($Q18,武学奇术!$A:$ZZ,30,FALSE)="弹道",$B$21,0))*(1+$BS18) -> 98091.763 | O18: =((($AP18*$AJ18+$AK18)*(1+$AR18)*(1+$AS18)+($AU18*IF($G$1="鸣金",$AL18,$AJ18)+IF($G$1="鸣金",$AM18*1.5,0))*(1+$AW18)*(1+$AX18)+($AY18*IF($G$1="裂石",$AL18,$AJ18)+IF($G$1="裂石",$AM18*1.5,0))*(1+$BA18)*(1+$BB18)+($BC18*IF($G$1="牵丝",$AL18,$AJ18)+IF($G$1="牵丝",$AM18*1.5,0))*(1+$BE18)*(1+$BF18)+($BG18*IF($G$1="破竹",$AL18,$AJ18)+IF($G$1="破竹",$AM18*1.5,0))*(1+$BI18)*(1+$BJ18))*(1+$AN18))*$P18*(1+IF(VLOOKUP($Q18,武学奇术!$A:$ZZ,30,FALSE)="弹道",$B$21,0))*(1+$BS18) -> 54544.336 | P18: 1 | Q18: 骑龙回马 | R18: 易水歌4层 | S18: 沧海帖3层 | T18: N/a | U18: 小纵地 | V18: N/a | W18: N/a | X18: N/a | Y18: 断石5额外 | Z18: 阴阳 | AA18: N/a | AB18: 惧刃(拐) | AC18: N/a | AD18: N/a | AE18: N/a | AF18: N/a | AG18: N/a | AH18: 无惧 | AI18: =VLOOKUP($Q18,武学奇术!$A:$ZZ,25,FALSE) -> 单体奇术 | AJ18: =VLOOKUP($Q18,武学奇术!$A:$ZZ,26,FALSE) -> 7.1074 | AK18: =VLOOKUP($Q18,武学奇术!$A:$ZZ,27,FALSE)*(1+IF(OR($AI18=$F$4,$AI18=$F$5),$B$22,0)) -> 1320 | AL18: =VLOOKUP($Q18,武学奇术!$A:$ZZ,28,FALSE) -> 10.6596 | AM18: =VLOOKUP($Q18,武学奇术!$A:$ZZ,29,FALSE)*(1+IF(OR($AI18=$F$4,$AI18=$F$5),$B$22,0)) -> 0 | AN18: {=$G$3+IFERROR(VLOOKUP($AI18,$F$4:$G$7,2,FALSE),0)+VLOOKUP($Q18,武学奇术!$A:$ZZ,2,FALSE)+SUM(_xlfn.XLOOKUP($R18:$AH18,增益!$A:$A,增益!$B:$B,0))} -> 0.6415 | AO18: {=VLOOKUP($Q18,武学奇术!$A:$ZZ,5,FALSE)+SUM(_xlfn.XLOOKUP($R18:$AH18,增益!$A:$A,增益!$E:$E,0))} -> 0.075 | AP18: {=$D$10*(1+$AO18)+VLOOKUP($Q18,武学奇术!$A:$ZZ,3,FALSE)+SUM(_xlfn.XLOOKUP($R18:$AH18,增益!$A:$A,增益!$C:$C,0))-$I$2} -> 1974.055 | AQ18: {=$E$10*(1+$AO18)+VLOOKUP($Q18,武学奇术!$A:$ZZ,4,FALSE)+SUM(_xlfn.XLOOKUP($R18:$AH18,增益!$A:$A,增益!$D:$D,0))-$I$2} -> 5941.45 | AR18: {=IF($F$10-$I$3+VLOOKUP($Q18,武学奇术!$A:$ZZ,6,FALSE)+SUM(_xlfn.XLOOKUP(R18:AH18,增益!$A:$A,增益!$F:$F,0))>0,($F$10-$I$3+VLOOKUP($Q18,武学奇术!$A:$ZZ,6,FALSE)+SUM(_xlfn.XLOOKUP(R18:AH18,增益!$A:$A,增益!$F:$F,0)))/200,($F$10-$I$3+VLOOKUP($Q18,武学奇术!$A:$ZZ,6,FALSE)+SUM(_xlfn.XLOOKUP(R18:AH18,增益!$A:$A,增益!$F:$F,0)))/100)} -> 0.4575 | AS18: {=$G$10+VLOOKUP($Q18,武学奇术!$A:$ZZ,7,FALSE)+SUM(_xlfn.XLOOKUP(R18:AH18,增益!$A:$A,增益!$G:$G,0))} -> 0 | AT18: {=VLOOKUP($Q18,武学奇术!$A:$ZZ,8,FALSE)+SUM(_xlfn.XLOOKUP(R18:AH18,增益!$A:$A,增益!$H:$H,0))} -> 0 | AU18: =$D$11*(1+$AT18) -> 0 | AV18: =$E$11*(1+$AT18) -> 0 | AW18: {=IF($F$11-$I$4+VLOOKUP($Q18,武学奇术!$A:$ZZ,9,FALSE)+SUM(_xlfn.XLOOKUP(R18:AH18,增益!$A:$A,增益!$I:$I,0))>0,($F$11-$I$4+VLOOKUP($Q18,武学奇术!$A:$ZZ,9,FALSE)+SUM(_xlfn.XLOOKUP(R18:AH18,增益!$A:$A,增益!$I:$I,0)))/200,($F$11-$I$4+VLOOKUP($Q18,武学奇术!$A:$ZZ,9,FALSE)+SUM(_xlfn.XLOOKUP(R18:AH18,增益!$A:$A,增益!$I:$I,0)))/100)} -> -0.14 | AX18: {=$G$11+VLOOKUP($Q18,武学奇术!$A:$ZZ,10,FALSE)+SUM(_xlfn.XLOOKUP(R18:AH18,增益!$A:$A,增益!$J:$J,0))} -> 0 | AY18: =$D$12*(1+$AT18) -> 0 | AZ18: =$E$12*(1+$AT18) -> 0 | BA18: {=IF($F$12-$I$4+VLOOKUP($Q18,武学奇术!$A:$ZZ,11,FALSE)+SUM(_xlfn.XLOOKUP(R18:AH18,增益!$A:$A,增益!$K:$K,0))>0,($F$12-$I$4+VLOOKUP($Q18,武学奇术!$A:$ZZ,11,FALSE)+SUM(_xlfn.XLOOKUP(R18:AH18,增益!$A:$A,增益!$K:$K,0)))/200,($F$12-$I$4+VLOOKUP($Q18,武学奇术!$A:$ZZ,11,FALSE)+SUM(_xlfn.XLOOKUP(R18:AH18,增益!$A:$A,增益!$K:$K,0)))/100)} -> -0.14 | BB18: {=$G$12+VLOOKUP($Q18,武学奇术!$A:$ZZ,12,FALSE)+SUM(_xlfn.XLOOKUP(R18:AH18,增益!$A:$A,增益!$L:$L,0))} -> 0 | BC18: =$D$13*(1+$AT18) -> 571.2 | BD18: =$E$13*(1+$AT18) -> 1077.4 | BE18: {=IF($F$13-$I$4+VLOOKUP($Q18,武学奇术!$A:$ZZ,13,FALSE)+SUM(_xlfn.XLOOKUP(R18:AH18,增益!$A:$A,增益!$M:$M,0))>0,($F$13-$I$4+VLOOKUP($Q18,武学奇术!$A:$ZZ,13,FALSE)+SUM(_xlfn.XLOOKUP(R18:AH18,增益!$A:$A,增益!$K:$K,0)))/200,($F$13-$I$4+VLOOKUP($Q18,武学奇术!$A:$ZZ,13,FALSE)+SUM(_xlfn.XLOOKUP(R18:AH18,增益!$A:$A,增益!$M:$M,0)))/100)} -> 0.08 | BF18: {=$G$13+VLOOKUP($Q18,武学奇术!$A:$ZZ,14,FALSE)+SUM(_xlfn.XLOOKUP(R18:AH18,增益!$A:$A,增益!$N:$N,0))} -> 0.15 | BG18: =$D$14*(1+$AT18) -> 0 | BH18: =$E$14*(1+$AT18) -> 0 | BI18: {=IF($F$14-$I$4+VLOOKUP($Q18,武学奇术!$A:$ZZ,15,FALSE)+SUM(_xlfn.XLOOKUP(R18:AH18,增益!$A:$A,增益!$O:$O,0))>0,($F$14-$I$4+VLOOKUP($Q18,武学奇术!$A:$ZZ,15,FALSE)+SUM(_xlfn.XLOOKUP(R18:AH18,增益!$A:$A,增益!$O:$O,0)))/200,($F$14-$I$4+VLOOKUP($Q18,武学奇术!$A:$ZZ,15,FALSE)+SUM(_xlfn.XLOOKUP(R18:AH18,增益!$A:$A,增益!$O:$O,0)))/100)} -> -0.14 | BJ18: {=$G$14+VLOOKUP($Q18,武学奇术!$A:$ZZ,16,FALSE)+SUM(_xlfn.XLOOKUP(R18:AH18,增益!$A:$A,增益!$P:$P,0))} -> 0 | BK18: =MIN(IF(VLOOKUP($Q18,武学奇术!$A:$ZZ,23,FALSE)=1,100%,$B$8),100%) -> 1 | BL18: {=IF(VLOOKUP($Q18,武学奇术!$A:$ZZ,23,FALSE)=1,100%,MIN(80%,$B$9+VLOOKUP($Q18,武学奇术!$A:$ZZ,17,FALSE)+SUM(_xlfn.XLOOKUP(R18:AH18,增益!$A:$A,增益!$Q:$Q,0)))+$B$11+SUM(_xlfn.XLOOKUP(R18:AH18,增益!$A:$A,增益!$U:$U,0)))*IF(VLOOKUP($Q18,武学奇术!$A:$ZZ,24,FALSE)=1,0,1)} -> 0.9045 | BM18: {=1+$B$13+VLOOKUP($Q18,武学奇术!$A:$ZZ,18,FALSE)+SUM(_xlfn.XLOOKUP(R18:AH18,增益!$A:$A,增益!$R:$R,0))} -> 1.78 | BN18: {=IF(VLOOKUP($Q18,武学奇术!$A:$ZZ,24,FALSE)=1,100%,MIN(40%,$B$10+VLOOKUP($Q18,武学奇术!$A:$ZZ,19,FALSE)+SUM(_xlfn.XLOOKUP(R18:AH18,增益!$A:$A,增益!$S:$S,0)))+$B$12+SUM(_xlfn.XLOOKUP(R18:AH18,增益!$A:$A,增益!$V:$V,0)))*IF(VLOOKUP($Q18,武学奇术!$A:$ZZ,23,FALSE)=1,0,1)} -> 0.0929 | BO18: {=1+$B$14+VLOOKUP($Q18,武学奇术!$A:$ZZ,20,FALSE)+SUM(_xlfn.XLOOKUP(R18:AH18,增益!$A:$A,增益!$T:$T,0))} -> 1.35 | BP18: =MIN((1-BN18)*BK18,BK18*BL18) -> 0.9045 | BQ18: =1-BN18-BP18-BR18 -> 0.0026 | BR18: =IF(VLOOKUP($Q18,武学奇术!$A:$ZZ,22,FALSE)=1,0,(1-$BK18))*(1-$BN18) -> 0 | BS18: {=SUM(_xlfn.XLOOKUP(R18:AH18,增益!$A:$A,增益!$W:$W,0))+$I$5} -> 0.11
A19: 单体奇术增 | B19: 0.2678 | C19: 钧 | D19: √ | K19: =($L19*$BP19+$M19*$BN19+$N19*$BQ19+$O19*$BR19) -> 92387.119 | L19: =((($AP19+$AQ19)/2*$AJ19+$AK19)*(1+$AR19)*(1+$AS19)+(($AU19+$AV19)/2*IF($G$1="鸣金",$AL19,$AJ19)+IF($G$1="鸣金",$AM19*1.5,0))*(1+$AW19)*(1+$AX19)+(($AY19+$AZ19)/2*IF($G$1="裂石",$AL19,$AJ19)+IF($G$1="裂石",$AM19*1.5,0))*(1+$BA19)*(1+$BB19)+(($BC19+$BD19)/2*IF($G$1="牵丝",$AL19,$AJ19)+IF($G$1="牵丝",$AM19*1.5,0))*(1+$BE19)*(1+$BF19)+(($BG19+$BH19)/2*IF($G$1="破竹",$AL19,$AJ19)+IF($G$1="破竹",$AM19*1.5,0))*(1+$BI19)*(1+$BJ19))*(1+$AN19)*$BM19*$P19*(1+IF(VLOOKUP($Q19,武学奇术!$A:$ZZ,30,FALSE)="弹道",$B$21,0))*(1+$BS19) -> 91915.737 | M19: =(($AQ19*$AJ19+$AK19)*(1+$AR19)*(1+$AS19)+($AV19*IF($G$1="鸣金",$AL19,$AJ19)+IF($G$1="鸣金",$AM19*1.5,0))*(1+$AW19)*(1+$AX19)+($AZ19*IF($G$1="裂石",$AL19,$AJ19)+IF($G$1="裂石",$AM19*1.5,0))*(1+$BA19)*(1+$BB19)+($BD19*IF($G$1="牵丝",$AL19,$AJ19)+IF($G$1="牵丝",$AM19*1.5,0))*(1+$BE19)*(1+$BF19)+($BH19*IF($G$1="破竹",$AL19,$AJ19)+IF($G$1="破竹",$AM19*1.5,0))*(1+$BI19)*(1+$BJ19))*(1+$AN19)*$BO19*$P19*(1+IF(VLOOKUP($Q19,武学奇术!$A:$ZZ,30,FALSE)="弹道",$B$21,0))*(1+$BS19) -> 98117.066 | N19: =((($AP19+$AQ19)/2*$AJ19+$AK19)*(1+$AR19)*(1+$AS19)+(($AU19+$AV19)/2*IF($G$1="鸣金",$AL19,$AJ19)+IF($G$1="鸣金",$AM19*1.5,0))*(1+$AW19)*(1+$AX19)+(($AY19+$AZ19)/2*IF($G$1="裂石",$AL19,$AJ19)+IF($G$1="裂石",$AM19*1.5,0))*(1+$BA19)*(1+$BB19)+(($BC19+$BD19)/2*IF($G$1="牵丝",$AL19,$AJ19)+IF($G$1="牵丝",$AM19*1.5,0))*(1+$BE19)*(1+$BF19)+(($BG19+$BH19)/2*IF($G$1="破竹",$AL19,$AJ19)+IF($G$1="破竹",$AM19*1.5,0))*(1+$BI19)*(1+$BJ19))*(1+$AN19)*$P19*(1+IF(VLOOKUP($Q19,武学奇术!$A:$ZZ,30,FALSE)="弹道",$B$21,0))*(1+$BS19) -> 51638.055 | O19: =((($AP19*$AJ19+$AK19)*(1+$AR19)*(1+$AS19)+($AU19*IF($G$1="鸣金",$AL19,$AJ19)+IF($G$1="鸣金",$AM19*1.5,0))*(1+$AW19)*(1+$AX19)+($AY19*IF($G$1="裂石",$AL19,$AJ19)+IF($G$1="裂石",$AM19*1.5,0))*(1+$BA19)*(1+$BB19)+($BC19*IF($G$1="牵丝",$AL19,$AJ19)+IF($G$1="牵丝",$AM19*1.5,0))*(1+$BE19)*(1+$BF19)+($BG19*IF($G$1="破竹",$AL19,$AJ19)+IF($G$1="破竹",$AM19*1.5,0))*(1+$BI19)*(1+$BJ19))*(1+$AN19))*$P19*(1+IF(VLOOKUP($Q19,武学奇术!$A:$ZZ,30,FALSE)="弹道",$B$21,0))*(1+$BS19) -> 30596.801 | P19: 1 | Q19: 扇左蓄 | R19: 易水歌4层 | S19: 沧海帖3层 | T19: N/a | U19: 小纵地 | V19: 风墙(弹道) | W19: N/a | X19: N/a | Y19: 断石5额外 | Z19: 阴阳 | AA19: N/a | AB19: 惧刃(拐) | AC19: N/a | AD19: N/a | AE19: N/a | AF19: N/a | AG19: N/a | AH19: 无惧 | AI19: =VLOOKUP($Q19,武学奇术!$A:$ZZ,25,FALSE) -> 扇 | AJ19: =VLOOKUP($Q19,武学奇术!$A:$ZZ,26,FALSE) -> 2.76138 | AK19: =VLOOKUP($Q19,武学奇术!$A:$ZZ,27,FALSE)*(1+IF(OR($AI19=$F$4,$AI19=$F$5),$B$22,0)) -> 1069.81 | AL19: =VLOOKUP($Q19,武学奇术!$A:$ZZ,28,FALSE) -> 4.14207 | AM19: =VLOOKUP($Q19,武学奇术!$A:$ZZ,29,FALSE)*(1+IF(OR($AI19=$F$4,$AI19=$F$5),$B$22,0)) -> 582.61 | AN19: {=$G$3+IFERROR(VLOOKUP($AI19,$F$4:$G$7,2,FALSE),0)+VLOOKUP($Q19,武学奇术!$A:$ZZ,2,FALSE)+SUM(_xlfn.XLOOKUP($R19:$AH19,增益!$A:$A,增益!$B:$B,0))} -> 0.8589 | AO19: {=VLOOKUP($Q19,武学奇术!$A:$ZZ,5,FALSE)+SUM(_xlfn.XLOOKUP($R19:$AH19,增益!$A:$A,增益!$E:$E,0))} -> 0.075 | AP19: {=$D$10*(1+$AO19)+VLOOKUP($Q19,武学奇术!$A:$ZZ,3,FALSE)+SUM(_xlfn.XLOOKUP($R19:$AH19,增益!$A:$A,增益!$C:$C,0))-$I$2} -> 1974.055 | AQ19: {=$E$10*(1+$AO19)+VLOOKUP($Q19,武学奇术!$A:$ZZ,4,FALSE)+SUM(_xlfn.XLOOKUP($R19:$AH19,增益!$A:$A,增益!$D:$D,0))-$I$2} -> 5941.45 | AR19: {=IF($F$10-$I$3+VLOOKUP($Q19,武学奇术!$A:$ZZ,6,FALSE)+SUM(_xlfn.XLOOKUP(R19:AH19,增益!$A:$A,增益!$F:$F,0))>0,($F$10-$I$3+VLOOKUP($Q19,武学奇术!$A:$ZZ,6,FALSE)+SUM(_xlfn.XLOOKUP(R19:AH19,增益!$A:$A,增益!$F:$F,0)))/200,($F$10-$I$3+VLOOKUP($Q19,武学奇术!$A:$ZZ,6,FALSE)+SUM(_xlfn.XLOOKUP(R19:AH19,增益!$A:$A,增益!$F:$F,0)))/100)} -> 0.4575 | AS19: {=$G$10+VLOOKUP($Q19,武学奇术!$A:$ZZ,7,FALSE)+SUM(_xlfn.XLOOKUP(R19:AH19,增益!$A:$A,增益!$G:$G,0))} -> 0.1 | AT19: {=VLOOKUP($Q19,武学奇术!$A:$ZZ,8,FALSE)+SUM(_xlfn.XLOOKUP(R19:AH19,增益!$A:$A,增益!$H:$H,0))} -> 0 | AU19: =$D$11*(1+$AT19) -> 0 | AV19: =$E$11*(1+$AT19) -> 0 | AW19: {=IF($F$11-$I$4+VLOOKUP($Q19,武学奇术!$A:$ZZ,9,FALSE)+SUM(_xlfn.XLOOKUP(R19:AH19,增益!$A:$A,增益!$I:$I,0))>0,($F$11-$I$4+VLOOKUP($Q19,武学奇术!$A:$ZZ,9,FALSE)+SUM(_xlfn.XLOOKUP(R19:AH19,增益!$A:$A,增益!$I:$I,0)))/200,($F$11-$I$4+VLOOKUP($Q19,武学奇术!$A:$ZZ,9,FALSE)+SUM(_xlfn.XLOOKUP(R19:AH19,增益!$A:$A,增益!$I:$I,0)))/100)} -> -0.14 | AX19: {=$G$11+VLOOKUP($Q19,武学奇术!$A:$ZZ,10,FALSE)+SUM(_xlfn.XLOOKUP(R19:AH19,增益!$A:$A,增益!$J:$J,0))} -> 0 | AY19: =$D$12*(1+$AT19) -> 0 | AZ19: =$E$12*(1+$AT19) -> 0 | BA19: {=IF($F$12-$I$4+VLOOKUP($Q19,武学奇术!$A:$ZZ,11,FALSE)+SUM(_xlfn.XLOOKUP(R19:AH19,增益!$A:$A,增益!$K:$K,0))>0,($F$12-$I$4+VLOOKUP($Q19,武学奇术!$A:$ZZ,11,FALSE)+SUM(_xlfn.XLOOKUP(R19:AH19,增益!$A:$A,增益!$K:$K,0)))/200,($F$12-$I$4+VLOOKUP($Q19,武学奇术!$A:$ZZ,11,FALSE)+SUM(_xlfn.XLOOKUP(R19:AH19,增益!$A:$A,增益!$K:$K,0)))/100)} -> -0.14 | BB19: {=$G$12+VLOOKUP($Q19,武学奇术!$A:$ZZ,12,FALSE)+SUM(_xlfn.XLOOKUP(R19:AH19,增益!$A:$A,增益!$L:$L,0))} -> 0 | BC19: =$D$13*(1+$AT19) -> 571.2 | BD19: =$E$13*(1+$AT19) -> 1077.4 | BE19: {=IF($F$13-$I$4+VLOOKUP($Q19,武学奇术!$A:$ZZ,13,FALSE)+SUM(_xlfn.XLOOKUP(R19:AH19,增益!$A:$A,增益!$M:$M,0))>0,($F$13-$I$4+VLOOKUP($Q19,武学奇术!$A:$ZZ,13,FALSE)+SUM(_xlfn.XLOOKUP(R19:AH19,增益!$A:$A,增益!$K:$K,0)))/200,($F$13-$I$4+VLOOKUP($Q19,武学奇术!$A:$ZZ,13,FALSE)+SUM(_xlfn.XLOOKUP(R19:AH19,增益!$A:$A,增益!$M:$M,0)))/100)} -> 0.08 | BF19: {=$G$13+VLOOKUP($Q19,武学奇术!$A:$ZZ,14,FALSE)+SUM(_xlfn.XLOOKUP(R19:AH19,增益!$A:$A,增益!$N:$N,0))} -> 0.25 | BG19: =$D$14*(1+$AT19) -> 0 | BH19: =$E$14*(1+$AT19) -> 0 | BI19: {=IF($F$14-$I$4+VLOOKUP($Q19,武学奇术!$A:$ZZ,15,FALSE)+SUM(_xlfn.XLOOKUP(R19:AH19,增益!$A:$A,增益!$O:$O,0))>0,($F$14-$I$4+VLOOKUP($Q19,武学奇术!$A:$ZZ,15,FALSE)+SUM(_xlfn.XLOOKUP(R19:AH19,增益!$A:$A,增益!$O:$O,0)))/200,($F$14-$I$4+VLOOKUP($Q19,武学奇术!$A:$ZZ,15,FALSE)+SUM(_xlfn.XLOOKUP(R19:AH19,增益!$A:$A,增益!$O:$O,0)))/100)} -> -0.14 | BJ19: {=$G$14+VLOOKUP($Q19,武学奇术!$A:$ZZ,16,FALSE)+SUM(_xlfn.XLOOKUP(R19:AH19,增益!$A:$A,增益!$P:$P,0))} -> 0 | BK19: =MIN(IF(VLOOKUP($Q19,武学奇术!$A:$ZZ,23,FALSE)=1,100%,$B$8),100%) -> 1 | BL19: {=IF(VLOOKUP($Q19,武学奇术!$A:$ZZ,23,FALSE)=1,100%,MIN(80%,$B$9+VLOOKUP($Q19,武学奇术!$A:$ZZ,17,FALSE)+SUM(_xlfn.XLOOKUP(R19:AH19,增益!$A:$A,增益!$Q:$Q,0)))+$B$11+SUM(_xlfn.XLOOKUP(R19:AH19,增益!$A:$A,增益!$U:$U,0)))*IF(VLOOKUP($Q19,武学奇术!$A:$ZZ,24,FALSE)=1,0,1)} -> 0.9045 | BM19: {=1+$B$13+VLOOKUP($Q19,武学奇术!$A:$ZZ,18,FALSE)+SUM(_xlfn.XLOOKUP(R19:AH19,增益!$A:$A,增益!$R:$R,0))} -> 1.78 | BN19: {=IF(VLOOKUP($Q19,武学奇术!$A:$ZZ,24,FALSE)=1,100%,MIN(40%,$B$10+VLOOKUP($Q19,武学奇术!$A:$ZZ,19,FALSE)+SUM(_xlfn.XLOOKUP(R19:AH19,增益!$A:$A,增益!$S:$S,0)))+$B$12+SUM(_xlfn.XLOOKUP(R19:AH19,增益!$A:$A,增益!$V:$V,0)))*IF(VLOOKUP($Q19,武学奇术!$A:$ZZ,23,FALSE)=1,0,1)} -> 0.0929 | BO19: {=1+$B$14+VLOOKUP($Q19,武学奇术!$A:$ZZ,20,FALSE)+SUM(_xlfn.XLOOKUP(R19:AH19,增益!$A:$A,增益!$T:$T,0))} -> 1.35 | BP19: =MIN((1-BN19)*BK19,BK19*BL19) -> 0.9045 | BQ19: =1-BN19-BP19-BR19 -> 0.0026 | BR19: =IF(VLOOKUP($Q19,武学奇术!$A:$ZZ,22,FALSE)=1,0,(1-$BK19))*(1-$BN19) -> 0 | BS19: {=SUM(_xlfn.XLOOKUP(R19:AH19,增益!$A:$A,增益!$W:$W,0))+$I$5} -> 0.11
A20: 群体奇术增 | B20: 0 | C20: 影 | D20: √ | K20: =($L20*$BP20+$M20*$BN20+$N20*$BQ20+$O20*$BR20) -> 112228.5 | L20: =((($AP20+$AQ20)/2*$AJ20+$AK20)*(1+$AR20)*(1+$AS20)+(($AU20+$AV20)/2*IF($G$1="鸣金",$AL20,$AJ20)+IF($G$1="鸣金",$AM20*1.5,0))*(1+$AW20)*(1+$AX20)+(($AY20+$AZ20)/2*IF($G$1="裂石",$AL20,$AJ20)+IF($G$1="裂石",$AM20*1.5,0))*(1+$BA20)*(1+$BB20)+(($BC20+$BD20)/2*IF($G$1="牵丝",$AL20,$AJ20)+IF($G$1="牵丝",$AM20*1.5,0))*(1+$BE20)*(1+$BF20)+(($BG20+$BH20)/2*IF($G$1="破竹",$AL20,$AJ20)+IF($G$1="破竹",$AM20*1.5,0))*(1+$BI20)*(1+$BJ20))*(1+$AN20)*$BM20*$P20*(1+IF(VLOOKUP($Q20,武学奇术!$A:$ZZ,30,FALSE)="弹道",$B$21,0))*(1+$BS20) -> 113607.67 | M20: =(($AQ20*$AJ20+$AK20)*(1+$AR20)*(1+$AS20)+($AV20*IF($G$1="鸣金",$AL20,$AJ20)+IF($G$1="鸣金",$AM20*1.5,0))*(1+$AW20)*(1+$AX20)+($AZ20*IF($G$1="裂石",$AL20,$AJ20)+IF($G$1="裂石",$AM20*1.5,0))*(1+$BA20)*(1+$BB20)+($BD20*IF($G$1="牵丝",$AL20,$AJ20)+IF($G$1="牵丝",$AM20*1.5,0))*(1+$BE20)*(1+$BF20)+($BH20*IF($G$1="破竹",$AL20,$AJ20)+IF($G$1="破竹",$AM20*1.5,0))*(1+$BI20)*(1+$BJ20))*(1+$AN20)*$BO20*$P20*(1+IF(VLOOKUP($Q20,武学奇术!$A:$ZZ,30,FALSE)="弹道",$B$21,0))*(1+$BS20) -> 100462.59 | N20: =((($AP20+$AQ20)/2*$AJ20+$AK20)*(1+$AR20)*(1+$AS20)+(($AU20+$AV20)/2*IF($G$1="鸣金",$AL20,$AJ20)+IF($G$1="鸣金",$AM20*1.5,0))*(1+$AW20)*(1+$AX20)+(($AY20+$AZ20)/2*IF($G$1="裂石",$AL20,$AJ20)+IF($G$1="裂石",$AM20*1.5,0))*(1+$BA20)*(1+$BB20)+(($BC20+$BD20)/2*IF($G$1="牵丝",$AL20,$AJ20)+IF($G$1="牵丝",$AM20*1.5,0))*(1+$BE20)*(1+$BF20)+(($BG20+$BH20)/2*IF($G$1="破竹",$AL20,$AJ20)+IF($G$1="破竹",$AM20*1.5,0))*(1+$BI20)*(1+$BJ20))*(1+$AN20)*$P20*(1+IF(VLOOKUP($Q20,武学奇术!$A:$ZZ,30,FALSE)="弹道",$B$21,0))*(1+$BS20) -> 52840.776 | O20: =((($AP20*$AJ20+$AK20)*(1+$AR20)*(1+$AS20)+($AU20*IF($G$1="鸣金",$AL20,$AJ20)+IF($G$1="鸣金",$AM20*1.5,0))*(1+$AW20)*(1+$AX20)+($AY20*IF($G$1="裂石",$AL20,$AJ20)+IF($G$1="裂石",$AM20*1.5,0))*(1+$BA20)*(1+$BB20)+($BC20*IF($G$1="牵丝",$AL20,$AJ20)+IF($G$1="牵丝",$AM20*1.5,0))*(1+$BE20)*(1+$BF20)+($BG20*IF($G$1="破竹",$AL20,$AJ20)+IF($G$1="破竹",$AM20*1.5,0))*(1+$BI20)*(1+$BJ20))*(1+$AN20))*$P20*(1+IF(VLOOKUP($Q20,武学奇术!$A:$ZZ,30,FALSE)="弹道",$B$21,0))*(1+$BS20) -> 31264.821 | P20: 1 | Q20: 伞Q | R20: 易水歌5层 | S20: 沧海帖4层 | T20: 连中 | U20: 小纵地 | V20: 风墙(弹道) | W20: N/a | X20: N/a | Y20: 断石5额外 | Z20: 阴阳 | AA20: N/a | AB20: 惧刃(拐) | AC20: N/a | AD20: N/a | AE20: N/a | AF20: N/a | AG20: N/a | AH20: 无惧 | AI20: =VLOOKUP($Q20,武学奇术!$A:$ZZ,25,FALSE) -> 伞 | AJ20: =VLOOKUP($Q20,武学奇术!$A:$ZZ,26,FALSE) -> 2.3397 | AK20: =VLOOKUP($Q20,武学奇术!$A:$ZZ,27,FALSE)*(1+IF(OR($AI20=$F$4,$AI20=$F$5),$B$22,0)) -> 907.2 | AL20: =VLOOKUP($Q20,武学奇术!$A:$ZZ,28,FALSE) -> 3.5095 | AM20: =VLOOKUP($Q20,武学奇术!$A:$ZZ,29,FALSE)*(1+IF(OR($AI20=$F$4,$AI20=$F$5),$B$22,0)) -> 494.2 | AN20: {=$G$3+IFERROR(VLOOKUP($AI20,$F$4:$G$7,2,FALSE),0)+VLOOKUP($Q20,武学奇术!$A:$ZZ,2,FALSE)+SUM(_xlfn.XLOOKUP($R20:$AH20,增益!$A:$A,增益!$B:$B,0))} -> 1.2041 | AO20: {=VLOOKUP($Q20,武学奇术!$A:$ZZ,5,FALSE)+SUM(_xlfn.XLOOKUP($R20:$AH20,增益!$A:$A,增益!$E:$E,0))} -> 0.075 | AP20: {=$D$10*(1+$AO20)+VLOOKUP($Q20,武学奇术!$A:$ZZ,3,FALSE)+SUM(_xlfn.XLOOKUP($R20:$AH20,增益!$A:$A,增益!$C:$C,0))-$I$2} -> 1974.055 | AQ20: {=$E$10*(1+$AO20)+VLOOKUP($Q20,武学奇术!$A:$ZZ,4,FALSE)+SUM(_xlfn.XLOOKUP($R20:$AH20,增益!$A:$A,增益!$D:$D,0))-$I$2} -> 5941.45 | AR20: {=IF($F$10-$I$3+VLOOKUP($Q20,武学奇术!$A:$ZZ,6,FALSE)+SUM(_xlfn.XLOOKUP(R20:AH20,增益!$A:$A,增益!$F:$F,0))>0,($F$10-$I$3+VLOOKUP($Q20,武学奇术!$A:$ZZ,6,FALSE)+SUM(_xlfn.XLOOKUP(R20:AH20,增益!$A:$A,增益!$F:$F,0)))/200,($F$10-$I$3+VLOOKUP($Q20,武学奇术!$A:$ZZ,6,FALSE)+SUM(_xlfn.XLOOKUP(R20:AH20,增益!$A:$A,增益!$F:$F,0)))/100)} -> 0.4925 | AS20: {=$G$10+VLOOKUP($Q20,武学奇术!$A:$ZZ,7,FALSE)+SUM(_xlfn.XLOOKUP(R20:AH20,增益!$A:$A,增益!$G:$G,0))} -> 0.1 | AT20: {=VLOOKUP($Q20,武学奇术!$A:$ZZ,8,FALSE)+SUM(_xlfn.XLOOKUP(R20:AH20,增益!$A:$A,增益!$H:$H,0))} -> 0 | AU20: =$D$11*(1+$AT20) -> 0 | AV20: =$E$11*(1+$AT20) -> 0 | AW20: {=IF($F$11-$I$4+VLOOKUP($Q20,武学奇术!$A:$ZZ,9,FALSE)+SUM(_xlfn.XLOOKUP(R20:AH20,增益!$A:$A,增益!$I:$I,0))>0,($F$11-$I$4+VLOOKUP($Q20,武学奇术!$A:$ZZ,9,FALSE)+SUM(_xlfn.XLOOKUP(R20:AH20,增益!$A:$A,增益!$I:$I,0)))/200,($F$11-$I$4+VLOOKUP($Q20,武学奇术!$A:$ZZ,9,FALSE)+SUM(_xlfn.XLOOKUP(R20:AH20,增益!$A:$A,增益!$I:$I,0)))/100)} -> -0.14 | AX20: {=$G$11+VLOOKUP($Q20,武学奇术!$A:$ZZ,10,FALSE)+SUM(_xlfn.XLOOKUP(R20:AH20,增益!$A:$A,增益!$J:$J,0))} -> 0 | AY20: =$D$12*(1+$AT20) -> 0 | AZ20: =$E$12*(1+$AT20) -> 0 | BA20: {=IF($F$12-$I$4+VLOOKUP($Q20,武学奇术!$A:$ZZ,11,FALSE)+SUM(_xlfn.XLOOKUP(R20:AH20,增益!$A:$A,增益!$K:$K,0))>0,($F$12-$I$4+VLOOKUP($Q20,武学奇术!$A:$ZZ,11,FALSE)+SUM(_xlfn.XLOOKUP(R20:AH20,增益!$A:$A,增益!$K:$K,0)))/200,($F$12-$I$4+VLOOKUP($Q20,武学奇术!$A:$ZZ,11,FALSE)+SUM(_xlfn.XLOOKUP(R20:AH20,增益!$A:$A,增益!$K:$K,0)))/100)} -> -0.14 | BB20: {=$G$12+VLOOKUP($Q20,武学奇术!$A:$ZZ,12,FALSE)+SUM(_xlfn.XLOOKUP(R20:AH20,增益!$A:$A,增益!$L:$L,0))} -> 0 | BC20: =$D$13*(1+$AT20) -> 571.2 | BD20: =$E$13*(1+$AT20) -> 1077.4 | BE20: {=IF($F$13-$I$4+VLOOKUP($Q20,武学奇术!$A:$ZZ,13,FALSE)+SUM(_xlfn.XLOOKUP(R20:AH20,增益!$A:$A,增益!$M:$M,0))>0,($F$13-$I$4+VLOOKUP($Q20,武学奇术!$A:$ZZ,13,FALSE)+SUM(_xlfn.XLOOKUP(R20:AH20,增益!$A:$A,增益!$K:$K,0)))/200,($F$13-$I$4+VLOOKUP($Q20,武学奇术!$A:$ZZ,13,FALSE)+SUM(_xlfn.XLOOKUP(R20:AH20,增益!$A:$A,增益!$M:$M,0)))/100)} -> 0.08 | BF20: {=$G$13+VLOOKUP($Q20,武学奇术!$A:$ZZ,14,FALSE)+SUM(_xlfn.XLOOKUP(R20:AH20,增益!$A:$A,增益!$N:$N,0))} -> 0.25 | BG20: =$D$14*(1+$AT20) -> 0 | BH20: =$E$14*(1+$AT20) -> 0 | BI20: {=IF($F$14-$I$4+VLOOKUP($Q20,武学奇术!$A:$ZZ,15,FALSE)+SUM(_xlfn.XLOOKUP(R20:AH20,增益!$A:$A,增益!$O:$O,0))>0,($F$14-$I$4+VLOOKUP($Q20,武学奇术!$A:$ZZ,15,FALSE)+SUM(_xlfn.XLOOKUP(R20:AH20,增益!$A:$A,增益!$O:$O,0)))/200,($F$14-$I$4+VLOOKUP($Q20,武学奇术!$A:$ZZ,15,FALSE)+SUM(_xlfn.XLOOKUP(R20:AH20,增益!$A:$A,增益!$O:$O,0)))/100)} -> -0.14 | BJ20: {=$G$14+VLOOKUP($Q20,武学奇术!$A:$ZZ,16,FALSE)+SUM(_xlfn.XLOOKUP(R20:AH20,增益!$A:$A,增益!$P:$P,0))} -> 0 | BK20: =MIN(IF(VLOOKUP($Q20,武学奇术!$A:$ZZ,23,FALSE)=1,100%,$B$8),100%) -> 1 | BL20: {=IF(VLOOKUP($Q20,武学奇术!$A:$ZZ,23,FALSE)=1,100%,MIN(80%,$B$9+VLOOKUP($Q20,武学奇术!$A:$ZZ,17,FALSE)+SUM(_xlfn.XLOOKUP(R20:AH20,增益!$A:$A,增益!$Q:$Q,0)))+$B$11+SUM(_xlfn.XLOOKUP(R20:AH20,增益!$A:$A,增益!$U:$U,0)))*IF(VLOOKUP($Q20,武学奇术!$A:$ZZ,24,FALSE)=1,0,1)} -> 0.9045 | BM20: {=1+$B$13+VLOOKUP($Q20,武学奇术!$A:$ZZ,18,FALSE)+SUM(_xlfn.XLOOKUP(R20:AH20,增益!$A:$A,增益!$R:$R,0))} -> 2.15 | BN20: {=IF(VLOOKUP($Q20,武学奇术!$A:$ZZ,24,FALSE)=1,100%,MIN(40%,$B$10+VLOOKUP($Q20,武学奇术!$A:$ZZ,19,FALSE)+SUM(_xlfn.XLOOKUP(R20:AH20,增益!$A:$A,增益!$S:$S,0)))+$B$12+SUM(_xlfn.XLOOKUP(R20:AH20,增益!$A:$A,增益!$V:$V,0)))*IF(VLOOKUP($Q20,武学奇术!$A:$ZZ,23,FALSE)=1,0,1)} -> 0.0929 | BO20: {=1+$B$14+VLOOKUP($Q20,武学奇术!$A:$ZZ,20,FALSE)+SUM(_xlfn.XLOOKUP(R20:AH20,增益!$A:$A,增益!$T:$T,0))} -> 1.35 | BP20: =MIN((1-BN20)*BK20,BK20*BL20) -> 0.9045 | BQ20: =1-BN20-BP20-BR20 -> 0.0026 | BR20: =IF(VLOOKUP($Q20,武学奇术!$A:$ZZ,22,FALSE)=1,0,(1-$BK20))*(1-$BN20) -> 0 | BS20: {=SUM(_xlfn.XLOOKUP(R20:AH20,增益!$A:$A,增益!$W:$W,0))+$I$5} -> 0.11
A21: 弹道定音 | B21: 0.32 | C21: 第四心法 | E21: 断石覆盖 | F21: 全蹭 | G21: 春雷 | H21: N/A | I21: 所恨 | J21: N/A | K21: =($L21*$BP21+$M21*$BN21+$N21*$BQ21+$O21*$BR21) -> 39241.088 | L21: =((($AP21+$AQ21)/2*$AJ21+$AK21)*(1+$AR21)*(1+$AS21)+(($AU21+$AV21)/2*IF($G$1="鸣金",$AL21,$AJ21)+IF($G$1="鸣金",$AM21*1.5,0))*(1+$AW21)*(1+$AX21)+(($AY21+$AZ21)/2*IF($G$1="裂石",$AL21,$AJ21)+IF($G$1="裂石",$AM21*1.5,0))*(1+$BA21)*(1+$BB21)+(($BC21+$BD21)/2*IF($G$1="牵丝",$AL21,$AJ21)+IF($G$1="牵丝",$AM21*1.5,0))*(1+$BE21)*(1+$BF21)+(($BG21+$BH21)/2*IF($G$1="破竹",$AL21,$AJ21)+IF($G$1="破竹",$AM21*1.5,0))*(1+$BI21)*(1+$BJ21))*(1+$AN21)*$BM21*$P21*(1+IF(VLOOKUP($Q21,武学奇术!$A:$ZZ,30,FALSE)="弹道",$B$21,0))*(1+$BS21) -> 38450.859 | M21: =(($AQ21*$AJ21+$AK21)*(1+$AR21)*(1+$AS21)+($AV21*IF($G$1="鸣金",$AL21,$AJ21)+IF($G$1="鸣金",$AM21*1.5,0))*(1+$AW21)*(1+$AX21)+($AZ21*IF($G$1="裂石",$AL21,$AJ21)+IF($G$1="裂石",$AM21*1.5,0))*(1+$BA21)*(1+$BB21)+($BD21*IF($G$1="牵丝",$AL21,$AJ21)+IF($G$1="牵丝",$AM21*1.5,0))*(1+$BE21)*(1+$BF21)+($BH21*IF($G$1="破竹",$AL21,$AJ21)+IF($G$1="破竹",$AM21*1.5,0))*(1+$BI21)*(1+$BJ21))*(1+$AN21)*$BO21*$P21*(1+IF(VLOOKUP($Q21,武学奇术!$A:$ZZ,30,FALSE)="弹道",$B$21,0))*(1+$BS21) -> 47334.427 | N21: =((($AP21+$AQ21)/2*$AJ21+$AK21)*(1+$AR21)*(1+$AS21)+(($AU21+$AV21)/2*IF($G$1="鸣金",$AL21,$AJ21)+IF($G$1="鸣金",$AM21*1.5,0))*(1+$AW21)*(1+$AX21)+(($AY21+$AZ21)/2*IF($G$1="裂石",$AL21,$AJ21)+IF($G$1="裂石",$AM21*1.5,0))*(1+$BA21)*(1+$BB21)+(($BC21+$BD21)/2*IF($G$1="牵丝",$AL21,$AJ21)+IF($G$1="牵丝",$AM21*1.5,0))*(1+$BE21)*(1+$BF21)+(($BG21+$BH21)/2*IF($G$1="破竹",$AL21,$AJ21)+IF($G$1="破竹",$AM21*1.5,0))*(1+$BI21)*(1+$BJ21))*(1+$AN21)*$P21*(1+IF(VLOOKUP($Q21,武学奇术!$A:$ZZ,30,FALSE)="弹道",$B$21,0))*(1+$BS21) -> 24968.09 | O21: =((($AP21*$AJ21+$AK21)*(1+$AR21)*(1+$AS21)+($AU21*IF($G$1="鸣金",$AL21,$AJ21)+IF($G$1="鸣金",$AM21*1.5,0))*(1+$AW21)*(1+$AX21)+($AY21*IF($G$1="裂石",$AL21,$AJ21)+IF($G$1="裂石",$AM21*1.5,0))*(1+$BA21)*(1+$BB21)+($BC21*IF($G$1="牵丝",$AL21,$AJ21)+IF($G$1="牵丝",$AM21*1.5,0))*(1+$BE21)*(1+$BF21)+($BG21*IF($G$1="破竹",$AL21,$AJ21)+IF($G$1="破竹",$AM21*1.5,0))*(1+$BI21)*(1+$BJ21))*(1+$AN21))*$P21*(1+IF(VLOOKUP($Q21,武学奇术!$A:$ZZ,30,FALSE)="弹道",$B$21,0))*(1+$BS21) -> 14873.642 | P21: 1 | Q21: 伞重击派生 | R21: 易水歌5层 | S21: 沧海帖4层 | T21: N/a | U21: 小纵地 | V21: N/a | W21: N/a | X21: N/a | Y21: N/a | Z21: 阴阳 | AA21: N/a | AB21: 惧刃(拐) | AC21: N/a | AD21: N/a | AE21: N/a | AF21: N/a | AG21: N/a | AH21: 无惧 | AI21: =VLOOKUP($Q21,武学奇术!$A:$ZZ,25,FALSE) -> 伞 | AJ21: =VLOOKUP($Q21,武学奇术!$A:$ZZ,26,FALSE) -> 1.7001 | AK21: =VLOOKUP($Q21,武学奇术!$A:$ZZ,27,FALSE)*(1+IF(OR($AI21=$F$4,$AI21=$F$5),$B$22,0)) -> 659.4 | AL21: =VLOOKUP($Q21,武学奇术!$A:$ZZ,28,FALSE) -> 2.5502 | AM21: =VLOOKUP($Q21,武学奇术!$A:$ZZ,29,FALSE)*(1+IF(OR($AI21=$F$4,$AI21=$F$5),$B$22,0)) -> 358.4 | AN21: {=$G$3+IFERROR(VLOOKUP($AI21,$F$4:$G$7,2,FALSE),0)+VLOOKUP($Q21,武学奇术!$A:$ZZ,2,FALSE)+SUM(_xlfn.XLOOKUP($R21:$AH21,增益!$A:$A,增益!$B:$B,0))} -> 0.5541 | AO21: {=VLOOKUP($Q21,武学奇术!$A:$ZZ,5,FALSE)+SUM(_xlfn.XLOOKUP($R21:$AH21,增益!$A:$A,增益!$E:$E,0))} -> 0.075 | AP21: {=$D$10*(1+$AO21)+VLOOKUP($Q21,武学奇术!$A:$ZZ,3,FALSE)+SUM(_xlfn.XLOOKUP($R21:$AH21,增益!$A:$A,增益!$C:$C,0))-$I$2} -> 1974.055 | AQ21: {=$E$10*(1+$AO21)+VLOOKUP($Q21,武学奇术!$A:$ZZ,4,FALSE)+SUM(_xlfn.XLOOKUP($R21:$AH21,增益!$A:$A,增益!$D:$D,0))-$I$2} -> 5941.45 | AR21: {=IF($F$10-$I$3+VLOOKUP($Q21,武学奇术!$A:$ZZ,6,FALSE)+SUM(_xlfn.XLOOKUP(R21:AH21,增益!$A:$A,增益!$F:$F,0))>0,($F$10-$I$3+VLOOKUP($Q21,武学奇术!$A:$ZZ,6,FALSE)+SUM(_xlfn.XLOOKUP(R21:AH21,增益!$A:$A,增益!$F:$F,0)))/200,($F$10-$I$3+VLOOKUP($Q21,武学奇术!$A:$ZZ,6,FALSE)+SUM(_xlfn.XLOOKUP(R21:AH21,增益!$A:$A,增益!$F:$F,0)))/100)} -> 0.3425 | AS21: {=$G$10+VLOOKUP($Q21,武学奇术!$A:$ZZ,7,FALSE)+SUM(_xlfn.XLOOKUP(R21:AH21,增益!$A:$A,增益!$G:$G,0))} -> 0.1 | AT21: {=VLOOKUP($Q21,武学奇术!$A:$ZZ,8,FALSE)+SUM(_xlfn.XLOOKUP(R21:AH21,增益!$A:$A,增益!$H:$H,0))} -> 0 | AU21: =$D$11*(1+$AT21) -> 0 | AV21: =$E$11*(1+$AT21) -> 0 | AW21: {=IF($F$11-$I$4+VLOOKUP($Q21,武学奇术!$A:$ZZ,9,FALSE)+SUM(_xlfn.XLOOKUP(R21:AH21,增益!$A:$A,增益!$I:$I,0))>0,($F$11-$I$4+VLOOKUP($Q21,武学奇术!$A:$ZZ,9,FALSE)+SUM(_xlfn.XLOOKUP(R21:AH21,增益!$A:$A,增益!$I:$I,0)))/200,($F$11-$I$4+VLOOKUP($Q21,武学奇术!$A:$ZZ,9,FALSE)+SUM(_xlfn.XLOOKUP(R21:AH21,增益!$A:$A,增益!$I:$I,0)))/100)} -> -0.14 | AX21: {=$G$11+VLOOKUP($Q21,武学奇术!$A:$ZZ,10,FALSE)+SUM(_xlfn.XLOOKUP(R21:AH21,增益!$A:$A,增益!$J:$J,0))} -> 0 | AY21: =$D$12*(1+$AT21) -> 0 | AZ21: =$E$12*(1+$AT21) -> 0 | BA21: {=IF($F$12-$I$4+VLOOKUP($Q21,武学奇术!$A:$ZZ,11,FALSE)+SUM(_xlfn.XLOOKUP(R21:AH21,增益!$A:$A,增益!$K:$K,0))>0,($F$12-$I$4+VLOOKUP($Q21,武学奇术!$A:$ZZ,11,FALSE)+SUM(_xlfn.XLOOKUP(R21:AH21,增益!$A:$A,增益!$K:$K,0)))/200,($F$12-$I$4+VLOOKUP($Q21,武学奇术!$A:$ZZ,11,FALSE)+SUM(_xlfn.XLOOKUP(R21:AH21,增益!$A:$A,增益!$K:$K,0)))/100)} -> -0.14 | BB21: {=$G$12+VLOOKUP($Q21,武学奇术!$A:$ZZ,12,FALSE)+SUM(_xlfn.XLOOKUP(R21:AH21,增益!$A:$A,增益!$L:$L,0))} -> 0 | BC21: =$D$13*(1+$AT21) -> 571.2 | BD21: =$E$13*(1+$AT21) -> 1077.4 | BE21: {=IF($F$13-$I$4+VLOOKUP($Q21,武学奇术!$A:$ZZ,13,FALSE)+SUM(_xlfn.XLOOKUP(R21:AH21,增益!$A:$A,增益!$M:$M,0))>0,($F$13-$I$4+VLOOKUP($Q21,武学奇术!$A:$ZZ,13,FALSE)+SUM(_xlfn.XLOOKUP(R21:AH21,增益!$A:$A,增益!$K:$K,0)))/200,($F$13-$I$4+VLOOKUP($Q21,武学奇术!$A:$ZZ,13,FALSE)+SUM(_xlfn.XLOOKUP(R21:AH21,增益!$A:$A,增益!$M:$M,0)))/100)} -> 0.08 | BF21: {=$G$13+VLOOKUP($Q21,武学奇术!$A:$ZZ,14,FALSE)+SUM(_xlfn.XLOOKUP(R21:AH21,增益!$A:$A,增益!$N:$N,0))} -> 0.25 | BG21: =$D$14*(1+$AT21) -> 0 | BH21: =$E$14*(1+$AT21) -> 0 | BI21: {=IF($F$14-$I$4+VLOOKUP($Q21,武学奇术!$A:$ZZ,15,FALSE)+SUM(_xlfn.XLOOKUP(R21:AH21,增益!$A:$A,增益!$O:$O,0))>0,($F$14-$I$4+VLOOKUP($Q21,武学奇术!$A:$ZZ,15,FALSE)+SUM(_xlfn.XLOOKUP(R21:AH21,增益!$A:$A,增益!$O:$O,0)))/200,($F$14-$I$4+VLOOKUP($Q21,武学奇术!$A:$ZZ,15,FALSE)+SUM(_xlfn.XLOOKUP(R21:AH21,增益!$A:$A,增益!$O:$O,0)))/100)} -> -0.14 | BJ21: {=$G$14+VLOOKUP($Q21,武学奇术!$A:$ZZ,16,FALSE)+SUM(_xlfn.XLOOKUP(R21:AH21,增益!$A:$A,增益!$P:$P,0))} -> 0 | BK21: =MIN(IF(VLOOKUP($Q21,武学奇术!$A:$ZZ,23,FALSE)=1,100%,$B$8),100%) -> 1 | BL21: {=IF(VLOOKUP($Q21,武学奇术!$A:$ZZ,23,FALSE)=1,100%,MIN(80%,$B$9+VLOOKUP($Q21,武学奇术!$A:$ZZ,17,FALSE)+SUM(_xlfn.XLOOKUP(R21:AH21,增益!$A:$A,增益!$Q:$Q,0)))+$B$11+SUM(_xlfn.XLOOKUP(R21:AH21,增益!$A:$A,增益!$U:$U,0)))*IF(VLOOKUP($Q21,武学奇术!$A:$ZZ,24,FALSE)=1,0,1)} -> 0.9045 | BM21: {=1+$B$13+VLOOKUP($Q21,武学奇术!$A:$ZZ,18,FALSE)+SUM(_xlfn.XLOOKUP(R21:AH21,增益!$A:$A,增益!$R:$R,0))} -> 1.54 | BN21: {=IF(VLOOKUP($Q21,武学奇术!$A:$ZZ,24,FALSE)=1,100%,MIN(40%,$B$10+VLOOKUP($Q21,武学奇术!$A:$ZZ,19,FALSE)+SUM(_xlfn.XLOOKUP(R21:AH21,增益!$A:$A,增益!$S:$S,0)))+$B$12+SUM(_xlfn.XLOOKUP(R21:AH21,增益!$A:$A,增益!$V:$V,0)))*IF(VLOOKUP($Q21,武学奇术!$A:$ZZ,23,FALSE)=1,0,1)} -> 0.0929 | BO21: {=1+$B$14+VLOOKUP($Q21,武学奇术!$A:$ZZ,20,FALSE)+SUM(_xlfn.XLOOKUP(R21:AH21,增益!$A:$A,增益!$T:$T,0))} -> 1.35 | BP21: =MIN((1-BN21)*BK21,BK21*BL21) -> 0.9045 | BQ21: =1-BN21-BP21-BR21 -> 0.0026 | BR21: =IF(VLOOKUP($Q21,武学奇术!$A:$ZZ,22,FALSE)=1,0,(1-$BK21))*(1-$BN21) -> 0 | BS21: {=SUM(_xlfn.XLOOKUP(R21:AH21,增益!$A:$A,增益!$W:$W,0))+$I$5} -> 0.11
A22: 固伤加成 | B22: 0.4 | C22: 易水歌 | K22: =($L22*$BP22+$M22*$BN22+$N22*$BQ22+$O22*$BR22) -> 16537.515 | L22: =((($AP22+$AQ22)/2*$AJ22+$AK22)*(1+$AR22)*(1+$AS22)+(($AU22+$AV22)/2*IF($G$1="鸣金",$AL22,$AJ22)+IF($G$1="鸣金",$AM22*1.5,0))*(1+$AW22)*(1+$AX22)+(($AY22+$AZ22)/2*IF($G$1="裂石",$AL22,$AJ22)+IF($G$1="裂石",$AM22*1.5,0))*(1+$BA22)*(1+$BB22)+(($BC22+$BD22)/2*IF($G$1="牵丝",$AL22,$AJ22)+IF($G$1="牵丝",$AM22*1.5,0))*(1+$BE22)*(1+$BF22)+(($BG22+$BH22)/2*IF($G$1="破竹",$AL22,$AJ22)+IF($G$1="破竹",$AM22*1.5,0))*(1+$BI22)*(1+$BJ22))*(1+$AN22)*$BM22*$P22*(1+IF(VLOOKUP($Q22,武学奇术!$A:$ZZ,30,FALSE)="弹道",$B$21,0))*(1+$BS22) -> 16216.068 | M22: =(($AQ22*$AJ22+$AK22)*(1+$AR22)*(1+$AS22)+($AV22*IF($G$1="鸣金",$AL22,$AJ22)+IF($G$1="鸣金",$AM22*1.5,0))*(1+$AW22)*(1+$AX22)+($AZ22*IF($G$1="裂石",$AL22,$AJ22)+IF($G$1="裂石",$AM22*1.5,0))*(1+$BA22)*(1+$BB22)+($BD22*IF($G$1="牵丝",$AL22,$AJ22)+IF($G$1="牵丝",$AM22*1.5,0))*(1+$BE22)*(1+$BF22)+($BH22*IF($G$1="破竹",$AL22,$AJ22)+IF($G$1="破竹",$AM22*1.5,0))*(1+$BI22)*(1+$BJ22))*(1+$AN22)*$BO22*$P22*(1+IF(VLOOKUP($Q22,武学奇术!$A:$ZZ,30,FALSE)="弹道",$B$21,0))*(1+$BS22) -> 19837.252 | N22: =((($AP22+$AQ22)/2*$AJ22+$AK22)*(1+$AR22)*(1+$AS22)+(($AU22+$AV22)/2*IF($G$1="鸣金",$AL22,$AJ22)+IF($G$1="鸣金",$AM22*1.5,0))*(1+$AW22)*(1+$AX22)+(($AY22+$AZ22)/2*IF($G$1="裂石",$AL22,$AJ22)+IF($G$1="裂石",$AM22*1.5,0))*(1+$BA22)*(1+$BB22)+(($BC22+$BD22)/2*IF($G$1="牵丝",$AL22,$AJ22)+IF($G$1="牵丝",$AM22*1.5,0))*(1+$BE22)*(1+$BF22)+(($BG22+$BH22)/2*IF($G$1="破竹",$AL22,$AJ22)+IF($G$1="破竹",$AM22*1.5,0))*(1+$BI22)*(1+$BJ22))*(1+$AN22)*$P22*(1+IF(VLOOKUP($Q22,武学奇术!$A:$ZZ,30,FALSE)="弹道",$B$21,0))*(1+$BS22) -> 10461.979 | O22: =((($AP22*$AJ22+$AK22)*(1+$AR22)*(1+$AS22)+($AU22*IF($G$1="鸣金",$AL22,$AJ22)+IF($G$1="鸣金",$AM22*1.5,0))*(1+$AW22)*(1+$AX22)+($AY22*IF($G$1="裂石",$AL22,$AJ22)+IF($G$1="裂石",$AM22*1.5,0))*(1+$BA22)*(1+$BB22)+($BC22*IF($G$1="牵丝",$AL22,$AJ22)+IF($G$1="牵丝",$AM22*1.5,0))*(1+$BE22)*(1+$BF22)+($BG22*IF($G$1="破竹",$AL22,$AJ22)+IF($G$1="破竹",$AM22*1.5,0))*(1+$BI22)*(1+$BJ22))*(1+$AN22))*$P22*(1+IF(VLOOKUP($Q22,武学奇术!$A:$ZZ,30,FALSE)="弹道",$B$21,0))*(1+$BS22) -> 6229.6978 | P22: 1 | Q22: 丢伞 | R22: 易水歌5层 | S22: 沧海帖5层 | T22: N/a | U22: 小纵地 | V22: N/a | W22: N/a | X22: N/a | Y22: N/a | Z22: 阴阳 | AA22: N/a | AB22: 惧刃(拐) | AC22: N/a | AD22: N/a | AE22: N/a | AF22: N/a | AG22: N/a | AH22: 无惧 | AI22: =VLOOKUP($Q22,武学奇术!$A:$ZZ,25,FALSE) -> 伞 | AJ22: =VLOOKUP($Q22,武学奇术!$A:$ZZ,26,FALSE) -> 0.54 | AK22: =VLOOKUP($Q22,武学奇术!$A:$ZZ,27,FALSE)*(1+IF(OR($AI22=$F$4,$AI22=$F$5),$B$22,0)) -> 207.2 | AL22: =VLOOKUP($Q22,武学奇术!$A:$ZZ,28,FALSE) -> 0.81 | AM22: =VLOOKUP($Q22,武学奇术!$A:$ZZ,29,FALSE)*(1+IF(OR($AI22=$F$4,$AI22=$F$5),$B$22,0)) -> 114.1 | AN22: {=$G$3+IFERROR(VLOOKUP($AI22,$F$4:$G$7,2,FALSE),0)+VLOOKUP($Q22,武学奇术!$A:$ZZ,2,FALSE)+SUM(_xlfn.XLOOKUP($R22:$AH22,增益!$A:$A,增益!$B:$B,0))} -> 0.5541 | AO22: {=VLOOKUP($Q22,武学奇术!$A:$ZZ,5,FALSE)+SUM(_xlfn.XLOOKUP($R22:$AH22,增益!$A:$A,增益!$E:$E,0))} -> 0.075 | AP22: {=$D$10*(1+$AO22)+VLOOKUP($Q22,武学奇术!$A:$ZZ,3,FALSE)+SUM(_xlfn.XLOOKUP($R22:$AH22,增益!$A:$A,增益!$C:$C,0))-$I$2} -> 1974.055 | AQ22: {=$E$10*(1+$AO22)+VLOOKUP($Q22,武学奇术!$A:$ZZ,4,FALSE)+SUM(_xlfn.XLOOKUP($R22:$AH22,增益!$A:$A,增益!$D:$D,0))-$I$2} -> 5941.45 | AR22: {=IF($F$10-$I$3+VLOOKUP($Q22,武学奇术!$A:$ZZ,6,FALSE)+SUM(_xlfn.XLOOKUP(R22:AH22,增益!$A:$A,增益!$F:$F,0))>0,($F$10-$I$3+VLOOKUP($Q22,武学奇术!$A:$ZZ,6,FALSE)+SUM(_xlfn.XLOOKUP(R22:AH22,增益!$A:$A,增益!$F:$F,0)))/200,($F$10-$I$3+VLOOKUP($Q22,武学奇术!$A:$ZZ,6,FALSE)+SUM(_xlfn.XLOOKUP(R22:AH22,增益!$A:$A,增益!$F:$F,0)))/100)} -> 0.3425 | AS22: {=$G$10+VLOOKUP($Q22,武学奇术!$A:$ZZ,7,FALSE)+SUM(_xlfn.XLOOKUP(R22:AH22,增益!$A:$A,增益!$G:$G,0))} -> 0.1 | AT22: {=VLOOKUP($Q22,武学奇术!$A:$ZZ,8,FALSE)+SUM(_xlfn.XLOOKUP(R22:AH22,增益!$A:$A,增益!$H:$H,0))} -> 0 | AU22: =$D$11*(1+$AT22) -> 0 | AV22: =$E$11*(1+$AT22) -> 0 | AW22: {=IF($F$11-$I$4+VLOOKUP($Q22,武学奇术!$A:$ZZ,9,FALSE)+SUM(_xlfn.XLOOKUP(R22:AH22,增益!$A:$A,增益!$I:$I,0))>0,($F$11-$I$4+VLOOKUP($Q22,武学奇术!$A:$ZZ,9,FALSE)+SUM(_xlfn.XLOOKUP(R22:AH22,增益!$A:$A,增益!$I:$I,0)))/200,($F$11-$I$4+VLOOKUP($Q22,武学奇术!$A:$ZZ,9,FALSE)+SUM(_xlfn.XLOOKUP(R22:AH22,增益!$A:$A,增益!$I:$I,0)))/100)} -> -0.14 | AX22: {=$G$11+VLOOKUP($Q22,武学奇术!$A:$ZZ,10,FALSE)+SUM(_xlfn.XLOOKUP(R22:AH22,增益!$A:$A,增益!$J:$J,0))} -> 0 | AY22: =$D$12*(1+$AT22) -> 0 | AZ22: =$E$12*(1+$AT22) -> 0 | BA22: {=IF($F$12-$I$4+VLOOKUP($Q22,武学奇术!$A:$ZZ,11,FALSE)+SUM(_xlfn.XLOOKUP(R22:AH22,增益!$A:$A,增益!$K:$K,0))>0,($F$12-$I$4+VLOOKUP($Q22,武学奇术!$A:$ZZ,11,FALSE)+SUM(_xlfn.XLOOKUP(R22:AH22,增益!$A:$A,增益!$K:$K,0)))/200,($F$12-$I$4+VLOOKUP($Q22,武学奇术!$A:$ZZ,11,FALSE)+SUM(_xlfn.XLOOKUP(R22:AH22,增益!$A:$A,增益!$K:$K,0)))/100)} -> -0.14 | BB22: {=$G$12+VLOOKUP($Q22,武学奇术!$A:$ZZ,12,FALSE)+SUM(_xlfn.XLOOKUP(R22:AH22,增益!$A:$A,增益!$L:$L,0))} -> 0 | BC22: =$D$13*(1+$AT22) -> 571.2 | BD22: =$E$13*(1+$AT22) -> 1077.4 | BE22: {=IF($F$13-$I$4+VLOOKUP($Q22,武学奇术!$A:$ZZ,13,FALSE)+SUM(_xlfn.XLOOKUP(R22:AH22,增益!$A:$A,增益!$M:$M,0))>0,($F$13-$I$4+VLOOKUP($Q22,武学奇术!$A:$ZZ,13,FALSE)+SUM(_xlfn.XLOOKUP(R22:AH22,增益!$A:$A,增益!$K:$K,0)))/200,($F$13-$I$4+VLOOKUP($Q22,武学奇术!$A:$ZZ,13,FALSE)+SUM(_xlfn.XLOOKUP(R22:AH22,增益!$A:$A,增益!$M:$M,0)))/100)} -> 0.08 | BF22: {=$G$13+VLOOKUP($Q22,武学奇术!$A:$ZZ,14,FALSE)+SUM(_xlfn.XLOOKUP(R22:AH22,增益!$A:$A,增益!$N:$N,0))} -> 0.25 | BG22: =$D$14*(1+$AT22) -> 0 | BH22: =$E$14*(1+$AT22) -> 0 | BI22: {=IF($F$14-$I$4+VLOOKUP($Q22,武学奇术!$A:$ZZ,15,FALSE)+SUM(_xlfn.XLOOKUP(R22:AH22,增益!$A:$A,增益!$O:$O,0))>0,($F$14-$I$4+VLOOKUP($Q22,武学奇术!$A:$ZZ,15,FALSE)+SUM(_xlfn.XLOOKUP(R22:AH22,增益!$A:$A,增益!$O:$O,0)))/200,($F$14-$I$4+VLOOKUP($Q22,武学奇术!$A:$ZZ,15,FALSE)+SUM(_xlfn.XLOOKUP(R22:AH22,增益!$A:$A,增益!$O:$O,0)))/100)} -> -0.14 | BJ22: {=$G$14+VLOOKUP($Q22,武学奇术!$A:$ZZ,16,FALSE)+SUM(_xlfn.XLOOKUP(R22:AH22,增益!$A:$A,增益!$P:$P,0))} -> 0 | BK22: =MIN(IF(VLOOKUP($Q22,武学奇术!$A:$ZZ,23,FALSE)=1,100%,$B$8),100%) -> 1 | BL22: {=IF(VLOOKUP($Q22,武学奇术!$A:$ZZ,23,FALSE)=1,100%,MIN(80%,$B$9+VLOOKUP($Q22,武学奇术!$A:$ZZ,17,FALSE)+SUM(_xlfn.XLOOKUP(R22:AH22,增益!$A:$A,增益!$Q:$Q,0)))+$B$11+SUM(_xlfn.XLOOKUP(R22:AH22,增益!$A:$A,增益!$U:$U,0)))*IF(VLOOKUP($Q22,武学奇术!$A:$ZZ,24,FALSE)=1,0,1)} -> 0.9045 | BM22: {=1+$B$13+VLOOKUP($Q22,武学奇术!$A:$ZZ,18,FALSE)+SUM(_xlfn.XLOOKUP(R22:AH22,增益!$A:$A,增益!$R:$R,0))} -> 1.55 | BN22: {=IF(VLOOKUP($Q22,武学奇术!$A:$ZZ,24,FALSE)=1,100%,MIN(40%,$B$10+VLOOKUP($Q22,武学奇术!$A:$ZZ,19,FALSE)+SUM(_xlfn.XLOOKUP(R22:AH22,增益!$A:$A,增益!$S:$S,0)))+$B$12+SUM(_xlfn.XLOOKUP(R22:AH22,增益!$A:$A,增益!$V:$V,0)))*IF(VLOOKUP($Q22,武学奇术!$A:$ZZ,23,FALSE)=1,0,1)} -> 0.0929 | BO22: {=1+$B$14+VLOOKUP($Q22,武学奇术!$A:$ZZ,20,FALSE)+SUM(_xlfn.XLOOKUP(R22:AH22,增益!$A:$A,增益!$T:$T,0))} -> 1.35 | BP22: =MIN((1-BN22)*BK22,BK22*BL22) -> 0.9045 | BQ22: =1-BN22-BP22-BR22 -> 0.0026 | BR22: =IF(VLOOKUP($Q22,武学奇术!$A:$ZZ,22,FALSE)=1,0,(1-$BK22))*(1-$BN22) -> 0 | BS22: {=SUM(_xlfn.XLOOKUP(R22:AH22,增益!$A:$A,增益!$W:$W,0))+$I$5} -> 0.11
A23: 食物加成 | B23: 200 | K23: =($L23*$BP23+$M23*$BN23+$N23*$BQ23+$O23*$BR23) -> 249745.33 | L23: =((($AP23+$AQ23)/2*$AJ23+$AK23)*(1+$AR23)*(1+$AS23)+(($AU23+$AV23)/2*IF($G$1="鸣金",$AL23,$AJ23)+IF($G$1="鸣金",$AM23*1.5,0))*(1+$AW23)*(1+$AX23)+(($AY23+$AZ23)/2*IF($G$1="裂石",$AL23,$AJ23)+IF($G$1="裂石",$AM23*1.5,0))*(1+$BA23)*(1+$BB23)+(($BC23+$BD23)/2*IF($G$1="牵丝",$AL23,$AJ23)+IF($G$1="牵丝",$AM23*1.5,0))*(1+$BE23)*(1+$BF23)+(($BG23+$BH23)/2*IF($G$1="破竹",$AL23,$AJ23)+IF($G$1="破竹",$AM23*1.5,0))*(1+$BI23)*(1+$BJ23))*(1+$AN23)*$BM23*$P23*(1+IF(VLOOKUP($Q23,武学奇术!$A:$ZZ,30,FALSE)="弹道",$B$21,0))*(1+$BS23) -> 250214.9 | M23: =(($AQ23*$AJ23+$AK23)*(1+$AR23)*(1+$AS23)+($AV23*IF($G$1="鸣金",$AL23,$AJ23)+IF($G$1="鸣金",$AM23*1.5,0))*(1+$AW23)*(1+$AX23)+($AZ23*IF($G$1="裂石",$AL23,$AJ23)+IF($G$1="裂石",$AM23*1.5,0))*(1+$BA23)*(1+$BB23)+($BD23*IF($G$1="牵丝",$AL23,$AJ23)+IF($G$1="牵丝",$AM23*1.5,0))*(1+$BE23)*(1+$BF23)+($BH23*IF($G$1="破竹",$AL23,$AJ23)+IF($G$1="破竹",$AM23*1.5,0))*(1+$BI23)*(1+$BJ23))*(1+$AN23)*$BO23*$P23*(1+IF(VLOOKUP($Q23,武学奇术!$A:$ZZ,30,FALSE)="弹道",$B$21,0))*(1+$BS23) -> 248496.7 | N23: =((($AP23+$AQ23)/2*$AJ23+$AK23)*(1+$AR23)*(1+$AS23)+(($AU23+$AV23)/2*IF($G$1="鸣金",$AL23,$AJ23)+IF($G$1="鸣金",$AM23*1.5,0))*(1+$AW23)*(1+$AX23)+(($AY23+$AZ23)/2*IF($G$1="裂石",$AL23,$AJ23)+IF($G$1="裂石",$AM23*1.5,0))*(1+$BA23)*(1+$BB23)+(($BC23+$BD23)/2*IF($G$1="牵丝",$AL23,$AJ23)+IF($G$1="牵丝",$AM23*1.5,0))*(1+$BE23)*(1+$BF23)+(($BG23+$BH23)/2*IF($G$1="破竹",$AL23,$AJ23)+IF($G$1="破竹",$AM23*1.5,0))*(1+$BI23)*(1+$BJ23))*(1+$AN23)*$P23*(1+IF(VLOOKUP($Q23,武学奇术!$A:$ZZ,30,FALSE)="弹道",$B$21,0))*(1+$BS23) -> 131002.57 | O23: =((($AP23*$AJ23+$AK23)*(1+$AR23)*(1+$AS23)+($AU23*IF($G$1="鸣金",$AL23,$AJ23)+IF($G$1="鸣金",$AM23*1.5,0))*(1+$AW23)*(1+$AX23)+($AY23*IF($G$1="裂石",$AL23,$AJ23)+IF($G$1="裂石",$AM23*1.5,0))*(1+$BA23)*(1+$BB23)+($BC23*IF($G$1="牵丝",$AL23,$AJ23)+IF($G$1="牵丝",$AM23*1.5,0))*(1+$BE23)*(1+$BF23)+($BG23*IF($G$1="破竹",$AL23,$AJ23)+IF($G$1="破竹",$AM23*1.5,0))*(1+$BI23)*(1+$BJ23))*(1+$AN23))*$P23*(1+IF(VLOOKUP($Q23,武学奇术!$A:$ZZ,30,FALSE)="弹道",$B$21,0))*(1+$BS23) -> 77933.5 | P23: 4 | Q23: 伞～每秒 | R23: 易水歌5层 | S23: 沧海帖5层 | T23: 连中 | U23: 小纵地 | V23: 风墙(弹道) | W23: N/a | X23: N/a | Y23: N/a | Z23: 阴阳 | AA23: N/a | AB23: 惧刃(拐) | AC23: N/a | AD23: N/a | AE23: N/a | AF23: N/a | AG23: N/a | AH23: 无惧 | AI23: =VLOOKUP($Q23,武学奇术!$A:$ZZ,25,FALSE) -> 伞 | AJ23: =VLOOKUP($Q23,武学奇术!$A:$ZZ,26,FALSE) -> 1.174955 | AK23: =VLOOKUP($Q23,武学奇术!$A:$ZZ,27,FALSE)*(1+IF(OR($AI23=$F$4,$AI23=$F$5),$B$22,0)) -> 454.02 | AL23: =VLOOKUP($Q23,武学奇术!$A:$ZZ,28,FALSE) -> 1.762375 | AM23: =VLOOKUP($Q23,武学奇术!$A:$ZZ,29,FALSE)*(1+IF(OR($AI23=$F$4,$AI23=$F$5),$B$22,0)) -> 247.94 | AN23: {=$G$3+IFERROR(VLOOKUP($AI23,$F$4:$G$7,2,FALSE),0)+VLOOKUP($Q23,武学奇术!$A:$ZZ,2,FALSE)+SUM(_xlfn.XLOOKUP($R23:$AH23,增益!$A:$A,增益!$B:$B,0))} -> 1.2041 | AO23: {=VLOOKUP($Q23,武学奇术!$A:$ZZ,5,FALSE)+SUM(_xlfn.XLOOKUP($R23:$AH23,增益!$A:$A,增益!$E:$E,0))} -> 0.075 | AP23: {=$D$10*(1+$AO23)+VLOOKUP($Q23,武学奇术!$A:$ZZ,3,FALSE)+SUM(_xlfn.XLOOKUP($R23:$AH23,增益!$A:$A,增益!$C:$C,0))-$I$2} -> 1974.055 | AQ23: {=$E$10*(1+$AO23)+VLOOKUP($Q23,武学奇术!$A:$ZZ,4,FALSE)+SUM(_xlfn.XLOOKUP($R23:$AH23,增益!$A:$A,增益!$D:$D,0))-$I$2} -> 5941.45 | AR23: {=IF($F$10-$I$3+VLOOKUP($Q23,武学奇术!$A:$ZZ,6,FALSE)+SUM(_xlfn.XLOOKUP(R23:AH23,增益!$A:$A,增益!$F:$F,0))>0,($F$10-$I$3+VLOOKUP($Q23,武学奇术!$A:$ZZ,6,FALSE)+SUM(_xlfn.XLOOKUP(R23:AH23,增益!$A:$A,增益!$F:$F,0)))/200,($F$10-$I$3+VLOOKUP($Q23,武学奇术!$A:$ZZ,6,FALSE)+SUM(_xlfn.XLOOKUP(R23:AH23,增益!$A:$A,增益!$F:$F,0)))/100)} -> 0.3675 | AS23: {=$G$10+VLOOKUP($Q23,武学奇术!$A:$ZZ,7,FALSE)+SUM(_xlfn.XLOOKUP(R23:AH23,增益!$A:$A,增益!$G:$G,0))} -> 0.1 | AT23: {=VLOOKUP($Q23,武学奇术!$A:$ZZ,8,FALSE)+SUM(_xlfn.XLOOKUP(R23:AH23,增益!$A:$A,增益!$H:$H,0))} -> 0 | AU23: =$D$11*(1+$AT23) -> 0 | AV23: =$E$11*(1+$AT23) -> 0 | AW23: {=IF($F$11-$I$4+VLOOKUP($Q23,武学奇术!$A:$ZZ,9,FALSE)+SUM(_xlfn.XLOOKUP(R23:AH23,增益!$A:$A,增益!$I:$I,0))>0,($F$11-$I$4+VLOOKUP($Q23,武学奇术!$A:$ZZ,9,FALSE)+SUM(_xlfn.XLOOKUP(R23:AH23,增益!$A:$A,增益!$I:$I,0)))/200,($F$11-$I$4+VLOOKUP($Q23,武学奇术!$A:$ZZ,9,FALSE)+SUM(_xlfn.XLOOKUP(R23:AH23,增益!$A:$A,增益!$I:$I,0)))/100)} -> -0.14 | AX23: {=$G$11+VLOOKUP($Q23,武学奇术!$A:$ZZ,10,FALSE)+SUM(_xlfn.XLOOKUP(R23:AH23,增益!$A:$A,增益!$J:$J,0))} -> 0 | AY23: =$D$12*(1+$AT23) -> 0 | AZ23: =$E$12*(1+$AT23) -> 0 | BA23: {=IF($F$12-$I$4+VLOOKUP($Q23,武学奇术!$A:$ZZ,11,FALSE)+SUM(_xlfn.XLOOKUP(R23:AH23,增益!$A:$A,增益!$K:$K,0))>0,($F$12-$I$4+VLOOKUP($Q23,武学奇术!$A:$ZZ,11,FALSE)+SUM(_xlfn.XLOOKUP(R23:AH23,增益!$A:$A,增益!$K:$K,0)))/200,($F$12-$I$4+VLOOKUP($Q23,武学奇术!$A:$ZZ,11,FALSE)+SUM(_xlfn.XLOOKUP(R23:AH23,增益!$A:$A,增益!$K:$K,0)))/100)} -> -0.14 | BB23: {=$G$12+VLOOKUP($Q23,武学奇术!$A:$ZZ,12,FALSE)+SUM(_xlfn.XLOOKUP(R23:AH23,增益!$A:$A,增益!$L:$L,0))} -> 0 | BC23: =$D$13*(1+$AT23) -> 571.2 | BD23: =$E$13*(1+$AT23) -> 1077.4 | BE23: {=IF($F$13-$I$4+VLOOKUP($Q23,武学奇术!$A:$ZZ,13,FALSE)+SUM(_xlfn.XLOOKUP(R23:AH23,增益!$A:$A,增益!$M:$M,0))>0,($F$13-$I$4+VLOOKUP($Q23,武学奇术!$A:$ZZ,13,FALSE)+SUM(_xlfn.XLOOKUP(R23:AH23,增益!$A:$A,增益!$K:$K,0)))/200,($F$13-$I$4+VLOOKUP($Q23,武学奇术!$A:$ZZ,13,FALSE)+SUM(_xlfn.XLOOKUP(R23:AH23,增益!$A:$A,增益!$M:$M,0)))/100)} -> 0.08 | BF23: {=$G$13+VLOOKUP($Q23,武学奇术!$A:$ZZ,14,FALSE)+SUM(_xlfn.XLOOKUP(R23:AH23,增益!$A:$A,增益!$N:$N,0))} -> 0.25 | BG23: =$D$14*(1+$AT23) -> 0 | BH23: =$E$14*(1+$AT23) -> 0 | BI23: {=IF($F$14-$I$4+VLOOKUP($Q23,武学奇术!$A:$ZZ,15,FALSE)+SUM(_xlfn.XLOOKUP(R23:AH23,增益!$A:$A,增益!$O:$O,0))>0,($F$14-$I$4+VLOOKUP($Q23,武学奇术!$A:$ZZ,15,FALSE)+SUM(_xlfn.XLOOKUP(R23:AH23,增益!$A:$A,增益!$O:$O,0)))/200,($F$14-$I$4+VLOOKUP($Q23,武学奇术!$A:$ZZ,15,FALSE)+SUM(_xlfn.XLOOKUP(R23:AH23,增益!$A:$A,增益!$O:$O,0)))/100)} -> -0.14 | BJ23: {=$G$14+VLOOKUP($Q23,武学奇术!$A:$ZZ,16,FALSE)+SUM(_xlfn.XLOOKUP(R23:AH23,增益!$A:$A,增益!$P:$P,0))} -> 0 | BK23: =MIN(IF(VLOOKUP($Q23,武学奇术!$A:$ZZ,23,FALSE)=1,100%,$B$8),100%) -> 1 | BL23: {=IF(VLOOKUP($Q23,武学奇术!$A:$ZZ,23,FALSE)=1,100%,MIN(80%,$B$9+VLOOKUP($Q23,武学奇术!$A:$ZZ,17,FALSE)+SUM(_xlfn.XLOOKUP(R23:AH23,增益!$A:$A,增益!$Q:$Q,0)))+$B$11+SUM(_xlfn.XLOOKUP(R23:AH23,增益!$A:$A,增益!$U:$U,0)))*IF(VLOOKUP($Q23,武学奇术!$A:$ZZ,24,FALSE)=1,0,1)} -> 0.9045 | BM23: {=1+$B$13+VLOOKUP($Q23,武学奇术!$A:$ZZ,18,FALSE)+SUM(_xlfn.XLOOKUP(R23:AH23,增益!$A:$A,增益!$R:$R,0))} -> 1.91 | BN23: {=IF(VLOOKUP($Q23,武学奇术!$A:$ZZ,24,FALSE)=1,100%,MIN(40%,$B$10+VLOOKUP($Q23,武学奇术!$A:$ZZ,19,FALSE)+SUM(_xlfn.XLOOKUP(R23:AH23,增益!$A:$A,增益!$S:$S,0)))+$B$12+SUM(_xlfn.XLOOKUP(R23:AH23,增益!$A:$A,增益!$V:$V,0)))*IF(VLOOKUP($Q23,武学奇术!$A:$ZZ,23,FALSE)=1,0,1)} -> 0.0929 | BO23: {=1+$B$14+VLOOKUP($Q23,武学奇术!$A:$ZZ,20,FALSE)+SUM(_xlfn.XLOOKUP(R23:AH23,增益!$A:$A,增益!$T:$T,0))} -> 1.35 | BP23: =MIN((1-BN23)*BK23,BK23*BL23) -> 0.9045 | BQ23: =1-BN23-BP23-BR23 -> 0.0026 | BR23: =IF(VLOOKUP($Q23,武学奇术!$A:$ZZ,22,FALSE)=1,0,(1-$BK23))*(1-$BN23) -> 0 | BS23: {=SUM(_xlfn.XLOOKUP(R23:AH23,增益!$A:$A,增益!$W:$W,0))+$I$5} -> 0.11
B24: 400 | K24: =($L24*$BP24+$M24*$BN24+$N24*$BQ24+$O24*$BR24) -> 376395.37 | L24: =((($AP24+$AQ24)/2*$AJ24+$AK24)*(1+$AR24)*(1+$AS24)+(($AU24+$AV24)/2*IF($G$1="鸣金",$AL24,$AJ24)+IF($G$1="鸣金",$AM24*1.5,0))*(1+$AW24)*(1+$AX24)+(($AY24+$AZ24)/2*IF($G$1="裂石",$AL24,$AJ24)+IF($G$1="裂石",$AM24*1.5,0))*(1+$BA24)*(1+$BB24)+(($BC24+$BD24)/2*IF($G$1="牵丝",$AL24,$AJ24)+IF($G$1="牵丝",$AM24*1.5,0))*(1+$BE24)*(1+$BF24)+(($BG24+$BH24)/2*IF($G$1="破竹",$AL24,$AJ24)+IF($G$1="破竹",$AM24*1.5,0))*(1+$BI24)*(1+$BJ24))*(1+$AN24)*$BM24*$P24*(1+IF(VLOOKUP($Q24,武学奇术!$A:$ZZ,30,FALSE)="弹道",$B$21,0))*(1+$BS24) -> 377287.39 | M24: =(($AQ24*$AJ24+$AK24)*(1+$AR24)*(1+$AS24)+($AV24*IF($G$1="鸣金",$AL24,$AJ24)+IF($G$1="鸣金",$AM24*1.5,0))*(1+$AW24)*(1+$AX24)+($AZ24*IF($G$1="裂石",$AL24,$AJ24)+IF($G$1="裂石",$AM24*1.5,0))*(1+$BA24)*(1+$BB24)+($BD24*IF($G$1="牵丝",$AL24,$AJ24)+IF($G$1="牵丝",$AM24*1.5,0))*(1+$BE24)*(1+$BF24)+($BH24*IF($G$1="破竹",$AL24,$AJ24)+IF($G$1="破竹",$AM24*1.5,0))*(1+$BI24)*(1+$BJ24))*(1+$AN24)*$BO24*$P24*(1+IF(VLOOKUP($Q24,武学奇术!$A:$ZZ,30,FALSE)="弹道",$B$21,0))*(1+$BS24) -> 372745.05 | N24: =((($AP24+$AQ24)/2*$AJ24+$AK24)*(1+$AR24)*(1+$AS24)+(($AU24+$AV24)/2*IF($G$1="鸣金",$AL24,$AJ24)+IF($G$1="鸣金",$AM24*1.5,0))*(1+$AW24)*(1+$AX24)+(($AY24+$AZ24)/2*IF($G$1="裂石",$AL24,$AJ24)+IF($G$1="裂石",$AM24*1.5,0))*(1+$BA24)*(1+$BB24)+(($BC24+$BD24)/2*IF($G$1="牵丝",$AL24,$AJ24)+IF($G$1="牵丝",$AM24*1.5,0))*(1+$BE24)*(1+$BF24)+(($BG24+$BH24)/2*IF($G$1="破竹",$AL24,$AJ24)+IF($G$1="破竹",$AM24*1.5,0))*(1+$BI24)*(1+$BJ24))*(1+$AN24)*$P24*(1+IF(VLOOKUP($Q24,武学奇术!$A:$ZZ,30,FALSE)="弹道",$B$21,0))*(1+$BS24) -> 196503.85 | O24: =((($AP24*$AJ24+$AK24)*(1+$AR24)*(1+$AS24)+($AU24*IF($G$1="鸣金",$AL24,$AJ24)+IF($G$1="鸣金",$AM24*1.5,0))*(1+$AW24)*(1+$AX24)+($AY24*IF($G$1="裂石",$AL24,$AJ24)+IF($G$1="裂石",$AM24*1.5,0))*(1+$BA24)*(1+$BB24)+($BC24*IF($G$1="牵丝",$AL24,$AJ24)+IF($G$1="牵丝",$AM24*1.5,0))*(1+$BE24)*(1+$BF24)+($BG24*IF($G$1="破竹",$AL24,$AJ24)+IF($G$1="破竹",$AM24*1.5,0))*(1+$BI24)*(1+$BJ24))*(1+$AN24))*$P24*(1+IF(VLOOKUP($Q24,武学奇术!$A:$ZZ,30,FALSE)="弹道",$B$21,0))*(1+$BS24) -> 116900.25 | P24: 6 | Q24: 伞～每秒 | R24: 易水歌5层 | S24: 沧海帖6层 | T24: 连中 | U24: 小纵地 | V24: 风墙(弹道) | W24: N/a | X24: N/a | Y24: N/a | Z24: 阴阳 | AA24: N/a | AB24: 惧刃(拐) | AC24: N/a | AD24: N/a | AE24: N/a | AF24: N/a | AG24: N/a | AH24: 无惧 | AI24: =VLOOKUP($Q24,武学奇术!$A:$ZZ,25,FALSE) -> 伞 | AJ24: =VLOOKUP($Q24,武学奇术!$A:$ZZ,26,FALSE) -> 1.174955 | AK24: =VLOOKUP($Q24,武学奇术!$A:$ZZ,27,FALSE)*(1+IF(OR($AI24=$F$4,$AI24=$F$5),$B$22,0)) -> 454.02 | AL24: =VLOOKUP($Q24,武学奇术!$A:$ZZ,28,FALSE) -> 1.762375 | AM24: =VLOOKUP($Q24,武学奇术!$A:$ZZ,29,FALSE)*(1+IF(OR($AI24=$F$4,$AI24=$F$5),$B$22,0)) -> 247.94 | AN24: {=$G$3+IFERROR(VLOOKUP($AI24,$F$4:$G$7,2,FALSE),0)+VLOOKUP($Q24,武学奇术!$A:$ZZ,2,FALSE)+SUM(_xlfn.XLOOKUP($R24:$AH24,增益!$A:$A,增益!$B:$B,0))} -> 1.2041 | AO24: {=VLOOKUP($Q24,武学奇术!$A:$ZZ,5,FALSE)+SUM(_xlfn.XLOOKUP($R24:$AH24,增益!$A:$A,增益!$E:$E,0))} -> 0.075 | AP24: {=$D$10*(1+$AO24)+VLOOKUP($Q24,武学奇术!$A:$ZZ,3,FALSE)+SUM(_xlfn.XLOOKUP($R24:$AH24,增益!$A:$A,增益!$C:$C,0))-$I$2} -> 1974.055 | AQ24: {=$E$10*(1+$AO24)+VLOOKUP($Q24,武学奇术!$A:$ZZ,4,FALSE)+SUM(_xlfn.XLOOKUP($R24:$AH24,增益!$A:$A,增益!$D:$D,0))-$I$2} -> 5941.45 | AR24: {=IF($F$10-$I$3+VLOOKUP($Q24,武学奇术!$A:$ZZ,6,FALSE)+SUM(_xlfn.XLOOKUP(R24:AH24,增益!$A:$A,增益!$F:$F,0))>0,($F$10-$I$3+VLOOKUP($Q24,武学奇术!$A:$ZZ,6,FALSE)+SUM(_xlfn.XLOOKUP(R24:AH24,增益!$A:$A,增益!$F:$F,0)))/200,($F$10-$I$3+VLOOKUP($Q24,武学奇术!$A:$ZZ,6,FALSE)+SUM(_xlfn.XLOOKUP(R24:AH24,增益!$A:$A,增益!$F:$F,0)))/100)} -> 0.3675 | AS24: {=$G$10+VLOOKUP($Q24,武学奇术!$A:$ZZ,7,FALSE)+SUM(_xlfn.XLOOKUP(R24:AH24,增益!$A:$A,增益!$G:$G,0))} -> 0.1 | AT24: {=VLOOKUP($Q24,武学奇术!$A:$ZZ,8,FALSE)+SUM(_xlfn.XLOOKUP(R24:AH24,增益!$A:$A,增益!$H:$H,0))} -> 0 | AU24: =$D$11*(1+$AT24) -> 0 | AV24: =$E$11*(1+$AT24) -> 0 | AW24: {=IF($F$11-$I$4+VLOOKUP($Q24,武学奇术!$A:$ZZ,9,FALSE)+SUM(_xlfn.XLOOKUP(R24:AH24,增益!$A:$A,增益!$I:$I,0))>0,($F$11-$I$4+VLOOKUP($Q24,武学奇术!$A:$ZZ,9,FALSE)+SUM(_xlfn.XLOOKUP(R24:AH24,增益!$A:$A,增益!$I:$I,0)))/200,($F$11-$I$4+VLOOKUP($Q24,武学奇术!$A:$ZZ,9,FALSE)+SUM(_xlfn.XLOOKUP(R24:AH24,增益!$A:$A,增益!$I:$I,0)))/100)} -> -0.14 | AX24: {=$G$11+VLOOKUP($Q24,武学奇术!$A:$ZZ,10,FALSE)+SUM(_xlfn.XLOOKUP(R24:AH24,增益!$A:$A,增益!$J:$J,0))} -> 0 | AY24: =$D$12*(1+$AT24) -> 0 | AZ24: =$E$12*(1+$AT24) -> 0 | BA24: {=IF($F$12-$I$4+VLOOKUP($Q24,武学奇术!$A:$ZZ,11,FALSE)+SUM(_xlfn.XLOOKUP(R24:AH24,增益!$A:$A,增益!$K:$K,0))>0,($F$12-$I$4+VLOOKUP($Q24,武学奇术!$A:$ZZ,11,FALSE)+SUM(_xlfn.XLOOKUP(R24:AH24,增益!$A:$A,增益!$K:$K,0)))/200,($F$12-$I$4+VLOOKUP($Q24,武学奇术!$A:$ZZ,11,FALSE)+SUM(_xlfn.XLOOKUP(R24:AH24,增益!$A:$A,增益!$K:$K,0)))/100)} -> -0.14 | BB24: {=$G$12+VLOOKUP($Q24,武学奇术!$A:$ZZ,12,FALSE)+SUM(_xlfn.XLOOKUP(R24:AH24,增益!$A:$A,增益!$L:$L,0))} -> 0 | BC24: =$D$13*(1+$AT24) -> 571.2 | BD24: =$E$13*(1+$AT24) -> 1077.4 | BE24: {=IF($F$13-$I$4+VLOOKUP($Q24,武学奇术!$A:$ZZ,13,FALSE)+SUM(_xlfn.XLOOKUP(R24:AH24,增益!$A:$A,增益!$M:$M,0))>0,($F$13-$I$4+VLOOKUP($Q24,武学奇术!$A:$ZZ,13,FALSE)+SUM(_xlfn.XLOOKUP(R24:AH24,增益!$A:$A,增益!$K:$K,0)))/200,($F$13-$I$4+VLOOKUP($Q24,武学奇术!$A:$ZZ,13,FALSE)+SUM(_xlfn.XLOOKUP(R24:AH24,增益!$A:$A,增益!$M:$M,0)))/100)} -> 0.08 | BF24: {=$G$13+VLOOKUP($Q24,武学奇术!$A:$ZZ,14,FALSE)+SUM(_xlfn.XLOOKUP(R24:AH24,增益!$A:$A,增益!$N:$N,0))} -> 0.25 | BG24: =$D$14*(1+$AT24) -> 0 | BH24: =$E$14*(1+$AT24) -> 0 | BI24: {=IF($F$14-$I$4+VLOOKUP($Q24,武学奇术!$A:$ZZ,15,FALSE)+SUM(_xlfn.XLOOKUP(R24:AH24,增益!$A:$A,增益!$O:$O,0))>0,($F$14-$I$4+VLOOKUP($Q24,武学奇术!$A:$ZZ,15,FALSE)+SUM(_xlfn.XLOOKUP(R24:AH24,增益!$A:$A,增益!$O:$O,0)))/200,($F$14-$I$4+VLOOKUP($Q24,武学奇术!$A:$ZZ,15,FALSE)+SUM(_xlfn.XLOOKUP(R24:AH24,增益!$A:$A,增益!$O:$O,0)))/100)} -> -0.14 | BJ24: {=$G$14+VLOOKUP($Q24,武学奇术!$A:$ZZ,16,FALSE)+SUM(_xlfn.XLOOKUP(R24:AH24,增益!$A:$A,增益!$P:$P,0))} -> 0 | BK24: =MIN(IF(VLOOKUP($Q24,武学奇术!$A:$ZZ,23,FALSE)=1,100%,$B$8),100%) -> 1 | BL24: {=IF(VLOOKUP($Q24,武学奇术!$A:$ZZ,23,FALSE)=1,100%,MIN(80%,$B$9+VLOOKUP($Q24,武学奇术!$A:$ZZ,17,FALSE)+SUM(_xlfn.XLOOKUP(R24:AH24,增益!$A:$A,增益!$Q:$Q,0)))+$B$11+SUM(_xlfn.XLOOKUP(R24:AH24,增益!$A:$A,增益!$U:$U,0)))*IF(VLOOKUP($Q24,武学奇术!$A:$ZZ,24,FALSE)=1,0,1)} -> 0.9045 | BM24: {=1+$B$13+VLOOKUP($Q24,武学奇术!$A:$ZZ,18,FALSE)+SUM(_xlfn.XLOOKUP(R24:AH24,增益!$A:$A,增益!$R:$R,0))} -> 1.92 | BN24: {=IF(VLOOKUP($Q24,武学奇术!$A:$ZZ,24,FALSE)=1,100%,MIN(40%,$B$10+VLOOKUP($Q24,武学奇术!$A:$ZZ,19,FALSE)+SUM(_xlfn.XLOOKUP(R24:AH24,增益!$A:$A,增益!$S:$S,0)))+$B$12+SUM(_xlfn.XLOOKUP(R24:AH24,增益!$A:$A,增益!$V:$V,0)))*IF(VLOOKUP($Q24,武学奇术!$A:$ZZ,23,FALSE)=1,0,1)} -> 0.0929 | BO24: {=1+$B$14+VLOOKUP($Q24,武学奇术!$A:$ZZ,20,FALSE)+SUM(_xlfn.XLOOKUP(R24:AH24,增益!$A:$A,增益!$T:$T,0))} -> 1.35 | BP24: =MIN((1-BN24)*BK24,BK24*BL24) -> 0.9045 | BQ24: =1-BN24-BP24-BR24 -> 0.0026 | BR24: =IF(VLOOKUP($Q24,武学奇术!$A:$ZZ,22,FALSE)=1,0,(1-$BK24))*(1-$BN24) -> 0 | BS24: {=SUM(_xlfn.XLOOKUP(R24:AH24,增益!$A:$A,增益!$W:$W,0))+$I$5} -> 0.11
K25: =($L25*$BP25+$M25*$BN25+$N25*$BQ25+$O25*$BR25) -> 18550.256 | L25: =((($AP25+$AQ25)/2*$AJ25+$AK25)*(1+$AR25)*(1+$AS25)+(($AU25+$AV25)/2*IF($G$1="鸣金",$AL25,$AJ25)+IF($G$1="鸣金",$AM25*1.5,0))*(1+$AW25)*(1+$AX25)+(($AY25+$AZ25)/2*IF($G$1="裂石",$AL25,$AJ25)+IF($G$1="裂石",$AM25*1.5,0))*(1+$BA25)*(1+$BB25)+(($BC25+$BD25)/2*IF($G$1="牵丝",$AL25,$AJ25)+IF($G$1="牵丝",$AM25*1.5,0))*(1+$BE25)*(1+$BF25)+(($BG25+$BH25)/2*IF($G$1="破竹",$AL25,$AJ25)+IF($G$1="破竹",$AM25*1.5,0))*(1+$BI25)*(1+$BJ25))*(1+$AN25)*$BM25*$P25*(1+IF(VLOOKUP($Q25,武学奇术!$A:$ZZ,30,FALSE)="弹道",$B$21,0))*(1+$BS25) -> 18190.827 | M25: =(($AQ25*$AJ25+$AK25)*(1+$AR25)*(1+$AS25)+($AV25*IF($G$1="鸣金",$AL25,$AJ25)+IF($G$1="鸣金",$AM25*1.5,0))*(1+$AW25)*(1+$AX25)+($AZ25*IF($G$1="裂石",$AL25,$AJ25)+IF($G$1="裂石",$AM25*1.5,0))*(1+$BA25)*(1+$BB25)+($BD25*IF($G$1="牵丝",$AL25,$AJ25)+IF($G$1="牵丝",$AM25*1.5,0))*(1+$BE25)*(1+$BF25)+($BH25*IF($G$1="破竹",$AL25,$AJ25)+IF($G$1="破竹",$AM25*1.5,0))*(1+$BI25)*(1+$BJ25))*(1+$AN25)*$BO25*$P25*(1+IF(VLOOKUP($Q25,武学奇术!$A:$ZZ,30,FALSE)="弹道",$B$21,0))*(1+$BS25) -> 22240.463 | N25: =((($AP25+$AQ25)/2*$AJ25+$AK25)*(1+$AR25)*(1+$AS25)+(($AU25+$AV25)/2*IF($G$1="鸣金",$AL25,$AJ25)+IF($G$1="鸣金",$AM25*1.5,0))*(1+$AW25)*(1+$AX25)+(($AY25+$AZ25)/2*IF($G$1="裂石",$AL25,$AJ25)+IF($G$1="裂石",$AM25*1.5,0))*(1+$BA25)*(1+$BB25)+(($BC25+$BD25)/2*IF($G$1="牵丝",$AL25,$AJ25)+IF($G$1="牵丝",$AM25*1.5,0))*(1+$BE25)*(1+$BF25)+(($BG25+$BH25)/2*IF($G$1="破竹",$AL25,$AJ25)+IF($G$1="破竹",$AM25*1.5,0))*(1+$BI25)*(1+$BJ25))*(1+$AN25)*$P25*(1+IF(VLOOKUP($Q25,武学奇术!$A:$ZZ,30,FALSE)="弹道",$B$21,0))*(1+$BS25) -> 11736.018 | O25: =((($AP25*$AJ25+$AK25)*(1+$AR25)*(1+$AS25)+($AU25*IF($G$1="鸣金",$AL25,$AJ25)+IF($G$1="鸣金",$AM25*1.5,0))*(1+$AW25)*(1+$AX25)+($AY25*IF($G$1="裂石",$AL25,$AJ25)+IF($G$1="裂石",$AM25*1.5,0))*(1+$BA25)*(1+$BB25)+($BC25*IF($G$1="牵丝",$AL25,$AJ25)+IF($G$1="牵丝",$AM25*1.5,0))*(1+$BE25)*(1+$BF25)+($BG25*IF($G$1="破竹",$AL25,$AJ25)+IF($G$1="破竹",$AM25*1.5,0))*(1+$BI25)*(1+$BJ25))*(1+$AN25))*$P25*(1+IF(VLOOKUP($Q25,武学奇术!$A:$ZZ,30,FALSE)="弹道",$B$21,0))*(1+$BS25) -> 6997.6178 | P25: 1 | Q25: 扇Q | R25: 易水歌5层 | S25: 沧海帖5层 | T25: N/a | U25: 小纵地 | V25: N/a | W25: N/a | X25: N/a | Y25: N/a | Z25: 阴阳 | AA25: N/a | AB25: 惧刃(拐) | AC25: N/a | AD25: N/a | AE25: N/a | AF25: N/a | AG25: N/a | AH25: 无惧 | AI25: =VLOOKUP($Q25,武学奇术!$A:$ZZ,25,FALSE) -> 扇 | AJ25: =VLOOKUP($Q25,武学奇术!$A:$ZZ,26,FALSE) -> 0.9271 | AK25: =VLOOKUP($Q25,武学奇术!$A:$ZZ,27,FALSE)*(1+IF(OR($AI25=$F$4,$AI25=$F$5),$B$22,0)) -> 359.8 | AL25: =VLOOKUP($Q25,武学奇术!$A:$ZZ,28,FALSE) -> 1.3907 | AM25: =VLOOKUP($Q25,武学奇术!$A:$ZZ,29,FALSE)*(1+IF(OR($AI25=$F$4,$AI25=$F$5),$B$22,0)) -> 196 | AN25: {=$G$3+IFERROR(VLOOKUP($AI25,$F$4:$G$7,2,FALSE),0)+VLOOKUP($Q25,武学奇术!$A:$ZZ,2,FALSE)+SUM(_xlfn.XLOOKUP($R25:$AH25,增益!$A:$A,增益!$B:$B,0))} -> 0.4689 | AO25: {=VLOOKUP($Q25,武学奇术!$A:$ZZ,5,FALSE)+SUM(_xlfn.XLOOKUP($R25:$AH25,增益!$A:$A,增益!$E:$E,0))} -> 0.075 | AP25: {=$D$10*(1+$AO25)+VLOOKUP($Q25,武学奇术!$A:$ZZ,3,FALSE)+SUM(_xlfn.XLOOKUP($R25:$AH25,增益!$A:$A,增益!$C:$C,0))-$I$2} -> 1974.055 | AQ25: {=$E$10*(1+$AO25)+VLOOKUP($Q25,武学奇术!$A:$ZZ,4,FALSE)+SUM(_xlfn.XLOOKUP($R25:$AH25,增益!$A:$A,增益!$D:$D,0))-$I$2} -> 5941.45 | AR25: {=IF($F$10-$I$3+VLOOKUP($Q25,武学奇术!$A:$ZZ,6,FALSE)+SUM(_xlfn.XLOOKUP(R25:AH25,增益!$A:$A,增益!$F:$F,0))>0,($F$10-$I$3+VLOOKUP($Q25,武学奇术!$A:$ZZ,6,FALSE)+SUM(_xlfn.XLOOKUP(R25:AH25,增益!$A:$A,增益!$F:$F,0)))/200,($F$10-$I$3+VLOOKUP($Q25,武学奇术!$A:$ZZ,6,FALSE)+SUM(_xlfn.XLOOKUP(R25:AH25,增益!$A:$A,增益!$F:$F,0)))/100)} -> 0.3425 | AS25: {=$G$10+VLOOKUP($Q25,武学奇术!$A:$ZZ,7,FALSE)+SUM(_xlfn.XLOOKUP(R25:AH25,增益!$A:$A,增益!$G:$G,0))} -> 0 | AT25: {=VLOOKUP($Q25,武学奇术!$A:$ZZ,8,FALSE)+SUM(_xlfn.XLOOKUP(R25:AH25,增益!$A:$A,增益!$H:$H,0))} -> 0 | AU25: =$D$11*(1+$AT25) -> 0 | AV25: =$E$11*(1+$AT25) -> 0 | AW25: {=IF($F$11-$I$4+VLOOKUP($Q25,武学奇术!$A:$ZZ,9,FALSE)+SUM(_xlfn.XLOOKUP(R25:AH25,增益!$A:$A,增益!$I:$I,0))>0,($F$11-$I$4+VLOOKUP($Q25,武学奇术!$A:$ZZ,9,FALSE)+SUM(_xlfn.XLOOKUP(R25:AH25,增益!$A:$A,增益!$I:$I,0)))/200,($F$11-$I$4+VLOOKUP($Q25,武学奇术!$A:$ZZ,9,FALSE)+SUM(_xlfn.XLOOKUP(R25:AH25,增益!$A:$A,增益!$I:$I,0)))/100)} -> -0.14 | AX25: {=$G$11+VLOOKUP($Q25,武学奇术!$A:$ZZ,10,FALSE)+SUM(_xlfn.XLOOKUP(R25:AH25,增益!$A:$A,增益!$J:$J,0))} -> 0 | AY25: =$D$12*(1+$AT25) -> 0 | AZ25: =$E$12*(1+$AT25) -> 0 | BA25: {=IF($F$12-$I$4+VLOOKUP($Q25,武学奇术!$A:$ZZ,11,FALSE)+SUM(_xlfn.XLOOKUP(R25:AH25,增益!$A:$A,增益!$K:$K,0))>0,($F$12-$I$4+VLOOKUP($Q25,武学奇术!$A:$ZZ,11,FALSE)+SUM(_xlfn.XLOOKUP(R25:AH25,增益!$A:$A,增益!$K:$K,0)))/200,($F$12-$I$4+VLOOKUP($Q25,武学奇术!$A:$ZZ,11,FALSE)+SUM(_xlfn.XLOOKUP(R25:AH25,增益!$A:$A,增益!$K:$K,0)))/100)} -> -0.14 | BB25: {=$G$12+VLOOKUP($Q25,武学奇术!$A:$ZZ,12,FALSE)+SUM(_xlfn.XLOOKUP(R25:AH25,增益!$A:$A,增益!$L:$L,0))} -> 0 | BC25: =$D$13*(1+$AT25) -> 571.2 | BD25: =$E$13*(1+$AT25) -> 1077.4 | BE25: {=IF($F$13-$I$4+VLOOKUP($Q25,武学奇术!$A:$ZZ,13,FALSE)+SUM(_xlfn.XLOOKUP(R25:AH25,增益!$A:$A,增益!$M:$M,0))>0,($F$13-$I$4+VLOOKUP($Q25,武学奇术!$A:$ZZ,13,FALSE)+SUM(_xlfn.XLOOKUP(R25:AH25,增益!$A:$A,增益!$K:$K,0)))/200,($F$13-$I$4+VLOOKUP($Q25,武学奇术!$A:$ZZ,13,FALSE)+SUM(_xlfn.XLOOKUP(R25:AH25,增益!$A:$A,增益!$M:$M,0)))/100)} -> 0.08 | BF25: {=$G$13+VLOOKUP($Q25,武学奇术!$A:$ZZ,14,FALSE)+SUM(_xlfn.XLOOKUP(R25:AH25,增益!$A:$A,增益!$N:$N,0))} -> 0.15 | BG25: =$D$14*(1+$AT25) -> 0 | BH25: =$E$14*(1+$AT25) -> 0 | BI25: {=IF($F$14-$I$4+VLOOKUP($Q25,武学奇术!$A:$ZZ,15,FALSE)+SUM(_xlfn.XLOOKUP(R25:AH25,增益!$A:$A,增益!$O:$O,0))>0,($F$14-$I$4+VLOOKUP($Q25,武学奇术!$A:$ZZ,15,FALSE)+SUM(_xlfn.XLOOKUP(R25:AH25,增益!$A:$A,增益!$O:$O,0)))/200,($F$14-$I$4+VLOOKUP($Q25,武学奇术!$A:$ZZ,15,FALSE)+SUM(_xlfn.XLOOKUP(R25:AH25,增益!$A:$A,增益!$O:$O,0)))/100)} -> -0.14 | BJ25: {=$G$14+VLOOKUP($Q25,武学奇术!$A:$ZZ,16,FALSE)+SUM(_xlfn.XLOOKUP(R25:AH25,增益!$A:$A,增益!$P:$P,0))} -> 0 | BK25: =MIN(IF(VLOOKUP($Q25,武学奇术!$A:$ZZ,23,FALSE)=1,100%,$B$8),100%) -> 1 | BL25: {=IF(VLOOKUP($Q25,武学奇术!$A:$ZZ,23,FALSE)=1,100%,MIN(80%,$B$9+VLOOKUP($Q25,武学奇术!$A:$ZZ,17,FALSE)+SUM(_xlfn.XLOOKUP(R25:AH25,增益!$A:$A,增益!$Q:$Q,0)))+$B$11+SUM(_xlfn.XLOOKUP(R25:AH25,增益!$A:$A,增益!$U:$U,0)))*IF(VLOOKUP($Q25,武学奇术!$A:$ZZ,24,FALSE)=1,0,1)} -> 0.9045 | BM25: {=1+$B$13+VLOOKUP($Q25,武学奇术!$A:$ZZ,18,FALSE)+SUM(_xlfn.XLOOKUP(R25:AH25,增益!$A:$A,增益!$R:$R,0))} -> 1.55 | BN25: {=IF(VLOOKUP($Q25,武学奇术!$A:$ZZ,24,FALSE)=1,100%,MIN(40%,$B$10+VLOOKUP($Q25,武学奇术!$A:$ZZ,19,FALSE)+SUM(_xlfn.XLOOKUP(R25:AH25,增益!$A:$A,增益!$S:$S,0)))+$B$12+SUM(_xlfn.XLOOKUP(R25:AH25,增益!$A:$A,增益!$V:$V,0)))*IF(VLOOKUP($Q25,武学奇术!$A:$ZZ,23,FALSE)=1,0,1)} -> 0.0929 | BO25: {=1+$B$14+VLOOKUP($Q25,武学奇术!$A:$ZZ,20,FALSE)+SUM(_xlfn.XLOOKUP(R25:AH25,增益!$A:$A,增益!$T:$T,0))} -> 1.35 | BP25: =MIN((1-BN25)*BK25,BK25*BL25) -> 0.9045 | BQ25: =1-BN25-BP25-BR25 -> 0.0026 | BR25: =IF(VLOOKUP($Q25,武学奇术!$A:$ZZ,22,FALSE)=1,0,(1-$BK25))*(1-$BN25) -> 0 | BS25: {=SUM(_xlfn.XLOOKUP(R25:AH25,增益!$A:$A,增益!$W:$W,0))+$I$5} -> 0.11
K26: =($L26*$BP26+$M26*$BN26+$N26*$BQ26+$O26*$BR26) -> 77527.128 | L26: =((($AP26+$AQ26)/2*$AJ26+$AK26)*(1+$AR26)*(1+$AS26)+(($AU26+$AV26)/2*IF($G$1="鸣金",$AL26,$AJ26)+IF($G$1="鸣金",$AM26*1.5,0))*(1+$AW26)*(1+$AX26)+(($AY26+$AZ26)/2*IF($G$1="裂石",$AL26,$AJ26)+IF($G$1="裂石",$AM26*1.5,0))*(1+$BA26)*(1+$BB26)+(($BC26+$BD26)/2*IF($G$1="牵丝",$AL26,$AJ26)+IF($G$1="牵丝",$AM26*1.5,0))*(1+$BE26)*(1+$BF26)+(($BG26+$BH26)/2*IF($G$1="破竹",$AL26,$AJ26)+IF($G$1="破竹",$AM26*1.5,0))*(1+$BI26)*(1+$BJ26))*(1+$AN26)*$BM26*$P26*(1+IF(VLOOKUP($Q26,武学奇术!$A:$ZZ,30,FALSE)="弹道",$B$21,0))*(1+$BS26) -> 76076.728 | M26: =(($AQ26*$AJ26+$AK26)*(1+$AR26)*(1+$AS26)+($AV26*IF($G$1="鸣金",$AL26,$AJ26)+IF($G$1="鸣金",$AM26*1.5,0))*(1+$AW26)*(1+$AX26)+($AZ26*IF($G$1="裂石",$AL26,$AJ26)+IF($G$1="裂石",$AM26*1.5,0))*(1+$BA26)*(1+$BB26)+($BD26*IF($G$1="牵丝",$AL26,$AJ26)+IF($G$1="牵丝",$AM26*1.5,0))*(1+$BE26)*(1+$BF26)+($BH26*IF($G$1="破竹",$AL26,$AJ26)+IF($G$1="破竹",$AM26*1.5,0))*(1+$BI26)*(1+$BJ26))*(1+$AN26)*$BO26*$P26*(1+IF(VLOOKUP($Q26,武学奇术!$A:$ZZ,30,FALSE)="弹道",$B$21,0))*(1+$BS26) -> 92453.536 | N26: =((($AP26+$AQ26)/2*$AJ26+$AK26)*(1+$AR26)*(1+$AS26)+(($AU26+$AV26)/2*IF($G$1="鸣金",$AL26,$AJ26)+IF($G$1="鸣金",$AM26*1.5,0))*(1+$AW26)*(1+$AX26)+(($AY26+$AZ26)/2*IF($G$1="裂石",$AL26,$AJ26)+IF($G$1="裂石",$AM26*1.5,0))*(1+$BA26)*(1+$BB26)+(($BC26+$BD26)/2*IF($G$1="牵丝",$AL26,$AJ26)+IF($G$1="牵丝",$AM26*1.5,0))*(1+$BE26)*(1+$BF26)+(($BG26+$BH26)/2*IF($G$1="破竹",$AL26,$AJ26)+IF($G$1="破竹",$AM26*1.5,0))*(1+$BI26)*(1+$BJ26))*(1+$AN26)*$P26*(1+IF(VLOOKUP($Q26,武学奇术!$A:$ZZ,30,FALSE)="弹道",$B$21,0))*(1+$BS26) -> 48767.133 | O26: =((($AP26*$AJ26+$AK26)*(1+$AR26)*(1+$AS26)+($AU26*IF($G$1="鸣金",$AL26,$AJ26)+IF($G$1="鸣金",$AM26*1.5,0))*(1+$AW26)*(1+$AX26)+($AY26*IF($G$1="裂石",$AL26,$AJ26)+IF($G$1="裂石",$AM26*1.5,0))*(1+$BA26)*(1+$BB26)+($BC26*IF($G$1="牵丝",$AL26,$AJ26)+IF($G$1="牵丝",$AM26*1.5,0))*(1+$BE26)*(1+$BF26)+($BG26*IF($G$1="破竹",$AL26,$AJ26)+IF($G$1="破竹",$AM26*1.5,0))*(1+$BI26)*(1+$BJ26))*(1+$AN26))*$P26*(1+IF(VLOOKUP($Q26,武学奇术!$A:$ZZ,30,FALSE)="弹道",$B$21,0))*(1+$BS26) -> 29050.165 | P26: 1 | Q26: 扇左蓄 | R26: 易水歌5层 | S26: 沧海帖6层 | T26: N/a | U26: 小纵地 | V26: 风墙(弹道) | W26: N/a | X26: N/a | Y26: N/a | Z26: 阴阳 | AA26: N/a | AB26: 惧刃(拐) | AC26: N/a | AD26: N/a | AE26: N/a | AF26: N/a | AG26: N/a | AH26: 无惧 | AI26: =VLOOKUP($Q26,武学奇术!$A:$ZZ,25,FALSE) -> 扇 | AJ26: =VLOOKUP($Q26,武学奇术!$A:$ZZ,26,FALSE) -> 2.76138 | AK26: =VLOOKUP($Q26,武学奇术!$A:$ZZ,27,FALSE)*(1+IF(OR($AI26=$F$4,$AI26=$F$5),$B$22,0)) -> 1069.81 | AL26: =VLOOKUP($Q26,武学奇术!$A:$ZZ,28,FALSE) -> 4.14207 | AM26: =VLOOKUP($Q26,武学奇术!$A:$ZZ,29,FALSE)*(1+IF(OR($AI26=$F$4,$AI26=$F$5),$B$22,0)) -> 582.61 | AN26: {=$G$3+IFERROR(VLOOKUP($AI26,$F$4:$G$7,2,FALSE),0)+VLOOKUP($Q26,武学奇术!$A:$ZZ,2,FALSE)+SUM(_xlfn.XLOOKUP($R26:$AH26,增益!$A:$A,增益!$B:$B,0))} -> 0.8689 | AO26: {=VLOOKUP($Q26,武学奇术!$A:$ZZ,5,FALSE)+SUM(_xlfn.XLOOKUP($R26:$AH26,增益!$A:$A,增益!$E:$E,0))} -> 0.075 | AP26: {=$D$10*(1+$AO26)+VLOOKUP($Q26,武学奇术!$A:$ZZ,3,FALSE)+SUM(_xlfn.XLOOKUP($R26:$AH26,增益!$A:$A,增益!$C:$C,0))-$I$2} -> 1974.055 | AQ26: {=$E$10*(1+$AO26)+VLOOKUP($Q26,武学奇术!$A:$ZZ,4,FALSE)+SUM(_xlfn.XLOOKUP($R26:$AH26,增益!$A:$A,增益!$D:$D,0))-$I$2} -> 5941.45 | AR26: {=IF($F$10-$I$3+VLOOKUP($Q26,武学奇术!$A:$ZZ,6,FALSE)+SUM(_xlfn.XLOOKUP(R26:AH26,增益!$A:$A,增益!$F:$F,0))>0,($F$10-$I$3+VLOOKUP($Q26,武学奇术!$A:$ZZ,6,FALSE)+SUM(_xlfn.XLOOKUP(R26:AH26,增益!$A:$A,增益!$F:$F,0)))/200,($F$10-$I$3+VLOOKUP($Q26,武学奇术!$A:$ZZ,6,FALSE)+SUM(_xlfn.XLOOKUP(R26:AH26,增益!$A:$A,增益!$F:$F,0)))/100)} -> 0.3425 | AS26: {=$G$10+VLOOKUP($Q26,武学奇术!$A:$ZZ,7,FALSE)+SUM(_xlfn.XLOOKUP(R26:AH26,增益!$A:$A,增益!$G:$G,0))} -> 0.1 | AT26: {=VLOOKUP($Q26,武学奇术!$A:$ZZ,8,FALSE)+SUM(_xlfn.XLOOKUP(R26:AH26,增益!$A:$A,增益!$H:$H,0))} -> 0 | AU26: =$D$11*(1+$AT26) -> 0 | AV26: =$E$11*(1+$AT26) -> 0 | AW26: {=IF($F$11-$I$4+VLOOKUP($Q26,武学奇术!$A:$ZZ,9,FALSE)+SUM(_xlfn.XLOOKUP(R26:AH26,增益!$A:$A,增益!$I:$I,0))>0,($F$11-$I$4+VLOOKUP($Q26,武学奇术!$A:$ZZ,9,FALSE)+SUM(_xlfn.XLOOKUP(R26:AH26,增益!$A:$A,增益!$I:$I,0)))/200,($F$11-$I$4+VLOOKUP($Q26,武学奇术!$A:$ZZ,9,FALSE)+SUM(_xlfn.XLOOKUP(R26:AH26,增益!$A:$A,增益!$I:$I,0)))/100)} -> -0.14 | AX26: {=$G$11+VLOOKUP($Q26,武学奇术!$A:$ZZ,10,FALSE)+SUM(_xlfn.XLOOKUP(R26:AH26,增益!$A:$A,增益!$J:$J,0))} -> 0 | AY26: =$D$12*(1+$AT26) -> 0 | AZ26: =$E$12*(1+$AT26) -> 0 | BA26: {=IF($F$12-$I$4+VLOOKUP($Q26,武学奇术!$A:$ZZ,11,FALSE)+SUM(_xlfn.XLOOKUP(R26:AH26,增益!$A:$A,增益!$K:$K,0))>0,($F$12-$I$4+VLOOKUP($Q26,武学奇术!$A:$ZZ,11,FALSE)+SUM(_xlfn.XLOOKUP(R26:AH26,增益!$A:$A,增益!$K:$K,0)))/200,($F$12-$I$4+VLOOKUP($Q26,武学奇术!$A:$ZZ,11,FALSE)+SUM(_xlfn.XLOOKUP(R26:AH26,增益!$A:$A,增益!$K:$K,0)))/100)} -> -0.14 | BB26: {=$G$12+VLOOKUP($Q26,武学奇术!$A:$ZZ,12,FALSE)+SUM(_xlfn.XLOOKUP(R26:AH26,增益!$A:$A,增益!$L:$L,0))} -> 0 | BC26: =$D$13*(1+$AT26) -> 571.2 | BD26: =$E$13*(1+$AT26) -> 1077.4 | BE26: {=IF($F$13-$I$4+VLOOKUP($Q26,武学奇术!$A:$ZZ,13,FALSE)+SUM(_xlfn.XLOOKUP(R26:AH26,增益!$A:$A,增益!$M:$M,0))>0,($F$13-$I$4+VLOOKUP($Q26,武学奇术!$A:$ZZ,13,FALSE)+SUM(_xlfn.XLOOKUP(R26:AH26,增益!$A:$A,增益!$K:$K,0)))/200,($F$13-$I$4+VLOOKUP($Q26,武学奇术!$A:$ZZ,13,FALSE)+SUM(_xlfn.XLOOKUP(R26:AH26,增益!$A:$A,增益!$M:$M,0)))/100)} -> 0.08 | BF26: {=$G$13+VLOOKUP($Q26,武学奇术!$A:$ZZ,14,FALSE)+SUM(_xlfn.XLOOKUP(R26:AH26,增益!$A:$A,增益!$N:$N,0))} -> 0.25 | BG26: =$D$14*(1+$AT26) -> 0 | BH26: =$E$14*(1+$AT26) -> 0 | BI26: {=IF($F$14-$I$4+VLOOKUP($Q26,武学奇术!$A:$ZZ,15,FALSE)+SUM(_xlfn.XLOOKUP(R26:AH26,增益!$A:$A,增益!$O:$O,0))>0,($F$14-$I$4+VLOOKUP($Q26,武学奇术!$A:$ZZ,15,FALSE)+SUM(_xlfn.XLOOKUP(R26:AH26,增益!$A:$A,增益!$O:$O,0)))/200,($F$14-$I$4+VLOOKUP($Q26,武学奇术!$A:$ZZ,15,FALSE)+SUM(_xlfn.XLOOKUP(R26:AH26,增益!$A:$A,增益!$O:$O,0)))/100)} -> -0.14 | BJ26: {=$G$14+VLOOKUP($Q26,武学奇术!$A:$ZZ,16,FALSE)+SUM(_xlfn.XLOOKUP(R26:AH26,增益!$A:$A,增益!$P:$P,0))} -> 0 | BK26: =MIN(IF(VLOOKUP($Q26,武学奇术!$A:$ZZ,23,FALSE)=1,100%,$B$8),100%) -> 1 | BL26: {=IF(VLOOKUP($Q26,武学奇术!$A:$ZZ,23,FALSE)=1,100%,MIN(80%,$B$9+VLOOKUP($Q26,武学奇术!$A:$ZZ,17,FALSE)+SUM(_xlfn.XLOOKUP(R26:AH26,增益!$A:$A,增益!$Q:$Q,0)))+$B$11+SUM(_xlfn.XLOOKUP(R26:AH26,增益!$A:$A,增益!$U:$U,0)))*IF(VLOOKUP($Q26,武学奇术!$A:$ZZ,24,FALSE)=1,0,1)} -> 0.9045 | BM26: {=1+$B$13+VLOOKUP($Q26,武学奇术!$A:$ZZ,18,FALSE)+SUM(_xlfn.XLOOKUP(R26:AH26,增益!$A:$A,增益!$R:$R,0))} -> 1.56 | BN26: {=IF(VLOOKUP($Q26,武学奇术!$A:$ZZ,24,FALSE)=1,100%,MIN(40%,$B$10+VLOOKUP($Q26,武学奇术!$A:$ZZ,19,FALSE)+SUM(_xlfn.XLOOKUP(R26:AH26,增益!$A:$A,增益!$S:$S,0)))+$B$12+SUM(_xlfn.XLOOKUP(R26:AH26,增益!$A:$A,增益!$V:$V,0)))*IF(VLOOKUP($Q26,武学奇术!$A:$ZZ,23,FALSE)=1,0,1)} -> 0.0929 | BO26: {=1+$B$14+VLOOKUP($Q26,武学奇术!$A:$ZZ,20,FALSE)+SUM(_xlfn.XLOOKUP(R26:AH26,增益!$A:$A,增益!$T:$T,0))} -> 1.35 | BP26: =MIN((1-BN26)*BK26,BK26*BL26) -> 0.9045 | BQ26: =1-BN26-BP26-BR26 -> 0.0026 | BR26: =IF(VLOOKUP($Q26,武学奇术!$A:$ZZ,22,FALSE)=1,0,(1-$BK26))*(1-$BN26) -> 0 | BS26: {=SUM(_xlfn.XLOOKUP(R26:AH26,增益!$A:$A,增益!$W:$W,0))+$I$5} -> 0.11
K27: =($L27*$BP27+$M27*$BN27+$N27*$BQ27+$O27*$BR27) -> 82720.926 | L27: =((($AP27+$AQ27)/2*$AJ27+$AK27)*(1+$AR27)*(1+$AS27)+(($AU27+$AV27)/2*IF($G$1="鸣金",$AL27,$AJ27)+IF($G$1="鸣金",$AM27*1.5,0))*(1+$AW27)*(1+$AX27)+(($AY27+$AZ27)/2*IF($G$1="裂石",$AL27,$AJ27)+IF($G$1="裂石",$AM27*1.5,0))*(1+$BA27)*(1+$BB27)+(($BC27+$BD27)/2*IF($G$1="牵丝",$AL27,$AJ27)+IF($G$1="牵丝",$AM27*1.5,0))*(1+$BE27)*(1+$BF27)+(($BG27+$BH27)/2*IF($G$1="破竹",$AL27,$AJ27)+IF($G$1="破竹",$AM27*1.5,0))*(1+$BI27)*(1+$BJ27))*(1+$AN27)*$BM27*$P27*(1+IF(VLOOKUP($Q27,武学奇术!$A:$ZZ,30,FALSE)="弹道",$B$21,0))*(1+$BS27) -> 80936.394 | M27: =(($AQ27*$AJ27+$AK27)*(1+$AR27)*(1+$AS27)+($AV27*IF($G$1="鸣金",$AL27,$AJ27)+IF($G$1="鸣金",$AM27*1.5,0))*(1+$AW27)*(1+$AX27)+($AZ27*IF($G$1="裂石",$AL27,$AJ27)+IF($G$1="裂石",$AM27*1.5,0))*(1+$BA27)*(1+$BB27)+($BD27*IF($G$1="牵丝",$AL27,$AJ27)+IF($G$1="牵丝",$AM27*1.5,0))*(1+$BE27)*(1+$BF27)+($BH27*IF($G$1="破竹",$AL27,$AJ27)+IF($G$1="破竹",$AM27*1.5,0))*(1+$BI27)*(1+$BJ27))*(1+$AN27)*$BO27*$P27*(1+IF(VLOOKUP($Q27,武学奇术!$A:$ZZ,30,FALSE)="弹道",$B$21,0))*(1+$BS27) -> 100958.71 | N27: =((($AP27+$AQ27)/2*$AJ27+$AK27)*(1+$AR27)*(1+$AS27)+(($AU27+$AV27)/2*IF($G$1="鸣金",$AL27,$AJ27)+IF($G$1="鸣金",$AM27*1.5,0))*(1+$AW27)*(1+$AX27)+(($AY27+$AZ27)/2*IF($G$1="裂石",$AL27,$AJ27)+IF($G$1="裂石",$AM27*1.5,0))*(1+$BA27)*(1+$BB27)+(($BC27+$BD27)/2*IF($G$1="牵丝",$AL27,$AJ27)+IF($G$1="牵丝",$AM27*1.5,0))*(1+$BE27)*(1+$BF27)+(($BG27+$BH27)/2*IF($G$1="破竹",$AL27,$AJ27)+IF($G$1="破竹",$AM27*1.5,0))*(1+$BI27)*(1+$BJ27))*(1+$AN27)*$P27*(1+IF(VLOOKUP($Q27,武学奇术!$A:$ZZ,30,FALSE)="弹道",$B$21,0))*(1+$BS27) -> 51882.304 | O27: =((($AP27*$AJ27+$AK27)*(1+$AR27)*(1+$AS27)+($AU27*IF($G$1="鸣金",$AL27,$AJ27)+IF($G$1="鸣金",$AM27*1.5,0))*(1+$AW27)*(1+$AX27)+($AY27*IF($G$1="裂石",$AL27,$AJ27)+IF($G$1="裂石",$AM27*1.5,0))*(1+$BA27)*(1+$BB27)+($BC27*IF($G$1="牵丝",$AL27,$AJ27)+IF($G$1="牵丝",$AM27*1.5,0))*(1+$BE27)*(1+$BF27)+($BG27*IF($G$1="破竹",$AL27,$AJ27)+IF($G$1="破竹",$AM27*1.5,0))*(1+$BI27)*(1+$BJ27))*(1+$AN27))*$P27*(1+IF(VLOOKUP($Q27,武学奇术!$A:$ZZ,30,FALSE)="弹道",$B$21,0))*(1+$BS27) -> 28980.382 | P27: 1 | Q27: 神龙吐火暗灼2hit | R27: 易水歌5层 | S27: 沧海帖6层 | T27: N/a | U27: 小纵地 | V27: N/a | W27: N/a | X27: N/a | Y27: N/a | Z27: 阴阳 | AA27: N/a | AB27: 惧刃(拐) | AC27: N/a | AD27: N/a | AE27: N/a | AF27: N/a | AG27: N/a | AH27: 无惧 | AI27: =VLOOKUP($Q27,武学奇术!$A:$ZZ,25,FALSE) -> 单体奇术 | AJ27: =VLOOKUP($Q27,武学奇术!$A:$ZZ,26,FALSE) -> 3.9855 | AK27: =VLOOKUP($Q27,武学奇术!$A:$ZZ,27,FALSE)*(1+IF(OR($AI27=$F$4,$AI27=$F$5),$B$22,0)) -> 749 | AL27: =VLOOKUP($Q27,武学奇术!$A:$ZZ,28,FALSE) -> 5.97825 | AM27: =VLOOKUP($Q27,武学奇术!$A:$ZZ,29,FALSE)*(1+IF(OR($AI27=$F$4,$AI27=$F$5),$B$22,0)) -> 0 | AN27: {=$G$3+IFERROR(VLOOKUP($AI27,$F$4:$G$7,2,FALSE),0)+VLOOKUP($Q27,武学奇术!$A:$ZZ,2,FALSE)+SUM(_xlfn.XLOOKUP($R27:$AH27,增益!$A:$A,增益!$B:$B,0))} -> 0.6515 | AO27: {=VLOOKUP($Q27,武学奇术!$A:$ZZ,5,FALSE)+SUM(_xlfn.XLOOKUP($R27:$AH27,增益!$A:$A,增益!$E:$E,0))} -> 0.075 | AP27: {=$D$10*(1+$AO27)+VLOOKUP($Q27,武学奇术!$A:$ZZ,3,FALSE)+SUM(_xlfn.XLOOKUP($R27:$AH27,增益!$A:$A,增益!$C:$C,0))-$I$2} -> 1974.055 | AQ27: {=$E$10*(1+$AO27)+VLOOKUP($Q27,武学奇术!$A:$ZZ,4,FALSE)+SUM(_xlfn.XLOOKUP($R27:$AH27,增益!$A:$A,增益!$D:$D,0))-$I$2} -> 5941.45 | AR27: {=IF($F$10-$I$3+VLOOKUP($Q27,武学奇术!$A:$ZZ,6,FALSE)+SUM(_xlfn.XLOOKUP(R27:AH27,增益!$A:$A,增益!$F:$F,0))>0,($F$10-$I$3+VLOOKUP($Q27,武学奇术!$A:$ZZ,6,FALSE)+SUM(_xlfn.XLOOKUP(R27:AH27,增益!$A:$A,增益!$F:$F,0)))/200,($F$10-$I$3+VLOOKUP($Q27,武学奇术!$A:$ZZ,6,FALSE)+SUM(_xlfn.XLOOKUP(R27:AH27,增益!$A:$A,增益!$F:$F,0)))/100)} -> 0.3425 | AS27: {=$G$10+VLOOKUP($Q27,武学奇术!$A:$ZZ,7,FALSE)+SUM(_xlfn.XLOOKUP(R27:AH27,增益!$A:$A,增益!$G:$G,0))} -> 0 | AT27: {=VLOOKUP($Q27,武学奇术!$A:$ZZ,8,FALSE)+SUM(_xlfn.XLOOKUP(R27:AH27,增益!$A:$A,增益!$H:$H,0))} -> 0 | AU27: =$D$11*(1+$AT27) -> 0 | AV27: =$E$11*(1+$AT27) -> 0 | AW27: {=IF($F$11-$I$4+VLOOKUP($Q27,武学奇术!$A:$ZZ,9,FALSE)+SUM(_xlfn.XLOOKUP(R27:AH27,增益!$A:$A,增益!$I:$I,0))>0,($F$11-$I$4+VLOOKUP($Q27,武学奇术!$A:$ZZ,9,FALSE)+SUM(_xlfn.XLOOKUP(R27:AH27,增益!$A:$A,增益!$I:$I,0)))/200,($F$11-$I$4+VLOOKUP($Q27,武学奇术!$A:$ZZ,9,FALSE)+SUM(_xlfn.XLOOKUP(R27:AH27,增益!$A:$A,增益!$I:$I,0)))/100)} -> -0.14 | AX27: {=$G$11+VLOOKUP($Q27,武学奇术!$A:$ZZ,10,FALSE)+SUM(_xlfn.XLOOKUP(R27:AH27,增益!$A:$A,增益!$J:$J,0))} -> 0 | AY27: =$D$12*(1+$AT27) -> 0 | AZ27: =$E$12*(1+$AT27) -> 0 | BA27: {=IF($F$12-$I$4+VLOOKUP($Q27,武学奇术!$A:$ZZ,11,FALSE)+SUM(_xlfn.XLOOKUP(R27:AH27,增益!$A:$A,增益!$K:$K,0))>0,($F$12-$I$4+VLOOKUP($Q27,武学奇术!$A:$ZZ,11,FALSE)+SUM(_xlfn.XLOOKUP(R27:AH27,增益!$A:$A,增益!$K:$K,0)))/200,($F$12-$I$4+VLOOKUP($Q27,武学奇术!$A:$ZZ,11,FALSE)+SUM(_xlfn.XLOOKUP(R27:AH27,增益!$A:$A,增益!$K:$K,0)))/100)} -> -0.14 | BB27: {=$G$12+VLOOKUP($Q27,武学奇术!$A:$ZZ,12,FALSE)+SUM(_xlfn.XLOOKUP(R27:AH27,增益!$A:$A,增益!$L:$L,0))} -> 0 | BC27: =$D$13*(1+$AT27) -> 571.2 | BD27: =$E$13*(1+$AT27) -> 1077.4 | BE27: {=IF($F$13-$I$4+VLOOKUP($Q27,武学奇术!$A:$ZZ,13,FALSE)+SUM(_xlfn.XLOOKUP(R27:AH27,增益!$A:$A,增益!$M:$M,0))>0,($F$13-$I$4+VLOOKUP($Q27,武学奇术!$A:$ZZ,13,FALSE)+SUM(_xlfn.XLOOKUP(R27:AH27,增益!$A:$A,增益!$K:$K,0)))/200,($F$13-$I$4+VLOOKUP($Q27,武学奇术!$A:$ZZ,13,FALSE)+SUM(_xlfn.XLOOKUP(R27:AH27,增益!$A:$A,增益!$M:$M,0)))/100)} -> 0.08 | BF27: {=$G$13+VLOOKUP($Q27,武学奇术!$A:$ZZ,14,FALSE)+SUM(_xlfn.XLOOKUP(R27:AH27,增益!$A:$A,增益!$N:$N,0))} -> 0.15 | BG27: =$D$14*(1+$AT27) -> 0 | BH27: =$E$14*(1+$AT27) -> 0 | BI27: {=IF($F$14-$I$4+VLOOKUP($Q27,武学奇术!$A:$ZZ,15,FALSE)+SUM(_xlfn.XLOOKUP(R27:AH27,增益!$A:$A,增益!$O:$O,0))>0,($F$14-$I$4+VLOOKUP($Q27,武学奇术!$A:$ZZ,15,FALSE)+SUM(_xlfn.XLOOKUP(R27:AH27,增益!$A:$A,增益!$O:$O,0)))/200,($F$14-$I$4+VLOOKUP($Q27,武学奇术!$A:$ZZ,15,FALSE)+SUM(_xlfn.XLOOKUP(R27:AH27,增益!$A:$A,增益!$O:$O,0)))/100)} -> -0.14 | BJ27: {=$G$14+VLOOKUP($Q27,武学奇术!$A:$ZZ,16,FALSE)+SUM(_xlfn.XLOOKUP(R27:AH27,增益!$A:$A,增益!$P:$P,0))} -> 0 | BK27: =MIN(IF(VLOOKUP($Q27,武学奇术!$A:$ZZ,23,FALSE)=1,100%,$B$8),100%) -> 1 | BL27: {=IF(VLOOKUP($Q27,武学奇术!$A:$ZZ,23,FALSE)=1,100%,MIN(80%,$B$9+VLOOKUP($Q27,武学奇术!$A:$ZZ,17,FALSE)+SUM(_xlfn.XLOOKUP(R27:AH27,增益!$A:$A,增益!$Q:$Q,0)))+$B$11+SUM(_xlfn.XLOOKUP(R27:AH27,增益!$A:$A,增益!$U:$U,0)))*IF(VLOOKUP($Q27,武学奇术!$A:$ZZ,24,FALSE)=1,0,1)} -> 0.9045 | BM27: {=1+$B$13+VLOOKUP($Q27,武学奇术!$A:$ZZ,18,FALSE)+SUM(_xlfn.XLOOKUP(R27:AH27,增益!$A:$A,增益!$R:$R,0))} -> 1.56 | BN27: {=IF(VLOOKUP($Q27,武学奇术!$A:$ZZ,24,FALSE)=1,100%,MIN(40%,$B$10+VLOOKUP($Q27,武学奇术!$A:$ZZ,19,FALSE)+SUM(_xlfn.XLOOKUP(R27:AH27,增益!$A:$A,增益!$S:$S,0)))+$B$12+SUM(_xlfn.XLOOKUP(R27:AH27,增益!$A:$A,增益!$V:$V,0)))*IF(VLOOKUP($Q27,武学奇术!$A:$ZZ,23,FALSE)=1,0,1)} -> 0.0929 | BO27: {=1+$B$14+VLOOKUP($Q27,武学奇术!$A:$ZZ,20,FALSE)+SUM(_xlfn.XLOOKUP(R27:AH27,增益!$A:$A,增益!$T:$T,0))} -> 1.35 | BP27: =MIN((1-BN27)*BK27,BK27*BL27) -> 0.9045 | BQ27: =1-BN27-BP27-BR27 -> 0.0026 | BR27: =IF(VLOOKUP($Q27,武学奇术!$A:$ZZ,22,FALSE)=1,0,(1-$BK27))*(1-$BN27) -> 0 | BS27: {=SUM(_xlfn.XLOOKUP(R27:AH27,增益!$A:$A,增益!$W:$W,0))+$I$5} -> 0.11
K28: =($L28*$BP28+$M28*$BN28+$N28*$BQ28+$O28*$BR28) -> 33482.001 | L28: =((($AP28+$AQ28)/2*$AJ28+$AK28)*(1+$AR28)*(1+$AS28)+(($AU28+$AV28)/2*IF($G$1="鸣金",$AL28,$AJ28)+IF($G$1="鸣金",$AM28*1.5,0))*(1+$AW28)*(1+$AX28)+(($AY28+$AZ28)/2*IF($G$1="裂石",$AL28,$AJ28)+IF($G$1="裂石",$AM28*1.5,0))*(1+$BA28)*(1+$BB28)+(($BC28+$BD28)/2*IF($G$1="牵丝",$AL28,$AJ28)+IF($G$1="牵丝",$AM28*1.5,0))*(1+$BE28)*(1+$BF28)+(($BG28+$BH28)/2*IF($G$1="破竹",$AL28,$AJ28)+IF($G$1="破竹",$AM28*1.5,0))*(1+$BI28)*(1+$BJ28))*(1+$AN28)*$BM28*$P28*(1+IF(VLOOKUP($Q28,武学奇术!$A:$ZZ,30,FALSE)="弹道",$B$21,0))*(1+$BS28) -> 32777.778 | M28: =(($AQ28*$AJ28+$AK28)*(1+$AR28)*(1+$AS28)+($AV28*IF($G$1="鸣金",$AL28,$AJ28)+IF($G$1="鸣金",$AM28*1.5,0))*(1+$AW28)*(1+$AX28)+($AZ28*IF($G$1="裂石",$AL28,$AJ28)+IF($G$1="裂石",$AM28*1.5,0))*(1+$BA28)*(1+$BB28)+($BD28*IF($G$1="牵丝",$AL28,$AJ28)+IF($G$1="牵丝",$AM28*1.5,0))*(1+$BE28)*(1+$BF28)+($BH28*IF($G$1="破竹",$AL28,$AJ28)+IF($G$1="破竹",$AM28*1.5,0))*(1+$BI28)*(1+$BJ28))*(1+$AN28)*$BO28*$P28*(1+IF(VLOOKUP($Q28,武学奇术!$A:$ZZ,30,FALSE)="弹道",$B$21,0))*(1+$BS28) -> 40691.266 | N28: =((($AP28+$AQ28)/2*$AJ28+$AK28)*(1+$AR28)*(1+$AS28)+(($AU28+$AV28)/2*IF($G$1="鸣金",$AL28,$AJ28)+IF($G$1="鸣金",$AM28*1.5,0))*(1+$AW28)*(1+$AX28)+(($AY28+$AZ28)/2*IF($G$1="裂石",$AL28,$AJ28)+IF($G$1="裂石",$AM28*1.5,0))*(1+$BA28)*(1+$BB28)+(($BC28+$BD28)/2*IF($G$1="牵丝",$AL28,$AJ28)+IF($G$1="牵丝",$AM28*1.5,0))*(1+$BE28)*(1+$BF28)+(($BG28+$BH28)/2*IF($G$1="破竹",$AL28,$AJ28)+IF($G$1="破竹",$AM28*1.5,0))*(1+$BI28)*(1+$BJ28))*(1+$AN28)*$P28*(1+IF(VLOOKUP($Q28,武学奇术!$A:$ZZ,30,FALSE)="弹道",$B$21,0))*(1+$BS28) -> 20877.566 | O28: =((($AP28*$AJ28+$AK28)*(1+$AR28)*(1+$AS28)+($AU28*IF($G$1="鸣金",$AL28,$AJ28)+IF($G$1="鸣金",$AM28*1.5,0))*(1+$AW28)*(1+$AX28)+($AY28*IF($G$1="裂石",$AL28,$AJ28)+IF($G$1="裂石",$AM28*1.5,0))*(1+$BA28)*(1+$BB28)+($BC28*IF($G$1="牵丝",$AL28,$AJ28)+IF($G$1="牵丝",$AM28*1.5,0))*(1+$BE28)*(1+$BF28)+($BG28*IF($G$1="破竹",$AL28,$AJ28)+IF($G$1="破竹",$AM28*1.5,0))*(1+$BI28)*(1+$BJ28))*(1+$AN28))*$P28*(1+IF(VLOOKUP($Q28,武学奇术!$A:$ZZ,30,FALSE)="弹道",$B$21,0))*(1+$BS28) -> 11613.453 | P28: 6 | Q28: 神龙吐火暗灼dot | R28: 易水歌5层 | S28: 沧海帖7层 | T28: N/a | U28: 小纵地 | V28: N/a | W28: N/a | X28: N/a | Y28: N/a | Z28: 阴阳 | AA28: N/a | AB28: N/a | AC28: N/a | AD28: N/a | AE28: 惊神(拐) | AF28: N/a | AG28: N/a | AH28: 无惧 | AI28: =VLOOKUP($Q28,武学奇术!$A:$ZZ,25,FALSE) -> 单体奇术 | AJ28: =VLOOKUP($Q28,武学奇术!$A:$ZZ,26,FALSE) -> 0.236 | AK28: =VLOOKUP($Q28,武学奇术!$A:$ZZ,27,FALSE)*(1+IF(OR($AI28=$F$4,$AI28=$F$5),$B$22,0)) -> 44 | AL28: =VLOOKUP($Q28,武学奇术!$A:$ZZ,28,FALSE) -> 0.354 | AM28: =VLOOKUP($Q28,武学奇术!$A:$ZZ,29,FALSE)*(1+IF(OR($AI28=$F$4,$AI28=$F$5),$B$22,0)) -> 0 | AN28: {=$G$3+IFERROR(VLOOKUP($AI28,$F$4:$G$7,2,FALSE),0)+VLOOKUP($Q28,武学奇术!$A:$ZZ,2,FALSE)+SUM(_xlfn.XLOOKUP($R28:$AH28,增益!$A:$A,增益!$B:$B,0))} -> 0.9015 | AO28: {=VLOOKUP($Q28,武学奇术!$A:$ZZ,5,FALSE)+SUM(_xlfn.XLOOKUP($R28:$AH28,增益!$A:$A,增益!$E:$E,0))} -> 0.075 | AP28: {=$D$10*(1+$AO28)+VLOOKUP($Q28,武学奇术!$A:$ZZ,3,FALSE)+SUM(_xlfn.XLOOKUP($R28:$AH28,增益!$A:$A,增益!$C:$C,0))-$I$2} -> 1974.055 | AQ28: {=$E$10*(1+$AO28)+VLOOKUP($Q28,武学奇术!$A:$ZZ,4,FALSE)+SUM(_xlfn.XLOOKUP($R28:$AH28,增益!$A:$A,增益!$D:$D,0))-$I$2} -> 5941.45 | AR28: {=IF($F$10-$I$3+VLOOKUP($Q28,武学奇术!$A:$ZZ,6,FALSE)+SUM(_xlfn.XLOOKUP(R28:AH28,增益!$A:$A,增益!$F:$F,0))>0,($F$10-$I$3+VLOOKUP($Q28,武学奇术!$A:$ZZ,6,FALSE)+SUM(_xlfn.XLOOKUP(R28:AH28,增益!$A:$A,增益!$F:$F,0)))/200,($F$10-$I$3+VLOOKUP($Q28,武学奇术!$A:$ZZ,6,FALSE)+SUM(_xlfn.XLOOKUP(R28:AH28,增益!$A:$A,增益!$F:$F,0)))/100)} -> 0.3425 | AS28: {=$G$10+VLOOKUP($Q28,武学奇术!$A:$ZZ,7,FALSE)+SUM(_xlfn.XLOOKUP(R28:AH28,增益!$A:$A,增益!$G:$G,0))} -> 0 | AT28: {=VLOOKUP($Q28,武学奇术!$A:$ZZ,8,FALSE)+SUM(_xlfn.XLOOKUP(R28:AH28,增益!$A:$A,增益!$H:$H,0))} -> 0 | AU28: =$D$11*(1+$AT28) -> 0 | AV28: =$E$11*(1+$AT28) -> 0 | AW28: {=IF($F$11-$I$4+VLOOKUP($Q28,武学奇术!$A:$ZZ,9,FALSE)+SUM(_xlfn.XLOOKUP(R28:AH28,增益!$A:$A,增益!$I:$I,0))>0,($F$11-$I$4+VLOOKUP($Q28,武学奇术!$A:$ZZ,9,FALSE)+SUM(_xlfn.XLOOKUP(R28:AH28,增益!$A:$A,增益!$I:$I,0)))/200,($F$11-$I$4+VLOOKUP($Q28,武学奇术!$A:$ZZ,9,FALSE)+SUM(_xlfn.XLOOKUP(R28:AH28,增益!$A:$A,增益!$I:$I,0)))/100)} -> -0.3 | AX28: {=$G$11+VLOOKUP($Q28,武学奇术!$A:$ZZ,10,FALSE)+SUM(_xlfn.XLOOKUP(R28:AH28,增益!$A:$A,增益!$J:$J,0))} -> 0 | AY28: =$D$12*(1+$AT28) -> 0 | AZ28: =$E$12*(1+$AT28) -> 0 | BA28: {=IF($F$12-$I$4+VLOOKUP($Q28,武学奇术!$A:$ZZ,11,FALSE)+SUM(_xlfn.XLOOKUP(R28:AH28,增益!$A:$A,增益!$K:$K,0))>0,($F$12-$I$4+VLOOKUP($Q28,武学奇术!$A:$ZZ,11,FALSE)+SUM(_xlfn.XLOOKUP(R28:AH28,增益!$A:$A,增益!$K:$K,0)))/200,($F$12-$I$4+VLOOKUP($Q28,武学奇术!$A:$ZZ,11,FALSE)+SUM(_xlfn.XLOOKUP(R28:AH28,增益!$A:$A,增益!$K:$K,0)))/100)} -> -0.3 | BB28: {=$G$12+VLOOKUP($Q28,武学奇术!$A:$ZZ,12,FALSE)+SUM(_xlfn.XLOOKUP(R28:AH28,增益!$A:$A,增益!$L:$L,0))} -> 0 | BC28: =$D$13*(1+$AT28) -> 571.2 | BD28: =$E$13*(1+$AT28) -> 1077.4 | BE28: {=IF($F$13-$I$4+VLOOKUP($Q28,武学奇术!$A:$ZZ,13,FALSE)+SUM(_xlfn.XLOOKUP(R28:AH28,增益!$A:$A,增益!$M:$M,0))>0,($F$13-$I$4+VLOOKUP($Q28,武学奇术!$A:$ZZ,13,FALSE)+SUM(_xlfn.XLOOKUP(R28:AH28,增益!$A:$A,增益!$K:$K,0)))/200,($F$13-$I$4+VLOOKUP($Q28,武学奇术!$A:$ZZ,13,FALSE)+SUM(_xlfn.XLOOKUP(R28:AH28,增益!$A:$A,增益!$M:$M,0)))/100)} -> 0 | BF28: {=$G$13+VLOOKUP($Q28,武学奇术!$A:$ZZ,14,FALSE)+SUM(_xlfn.XLOOKUP(R28:AH28,增益!$A:$A,增益!$N:$N,0))} -> 0.15 | BG28: =$D$14*(1+$AT28) -> 0 | BH28: =$E$14*(1+$AT28) -> 0 | BI28: {=IF($F$14-$I$4+VLOOKUP($Q28,武学奇术!$A:$ZZ,15,FALSE)+SUM(_xlfn.XLOOKUP(R28:AH28,增益!$A:$A,增益!$O:$O,0))>0,($F$14-$I$4+VLOOKUP($Q28,武学奇术!$A:$ZZ,15,FALSE)+SUM(_xlfn.XLOOKUP(R28:AH28,增益!$A:$A,增益!$O:$O,0)))/200,($F$14-$I$4+VLOOKUP($Q28,武学奇术!$A:$ZZ,15,FALSE)+SUM(_xlfn.XLOOKUP(R28:AH28,增益!$A:$A,增益!$O:$O,0)))/100)} -> -0.3 | BJ28: {=$G$14+VLOOKUP($Q28,武学奇术!$A:$ZZ,16,FALSE)+SUM(_xlfn.XLOOKUP(R28:AH28,增益!$A:$A,增益!$P:$P,0))} -> 0 | BK28: =MIN(IF(VLOOKUP($Q28,武学奇术!$A:$ZZ,23,FALSE)=1,100%,$B$8),100%) -> 1 | BL28: {=IF(VLOOKUP($Q28,武学奇术!$A:$ZZ,23,FALSE)=1,100%,MIN(80%,$B$9+VLOOKUP($Q28,武学奇术!$A:$ZZ,17,FALSE)+SUM(_xlfn.XLOOKUP(R28:AH28,增益!$A:$A,增益!$Q:$Q,0)))+$B$11+SUM(_xlfn.XLOOKUP(R28:AH28,增益!$A:$A,增益!$U:$U,0)))*IF(VLOOKUP($Q28,武学奇术!$A:$ZZ,24,FALSE)=1,0,1)} -> 0.9045 | BM28: {=1+$B$13+VLOOKUP($Q28,武学奇术!$A:$ZZ,18,FALSE)+SUM(_xlfn.XLOOKUP(R28:AH28,增益!$A:$A,增益!$R:$R,0))} -> 1.57 | BN28: {=IF(VLOOKUP($Q28,武学奇术!$A:$ZZ,24,FALSE)=1,100%,MIN(40%,$B$10+VLOOKUP($Q28,武学奇术!$A:$ZZ,19,FALSE)+SUM(_xlfn.XLOOKUP(R28:AH28,增益!$A:$A,增益!$S:$S,0)))+$B$12+SUM(_xlfn.XLOOKUP(R28:AH28,增益!$A:$A,增益!$V:$V,0)))*IF(VLOOKUP($Q28,武学奇术!$A:$ZZ,23,FALSE)=1,0,1)} -> 0.0929 | BO28: {=1+$B$14+VLOOKUP($Q28,武学奇术!$A:$ZZ,20,FALSE)+SUM(_xlfn.XLOOKUP(R28:AH28,增益!$A:$A,增益!$T:$T,0))} -> 1.35 | BP28: =MIN((1-BN28)*BK28,BK28*BL28) -> 0.9045 | BQ28: =1-BN28-BP28-BR28 -> 0.0026 | BR28: =IF(VLOOKUP($Q28,武学奇术!$A:$ZZ,22,FALSE)=1,0,(1-$BK28))*(1-$BN28) -> 0 | BS28: {=SUM(_xlfn.XLOOKUP(R28:AH28,增益!$A:$A,增益!$W:$W,0))+$I$5} -> 0.11
K29: =($L29*$BP29+$M29*$BN29+$N29*$BQ29+$O29*$BR29) -> 31014.711 | L29: =((($AP29+$AQ29)/2*$AJ29+$AK29)*(1+$AR29)*(1+$AS29)+(($AU29+$AV29)/2*IF($G$1="鸣金",$AL29,$AJ29)+IF($G$1="鸣金",$AM29*1.5,0))*(1+$AW29)*(1+$AX29)+(($AY29+$AZ29)/2*IF($G$1="裂石",$AL29,$AJ29)+IF($G$1="裂石",$AM29*1.5,0))*(1+$BA29)*(1+$BB29)+(($BC29+$BD29)/2*IF($G$1="牵丝",$AL29,$AJ29)+IF($G$1="牵丝",$AM29*1.5,0))*(1+$BE29)*(1+$BF29)+(($BG29+$BH29)/2*IF($G$1="破竹",$AL29,$AJ29)+IF($G$1="破竹",$AM29*1.5,0))*(1+$BI29)*(1+$BJ29))*(1+$AN29)*$BM29*$P29*(1+IF(VLOOKUP($Q29,武学奇术!$A:$ZZ,30,FALSE)="弹道",$B$21,0))*(1+$BS29) -> 30384.407 | M29: =(($AQ29*$AJ29+$AK29)*(1+$AR29)*(1+$AS29)+($AV29*IF($G$1="鸣金",$AL29,$AJ29)+IF($G$1="鸣金",$AM29*1.5,0))*(1+$AW29)*(1+$AX29)+($AZ29*IF($G$1="裂石",$AL29,$AJ29)+IF($G$1="裂石",$AM29*1.5,0))*(1+$BA29)*(1+$BB29)+($BD29*IF($G$1="牵丝",$AL29,$AJ29)+IF($G$1="牵丝",$AM29*1.5,0))*(1+$BE29)*(1+$BF29)+($BH29*IF($G$1="破竹",$AL29,$AJ29)+IF($G$1="破竹",$AM29*1.5,0))*(1+$BI29)*(1+$BJ29))*(1+$AN29)*$BO29*$P29*(1+IF(VLOOKUP($Q29,武学奇术!$A:$ZZ,30,FALSE)="弹道",$B$21,0))*(1+$BS29) -> 37481.332 | N29: =((($AP29+$AQ29)/2*$AJ29+$AK29)*(1+$AR29)*(1+$AS29)+(($AU29+$AV29)/2*IF($G$1="鸣金",$AL29,$AJ29)+IF($G$1="鸣金",$AM29*1.5,0))*(1+$AW29)*(1+$AX29)+(($AY29+$AZ29)/2*IF($G$1="裂石",$AL29,$AJ29)+IF($G$1="裂石",$AM29*1.5,0))*(1+$BA29)*(1+$BB29)+(($BC29+$BD29)/2*IF($G$1="牵丝",$AL29,$AJ29)+IF($G$1="牵丝",$AM29*1.5,0))*(1+$BE29)*(1+$BF29)+(($BG29+$BH29)/2*IF($G$1="破竹",$AL29,$AJ29)+IF($G$1="破竹",$AM29*1.5,0))*(1+$BI29)*(1+$BJ29))*(1+$AN29)*$P29*(1+IF(VLOOKUP($Q29,武学奇术!$A:$ZZ,30,FALSE)="弹道",$B$21,0))*(1+$BS29) -> 19230.637 | O29: =((($AP29*$AJ29+$AK29)*(1+$AR29)*(1+$AS29)+($AU29*IF($G$1="鸣金",$AL29,$AJ29)+IF($G$1="鸣金",$AM29*1.5,0))*(1+$AW29)*(1+$AX29)+($AY29*IF($G$1="裂石",$AL29,$AJ29)+IF($G$1="裂石",$AM29*1.5,0))*(1+$BA29)*(1+$BB29)+($BC29*IF($G$1="牵丝",$AL29,$AJ29)+IF($G$1="牵丝",$AM29*1.5,0))*(1+$BE29)*(1+$BF29)+($BG29*IF($G$1="破竹",$AL29,$AJ29)+IF($G$1="破竹",$AM29*1.5,0))*(1+$BI29)*(1+$BJ29))*(1+$AN29))*$P29*(1+IF(VLOOKUP($Q29,武学奇术!$A:$ZZ,30,FALSE)="弹道",$B$21,0))*(1+$BS29) -> 10697.325 | P29: 6 | Q29: 神龙吐火暗灼dot | R29: 易水歌5层 | S29: 沧海帖8层 | T29: N/a | U29: 小纵地 | V29: N/a | W29: N/a | X29: N/a | Y29: N/a | Z29: N/a | AA29: N/a | AB29: N/a | AC29: N/a | AD29: N/a | AE29: 惊神(拐) | AF29: N/a | AG29: N/a | AH29: 无惧 | AI29: =VLOOKUP($Q29,武学奇术!$A:$ZZ,25,FALSE) -> 单体奇术 | AJ29: =VLOOKUP($Q29,武学奇术!$A:$ZZ,26,FALSE) -> 0.236 | AK29: =VLOOKUP($Q29,武学奇术!$A:$ZZ,27,FALSE)*(1+IF(OR($AI29=$F$4,$AI29=$F$5),$B$22,0)) -> 44 | AL29: =VLOOKUP($Q29,武学奇术!$A:$ZZ,28,FALSE) -> 0.354 | AM29: =VLOOKUP($Q29,武学奇术!$A:$ZZ,29,FALSE)*(1+IF(OR($AI29=$F$4,$AI29=$F$5),$B$22,0)) -> 0 | AN29: {=$G$3+IFERROR(VLOOKUP($AI29,$F$4:$G$7,2,FALSE),0)+VLOOKUP($Q29,武学奇术!$A:$ZZ,2,FALSE)+SUM(_xlfn.XLOOKUP($R29:$AH29,增益!$A:$A,增益!$B:$B,0))} -> 0.7515 | AO29: {=VLOOKUP($Q29,武学奇术!$A:$ZZ,5,FALSE)+SUM(_xlfn.XLOOKUP($R29:$AH29,增益!$A:$A,增益!$E:$E,0))} -> 0.075 | AP29: {=$D$10*(1+$AO29)+VLOOKUP($Q29,武学奇术!$A:$ZZ,3,FALSE)+SUM(_xlfn.XLOOKUP($R29:$AH29,增益!$A:$A,增益!$C:$C,0))-$I$2} -> 1974.055 | AQ29: {=$E$10*(1+$AO29)+VLOOKUP($Q29,武学奇术!$A:$ZZ,4,FALSE)+SUM(_xlfn.XLOOKUP($R29:$AH29,增益!$A:$A,增益!$D:$D,0))-$I$2} -> 5941.45 | AR29: {=IF($F$10-$I$3+VLOOKUP($Q29,武学奇术!$A:$ZZ,6,FALSE)+SUM(_xlfn.XLOOKUP(R29:AH29,增益!$A:$A,增益!$F:$F,0))>0,($F$10-$I$3+VLOOKUP($Q29,武学奇术!$A:$ZZ,6,FALSE)+SUM(_xlfn.XLOOKUP(R29:AH29,增益!$A:$A,增益!$F:$F,0)))/200,($F$10-$I$3+VLOOKUP($Q29,武学奇术!$A:$ZZ,6,FALSE)+SUM(_xlfn.XLOOKUP(R29:AH29,增益!$A:$A,增益!$F:$F,0)))/100)} -> 0.3425 | AS29: {=$G$10+VLOOKUP($Q29,武学奇术!$A:$ZZ,7,FALSE)+SUM(_xlfn.XLOOKUP(R29:AH29,增益!$A:$A,增益!$G:$G,0))} -> 0 | AT29: {=VLOOKUP($Q29,武学奇术!$A:$ZZ,8,FALSE)+SUM(_xlfn.XLOOKUP(R29:AH29,增益!$A:$A,增益!$H:$H,0))} -> 0 | AU29: =$D$11*(1+$AT29) -> 0 | AV29: =$E$11*(1+$AT29) -> 0 | AW29: {=IF($F$11-$I$4+VLOOKUP($Q29,武学奇术!$A:$ZZ,9,FALSE)+SUM(_xlfn.XLOOKUP(R29:AH29,增益!$A:$A,增益!$I:$I,0))>0,($F$11-$I$4+VLOOKUP($Q29,武学奇术!$A:$ZZ,9,FALSE)+SUM(_xlfn.XLOOKUP(R29:AH29,增益!$A:$A,增益!$I:$I,0)))/200,($F$11-$I$4+VLOOKUP($Q29,武学奇术!$A:$ZZ,9,FALSE)+SUM(_xlfn.XLOOKUP(R29:AH29,增益!$A:$A,增益!$I:$I,0)))/100)} -> -0.3 | AX29: {=$G$11+VLOOKUP($Q29,武学奇术!$A:$ZZ,10,FALSE)+SUM(_xlfn.XLOOKUP(R29:AH29,增益!$A:$A,增益!$J:$J,0))} -> 0 | AY29: =$D$12*(1+$AT29) -> 0 | AZ29: =$E$12*(1+$AT29) -> 0 | BA29: {=IF($F$12-$I$4+VLOOKUP($Q29,武学奇术!$A:$ZZ,11,FALSE)+SUM(_xlfn.XLOOKUP(R29:AH29,增益!$A:$A,增益!$K:$K,0))>0,($F$12-$I$4+VLOOKUP($Q29,武学奇术!$A:$ZZ,11,FALSE)+SUM(_xlfn.XLOOKUP(R29:AH29,增益!$A:$A,增益!$K:$K,0)))/200,($F$12-$I$4+VLOOKUP($Q29,武学奇术!$A:$ZZ,11,FALSE)+SUM(_xlfn.XLOOKUP(R29:AH29,增益!$A:$A,增益!$K:$K,0)))/100)} -> -0.3 | BB29: {=$G$12+VLOOKUP($Q29,武学奇术!$A:$ZZ,12,FALSE)+SUM(_xlfn.XLOOKUP(R29:AH29,增益!$A:$A,增益!$L:$L,0))} -> 0 | BC29: =$D$13*(1+$AT29) -> 571.2 | BD29: =$E$13*(1+$AT29) -> 1077.4 | BE29: {=IF($F$13-$I$4+VLOOKUP($Q29,武学奇术!$A:$ZZ,13,FALSE)+SUM(_xlfn.XLOOKUP(R29:AH29,增益!$A:$A,增益!$M:$M,0))>0,($F$13-$I$4+VLOOKUP($Q29,武学奇术!$A:$ZZ,13,FALSE)+SUM(_xlfn.XLOOKUP(R29:AH29,增益!$A:$A,增益!$K:$K,0)))/200,($F$13-$I$4+VLOOKUP($Q29,武学奇术!$A:$ZZ,13,FALSE)+SUM(_xlfn.XLOOKUP(R29:AH29,增益!$A:$A,增益!$M:$M,0)))/100)} -> 0 | BF29: {=$G$13+VLOOKUP($Q29,武学奇术!$A:$ZZ,14,FALSE)+SUM(_xlfn.XLOOKUP(R29:AH29,增益!$A:$A,增益!$N:$N,0))} -> 0.15 | BG29: =$D$14*(1+$AT29) -> 0 | BH29: =$E$14*(1+$AT29) -> 0 | BI29: {=IF($F$14-$I$4+VLOOKUP($Q29,武学奇术!$A:$ZZ,15,FALSE)+SUM(_xlfn.XLOOKUP(R29:AH29,增益!$A:$A,增益!$O:$O,0))>0,($F$14-$I$4+VLOOKUP($Q29,武学奇术!$A:$ZZ,15,FALSE)+SUM(_xlfn.XLOOKUP(R29:AH29,增益!$A:$A,增益!$O:$O,0)))/200,($F$14-$I$4+VLOOKUP($Q29,武学奇术!$A:$ZZ,15,FALSE)+SUM(_xlfn.XLOOKUP(R29:AH29,增益!$A:$A,增益!$O:$O,0)))/100)} -> -0.3 | BJ29: {=$G$14+VLOOKUP($Q29,武学奇术!$A:$ZZ,16,FALSE)+SUM(_xlfn.XLOOKUP(R29:AH29,增益!$A:$A,增益!$P:$P,0))} -> 0 | BK29: =MIN(IF(VLOOKUP($Q29,武学奇术!$A:$ZZ,23,FALSE)=1,100%,$B$8),100%) -> 1 | BL29: {=IF(VLOOKUP($Q29,武学奇术!$A:$ZZ,23,FALSE)=1,100%,MIN(80%,$B$9+VLOOKUP($Q29,武学奇术!$A:$ZZ,17,FALSE)+SUM(_xlfn.XLOOKUP(R29:AH29,增益!$A:$A,增益!$Q:$Q,0)))+$B$11+SUM(_xlfn.XLOOKUP(R29:AH29,增益!$A:$A,增益!$U:$U,0)))*IF(VLOOKUP($Q29,武学奇术!$A:$ZZ,24,FALSE)=1,0,1)} -> 0.9045 | BM29: {=1+$B$13+VLOOKUP($Q29,武学奇术!$A:$ZZ,18,FALSE)+SUM(_xlfn.XLOOKUP(R29:AH29,增益!$A:$A,增益!$R:$R,0))} -> 1.58 | BN29: {=IF(VLOOKUP($Q29,武学奇术!$A:$ZZ,24,FALSE)=1,100%,MIN(40%,$B$10+VLOOKUP($Q29,武学奇术!$A:$ZZ,19,FALSE)+SUM(_xlfn.XLOOKUP(R29:AH29,增益!$A:$A,增益!$S:$S,0)))+$B$12+SUM(_xlfn.XLOOKUP(R29:AH29,增益!$A:$A,增益!$V:$V,0)))*IF(VLOOKUP($Q29,武学奇术!$A:$ZZ,23,FALSE)=1,0,1)} -> 0.0929 | BO29: {=1+$B$14+VLOOKUP($Q29,武学奇术!$A:$ZZ,20,FALSE)+SUM(_xlfn.XLOOKUP(R29:AH29,增益!$A:$A,增益!$T:$T,0))} -> 1.35 | BP29: =MIN((1-BN29)*BK29,BK29*BL29) -> 0.9045 | BQ29: =1-BN29-BP29-BR29 -> 0.0026 | BR29: =IF(VLOOKUP($Q29,武学奇术!$A:$ZZ,22,FALSE)=1,0,(1-$BK29))*(1-$BN29) -> 0 | BS29: {=SUM(_xlfn.XLOOKUP(R29:AH29,增益!$A:$A,增益!$W:$W,0))+$I$5} -> 0.11
K30: =($L30*$BP30+$M30*$BN30+$N30*$BQ30+$O30*$BR30) -> 31188.652 | L30: =((($AP30+$AQ30)/2*$AJ30+$AK30)*(1+$AR30)*(1+$AS30)+(($AU30+$AV30)/2*IF($G$1="鸣金",$AL30,$AJ30)+IF($G$1="鸣金",$AM30*1.5,0))*(1+$AW30)*(1+$AX30)+(($AY30+$AZ30)/2*IF($G$1="裂石",$AL30,$AJ30)+IF($G$1="裂石",$AM30*1.5,0))*(1+$BA30)*(1+$BB30)+(($BC30+$BD30)/2*IF($G$1="牵丝",$AL30,$AJ30)+IF($G$1="牵丝",$AM30*1.5,0))*(1+$BE30)*(1+$BF30)+(($BG30+$BH30)/2*IF($G$1="破竹",$AL30,$AJ30)+IF($G$1="破竹",$AM30*1.5,0))*(1+$BI30)*(1+$BJ30))*(1+$AN30)*$BM30*$P30*(1+IF(VLOOKUP($Q30,武学奇术!$A:$ZZ,30,FALSE)="弹道",$B$21,0))*(1+$BS30) -> 30576.713 | M30: =(($AQ30*$AJ30+$AK30)*(1+$AR30)*(1+$AS30)+($AV30*IF($G$1="鸣金",$AL30,$AJ30)+IF($G$1="鸣金",$AM30*1.5,0))*(1+$AW30)*(1+$AX30)+($AZ30*IF($G$1="裂石",$AL30,$AJ30)+IF($G$1="裂石",$AM30*1.5,0))*(1+$BA30)*(1+$BB30)+($BD30*IF($G$1="牵丝",$AL30,$AJ30)+IF($G$1="牵丝",$AM30*1.5,0))*(1+$BE30)*(1+$BF30)+($BH30*IF($G$1="破竹",$AL30,$AJ30)+IF($G$1="破竹",$AM30*1.5,0))*(1+$BI30)*(1+$BJ30))*(1+$AN30)*$BO30*$P30*(1+IF(VLOOKUP($Q30,武学奇术!$A:$ZZ,30,FALSE)="弹道",$B$21,0))*(1+$BS30) -> 37481.332 | N30: =((($AP30+$AQ30)/2*$AJ30+$AK30)*(1+$AR30)*(1+$AS30)+(($AU30+$AV30)/2*IF($G$1="鸣金",$AL30,$AJ30)+IF($G$1="鸣金",$AM30*1.5,0))*(1+$AW30)*(1+$AX30)+(($AY30+$AZ30)/2*IF($G$1="裂石",$AL30,$AJ30)+IF($G$1="裂石",$AM30*1.5,0))*(1+$BA30)*(1+$BB30)+(($BC30+$BD30)/2*IF($G$1="牵丝",$AL30,$AJ30)+IF($G$1="牵丝",$AM30*1.5,0))*(1+$BE30)*(1+$BF30)+(($BG30+$BH30)/2*IF($G$1="破竹",$AL30,$AJ30)+IF($G$1="破竹",$AM30*1.5,0))*(1+$BI30)*(1+$BJ30))*(1+$AN30)*$P30*(1+IF(VLOOKUP($Q30,武学奇术!$A:$ZZ,30,FALSE)="弹道",$B$21,0))*(1+$BS30) -> 19230.637 | O30: =((($AP30*$AJ30+$AK30)*(1+$AR30)*(1+$AS30)+($AU30*IF($G$1="鸣金",$AL30,$AJ30)+IF($G$1="鸣金",$AM30*1.5,0))*(1+$AW30)*(1+$AX30)+($AY30*IF($G$1="裂石",$AL30,$AJ30)+IF($G$1="裂石",$AM30*1.5,0))*(1+$BA30)*(1+$BB30)+($BC30*IF($G$1="牵丝",$AL30,$AJ30)+IF($G$1="牵丝",$AM30*1.5,0))*(1+$BE30)*(1+$BF30)+($BG30*IF($G$1="破竹",$AL30,$AJ30)+IF($G$1="破竹",$AM30*1.5,0))*(1+$BI30)*(1+$BJ30))*(1+$AN30))*$P30*(1+IF(VLOOKUP($Q30,武学奇术!$A:$ZZ,30,FALSE)="弹道",$B$21,0))*(1+$BS30) -> 10697.325 | P30: 6 | Q30: 神龙吐火暗灼dot | R30: 易水歌5层 | S30: 沧海帖9层 | T30: N/a | U30: 小纵地 | V30: N/a | W30: N/a | X30: N/a | Y30: N/a | Z30: N/a | AA30: N/a | AB30: N/a | AC30: N/a | AD30: N/a | AE30: 惊神(拐) | AF30: N/a | AG30: N/a | AH30: 无惧 | AI30: =VLOOKUP($Q30,武学奇术!$A:$ZZ,25,FALSE) -> 单体奇术 | AJ30: =VLOOKUP($Q30,武学奇术!$A:$ZZ,26,FALSE) -> 0.236 | AK30: =VLOOKUP($Q30,武学奇术!$A:$ZZ,27,FALSE)*(1+IF(OR($AI30=$F$4,$AI30=$F$5),$B$22,0)) -> 44 | AL30: =VLOOKUP($Q30,武学奇术!$A:$ZZ,28,FALSE) -> 0.354 | AM30: =VLOOKUP($Q30,武学奇术!$A:$ZZ,29,FALSE)*(1+IF(OR($AI30=$F$4,$AI30=$F$5),$B$22,0)) -> 0 | AN30: {=$G$3+IFERROR(VLOOKUP($AI30,$F$4:$G$7,2,FALSE),0)+VLOOKUP($Q30,武学奇术!$A:$ZZ,2,FALSE)+SUM(_xlfn.XLOOKUP($R30:$AH30,增益!$A:$A,增益!$B:$B,0))} -> 0.7515 | AO30: {=VLOOKUP($Q30,武学奇术!$A:$ZZ,5,FALSE)+SUM(_xlfn.XLOOKUP($R30:$AH30,增益!$A:$A,增益!$E:$E,0))} -> 0.075 | AP30: {=$D$10*(1+$AO30)+VLOOKUP($Q30,武学奇术!$A:$ZZ,3,FALSE)+SUM(_xlfn.XLOOKUP($R30:$AH30,增益!$A:$A,增益!$C:$C,0))-$I$2} -> 1974.055 | AQ30: {=$E$10*(1+$AO30)+VLOOKUP($Q30,武学奇术!$A:$ZZ,4,FALSE)+SUM(_xlfn.XLOOKUP($R30:$AH30,增益!$A:$A,增益!$D:$D,0))-$I$2} -> 5941.45 | AR30: {=IF($F$10-$I$3+VLOOKUP($Q30,武学奇术!$A:$ZZ,6,FALSE)+SUM(_xlfn.XLOOKUP(R30:AH30,增益!$A:$A,增益!$F:$F,0))>0,($F$10-$I$3+VLOOKUP($Q30,武学奇术!$A:$ZZ,6,FALSE)+SUM(_xlfn.XLOOKUP(R30:AH30,增益!$A:$A,增益!$F:$F,0)))/200,($F$10-$I$3+VLOOKUP($Q30,武学奇术!$A:$ZZ,6,FALSE)+SUM(_xlfn.XLOOKUP(R30:AH30,增益!$A:$A,增益!$F:$F,0)))/100)} -> 0.3425 | AS30: {=$G$10+VLOOKUP($Q30,武学奇术!$A:$ZZ,7,FALSE)+SUM(_xlfn.XLOOKUP(R30:AH30,增益!$A:$A,增益!$G:$G,0))} -> 0 | AT30: {=VLOOKUP($Q30,武学奇术!$A:$ZZ,8,FALSE)+SUM(_xlfn.XLOOKUP(R30:AH30,增益!$A:$A,增益!$H:$H,0))} -> 0 | AU30: =$D$11*(1+$AT30) -> 0 | AV30: =$E$11*(1+$AT30) -> 0 | AW30: {=IF($F$11-$I$4+VLOOKUP($Q30,武学奇术!$A:$ZZ,9,FALSE)+SUM(_xlfn.XLOOKUP(R30:AH30,增益!$A:$A,增益!$I:$I,0))>0,($F$11-$I$4+VLOOKUP($Q30,武学奇术!$A:$ZZ,9,FALSE)+SUM(_xlfn.XLOOKUP(R30:AH30,增益!$A:$A,增益!$I:$I,0)))/200,($F$11-$I$4+VLOOKUP($Q30,武学奇术!$A:$ZZ,9,FALSE)+SUM(_xlfn.XLOOKUP(R30:AH30,增益!$A:$A,增益!$I:$I,0)))/100)} -> -0.3 | AX30: {=$G$11+VLOOKUP($Q30,武学奇术!$A:$ZZ,10,FALSE)+SUM(_xlfn.XLOOKUP(R30:AH30,增益!$A:$A,增益!$J:$J,0))} -> 0 | AY30: =$D$12*(1+$AT30) -> 0 | AZ30: =$E$12*(1+$AT30) -> 0 | BA30: {=IF($F$12-$I$4+VLOOKUP($Q30,武学奇术!$A:$ZZ,11,FALSE)+SUM(_xlfn.XLOOKUP(R30:AH30,增益!$A:$A,增益!$K:$K,0))>0,($F$12-$I$4+VLOOKUP($Q30,武学奇术!$A:$ZZ,11,FALSE)+SUM(_xlfn.XLOOKUP(R30:AH30,增益!$A:$A,增益!$K:$K,0)))/200,($F$12-$I$4+VLOOKUP($Q30,武学奇术!$A:$ZZ,11,FALSE)+SUM(_xlfn.XLOOKUP(R30:AH30,增益!$A:$A,增益!$K:$K,0)))/100)} -> -0.3 | BB30: {=$G$12+VLOOKUP($Q30,武学奇术!$A:$ZZ,12,FALSE)+SUM(_xlfn.XLOOKUP(R30:AH30,增益!$A:$A,增益!$L:$L,0))} -> 0 | BC30: =$D$13*(1+$AT30) -> 571.2 | BD30: =$E$13*(1+$AT30) -> 1077.4 | BE30: {=IF($F$13-$I$4+VLOOKUP($Q30,武学奇术!$A:$ZZ,13,FALSE)+SUM(_xlfn.XLOOKUP(R30:AH30,增益!$A:$A,增益!$M:$M,0))>0,($F$13-$I$4+VLOOKUP($Q30,武学奇术!$A:$ZZ,13,FALSE)+SUM(_xlfn.XLOOKUP(R30:AH30,增益!$A:$A,增益!$K:$K,0)))/200,($F$13-$I$4+VLOOKUP($Q30,武学奇术!$A:$ZZ,13,FALSE)+SUM(_xlfn.XLOOKUP(R30:AH30,增益!$A:$A,增益!$M:$M,0)))/100)} -> 0 | BF30: {=$G$13+VLOOKUP($Q30,武学奇术!$A:$ZZ,14,FALSE)+SUM(_xlfn.XLOOKUP(R30:AH30,增益!$A:$A,增益!$N:$N,0))} -> 0.15 | BG30: =$D$14*(1+$AT30) -> 0 | BH30: =$E$14*(1+$AT30) -> 0 | BI30: {=IF($F$14-$I$4+VLOOKUP($Q30,武学奇术!$A:$ZZ,15,FALSE)+SUM(_xlfn.XLOOKUP(R30:AH30,增益!$A:$A,增益!$O:$O,0))>0,($F$14-$I$4+VLOOKUP($Q30,武学奇术!$A:$ZZ,15,FALSE)+SUM(_xlfn.XLOOKUP(R30:AH30,增益!$A:$A,增益!$O:$O,0)))/200,($F$14-$I$4+VLOOKUP($Q30,武学奇术!$A:$ZZ,15,FALSE)+SUM(_xlfn.XLOOKUP(R30:AH30,增益!$A:$A,增益!$O:$O,0)))/100)} -> -0.3 | BJ30: {=$G$14+VLOOKUP($Q30,武学奇术!$A:$ZZ,16,FALSE)+SUM(_xlfn.XLOOKUP(R30:AH30,增益!$A:$A,增益!$P:$P,0))} -> 0 | BK30: =MIN(IF(VLOOKUP($Q30,武学奇术!$A:$ZZ,23,FALSE)=1,100%,$B$8),100%) -> 1 | BL30: {=IF(VLOOKUP($Q30,武学奇术!$A:$ZZ,23,FALSE)=1,100%,MIN(80%,$B$9+VLOOKUP($Q30,武学奇术!$A:$ZZ,17,FALSE)+SUM(_xlfn.XLOOKUP(R30:AH30,增益!$A:$A,增益!$Q:$Q,0)))+$B$11+SUM(_xlfn.XLOOKUP(R30:AH30,增益!$A:$A,增益!$U:$U,0)))*IF(VLOOKUP($Q30,武学奇术!$A:$ZZ,24,FALSE)=1,0,1)} -> 0.9045 | BM30: {=1+$B$13+VLOOKUP($Q30,武学奇术!$A:$ZZ,18,FALSE)+SUM(_xlfn.XLOOKUP(R30:AH30,增益!$A:$A,增益!$R:$R,0))} -> 1.59 | BN30: {=IF(VLOOKUP($Q30,武学奇术!$A:$ZZ,24,FALSE)=1,100%,MIN(40%,$B$10+VLOOKUP($Q30,武学奇术!$A:$ZZ,19,FALSE)+SUM(_xlfn.XLOOKUP(R30:AH30,增益!$A:$A,增益!$S:$S,0)))+$B$12+SUM(_xlfn.XLOOKUP(R30:AH30,增益!$A:$A,增益!$V:$V,0)))*IF(VLOOKUP($Q30,武学奇术!$A:$ZZ,23,FALSE)=1,0,1)} -> 0.0929 | BO30: {=1+$B$14+VLOOKUP($Q30,武学奇术!$A:$ZZ,20,FALSE)+SUM(_xlfn.XLOOKUP(R30:AH30,增益!$A:$A,增益!$T:$T,0))} -> 1.35 | BP30: =MIN((1-BN30)*BK30,BK30*BL30) -> 0.9045 | BQ30: =1-BN30-BP30-BR30 -> 0.0026 | BR30: =IF(VLOOKUP($Q30,武学奇术!$A:$ZZ,22,FALSE)=1,0,(1-$BK30))*(1-$BN30) -> 0 | BS30: {=SUM(_xlfn.XLOOKUP(R30:AH30,增益!$A:$A,增益!$W:$W,0))+$I$5} -> 0.11
